timestamp_IMU1,accel_X_IMU1,accel_Y_IMU1,accel_Z_IMU1,gyro_X_IMU1,gyro_Y_IMU1,gyro_Z_IMU1,mag_X_IMU1,mag_Y_IMU1,mag_Z_IMU1,timestamp_IMU2,accel_X_IMU2,accel_Y_IMU2,accel_Z_IMU2,gyro_X_IMU2,gyro_Y_IMU2,gyro_Z_IMU2,mag_X_IMU2,mag_Y_IMU2,mag_Z_IMU2
2800611,0,0,0,0,0,0,267,0,0,2877611,0,0,0,0,0,0,567,0,0
3920611,0,0,0,0,0,0,246,0,0,3997611,0,0,0,0,0,0,642,0,0
5040611,0,0,0,0,0,0,229,0,0,5117611,0,0,0,0,0,0,687,0,0
6160611,0,0,0,0,0,0,207,0,0,6237611,0,0,0,0,0,0,622,0,0
7280611,0,0,0,0,0,0,231,0,0,7357611,0,0,0,0,0,0,633,0,0
8400611,0,0,0,0,0,0,244,0,0,8477611,0,0,0,0,0,0,619,0,0
9520611,0,0,0,0,0,0,212,0,0,9597611,0,0,0,0,0,0,624,0,0
10640611,0,0,0,0,0,0,251,0,0,10717611,0,0,0,0,0,0,618,0,0
11760611,0,0,0,0,0,0,263,0,0,11837611,0,0,0,0,0,0,684,0,0
12880611,0,0,0,0,0,0,264,0,0,12957611,0,0,0,0,0,0,602,0,0
14000611,0,0,0,0,0,0,251,0,0,14077611,0,0,0,0,0,0,624,0,0
15120611,0,0,0,0,0,0,251,0,0,15197611,0,0,0,0,0,0,639,0,0
16240611,0,0,0,0,0,0,250,0,0,16317611,0,0,0,0,0,0,635,0,0
17360611,0,0,0,0,0,0,178,0,0,17437611,0,0,0,0,0,0,595,0,0
18480611,0,0,0,0,0,0,205,0,0,18557611,0,0,0,0,0,0,644,0,0
19600611,0,0,0,0,0,0,237,0,0,19677611,0,0,0,0,0,0,628,0,0
20720611,0,0,0,0,0,0,254,0,0,20797611,0,0,0,0,0,0,555,0,0
21840611,0,0,0,0,0,0,220,0,0,21917611,0,0,0,0,0,0,605,0,0
22960611,0,0,0,0,0,0,241,0,0,23037611,0,0,0,0,0,0,618,0,0
24080611,0,0,0,0,0,0,259,0,0,24157611,0,0,0,0,0,0,652,0,0
25200611,0,0,0,0,0,0,206,0,0,25277611,0,0,0,0,0,0,609,0,0
26320611,0,0,0,0,0,0,213,0,0,26397611,0,0,0,0,0,0,609,0,0
27440611,0,0,0,0,0,0,255,0,0,27517611,0,0,0,0,0,0,623,0,0
28560611,0,0,0,0,0,0,224,0,0,28637611,0,0,0,0,0,0,619,0,0
29680611,0,0,0,0,0,0,235,0,0,29757611,0,0,0,0,0,0,603,0,0
30800611,0,0,0,0,0,0,244,0,0,30877611,0,0,0,0,0,0,631,0,0
31920611,0,0,0,0,0,0,243,0,0,31997611,0,0,0,0,0,0,621,0,0
33040611,0,0,0,0,0,0,228,0,0,33117611,0,0,0,0,0,0,610,0,0
34160611,0,0,0,0,0,0,243,0,0,34237611,0,0,0,0,0,0,631,0,0
35280611,0,0,0,0,0,0,257,0,0,35357611,0,0,0,0,0,0,585,0,0
36400611,0,0,0,0,0,0,266,0,0,36477611,0,0,0,0,0,0,577,0,0
37520611,0,0,0,0,0,0,263,0,0,37597611,0,0,0,0,0,0,653,0,0
38640611,0,0,0,0,0,0,238,0,0,38717611,0,0,0,0,0,0,596,0,0
39760611,0,0,0,0,0,0,255,0,0,39837611,0,0,0,0,0,0,573,0,0
40880611,0,0,0,0,0,0,243,0,0,40957611,0,0,0,0,0,0,606,0,0
42000611,0,0,0,0,0,0,229,0,0,42077611,0,0,0,0,0,0,616,0,0
43120611,0,0,0,0,0,0,230,0,0,43197611,0,0,0,0,0,0,600,0,0
44240611,0,0,0,0,0,0,219,0,0,44317611,0,0,0,0,0,0,566,0,0
45360611,0,0,0,0,0,0,243,0,0,45437611,0,0,0,0,0,0,603,0,0
46480611,0,0,0,0,0,0,272,0,0,46557611,0,0,0,0,0,0,556,0,0
47600611,0,0,0,0,0,0,289,0,0,47677611,0,0,0,0,0,0,637,0,0
48720611,0,0,0,0,0,0,223,0,0,48797611,0,0,0,0,0,0,638,0,0
49840611,0,0,0,0,0,0,276,0,0,49917611,0,0,0,0,0,0,611,0,0
50960611,0,0,0,0,0,0,302,0,0,51037611,0,0,0,0,0,0,574,0,0
52080611,0,0,0,0,0,0,199,0,0,52157611,0,0,0,0,0,0,609,0,0
53200611,0,0,0,0,0,0,234,0,0,53277611,0,0,0,0,0,0,637,0,0
54320611,0,0,0,0,0,0,261,0,0,54397611,0,0,0,0,0,0,629,0,0
55440611,0,0,0,0,0,0,233,0,0,55517611,0,0,0,0,0,0,554,0,0
56560611,0,0,0,0,0,0,276,0,0,56637611,0,0,0,0,0,0,594,0,0
57680611,0,0,0,0,0,0,239,0,0,57757611,0,0,0,0,0,0,-1416,0,0
58800611,0,0,0,0,0,0,7116,0,0,58877611,0,0,0,0,0,0,-2038,0,0
59920611,0,0,0,0,0,0,7073,0,0,59997611,0,0,0,0,0,0,-2076,0,0
61040611,0,0,0,0,0,0,7042,0,0,61117611,0,0,0,0,0,0,-2059,0,0
62160611,0,0,0,0,0,0,7102,0,0,62237611,0,0,0,0,0,0,-2085,0,0
63280611,0,0,0,0,0,0,7050,0,0,63357611,0,0,0,0,0,0,-2074,0,0
64400611,0,0,0,0,0,0,7116,0,0,64477611,0,0,0,0,0,0,-2069,0,0
65520611,0,0,0,0,0,0,7103,0,0,65597611,0,0,0,0,0,0,-2038,0,0
66640611,0,0,0,0,0,0,7083,0,0,66717611,0,0,0,0,0,0,342,0,0
67760611,0,0,0,0,0,0,274,0,0,67837611,0,0,0,0,0,0,619,0,0
68880611,0,0,0,0,0,0,273,0,0,68957611,0,0,0,0,0,0,623,0,0
70000611,0,0,0,0,0,0,261,0,0,70077611,0,0,0,0,0,0,608,0,0
71120611,0,0,0,0,0,0,231,0,0,71197611,0,0,0,0,0,0,631,0,0
72240611,0,0,0,0,0,0,270,0,0,72317611,0,0,0,0,0,0,638,0,0
73360611,0,0,0,0,0,0,182,0,0,73437611,0,0,0,0,0,0,596,0,0
74480611,0,0,0,0,0,0,269,0,0,74557611,0,0,0,0,0,0,591,0,0
75600611,0,0,0,0,0,0,227,0,0,75677611,0,0,0,0,0,0,-1096,0,0
76720611,0,0,0,0,0,0,7068,0,0,76797611,0,0,0,0,0,0,-2086,0,0
77840611,0,0,0,0,0,0,7054,0,0,77917611,0,0,0,0,0,0,-2044,0,0
78960611,0,0,0,0,0,0,7080,0,0,79037611,0,0,0,0,0,0,-2048,0,0
80080611,0,0,0,0,0,0,7073,0,0,80157611,0,0,0,0,0,0,-2023,0,0
81200611,0,0,0,0,0,0,7085,0,0,81277611,0,0,0,0,0,0,-2030,0,0
82320611,0,0,0,0,0,0,7050,0,0,82397611,0,0,0,0,0,0,-2082,0,0
83440611,0,0,0,0,0,0,7073,0,0,83517611,0,0,0,0,0,0,-2005,0,0
84560611,0,0,0,0,0,0,7083,0,0,84637611,0,0,0,0,0,0,-530,0,0
85680611,0,0,0,0,0,0,238,0,0,85757611,0,0,0,0,0,0,612,0,0
86800611,0,0,0,0,0,0,231,0,0,86877611,0,0,0,0,0,0,596,0,0
87920611,0,0,0,0,0,0,218,0,0,87997611,0,0,0,0,0,0,617,0,0
89040611,0,0,0,0,0,0,211,0,0,89117611,0,0,0,0,0,0,581,0,0
90160611,0,0,0,0,0,0,243,0,0,90237611,0,0,0,0,0,0,651,0,0
91280611,0,0,0,0,0,0,281,0,0,91357611,0,0,0,0,0,0,590,0,0
92400611,0,0,0,0,0,0,224,0,0,92477611,0,0,0,0,0,0,578,0,0
93520611,0,0,0,0,0,0,261,0,0,93597611,0,0,0,0,0,0,-39,0,0
94640611,0,0,0,0,0,0,7064,0,0,94717611,0,0,0,0,0,0,-2022,0,0
95760611,0,0,0,0,0,0,7056,0,0,95837611,0,0,0,0,0,0,-2044,0,0
96880611,0,0,0,0,0,0,7098,0,0,96957611,0,0,0,0,0,0,-2058,0,0
98000611,0,0,0,0,0,0,7089,0,0,98077611,0,0,0,0,0,0,-2077,0,0
99120611,0,0,0,0,0,0,7068,0,0,99197611,0,0,0,0,0,0,-2080,0,0
100240611,0,0,0,0,0,0,7062,0,0,100317611,0,0,0,0,0,0,-2078,0,0
101360611,0,0,0,0,0,0,7072,0,0,101437611,0,0,0,0,0,0,-2027,0,0
102480611,0,0,0,0,0,0,7084,0,0,102557611,0,0,0,0,0,0,-2050,0,0
103600611,0,0,0,0,0,0,213,0,0,103677611,0,0,0,0,0,0,594,0,0
104720611,0,0,0,0,0,0,216,0,0,104797611,0,0,0,0,0,0,599,0,0
105840611,0,0,0,0,0,0,240,0,0,105917611,0,0,0,0,0,0,580,0,0
106960611,0,0,0,0,0,0,215,0,0,107037611,0,0,0,0,0,0,600,0,0
108080611,0,0,0,0,0,0,228,0,0,108157611,0,0,0,0,0,0,579,0,0
109200611,0,0,0,0,0,0,260,0,0,109277611,0,0,0,0,0,0,622,0,0
110320611,0,0,0,0,0,0,246,0,0,110397611,0,0,0,0,0,0,605,0,0
111440611,0,0,0,0,0,0,209,0,0,111517611,0,0,0,0,0,0,604,0,0
112560611,0,0,0,0,0,0,7055,0,0,112637611,0,0,0,0,0,0,-2071,0,0
113680611,0,0,0,0,0,0,7055,0,0,113757611,0,0,0,0,0,0,-2091,0,0
114800611,0,0,0,0,0,0,7052,0,0,114877611,0,0,0,0,0,0,-2054,0,0
115920611,0,0,0,0,0,0,7096,0,0,115997611,0,0,0,0,0,0,-2078,0,0
117040611,0,0,0,0,0,0,7093,0,0,117117611,0,0,0,0,0,0,-2105,0,0
118160611,0,0,0,0,0,0,7077,0,0,118237611,0,0,0,0,0,0,-2094,0,0
119280611,0,0,0,0,0,0,7079,0,0,119357611,0,0,0,0,0,0,-2040,0,0
120400611,0,0,0,0,0,0,7039,0,0,120477611,0,0,0,0,0,0,-2040,0,0
121520611,0,0,0,0,0,0,202,0,0,121597611,0,0,0,0,0,0,592,0,0
122640611,0,0,0,0,0,0,253,0,0,122717611,0,0,0,0,0,0,563,0,0
123760611,0,0,0,0,0,0,238,0,0,123837611,0,0,0,0,0,0,645,0,0
124880611,0,0,0,0,0,0,239,0,0,124957611,0,0,0,0,0,0,615,0,0
126000611,0,0,0,0,0,0,223,0,0,126077611,0,0,0,0,0,0,591,0,0
127120611,0,0,0,0,0,0,254,0,0,127197611,0,0,0,0,0,0,580,0,0
128240611,0,0,0,0,0,0,267,0,0,128317611,0,0,0,0,0,0,604,0,0
129360611,0,0,0,0,0,0,206,0,0,129437611,0,0,0,0,0,0,624,0,0
130480611,0,0,0,0,0,0,7061,0,0,130557611,0,0,0,0,0,0,-2056,0,0
131600611,0,0,0,0,0,0,7068,0,0,131677611,0,0,0,0,0,0,-2065,0,0
132720611,0,0,0,0,0,0,7043,0,0,132797611,0,0,0,0,0,0,-2050,0,0
133840611,0,0,0,0,0,0,7049,0,0,133917611,0,0,0,0,0,0,-2087,0,0
134960611,0,0,0,0,0,0,7057,0,0,135037611,0,0,0,0,0,0,-2071,0,0
136080611,0,0,0,0,0,0,7077,0,0,136157611,0,0,0,0,0,0,-2063,0,0
137200611,0,0,0,0,0,0,7047,0,0,137277611,0,0,0,0,0,0,-2042,0,0
138320611,0,0,0,0,0,0,7076,0,0,138397611,0,0,0,0,0,0,-2116,0,0
139440611,0,0,0,0,0,0,234,0,0,139517611,0,0,0,0,0,0,624,0,0
140560611,0,0,0,0,0,0,224,0,0,140637611,0,0,0,0,0,0,645,0,0
141680611,0,0,0,0,0,0,221,0,0,141757611,0,0,0,0,0,0,640,0,0
142800611,0,0,0,0,0,0,227,0,0,142877611,0,0,0,0,0,0,635,0,0
143920611,0,0,0,0,0,0,238,0,0,143997611,0,0,0,0,0,0,585,0,0
145040611,0,0,0,0,0,0,268,0,0,145117611,0,0,0,0,0,0,645,0,0
146160611,0,0,0,0,0,0,244,0,0,146237611,0,0,0,0,0,0,634,0,0
147280611,0,0,0,0,0,0,232,0,0,147357611,0,0,0,0,0,0,603,0,0
148400611,0,0,0,0,0,0,7053,0,0,148477611,0,0,0,0,0,0,-2003,0,0
149520611,0,0,0,0,0,0,7044,0,0,149597611,0,0,0,0,0,0,-2024,0,0
150640611,0,0,0,0,0,0,7136,0,0,150717611,0,0,0,0,0,0,-2084,0,0
151760611,0,0,0,0,0,0,7067,0,0,151837611,0,0,0,0,0,0,-2065,0,0
152880611,0,0,0,0,0,0,7064,0,0,152957611,0,0,0,0,0,0,-2088,0,0
154000611,0,0,0,0,0,0,7095,0,0,154077611,0,0,0,0,0,0,-2084,0,0
155120611,0,0,0,0,0,0,7067,0,0,155197611,0,0,0,0,0,0,-2055,0,0
156240611,0,0,0,0,0,0,7067,0,0,156317611,0,0,0,0,0,0,-2042,0,0
157360611,0,0,0,0,0,0,263,0,0,157437611,0,0,0,0,0,0,619,0,0
158480611,0,0,0,0,0,0,248,0,0,158557611,0,0,0,0,0,0,618,0,0
159600611,0,0,0,0,0,0,244,0,0,159677611,0,0,0,0,0,0,582,0,0
160720611,0,0,0,0,0,0,254,0,0,160797611,0,0,0,0,0,0,622,0,0
161840611,0,0,0,0,0,0,232,0,0,161917611,0,0,0,0,0,0,576,0,0
162960611,0,0,0,0,0,0,250,0,0,163037611,0,0,0,0,0,0,606,0,0
164080611,0,0,0,0,0,0,273,0,0,164157611,0,0,0,0,0,0,638,0,0
165200611,0,0,0,0,0,0,236,0,0,165277611,0,0,0,0,0,0,607,0,0
166320611,0,0,0,0,0,0,7077,0,0,166397611,0,0,0,0,0,0,-2042,0,0
167440611,0,0,0,0,0,0,7067,0,0,167517611,0,0,0,0,0,0,-2043,0,0
168560611,0,0,0,0,0,0,7072,0,0,168637611,0,0,0,0,0,0,-2066,0,0
169680611,0,0,0,0,0,0,7092,0,0,169757611,0,0,0,0,0,0,-2022,0,0
170800611,0,0,0,0,0,0,7117,0,0,170877611,0,0,0,0,0,0,-2021,0,0
171920611,0,0,0,0,0,0,7126,0,0,171997611,0,0,0,0,0,0,-2007,0,0
173040611,0,0,0,0,0,0,7052,0,0,173117611,0,0,0,0,0,0,-2020,0,0
174160611,0,0,0,0,0,0,7108,0,0,174237611,0,0,0,0,0,0,-2000,0,0
175280611,0,0,0,0,0,0,241,0,0,175357611,0,0,0,0,0,0,617,0,0
176400611,0,0,0,0,0,0,265,0,0,176477611,0,0,0,0,0,0,621,0,0
177520611,0,0,0,0,0,0,241,0,0,177597611,0,0,0,0,0,0,609,0,0
178640611,0,0,0,0,0,0,222,0,0,178717611,0,0,0,0,0,0,599,0,0
179760611,0,0,0,0,0,0,238,0,0,179837611,0,0,0,0,0,0,588,0,0
180880611,0,0,0,0,0,0,231,0,0,180957611,0,0,0,0,0,0,588,0,0
182000611,0,0,0,0,0,0,246,0,0,182077611,0,0,0,0,0,0,574,0,0
183120611,0,0,0,0,0,0,213,0,0,183197611,0,0,0,0,0,0,623,0,0
184240611,0,0,0,0,0,0,7067,0,0,184317611,0,0,0,0,0,0,-2049,0,0
185360611,0,0,0,0,0,0,7063,0,0,185437611,0,0,0,0,0,0,-2033,0,0
186480611,0,0,0,0,0,0,7073,0,0,186557611,0,0,0,0,0,0,-2041,0,0
187600611,0,0,0,0,0,0,7072,0,0,187677611,0,0,0,0,0,0,-2047,0,0
188720611,0,0,0,0,0,0,7042,0,0,188797611,0,0,0,0,0,0,-2062,0,0
189840611,0,0,0,0,0,0,7055,0,0,189917611,0,0,0,0,0,0,-2046,0,0
190960611,0,0,0,0,0,0,7086,0,0,191037611,0,0,0,0,0,0,-2084,0,0
192080611,0,0,0,0,0,0,7051,0,0,192157611,0,0,0,0,0,0,-2089,0,0
193200611,0,0,0,0,0,0,258,0,0,193277611,0,0,0,0,0,0,622,0,0
194320611,0,0,0,0,0,0,217,0,0,194397611,0,0,0,0,0,0,657,0,0
195440611,0,0,0,0,0,0,212,0,0,195517611,0,0,0,0,0,0,580,0,0
196560611,0,0,0,0,0,0,230,0,0,196637611,0,0,0,0,0,0,613,0,0
197680611,0,0,0,0,0,0,262,0,0,197757611,0,0,0,0,0,0,618,0,0
198800611,0,0,0,0,0,0,277,0,0,198877611,0,0,0,0,0,0,588,0,0
199920611,0,0,0,0,0,0,197,0,0,199997611,0,0,0,0,0,0,617,0,0
201040611,0,0,0,0,0,0,247,0,0,201117611,0,0,0,0,0,0,584,0,0
202160611,0,0,0,0,0,0,7061,0,0,202237611,0,0,0,0,0,0,-2031,0,0
203280611,0,0,0,0,0,0,7059,0,0,203357611,0,0,0,0,0,0,-2055,0,0
204400611,0,0,0,0,0,0,7095,0,0,204477611,0,0,0,0,0,0,-2082,0,0
205520611,0,0,0,0,0,0,7030,0,0,205597611,0,0,0,0,0,0,-2065,0,0
206640611,0,0,0,0,0,0,7100,0,0,206717611,0,0,0,0,0,0,-2049,0,0
207760611,0,0,0,0,0,0,7051,0,0,207837611,0,0,0,0,0,0,-2064,0,0
208880611,0,0,0,0,0,0,7037,0,0,208957611,0,0,0,0,0,0,-2069,0,0
210000611,0,0,0,0,0,0,7121,0,0,210077611,0,0,0,0,0,0,-2055,0,0
211120611,0,0,0,0,0,0,223,0,0,211197611,0,0,0,0,0,0,651,0,0
212240611,0,0,0,0,0,0,261,0,0,212317611,0,0,0,0,0,0,578,0,0
213360611,0,0,0,0,0,0,254,0,0,213437611,0,0,0,0,0,0,573,0,0
214480611,0,0,0,0,0,0,257,0,0,214557611,0,0,0,0,0,0,597,0,0
215600611,0,0,0,0,0,0,232,0,0,215677611,0,0,0,0,0,0,606,0,0
216720611,0,0,0,0,0,0,228,0,0,216797611,0,0,0,0,0,0,588,0,0
217840611,0,0,0,0,0,0,269,0,0,217917611,0,0,0,0,0,0,590,0,0
218960611,0,0,0,0,0,0,277,0,0,219037611,0,0,0,0,0,0,579,0,0
220080611,0,0,0,0,0,0,7075,0,0,220157611,0,0,0,0,0,0,-2051,0,0
221200611,0,0,0,0,0,0,7073,0,0,221277611,0,0,0,0,0,0,-2083,0,0
222320611,0,0,0,0,0,0,7079,0,0,222397611,0,0,0,0,0,0,-2070,0,0
223440611,0,0,0,0,0,0,7052,0,0,223517611,0,0,0,0,0,0,-2036,0,0
224560611,0,0,0,0,0,0,7104,0,0,224637611,0,0,0,0,0,0,-2042,0,0
225680611,0,0,0,0,0,0,7025,0,0,225757611,0,0,0,0,0,0,-2033,0,0
226800611,0,0,0,0,0,0,7072,0,0,226877611,0,0,0,0,0,0,-2076,0,0
227920611,0,0,0,0,0,0,7062,0,0,227997611,0,0,0,0,0,0,-2115,0,0
229040611,0,0,0,0,0,0,238,0,0,229117611,0,0,0,0,0,0,629,0,0
230160611,0,0,0,0,0,0,233,0,0,230237611,0,0,0,0,0,0,596,0,0
231280611,0,0,0,0,0,0,240,0,0,231357611,0,0,0,0,0,0,602,0,0
232400611,0,0,0,0,0,0,206,0,0,232477611,0,0,0,0,0,0,603,0,0
233520611,0,0,0,0,0,0,241,0,0,233597611,0,0,0,0,0,0,624,0,0
234640611,0,0,0,0,0,0,201,0,0,234717611,0,0,0,0,0,0,592,0,0
235760611,0,0,0,0,0,0,277,0,0,235837611,0,0,0,0,0,0,592,0,0
236880611,0,0,0,0,0,0,251,0,0,236957611,0,0,0,0,0,0,628,0,0
238000611,0,0,0,0,0,0,7045,0,0,238077611,0,0,0,0,0,0,-2018,0,0
239120611,0,0,0,0,0,0,7085,0,0,239197611,0,0,0,0,0,0,-2026,0,0
240240611,0,0,0,0,0,0,7081,0,0,240317611,0,0,0,0,0,0,-2056,0,0
241360611,0,0,0,0,0,0,7083,0,0,241437611,0,0,0,0,0,0,-2065,0,0
242480611,0,0,0,0,0,0,7076,0,0,242557611,0,0,0,0,0,0,-2054,0,0
243600611,0,0,0,0,0,0,7087,0,0,243677611,0,0,0,0,0,0,-2053,0,0
244720611,0,0,0,0,0,0,7040,0,0,244797611,0,0,0,0,0,0,-2033,0,0
245840611,0,0,0,0,0,0,7055,0,0,245917611,0,0,0,0,0,0,-2101,0,0
246960611,0,0,0,0,0,0,223,0,0,247037611,0,0,0,0,0,0,590,0,0
248080611,0,0,0,0,0,0,260,0,0,248157611,0,0,0,0,0,0,600,0,0
249200611,0,0,0,0,0,0,246,0,0,249277611,0,0,0,0,0,0,610,0,0
250320611,0,0,0,0,0,0,241,0,0,250397611,0,0,0,0,0,0,629,0,0
251440611,0,0,0,0,0,0,224,0,0,251517611,0,0,0,0,0,0,616,0,0
252560611,0,0,0,0,0,0,233,0,0,252637611,0,0,0,0,0,0,596,0,0
253680611,0,0,0,0,0,0,247,0,0,253757611,0,0,0,0,0,0,647,0,0
254800611,0,0,0,0,0,0,265,0,0,254877611,0,0,0,0,0,0,630,0,0
255920611,0,0,0,0,0,0,7079,0,0,255997611,0,0,0,0,0,0,-2084,0,0
257040611,0,0,0,0,0,0,7017,0,0,257117611,0,0,0,0,0,0,-2030,0,0
258160611,0,0,0,0,0,0,7068,0,0,258237611,0,0,0,0,0,0,-2018,0,0
259280611,0,0,0,0,0,0,7077,0,0,259357611,0,0,0,0,0,0,-2035,0,0
260400611,0,0,0,0,0,0,7024,0,0,260477611,0,0,0,0,0,0,-2070,0,0
261520611,0,0,0,0,0,0,7049,0,0,261597611,0,0,0,0,0,0,-2048,0,0
262640611,0,0,0,0,0,0,7063,0,0,262717611,0,0,0,0,0,0,-2061,0,0
263760611,0,0,0,0,0,0,7000,0,0,263837611,0,0,0,0,0,0,-2042,0,0
264880611,0,0,0,0,0,0,248,0,0,264957611,0,0,0,0,0,0,586,0,0
266000611,0,0,0,0,0,0,227,0,0,266077611,0,0,0,0,0,0,526,0,0
267120611,0,0,0,0,0,0,193,0,0,267197611,0,0,0,0,0,0,613,0,0
268240611,0,0,0,0,0,0,213,0,0,268317611,0,0,0,0,0,0,629,0,0
269360611,0,0,0,0,0,0,253,0,0,269437611,0,0,0,0,0,0,605,0,0
270480611,0,0,0,0,0,0,229,0,0,270557611,0,0,0,0,0,0,616,0,0
271600611,0,0,0,0,0,0,241,0,0,271677611,0,0,0,0,0,0,624,0,0
272720611,0,0,0,0,0,0,257,0,0,272797611,0,0,0,0,0,0,654,0,0
273840611,0,0,0,0,0,0,7083,0,0,273917611,0,0,0,0,0,0,-2054,0,0
274960611,0,0,0,0,0,0,7046,0,0,275037611,0,0,0,0,0,0,-2061,0,0
276080611,0,0,0,0,0,0,7059,0,0,276157611,0,0,0,0,0,0,-2057,0,0
277200611,0,0,0,0,0,0,7037,0,0,277277611,0,0,0,0,0,0,-2044,0,0
278320611,0,0,0,0,0,0,7052,0,0,278397611,0,0,0,0,0,0,-2062,0,0
279440611,0,0,0,0,0,0,7042,0,0,279517611,0,0,0,0,0,0,-2047,0,0
280560611,0,0,0,0,0,0,7091,0,0,280637611,0,0,0,0,0,0,-2069,0,0
281680611,0,0,0,0,0,0,7125,0,0,281757611,0,0,0,0,0,0,-2070,0,0
282800611,0,0,0,0,0,0,256,0,0,282877611,0,0,0,0,0,0,611,0,0
283920611,0,0,0,0,0,0,230,0,0,283997611,0,0,0,0,0,0,630,0,0
285040611,0,0,0,0,0,0,195,0,0,285117611,0,0,0,0,0,0,606,0,0
286160611,0,0,0,0,0,0,263,0,0,286237611,0,0,0,0,0,0,629,0,0
287280611,0,0,0,0,0,0,252,0,0,287357611,0,0,0,0,0,0,580,0,0
288400611,0,0,0,0,0,0,225,0,0,288477611,0,0,0,0,0,0,592,0,0
289520611,0,0,0,0,0,0,242,0,0,289597611,0,0,0,0,0,0,643,0,0
290640611,0,0,0,0,0,0,242,0,0,290717611,0,0,0,0,0,0,607,0,0
291760611,0,0,0,0,0,0,7059,0,0,291837611,0,0,0,0,0,0,-2052,0,0
292880611,0,0,0,0,0,0,7067,0,0,292957611,0,0,0,0,0,0,-2048,0,0
294000611,0,0,0,0,0,0,7079,0,0,294077611,0,0,0,0,0,0,-2050,0,0
295120611,0,0,0,0,0,0,7044,0,0,295197611,0,0,0,0,0,0,-2032,0,0
296240611,0,0,0,0,0,0,7089,0,0,296317611,0,0,0,0,0,0,-2077,0,0
297360611,0,0,0,0,0,0,7054,0,0,297437611,0,0,0,0,0,0,-2041,0,0
298480611,0,0,0,0,0,0,7048,0,0,298557611,0,0,0,0,0,0,-2037,0,0
299600611,0,0,0,0,0,0,7034,0,0,299677611,0,0,0,0,0,0,-2045,0,0
300720611,0,0,0,0,0,0,252,0,0,300797611,0,0,0,0,0,0,593,0,0
301840611,0,0,0,0,0,0,245,0,0,301917611,0,0,0,0,0,0,607,0,0
302960611,0,0,0,0,0,0,215,0,0,303037611,0,0,0,0,0,0,587,0,0
304080611,0,0,0,0,0,0,236,0,0,304157611,0,0,0,0,0,0,564,0,0
305200611,0,0,0,0,0,0,287,0,0,305277611,0,0,0,0,0,0,624,0,0
306320611,0,0,0,0,0,0,210,0,0,306397611,0,0,0,0,0,0,593,0,0
307440611,0,0,0,0,0,0,203,0,0,307517611,0,0,0,0,0,0,564,0,0
308560611,0,0,0,0,0,0,223,0,0,308637611,0,0,0,0,0,0,648,0,0
309680611,0,0,0,0,0,0,7016,0,0,309757611,0,0,0,0,0,0,-2068,0,0
310800611,0,0,0,0,0,0,7023,0,0,310877611,0,0,0,0,0,0,-2013,0,0
311920611,0,0,0,0,0,0,7049,0,0,311997611,0,0,0,0,0,0,-2070,0,0
313040611,0,0,0,0,0,0,7036,0,0,313117611,0,0,0,0,0,0,-2045,0,0
314160611,0,0,0,0,0,0,7075,0,0,314237611,0,0,0,0,0,0,-2054,0,0
315280611,0,0,0,0,0,0,7070,0,0,315357611,0,0,0,0,0,0,-2036,0,0
316400611,0,0,0,0,0,0,7021,0,0,316477611,0,0,0,0,0,0,-2068,0,0
317520611,0,0,0,0,0,0,7005,0,0,317597611,0,0,0,0,0,0,-2090,0,0
318640611,0,0,0,0,0,0,283,0,0,318717611,0,0,0,0,0,0,616,0,0
319760611,0,0,0,0,0,0,242,0,0,319837611,0,0,0,0,0,0,636,0,0
320880611,0,0,0,0,0,0,249,0,0,320957611,0,0,0,0,0,0,657,0,0
322000611,0,0,0,0,0,0,172,0,0,322077611,0,0,0,0,0,0,636,0,0
323120611,0,0,0,0,0,0,243,0,0,323197611,0,0,0,0,0,0,641,0,0
324240611,0,0,0,0,0,0,237,0,0,324317611,0,0,0,0,0,0,619,0,0
325360611,0,0,0,0,0,0,263,0,0,325437611,0,0,0,0,0,0,554,0,0
326480611,0,0,0,0,0,0,225,0,0,326557611,0,0,0,0,0,0,571,0,0
327600611,0,0,0,0,0,0,7062,0,0,327677611,0,0,0,0,0,0,-2087,0,0
328720611,0,0,0,0,0,0,7007,0,0,328797611,0,0,0,0,0,0,-2021,0,0
329840611,0,0,0,0,0,0,7028,0,0,329917611,0,0,0,0,0,0,-2039,0,0
330960611,0,0,0,0,0,0,7062,0,0,331037611,0,0,0,0,0,0,-2089,0,0
332080611,0,0,0,0,0,0,7036,0,0,332157611,0,0,0,0,0,0,-2053,0,0
333200611,0,0,0,0,0,0,7027,0,0,333277611,0,0,0,0,0,0,-2048,0,0
334320611,0,0,0,0,0,0,7076,0,0,334397611,0,0,0,0,0,0,-2061,0,0
335440611,0,0,0,0,0,0,7011,0,0,335517611,0,0,0,0,0,0,-2056,0,0
336560611,0,0,0,0,0,0,223,0,0,336637611,0,0,0,0,0,0,605,0,0
337680611,0,0,0,0,0,0,224,0,0,337757611,0,0,0,0,0,0,603,0,0
338800611,0,0,0,0,0,0,245,0,0,338877611,0,0,0,0,0,0,628,0,0
339920611,0,0,0,0,0,0,238,0,0,339997611,0,0,0,0,0,0,576,0,0
341040611,0,0,0,0,0,0,252,0,0,341117611,0,0,0,0,0,0,599,0,0
342160611,0,0,0,0,0,0,234,0,0,342237611,0,0,0,0,0,0,631,0,0
343280611,0,0,0,0,0,0,195,0,0,343357611,0,0,0,0,0,0,593,0,0
344400611,0,0,0,0,0,0,244,0,0,344477611,0,0,0,0,0,0,619,0,0
345520611,0,0,0,0,0,0,7073,0,0,345597611,0,0,0,0,0,0,-2096,0,0
346640611,0,0,0,0,0,0,7043,0,0,346717611,0,0,0,0,0,0,-2041,0,0
347760611,0,0,0,0,0,0,7063,0,0,347837611,0,0,0,0,0,0,-2055,0,0
348880611,0,0,0,0,0,0,7075,0,0,348957611,0,0,0,0,0,0,-2059,0,0
350000611,0,0,0,0,0,0,7073,0,0,350077611,0,0,0,0,0,0,-2058,0,0
351120611,0,0,0,0,0,0,7036,0,0,351197611,0,0,0,0,0,0,-2031,0,0
352240611,0,0,0,0,0,0,7052,0,0,352317611,0,0,0,0,0,0,-2038,0,0
353360611,0,0,0,0,0,0,7035,0,0,353437611,0,0,0,0,0,0,-2052,0,0
354480611,0,0,0,0,0,0,250,0,0,354557611,0,0,0,0,0,0,609,0,0
355600611,0,0,0,0,0,0,266,0,0,355677611,0,0,0,0,0,0,646,0,0
356720611,0,0,0,0,0,0,227,0,0,356797611,0,0,0,0,0,0,589,0,0
357840611,0,0,0,0,0,0,255,0,0,357917611,0,0,0,0,0,0,618,0,0
358960611,0,0,0,0,0,0,256,0,0,359037611,0,0,0,0,0,0,618,0,0
360080611,0,0,0,0,0,0,217,0,0,360157611,0,0,0,0,0,0,627,0,0
361200611,0,0,0,0,0,0,280,0,0,361277611,0,0,0,0,0,0,590,0,0
362320611,0,0,0,0,0,0,226,0,0,362397611,0,0,0,0,0,0,634,0,0
363440611,0,0,0,0,0,0,7024,0,0,363517611,0,0,0,0,0,0,-2102,0,0
364560611,0,0,0,0,0,0,7028,0,0,364637611,0,0,0,0,0,0,-2004,0,0
365680611,0,0,0,0,0,0,7052,0,0,365757611,0,0,0,0,0,0,-2038,0,0
366800611,0,0,0,0,0,0,7087,0,0,366877611,0,0,0,0,0,0,-2064,0,0
367920611,0,0,0,0,0,0,7071,0,0,367997611,0,0,0,0,0,0,-1984,0,0
369040611,0,0,0,0,0,0,7018,0,0,369117611,0,0,0,0,0,0,-2093,0,0
370160611,0,0,0,0,0,0,7048,0,0,370237611,0,0,0,0,0,0,-2030,0,0
371280611,0,0,0,0,0,0,7031,0,0,371357611,0,0,0,0,0,0,-2051,0,0
372400611,0,0,0,0,0,0,245,0,0,372477611,0,0,0,0,0,0,592,0,0
373520611,0,0,0,0,0,0,221,0,0,373597611,0,0,0,0,0,0,613,0,0
374640611,0,0,0,0,0,0,208,0,0,374717611,0,0,0,0,0,0,596,0,0
375760611,0,0,0,0,0,0,235,0,0,375837611,0,0,0,0,0,0,615,0,0
376880611,0,0,0,0,0,0,223,0,0,376957611,0,0,0,0,0,0,611,0,0
378000611,0,0,0,0,0,0,264,0,0,378077611,0,0,0,0,0,0,621,0,0
379120611,0,0,0,0,0,0,214,0,0,379197611,0,0,0,0,0,0,587,0,0
380240611,0,0,0,0,0,0,234,0,0,380317611,0,0,0,0,0,0,600,0,0
381360611,0,0,0,0,0,0,7086,0,0,381437611,0,0,0,0,0,0,-2054,0,0
382480611,0,0,0,0,0,0,7006,0,0,382557611,0,0,0,0,0,0,-2037,0,0
383600611,0,0,0,0,0,0,7001,0,0,383677611,0,0,0,0,0,0,-2024,0,0
384720611,0,0,0,0,0,0,7084,0,0,384797611,0,0,0,0,0,0,-2069,0,0
385840611,0,0,0,0,0,0,7051,0,0,385917611,0,0,0,0,0,0,-2094,0,0
386960611,0,0,0,0,0,0,7100,0,0,387037611,0,0,0,0,0,0,-2080,0,0
388080611,0,0,0,0,0,0,7075,0,0,388157611,0,0,0,0,0,0,-2112,0,0
389200611,0,0,0,0,0,0,7028,0,0,389277611,0,0,0,0,0,0,-2045,0,0
390320611,0,0,0,0,0,0,223,0,0,390397611,0,0,0,0,0,0,594,0,0
391440611,0,0,0,0,0,0,220,0,0,391517611,0,0,0,0,0,0,562,0,0
392560611,0,0,0,0,0,0,227,0,0,392637611,0,0,0,0,0,0,641,0,0
393680611,0,0,0,0,0,0,255,0,0,393757611,0,0,0,0,0,0,610,0,0
394800611,0,0,0,0,0,0,291,0,0,394877611,0,0,0,0,0,0,613,0,0
395920611,0,0,0,0,0,0,230,0,0,395997611,0,0,0,0,0,0,587,0,0
397040611,0,0,0,0,0,0,217,0,0,397117611,0,0,0,0,0,0,613,0,0
398160611,0,0,0,0,0,0,262,0,0,398237611,0,0,0,0,0,0,645,0,0
399280611,0,0,0,0,0,0,7089,0,0,399357611,0,0,0,0,0,0,-2007,0,0
400400611,0,0,0,0,0,0,7066,0,0,400477611,0,0,0,0,0,0,-2053,0,0
401520611,0,0,0,0,0,0,7045,0,0,401597611,0,0,0,0,0,0,-2081,0,0
402640611,0,0,0,0,0,0,7050,0,0,402717611,0,0,0,0,0,0,-2095,0,0
403760611,0,0,0,0,0,0,7044,0,0,403837611,0,0,0,0,0,0,-2056,0,0
404880611,0,0,0,0,0,0,7032,0,0,404957611,0,0,0,0,0,0,-2059,0,0
406000611,0,0,0,0,0,0,7017,0,0,406077611,0,0,0,0,0,0,-2009,0,0
407120611,0,0,0,0,0,0,7026,0,0,407197611,0,0,0,0,0,0,-2051,0,0
408240611,0,0,0,0,0,0,247,0,0,408317611,0,0,0,0,0,0,594,0,0
409360611,0,0,0,0,0,0,242,0,0,409437611,0,0,0,0,0,0,604,0,0
410480611,0,0,0,0,0,0,245,0,0,410557611,0,0,0,0,0,0,585,0,0
411600611,0,0,0,0,0,0,225,0,0,411677611,0,0,0,0,0,0,590,0,0
412720611,0,0,0,0,0,0,219,0,0,412797611,0,0,0,0,0,0,593,0,0
413840611,0,0,0,0,0,0,254,0,0,413917611,0,0,0,0,0,0,576,0,0
414960611,0,0,0,0,0,0,228,0,0,415037611,0,0,0,0,0,0,621,0,0
416080611,0,0,0,0,0,0,256,0,0,416157611,0,0,0,0,0,0,598,0,0
417200611,0,0,0,0,0,0,7031,0,0,417277611,0,0,0,0,0,0,-2050,0,0
418320611,0,0,0,0,0,0,7040,0,0,418397611,0,0,0,0,0,0,-2038,0,0
419440611,0,0,0,0,0,0,7099,0,0,419517611,0,0,0,0,0,0,-2078,0,0
420560611,0,0,0,0,0,0,7023,0,0,420637611,0,0,0,0,0,0,-2029,0,0
421680611,0,0,0,0,0,0,7028,0,0,421757611,0,0,0,0,0,0,-2024,0,0
422800611,0,0,0,0,0,0,7082,0,0,422877611,0,0,0,0,0,0,-2067,0,0
423920611,0,0,0,0,0,0,7023,0,0,423997611,0,0,0,0,0,0,-1984,0,0
425040611,0,0,0,0,0,0,7022,0,0,425117611,0,0,0,0,0,0,-2061,0,0
426160611,0,0,0,0,0,0,255,0,0,426237611,0,0,0,0,0,0,667,0,0
427280611,0,0,0,0,0,0,192,0,0,427357611,0,0,0,0,0,0,647,0,0
428400611,0,0,0,0,0,0,233,0,0,428477611,0,0,0,0,0,0,596,0,0
429520611,0,0,0,0,0,0,254,0,0,429597611,0,0,0,0,0,0,626,0,0
430640611,0,0,0,0,0,0,234,0,0,430717611,0,0,0,0,0,0,646,0,0
431760611,0,0,0,0,0,0,217,0,0,431837611,0,0,0,0,0,0,591,0,0
432880611,0,0,0,0,0,0,233,0,0,432957611,0,0,0,0,0,0,576,0,0
434000611,0,0,0,0,0,0,249,0,0,434077611,0,0,0,0,0,0,620,0,0
435120611,0,0,0,0,0,0,7021,0,0,435197611,0,0,0,0,0,0,-2006,0,0
436240611,0,0,0,0,0,0,7027,0,0,436317611,0,0,0,0,0,0,-2050,0,0
437360611,0,0,0,0,0,0,7026,0,0,437437611,0,0,0,0,0,0,-2044,0,0
438480611,0,0,0,0,0,0,7045,0,0,438557611,0,0,0,0,0,0,-2021,0,0
439600611,0,0,0,0,0,0,7029,0,0,439677611,0,0,0,0,0,0,-2089,0,0
440720611,0,0,0,0,0,0,7020,0,0,440797611,0,0,0,0,0,0,-2057,0,0
441840611,0,0,0,0,0,0,7047,0,0,441917611,0,0,0,0,0,0,-2040,0,0
442960611,0,0,0,0,0,0,7049,0,0,443037611,0,0,0,0,0,0,-2100,0,0
444080611,0,0,0,0,0,0,238,0,0,444157611,0,0,0,0,0,0,603,0,0
445200611,0,0,0,0,0,0,252,0,0,445277611,0,0,0,0,0,0,594,0,0
446320611,0,0,0,0,0,0,251,0,0,446397611,0,0,0,0,0,0,624,0,0
447440611,0,0,0,0,0,0,209,0,0,447517611,0,0,0,0,0,0,601,0,0
448560611,0,0,0,0,0,0,238,0,0,448637611,0,0,0,0,0,0,598,0,0
449680611,0,0,0,0,0,0,194,0,0,449757611,0,0,0,0,0,0,570,0,0
450800611,0,0,0,0,0,0,280,0,0,450877611,0,0,0,0,0,0,622,0,0
451920611,0,0,0,0,0,0,238,0,0,451997611,0,0,0,0,0,0,595,0,0
453040611,0,0,0,0,0,0,7016,0,0,453117611,0,0,0,0,0,0,-2003,0,0
454160611,0,0,0,0,0,0,7025,0,0,454237611,0,0,0,0,0,0,-2055,0,0
455280611,0,0,0,0,0,0,7062,0,0,455357611,0,0,0,0,0,0,-2034,0,0
456400611,0,0,0,0,0,0,7038,0,0,456477611,0,0,0,0,0,0,-2067,0,0
457520611,0,0,0,0,0,0,7026,0,0,457597611,0,0,0,0,0,0,-2078,0,0
458640611,0,0,0,0,0,0,7023,0,0,458717611,0,0,0,0,0,0,-2034,0,0
459760611,0,0,0,0,0,0,7043,0,0,459837611,0,0,0,0,0,0,-2027,0,0
460880611,0,0,0,0,0,0,7006,0,0,460957611,0,0,0,0,0,0,-2077,0,0
462000611,0,0,0,0,0,0,262,0,0,462077611,0,0,0,0,0,0,567,0,0
463120611,0,0,0,0,0,0,255,0,0,463197611,0,0,0,0,0,0,611,0,0
464240611,0,0,0,0,0,0,227,0,0,464317611,0,0,0,0,0,0,570,0,0
465360611,0,0,0,0,0,0,215,0,0,465437611,0,0,0,0,0,0,633,0,0
466480611,0,0,0,0,0,0,247,0,0,466557611,0,0,0,0,0,0,600,0,0
467600611,0,0,0,0,0,0,271,0,0,467677611,0,0,0,0,0,0,639,0,0
468720611,0,0,0,0,0,0,229,0,0,468797611,0,0,0,0,0,0,571,0,0
469840611,0,0,0,0,0,0,239,0,0,469917611,0,0,0,0,0,0,602,0,0
470960611,0,0,0,0,0,0,7055,0,0,471037611,0,0,0,0,0,0,-1991,0,0
472080611,0,0,0,0,0,0,7067,0,0,472157611,0,0,0,0,0,0,-1967,0,0
473200611,0,0,0,0,0,0,7057,0,0,473277611,0,0,0,0,0,0,-2026,0,0
474320611,0,0,0,0,0,0,7063,0,0,474397611,0,0,0,0,0,0,-2064,0,0
475440611,0,0,0,0,0,0,7017,0,0,475517611,0,0,0,0,0,0,-2022,0,0
476560611,0,0,0,0,0,0,7048,0,0,476637611,0,0,0,0,0,0,-2058,0,0
477680611,0,0,0,0,0,0,7021,0,0,477757611,0,0,0,0,0,0,-2020,0,0
478800611,0,0,0,0,0,0,7018,0,0,478877611,0,0,0,0,0,0,-2030,0,0
479920611,0,0,0,0,0,0,214,0,0,479997611,0,0,0,0,0,0,616,0,0
481040611,0,0,0,0,0,0,235,0,0,481117611,0,0,0,0,0,0,606,0,0
482160611,0,0,0,0,0,0,264,0,0,482237611,0,0,0,0,0,0,626,0,0
483280611,0,0,0,0,0,0,237,0,0,483357611,0,0,0,0,0,0,626,0,0
484400611,0,0,0,0,0,0,235,0,0,484477611,0,0,0,0,0,0,642,0,0
485520611,0,0,0,0,0,0,213,0,0,485597611,0,0,0,0,0,0,566,0,0
486640611,0,0,0,0,0,0,255,0,0,486717611,0,0,0,0,0,0,571,0,0
487760611,0,0,0,0,0,0,248,0,0,487837611,0,0,0,0,0,0,584,0,0
488880611,0,0,0,0,0,0,7027,0,0,488957611,0,0,0,0,0,0,-2086,0,0
490000611,0,0,0,0,0,0,7011,0,0,490077611,0,0,0,0,0,0,-2069,0,0
491120611,0,0,0,0,0,0,7059,0,0,491197611,0,0,0,0,0,0,-2031,0,0
492240611,0,0,0,0,0,0,7060,0,0,492317611,0,0,0,0,0,0,-2061,0,0
493360611,0,0,0,0,0,0,7046,0,0,493437611,0,0,0,0,0,0,-2044,0,0
494480611,0,0,0,0,0,0,7040,0,0,494557611,0,0,0,0,0,0,-2091,0,0
495600611,0,0,0,0,0,0,7088,0,0,495677611,0,0,0,0,0,0,-2065,0,0
496720611,0,0,0,0,0,0,7038,0,0,496797611,0,0,0,0,0,0,-2048,0,0
497840611,0,0,0,0,0,0,252,0,0,497917611,0,0,0,0,0,0,607,0,0
498960611,0,0,0,0,0,0,268,0,0,499037611,0,0,0,0,0,0,576,0,0
500080611,0,0,0,0,0,0,275,0,0,500157611,0,0,0,0,0,0,612,0,0
501200611,0,0,0,0,0,0,217,0,0,501277611,0,0,0,0,0,0,673,0,0
502320611,0,0,0,0,0,0,193,0,0,502397611,0,0,0,0,0,0,659,0,0
503440611,0,0,0,0,0,0,252,0,0,503517611,0,0,0,0,0,0,568,0,0
504560611,0,0,0,0,0,0,227,0,0,504637611,0,0,0,0,0,0,626,0,0
505680611,0,0,0,0,0,0,209,0,0,505757611,0,0,0,0,0,0,618,0,0
506800611,0,0,0,0,0,0,7045,0,0,506877611,0,0,0,0,0,0,-2017,0,0
507920611,0,0,0,0,0,0,6998,0,0,507997611,0,0,0,0,0,0,-2021,0,0
509040611,0,0,0,0,0,0,7011,0,0,509117611,0,0,0,0,0,0,-2040,0,0
510160611,0,0,0,0,0,0,7000,0,0,510237611,0,0,0,0,0,0,-2083,0,0
511280611,0,0,0,0,0,0,7048,0,0,511357611,0,0,0,0,0,0,-2063,0,0
512400611,0,0,0,0,0,0,7037,0,0,512477611,0,0,0,0,0,0,-2042,0,0
513520611,0,0,0,0,0,0,7049,0,0,513597611,0,0,0,0,0,0,-2000,0,0
514640611,0,0,0,0,0,0,7023,0,0,514717611,0,0,0,0,0,0,-2064,0,0
515760611,0,0,0,0,0,0,286,0,0,515837611,0,0,0,0,0,0,623,0,0
516880611,0,0,0,0,0,0,263,0,0,516957611,0,0,0,0,0,0,613,0,0
518000611,0,0,0,0,0,0,226,0,0,518077611,0,0,0,0,0,0,593,0,0
519120611,0,0,0,0,0,0,233,0,0,519197611,0,0,0,0,0,0,635,0,0
520240611,0,0,0,0,0,0,251,0,0,520317611,0,0,0,0,0,0,644,0,0
521360611,0,0,0,0,0,0,266,0,0,521437611,0,0,0,0,0,0,596,0,0
522480611,0,0,0,0,0,0,244,0,0,522557611,0,0,0,0,0,0,660,0,0
523600611,0,0,0,0,0,0,271,0,0,523677611,0,0,0,0,0,0,613,0,0
524720611,0,0,0,0,0,0,7011,0,0,524797611,0,0,0,0,0,0,-2012,0,0
525840611,0,0,0,0,0,0,7040,0,0,525917611,0,0,0,0,0,0,-2031,0,0
526960611,0,0,0,0,0,0,7028,0,0,527037611,0,0,0,0,0,0,-2037,0,0
528080611,0,0,0,0,0,0,7026,0,0,528157611,0,0,0,0,0,0,-2056,0,0
529200611,0,0,0,0,0,0,7030,0,0,529277611,0,0,0,0,0,0,-2023,0,0
530320611,0,0,0,0,0,0,7079,0,0,530397611,0,0,0,0,0,0,-2063,0,0
531440611,0,0,0,0,0,0,6981,0,0,531517611,0,0,0,0,0,0,-2036,0,0
532560611,0,0,0,0,0,0,7028,0,0,532637611,0,0,0,0,0,0,-2037,0,0
533680611,0,0,0,0,0,0,208,0,0,533757611,0,0,0,0,0,0,607,0,0
534800611,0,0,0,0,0,0,293,0,0,534877611,0,0,0,0,0,0,571,0,0
535920611,0,0,0,0,0,0,252,0,0,535997611,0,0,0,0,0,0,595,0,0
537040611,0,0,0,0,0,0,237,0,0,537117611,0,0,0,0,0,0,622,0,0
538160611,0,0,0,0,0,0,251,0,0,538237611,0,0,0,0,0,0,647,0,0
539280611,0,0,0,0,0,0,268,0,0,539357611,0,0,0,0,0,0,609,0,0
540400611,0,0,0,0,0,0,225,0,0,540477611,0,0,0,0,0,0,564,0,0
541520611,0,0,0,0,0,0,218,0,0,541597611,0,0,0,0,0,0,633,0,0
542640611,0,0,0,0,0,0,7058,0,0,542717611,0,0,0,0,0,0,-2054,0,0
543760611,0,0,0,0,0,0,7022,0,0,543837611,0,0,0,0,0,0,-2034,0,0
544880611,0,0,0,0,0,0,7032,0,0,544957611,0,0,0,0,0,0,-2051,0,0
546000611,0,0,0,0,0,0,7055,0,0,546077611,0,0,0,0,0,0,-2054,0,0
547120611,0,0,0,0,0,0,7071,0,0,547197611,0,0,0,0,0,0,-2053,0,0
548240611,0,0,0,0,0,0,7037,0,0,548317611,0,0,0,0,0,0,-1997,0,0
549360611,0,0,0,0,0,0,7044,0,0,549437611,0,0,0,0,0,0,-2061,0,0
550480611,0,0,0,0,0,0,7052,0,0,550557611,0,0,0,0,0,0,-2032,0,0
551600611,0,0,0,0,0,0,203,0,0,551677611,0,0,0,0,0,0,567,0,0
552720611,0,0,0,0,0,0,202,0,0,552797611,0,0,0,0,0,0,623,0,0
553840611,0,0,0,0,0,0,274,0,0,553917611,0,0,0,0,0,0,610,0,0
554960611,0,0,0,0,0,0,281,0,0,555037611,0,0,0,0,0,0,606,0,0
556080611,0,0,0,0,0,0,261,0,0,556157611,0,0,0,0,0,0,592,0,0
557200611,0,0,0,0,0,0,270,0,0,557277611,0,0,0,0,0,0,657,0,0
558320611,0,0,0,0,0,0,262,0,0,558397611,0,0,0,0,0,0,584,0,0
559440611,0,0,0,0,0,0,233,0,0,559517611,0,0,0,0,0,0,596,0,0
560560611,0,0,0,0,0,0,7079,0,0,560637611,0,0,0,0,0,0,-2049,0,0
561680611,0,0,0,0,0,0,7025,0,0,561757611,0,0,0,0,0,0,-2075,0,0
562800611,0,0,0,0,0,0,7006,0,0,562877611,0,0,0,0,0,0,-2094,0,0
563920611,0,0,0,0,0,0,7024,0,0,563997611,0,0,0,0,0,0,-2034,0,0
565040611,0,0,0,0,0,0,7093,0,0,565117611,0,0,0,0,0,0,-2069,0,0
566160611,0,0,0,0,0,0,7052,0,0,566237611,0,0,0,0,0,0,-2060,0,0
567280611,0,0,0,0,0,0,7049,0,0,567357611,0,0,0,0,0,0,-2040,0,0
568400611,0,0,0,0,0,0,7015,0,0,568477611,0,0,0,0,0,0,-2018,0,0
569520611,0,0,0,0,0,0,254,0,0,569597611,0,0,0,0,0,0,596,0,0
570640611,0,0,0,0,0,0,206,0,0,570717611,0,0,0,0,0,0,613,0,0
571760611,0,0,0,0,0,0,217,0,0,571837611,0,0,0,0,0,0,598,0,0
572880611,0,0,0,0,0,0,244,0,0,572957611,0,0,0,0,0,0,616,0,0
574000611,0,0,0,0,0,0,328,0,0,574077611,0,0,0,0,0,0,586,0,0
575120611,0,0,0,0,0,0,239,0,0,575197611,0,0,0,0,0,0,642,0,0
576240611,0,0,0,0,0,0,281,0,0,576317611,0,0,0,0,0,0,640,0,0
577360611,0,0,0,0,0,0,256,0,0,577437611,0,0,0,0,0,0,581,0,0
578480611,0,0,0,0,0,0,7042,0,0,578557611,0,0,0,0,0,0,-2048,0,0
579600611,0,0,0,0,0,0,7016,0,0,579677611,0,0,0,0,0,0,-2034,0,0
580720611,0,0,0,0,0,0,6980,0,0,580797611,0,0,0,0,0,0,-2048,0,0
581840611,0,0,0,0,0,0,7055,0,0,581917611,0,0,0,0,0,0,-2058,0,0
582960611,0,0,0,0,0,0,6995,0,0,583037611,0,0,0,0,0,0,-2052,0,0
584080611,0,0,0,0,0,0,7045,0,0,584157611,0,0,0,0,0,0,-2043,0,0
585200611,0,0,0,0,0,0,7049,0,0,585277611,0,0,0,0,0,0,-2062,0,0
586320611,0,0,0,0,0,0,7029,0,0,586397611,0,0,0,0,0,0,-2024,0,0
587440611,0,0,0,0,0,0,310,0,0,587517611,0,0,0,0,0,0,638,0,0
588560611,0,0,0,0,0,0,215,0,0,588637611,0,0,0,0,0,0,624,0,0
589680611,0,0,0,0,0,0,235,0,0,589757611,0,0,0,0,0,0,644,0,0
590800611,0,0,0,0,0,0,241,0,0,590877611,0,0,0,0,0,0,585,0,0
591920611,0,0,0,0,0,0,231,0,0,591997611,0,0,0,0,0,0,589,0,0
593040611,0,0,0,0,0,0,223,0,0,593117611,0,0,0,0,0,0,580,0,0
594160611,0,0,0,0,0,0,205,0,0,594237611,0,0,0,0,0,0,574,0,0
595280611,0,0,0,0,0,0,259,0,0,595357611,0,0,0,0,0,0,601,0,0
596400611,0,0,0,0,0,0,7039,0,0,596477611,0,0,0,0,0,0,-2056,0,0
597520611,0,0,0,0,0,0,6979,0,0,597597611,0,0,0,0,0,0,-2054,0,0
598640611,0,0,0,0,0,0,7032,0,0,598717611,0,0,0,0,0,0,-2083,0,0
599760611,0,0,0,0,0,0,6990,0,0,599837611,0,0,0,0,0,0,-2002,0,0
600880611,0,0,0,0,0,0,7046,0,0,600957611,0,0,0,0,0,0,-2032,0,0
602000611,0,0,0,0,0,0,7024,0,0,602077611,0,0,0,0,0,0,-2066,0,0
603120611,0,0,0,0,0,0,7031,0,0,603197611,0,0,0,0,0,0,-2053,0,0
604240611,0,0,0,0,0,0,7022,0,0,604317611,0,0,0,0,0,0,-2118,0,0
605360611,0,0,0,0,0,0,272,0,0,605437611,0,0,0,0,0,0,607,0,0
606480611,0,0,0,0,0,0,253,0,0,606557611,0,0,0,0,0,0,621,0,0
607600611,0,0,0,0,0,0,233,0,0,607677611,0,0,0,0,0,0,606,0,0
608720611,0,0,0,0,0,0,242,0,0,608797611,0,0,0,0,0,0,599,0,0
609840611,0,0,0,0,0,0,234,0,0,609917611,0,0,0,0,0,0,586,0,0
610960611,0,0,0,0,0,0,235,0,0,611037611,0,0,0,0,0,0,604,0,0
612080611,0,0,0,0,0,0,243,0,0,612157611,0,0,0,0,0,0,621,0,0
613200611,0,0,0,0,0,0,275,0,0,613277611,0,0,0,0,0,0,599,0,0
614320611,0,0,0,0,0,0,6994,0,0,614397611,0,0,0,0,0,0,-2034,0,0
615440611,0,0,0,0,0,0,7081,0,0,615517611,0,0,0,0,0,0,-2037,0,0
616560611,0,0,0,0,0,0,7079,0,0,616637611,0,0,0,0,0,0,-2032,0,0
617680611,0,0,0,0,0,0,7056,0,0,617757611,0,0,0,0,0,0,-2031,0,0
618800611,0,0,0,0,0,0,7029,0,0,618877611,0,0,0,0,0,0,-2049,0,0
619920611,0,0,0,0,0,0,6973,0,0,619997611,0,0,0,0,0,0,-2016,0,0
621040611,0,0,0,0,0,0,7043,0,0,621117611,0,0,0,0,0,0,-2057,0,0
622160611,0,0,0,0,0,0,7046,0,0,622237611,0,0,0,0,0,0,-2052,0,0
623280611,0,0,0,0,0,0,215,0,0,623357611,0,0,0,0,0,0,599,0,0
624400611,0,0,0,0,0,0,202,0,0,624477611,0,0,0,0,0,0,663,0,0
625520611,0,0,0,0,0,0,263,0,0,625597611,0,0,0,0,0,0,598,0,0
626640611,0,0,0,0,0,0,252,0,0,626717611,0,0,0,0,0,0,628,0,0
627760611,0,0,0,0,0,0,270,0,0,627837611,0,0,0,0,0,0,601,0,0
628880611,0,0,0,0,0,0,223,0,0,628957611,0,0,0,0,0,0,565,0,0
630000611,0,0,0,0,0,0,216,0,0,630077611,0,0,0,0,0,0,568,0,0
631120611,0,0,0,0,0,0,230,0,0,631197611,0,0,0,0,0,0,626,0,0
632240611,0,0,0,0,0,0,6997,0,0,632317611,0,0,0,0,0,0,-2042,0,0
633360611,0,0,0,0,0,0,7027,0,0,633437611,0,0,0,0,0,0,-2034,0,0
634480611,0,0,0,0,0,0,7060,0,0,634557611,0,0,0,0,0,0,-2053,0,0
635600611,0,0,0,0,0,0,7070,0,0,635677611,0,0,0,0,0,0,-2024,0,0
636720611,0,0,0,0,0,0,7003,0,0,636797611,0,0,0,0,0,0,-2045,0,0
637840611,0,0,0,0,0,0,7048,0,0,637917611,0,0,0,0,0,0,-2026,0,0
638960611,0,0,0,0,0,0,7003,0,0,639037611,0,0,0,0,0,0,-2007,0,0
640080611,0,0,0,0,0,0,7012,0,0,640157611,0,0,0,0,0,0,-2034,0,0
641200611,0,0,0,0,0,0,279,0,0,641277611,0,0,0,0,0,0,597,0,0
642320611,0,0,0,0,0,0,213,0,0,642397611,0,0,0,0,0,0,615,0,0
643440611,0,0,0,0,0,0,273,0,0,643517611,0,0,0,0,0,0,599,0,0
644560611,0,0,0,0,0,0,239,0,0,644637611,0,0,0,0,0,0,618,0,0
645680611,0,0,0,0,0,0,205,0,0,645757611,0,0,0,0,0,0,618,0,0
646800611,0,0,0,0,0,0,226,0,0,646877611,0,0,0,0,0,0,608,0,0
647920611,0,0,0,0,0,0,255,0,0,647997611,0,0,0,0,0,0,564,0,0
649040611,0,0,0,0,0,0,257,0,0,649117611,0,0,0,0,0,0,599,0,0
650160611,0,0,0,0,0,0,6937,0,0,650237611,0,0,0,0,0,0,-2102,0,0
651280611,0,0,0,0,0,0,7014,0,0,651357611,0,0,0,0,0,0,-2005,0,0
652400611,0,0,0,0,0,0,7069,0,0,652477611,0,0,0,0,0,0,-2065,0,0
653520611,0,0,0,0,0,0,7044,0,0,653597611,0,0,0,0,0,0,-2070,0,0
654640611,0,0,0,0,0,0,6989,0,0,654717611,0,0,0,0,0,0,-2112,0,0
655760611,0,0,0,0,0,0,7003,0,0,655837611,0,0,0,0,0,0,-2082,0,0
656880611,0,0,0,0,0,0,7053,0,0,656957611,0,0,0,0,0,0,-2003,0,0
658000611,0,0,0,0,0,0,7026,0,0,658077611,0,0,0,0,0,0,-2049,0,0
659120611,0,0,0,0,0,0,241,0,0,659197611,0,0,0,0,0,0,643,0,0
660240611,0,0,0,0,0,0,221,0,0,660317611,0,0,0,0,0,0,597,0,0
661360611,0,0,0,0,0,0,249,0,0,661437611,0,0,0,0,0,0,629,0,0
662480611,0,0,0,0,0,0,201,0,0,662557611,0,0,0,0,0,0,583,0,0
663600611,0,0,0,0,0,0,244,0,0,663677611,0,0,0,0,0,0,605,0,0
664720611,0,0,0,0,0,0,210,0,0,664797611,0,0,0,0,0,0,625,0,0
665840611,0,0,0,0,0,0,233,0,0,665917611,0,0,0,0,0,0,577,0,0
666960611,0,0,0,0,0,0,249,0,0,667037611,0,0,0,0,0,0,589,0,0
668080611,0,0,0,0,0,0,6878,0,0,668157611,0,0,0,0,0,0,-2018,0,0
669200611,0,0,0,0,0,0,7015,0,0,669277611,0,0,0,0,0,0,-2070,0,0
670320611,0,0,0,0,0,0,7018,0,0,670397611,0,0,0,0,0,0,-2062,0,0
671440611,0,0,0,0,0,0,7045,0,0,671517611,0,0,0,0,0,0,-2019,0,0
672560611,0,0,0,0,0,0,7062,0,0,672637611,0,0,0,0,0,0,-2036,0,0
673680611,0,0,0,0,0,0,7051,0,0,673757611,0,0,0,0,0,0,-2083,0,0
674800611,0,0,0,0,0,0,7029,0,0,674877611,0,0,0,0,0,0,-2057,0,0
675920611,0,0,0,0,0,0,7005,0,0,675997611,0,0,0,0,0,0,-2039,0,0
677040611,0,0,0,0,0,0,232,0,0,677117611,0,0,0,0,0,0,603,0,0
678160611,0,0,0,0,0,0,281,0,0,678237611,0,0,0,0,0,0,601,0,0
679280611,0,0,0,0,0,0,241,0,0,679357611,0,0,0,0,0,0,543,0,0
680400611,0,0,0,0,0,0,239,0,0,680477611,0,0,0,0,0,0,614,0,0
681520611,0,0,0,0,0,0,247,0,0,681597611,0,0,0,0,0,0,630,0,0
682640611,0,0,0,0,0,0,275,0,0,682717611,0,0,0,0,0,0,578,0,0
683760611,0,0,0,0,0,0,249,0,0,683837611,0,0,0,0,0,0,596,0,0
684880611,0,0,0,0,0,0,248,0,0,684957611,0,0,0,0,0,0,631,0,0
686000611,0,0,0,0,0,0,6817,0,0,686077611,0,0,0,0,0,0,-2066,0,0
687120611,0,0,0,0,0,0,7057,0,0,687197611,0,0,0,0,0,0,-2063,0,0
688240611,0,0,0,0,0,0,6994,0,0,688317611,0,0,0,0,0,0,-2028,0,0
689360611,0,0,0,0,0,0,7022,0,0,689437611,0,0,0,0,0,0,-2087,0,0
690480611,0,0,0,0,0,0,6987,0,0,690557611,0,0,0,0,0,0,-2026,0,0
691600611,0,0,0,0,0,0,7016,0,0,691677611,0,0,0,0,0,0,-2039,0,0
692720611,0,0,0,0,0,0,6999,0,0,692797611,0,0,0,0,0,0,-2025,0,0
693840611,0,0,0,0,0,0,7039,0,0,693917611,0,0,0,0,0,0,-2072,0,0
694960611,0,0,0,0,0,0,308,0,0,695037611,0,0,0,0,0,0,541,0,0
696080611,0,0,0,0,0,0,290,0,0,696157611,0,0,0,0,0,0,573,0,0
697200611,0,0,0,0,0,0,255,0,0,697277611,0,0,0,0,0,0,599,0,0
698320611,0,0,0,0,0,0,238,0,0,698397611,0,0,0,0,0,0,638,0,0
699440611,0,0,0,0,0,0,233,0,0,699517611,0,0,0,0,0,0,646,0,0
700560611,0,0,0,0,0,0,244,0,0,700637611,0,0,0,0,0,0,615,0,0
701680611,0,0,0,0,0,0,190,0,0,701757611,0,0,0,0,0,0,615,0,0
702800611,0,0,0,0,0,0,204,0,0,702877611,0,0,0,0,0,0,620,0,0
703920611,0,0,0,0,0,0,6548,0,0,703997611,0,0,0,0,0,0,-2005,0,0
705040611,0,0,0,0,0,0,7019,0,0,705117611,0,0,0,0,0,0,-2066,0,0
706160611,0,0,0,0,0,0,7020,0,0,706237611,0,0,0,0,0,0,-2037,0,0
707280611,0,0,0,0,0,0,6989,0,0,707357611,0,0,0,0,0,0,-2066,0,0
708400611,0,0,0,0,0,0,7008,0,0,708477611,0,0,0,0,0,0,-2079,0,0
709520611,0,0,0,0,0,0,7068,0,0,709597611,0,0,0,0,0,0,-2056,0,0
710640611,0,0,0,0,0,0,7033,0,0,710717611,0,0,0,0,0,0,-2081,0,0
711760611,0,0,0,0,0,0,7000,0,0,711837611,0,0,0,0,0,0,-2062,0,0
712880611,0,0,0,0,0,0,328,0,0,712957611,0,0,0,0,0,0,649,0,0
714000611,0,0,0,0,0,0,270,0,0,714077611,0,0,0,0,0,0,591,0,0
715120611,0,0,0,0,0,0,263,0,0,715197611,0,0,0,0,0,0,596,0,0
716240611,0,0,0,0,0,0,247,0,0,716317611,0,0,0,0,0,0,613,0,0
717360611,0,0,0,0,0,0,196,0,0,717437611,0,0,0,0,0,0,624,0,0
718480611,0,0,0,0,0,0,213,0,0,718557611,0,0,0,0,0,0,617,0,0
719600611,0,0,0,0,0,0,265,0,0,719677611,0,0,0,0,0,0,594,0,0
720720611,0,0,0,0,0,0,238,0,0,720797611,0,0,0,0,0,0,648,0,0
721840611,0,0,0,0,0,0,6140,0,0,721917611,0,0,0,0,0,0,-1989,0,0
722960611,0,0,0,0,0,0,7021,0,0,723037611,0,0,0,0,0,0,-2068,0,0
724080611,0,0,0,0,0,0,6982,0,0,724157611,0,0,0,0,0,0,-2078,0,0
725200611,0,0,0,0,0,0,7013,0,0,725277611,0,0,0,0,0,0,-2044,0,0
726320611,0,0,0,0,0,0,6997,0,0,726397611,0,0,0,0,0,0,-2061,0,0
727440611,0,0,0,0,0,0,7034,0,0,727517611,0,0,0,0,0,0,-2052,0,0
728560611,0,0,0,0,0,0,7009,0,0,728637611,0,0,0,0,0,0,-2014,0,0
729680611,0,0,0,0,0,0,7085,0,0,729757611,0,0,0,0,0,0,-2037,0,0
730800611,0,0,0,0,0,0,543,0,0,730877611,0,0,0,0,0,0,579,0,0
731920611,0,0,0,0,0,0,247,0,0,731997611,0,0,0,0,0,0,650,0,0
733040611,0,0,0,0,0,0,231,0,0,733117611,0,0,0,0,0,0,582,0,0
734160611,0,0,0,0,0,0,246,0,0,734237611,0,0,0,0,0,0,618,0,0
735280611,0,0,0,0,0,0,244,0,0,735357611,0,0,0,0,0,0,585,0,0
736400611,0,0,0,0,0,0,205,0,0,736477611,0,0,0,0,0,0,626,0,0
737520611,0,0,0,0,0,0,209,0,0,737597611,0,0,0,0,0,0,593,0,0
738640611,0,0,0,0,0,0,227,0,0,738717611,0,0,0,0,0,0,623,0,0
739760611,0,0,0,0,0,0,5186,0,0,739837611,0,0,0,0,0,0,-1941,0,0
740880611,0,0,0,0,0,0,7028,0,0,740957611,0,0,0,0,0,0,-2060,0,0
742000611,0,0,0,0,0,0,7018,0,0,742077611,0,0,0,0,0,0,-2015,0,0
743120611,0,0,0,0,0,0,6977,0,0,743197611,0,0,0,0,0,0,-2051,0,0
744240611,0,0,0,0,0,0,7056,0,0,744317611,0,0,0,0,0,0,-2080,0,0
745360611,0,0,0,0,0,0,7003,0,0,745437611,0,0,0,0,0,0,-2067,0,0
746480611,0,0,0,0,0,0,7057,0,0,746557611,0,0,0,0,0,0,-2072,0,0
747600611,0,0,0,0,0,0,7024,0,0,747677611,0,0,0,0,0,0,-2037,0,0
748720611,0,0,0,0,0,0,2045,0,0,748797611,0,0,0,0,0,0,583,0,0
749840611,0,0,0,0,0,0,253,0,0,749917611,0,0,0,0,0,0,600,0,0
750960611,0,0,0,0,0,0,241,0,0,751037611,0,0,0,0,0,0,596,0,0
752080611,0,0,0,0,0,0,267,0,0,752157611,0,0,0,0,0,0,635,0,0
753200611,0,0,0,0,0,0,233,0,0,753277611,0,0,0,0,0,0,575,0,0
754320611,0,0,0,0,0,0,227,0,0,754397611,0,0,0,0,0,0,569,0,0
755440611,0,0,0,0,0,0,260,0,0,755517611,0,0,0,0,0,0,592,0,0
756560611,0,0,0,0,0,0,280,0,0,756637611,0,0,0,0,0,0,584,0,0
757680611,0,0,0,0,0,0,3115,0,0,757757611,0,0,0,0,0,0,-1793,0,0
758800611,0,0,0,0,0,0,7023,0,0,758877611,0,0,0,0,0,0,-2082,0,0
759920611,0,0,0,0,0,0,7037,0,0,759997611,0,0,0,0,0,0,-2011,0,0
761040611,0,0,0,0,0,0,7050,0,0,761117611,0,0,0,0,0,0,-2025,0,0
762160611,0,0,0,0,0,0,7008,0,0,762237611,0,0,0,0,0,0,-2059,0,0
763280611,0,0,0,0,0,0,7037,0,0,763357611,0,0,0,0,0,0,-2029,0,0
764400611,0,0,0,0,0,0,6992,0,0,764477611,0,0,0,0,0,0,-2014,0,0
765520611,0,0,0,0,0,0,7032,0,0,765597611,0,0,0,0,0,0,-2031,0,0
766640611,0,0,0,0,0,0,5815,0,0,766717611,0,0,0,0,0,0,591,0,0
767760611,0,0,0,0,0,0,218,0,0,767837611,0,0,0,0,0,0,625,0,0
768880611,0,0,0,0,0,0,237,0,0,768957611,0,0,0,0,0,0,587,0,0
770000611,0,0,0,0,0,0,230,0,0,770077611,0,0,0,0,0,0,615,0,0
771120611,0,0,0,0,0,0,227,0,0,771197611,0,0,0,0,0,0,598,0,0
772240611,0,0,0,0,0,0,227,0,0,772317611,0,0,0,0,0,0,585,0,0
773360611,0,0,0,0,0,0,240,0,0,773437611,0,0,0,0,0,0,624,0,0
774480611,0,0,0,0,0,0,245,0,0,774557611,0,0,0,0,0,0,586,0,0
775600611,0,0,0,0,0,0,268,0,0,775677611,0,0,0,0,0,0,-1551,0,0
776720611,0,0,0,0,0,0,7024,0,0,776797611,0,0,0,0,0,0,-2038,0,0
777840611,0,0,0,0,0,0,7033,0,0,777917611,0,0,0,0,0,0,-2023,0,0
778960611,0,0,0,0,0,0,7016,0,0,779037611,0,0,0,0,0,0,-2038,0,0
780080611,0,0,0,0,0,0,6982,0,0,780157611,0,0,0,0,0,0,-2033,0,0
781200611,0,0,0,0,0,0,7065,0,0,781277611,0,0,0,0,0,0,-1995,0,0
782320611,0,0,0,0,0,0,7012,0,0,782397611,0,0,0,0,0,0,-2042,0,0
783440611,0,0,0,0,0,0,7008,0,0,783517611,0,0,0,0,0,0,-2047,0,0
784560611,0,0,0,0,0,0,7017,0,0,784637611,0,0,0,0,0,0,353,0,0
785680611,0,0,0,0,0,0,231,0,0,785757611,0,0,0,0,0,0,588,0,0
786800611,0,0,0,0,0,0,279,0,0,786877611,0,0,0,0,0,0,589,0,0
787920611,0,0,0,0,0,0,231,0,0,787997611,0,0,0,0,0,0,601,0,0
789040611,0,0,0,0,0,0,199,0,0,789117611,0,0,0,0,0,0,592,0,0
790160611,0,0,0,0,0,0,226,0,0,790237611,0,0,0,0,0,0,610,0,0
791280611,0,0,0,0,0,0,251,0,0,791357611,0,0,0,0,0,0,586,0,0
792400611,0,0,0,0,0,0,265,0,0,792477611,0,0,0,0,0,0,588,0,0
793520611,0,0,0,0,0,0,243,0,0,793597611,0,0,0,0,0,0,-1104,0,0
794640611,0,0,0,0,0,0,7046,0,0,794717611,0,0,0,0,0,0,-2059,0,0
795760611,0,0,0,0,0,0,7007,0,0,795837611,0,0,0,0,0,0,-2035,0,0
796880611,0,0,0,0,0,0,7020,0,0,796957611,0,0,0,0,0,0,-2083,0,0
798000611,0,0,0,0,0,0,7019,0,0,798077611,0,0,0,0,0,0,-2060,0,0
799120611,0,0,0,0,0,0,7006,0,0,799197611,0,0,0,0,0,0,-2061,0,0
800240611,0,0,0,0,0,0,7011,0,0,800317611,0,0,0,0,0,0,-2036,0,0
801360611,0,0,0,0,0,0,7013,0,0,801437611,0,0,0,0,0,0,-2089,0,0
802480611,0,0,0,0,0,0,7031,0,0,802557611,0,0,0,0,0,0,-502,0,0
803600611,0,0,0,0,0,0,198,0,0,803677611,0,0,0,0,0,0,567,0,0
804720611,0,0,0,0,0,0,267,0,0,804797611,0,0,0,0,0,0,605,0,0
805840611,0,0,0,0,0,0,251,0,0,805917611,0,0,0,0,0,0,608,0,0
806960611,0,0,0,0,0,0,205,0,0,807037611,0,0,0,0,0,0,599,0,0
808080611,0,0,0,0,0,0,229,0,0,808157611,0,0,0,0,0,0,590,0,0
809200611,0,0,0,0,0,0,264,0,0,809277611,0,0,0,0,0,0,624,0,0
810320611,0,0,0,0,0,0,279,0,0,810397611,0,0,0,0,0,0,585,0,0
811440611,0,0,0,0,0,0,218,0,0,811517611,0,0,0,0,0,0,602,0,0
812560611,0,0,0,0,0,0,226,0,0,812637611,0,0,0,0,0,0,593,0,0
813680611,0,0,0,0,0,0,270,0,0,813757611,0,0,0,0,0,0,643,0,0
814800611,0,0,0,0,0,0,213,0,0,814877611,0,0,0,0,0,0,618,0,0
815920611,0,0,0,0,0,0,235,0,0,815997611,0,0,0,0,0,0,624,0,0
817040611,0,0,0,0,0,0,212,0,0,817117611,0,0,0,0,0,0,602,0,0
818160611,0,0,0,0,0,0,267,0,0,818237611,0,0,0,0,0,0,589,0,0
819280611,0,0,0,0,0,0,248,0,0,819357611,0,0,0,0,0,0,611,0,0
820400611,0,0,0,0,0,0,263,0,0,820477611,0,0,0,0,0,0,615,0,0
821520611,0,0,0,0,0,0,212,0,0,821597611,0,0,0,0,0,0,594,0,0
822640611,0,0,0,0,0,0,204,0,0,822717611,0,0,0,0,0,0,607,0,0
823760611,0,0,0,0,0,0,267,0,0,823837611,0,0,0,0,0,0,602,0,0
824880611,0,0,0,0,0,0,220,0,0,824957611,0,0,0,0,0,0,608,0,0
826000611,0,0,0,0,0,0,202,0,0,826077611,0,0,0,0,0,0,570,0,0
827120611,0,0,0,0,0,0,247,0,0,827197611,0,0,0,0,0,0,589,0,0
828240611,0,0,0,0,0,0,225,0,0,828317611,0,0,0,0,0,0,573,0,0
829360611,0,0,0,0,0,0,231,0,0,829437611,0,0,0,0,0,0,613,0,0
830480611,0,0,0,0,0,0,256,0,0,830557611,0,0,0,0,0,0,628,0,0
831600611,0,0,0,0,0,0,257,0,0,831677611,0,0,0,0,0,0,608,0,0
832720611,0,0,0,0,0,0,193,0,0,832797611,0,0,0,0,0,0,626,0,0
833840611,0,0,0,0,0,0,251,0,0,833917611,0,0,0,0,0,0,661,0,0
834960611,0,0,0,0,0,0,188,0,0,835037611,0,0,0,0,0,0,600,0,0
836080611,0,0,0,0,0,0,295,0,0,836157611,0,0,0,0,0,0,619,0,0
837200611,0,0,0,0,0,0,238,0,0,837277611,0,0,0,0,0,0,641,0,0
838320611,0,0,0,0,0,0,250,0,0,838397611,0,0,0,0,0,0,603,0,0
839440611,0,0,0,0,0,0,225,0,0,839517611,0,0,0,0,0,0,583,0,0
840560611,0,0,0,0,0,0,237,0,0,840637611,0,0,0,0,0,0,634,0,0
841680611,0,0,0,0,0,0,219,0,0,841757611,0,0,0,0,0,0,617,0,0
842800611,0,0,0,0,0,0,240,0,0,842877611,0,0,0,0,0,0,581,0,0
843920611,0,0,0,0,0,0,185,0,0,843997611,0,0,0,0,0,0,647,0,0
845040611,0,0,0,0,0,0,223,0,0,845117611,0,0,0,0,0,0,636,0,0
846160611,0,0,0,0,0,0,226,0,0,846237611,0,0,0,0,0,0,594,0,0
847280611,0,0,0,0,0,0,205,0,0,847357611,0,0,0,0,0,0,635,0,0
848400611,0,0,0,0,0,0,222,0,0,848477611,0,0,0,0,0,0,625,0,0
849520611,0,0,0,0,0,0,223,0,0,849597611,0,0,0,0,0,0,620,0,0
850640611,0,0,0,0,0,0,212,0,0,850717611,0,0,0,0,0,0,608,0,0
851760611,0,0,0,0,0,0,242,0,0,851837611,0,0,0,0,0,0,573,0,0
852880611,0,0,0,0,0,0,234,0,0,852957611,0,0,0,0,0,0,627,0,0
854000611,0,0,0,0,0,0,226,0,0,854077611,0,0,0,0,0,0,591,0,0
855120611,0,0,0,0,0,0,277,0,0,855197611,0,0,0,0,0,0,588,0,0
856240611,0,0,0,0,0,0,257,0,0,856317611,0,0,0,0,0,0,636,0,0
857360611,0,0,0,0,0,0,241,0,0,857437611,0,0,0,0,0,0,629,0,0
858480611,0,0,0,0,0,0,256,0,0,858557611,0,0,0,0,0,0,553,0,0
859600611,0,0,0,0,0,0,266,0,0,859677611,0,0,0,0,0,0,617,0,0
860720611,0,0,0,0,0,0,251,0,0,860797611,0,0,0,0,0,0,565,0,0
861840611,0,0,0,0,0,0,234,0,0,861917611,0,0,0,0,0,0,649,0,0
862960611,0,0,0,0,0,0,260,0,0,863037611,0,0,0,0,0,0,605,0,0
864080611,0,0,0,0,0,0,222,0,0,864157611,0,0,0,0,0,0,592,0,0
865200611,0,0,0,0,0,0,203,0,0,865277611,0,0,0,0,0,0,632,0,0
866320611,0,0,0,0,0,0,260,0,0,866397611,0,0,0,0,0,0,657,0,0
867440611,0,0,0,0,0,0,259,0,0,867517611,0,0,0,0,0,0,594,0,0
868560611,0,0,0,0,0,0,229,0,0,868637611,0,0,0,0,0,0,622,0,0
869680611,0,0,0,0,0,0,243,0,0,869757611,0,0,0,0,0,0,570,0,0
870800611,0,0,0,0,0,0,246,0,0,870877611,0,0,0,0,0,0,611,0,0
871920611,0,0,0,0,0,0,218,0,0,871997611,0,0,0,0,0,0,621,0,0
873040611,0,0,0,0,0,0,217,0,0,873117611,0,0,0,0,0,0,582,0,0
874160611,0,0,0,0,0,0,225,0,0,874237611,0,0,0,0,0,0,593,0,0
875280611,0,0,0,0,0,0,220,0,0,875357611,0,0,0,0,0,0,596,0,0
876400611,0,0,0,0,0,0,227,0,0,876477611,0,0,0,0,0,0,585,0,0
877520611,0,0,0,0,0,0,257,0,0,877597611,0,0,0,0,0,0,596,0,0
878640611,0,0,0,0,0,0,281,0,0,878717611,0,0,0,0,0,0,591,0,0
879760611,0,0,0,0,0,0,213,0,0,879837611,0,0,0,0,0,0,632,0,0
880880611,0,0,0,0,0,0,253,0,0,880957611,0,0,0,0,0,0,591,0,0
882000611,0,0,0,0,0,0,254,0,0,882077611,0,0,0,0,0,0,581,0,0
883120611,0,0,0,0,0,0,270,0,0,883197611,0,0,0,0,0,0,653,0,0
884240611,0,0,0,0,0,0,221,0,0,884317611,0,0,0,0,0,0,606,0,0
885360611,0,0,0,0,0,0,246,0,0,885437611,0,0,0,0,0,0,617,0,0
886480611,0,0,0,0,0,0,258,0,0,886557611,0,0,0,0,0,0,629,0,0
887600611,0,0,0,0,0,0,250,0,0,887677611,0,0,0,0,0,0,553,0,0
888720611,0,0,0,0,0,0,233,0,0,888797611,0,0,0,0,0,0,583,0,0
889840611,0,0,0,0,0,0,223,0,0,889917611,0,0,0,0,0,0,609,0,0
890960611,0,0,0,0,0,0,208,0,0,891037611,0,0,0,0,0,0,637,0,0
892080611,0,0,0,0,0,0,256,0,0,892157611,0,0,0,0,0,0,580,0,0
893200611,0,0,0,0,0,0,243,0,0,893277611,0,0,0,0,0,0,587,0,0
894320611,0,0,0,0,0,0,241,0,0,894397611,0,0,0,0,0,0,622,0,0
895440611,0,0,0,0,0,0,210,0,0,895517611,0,0,0,0,0,0,591,0,0
896560611,0,0,0,0,0,0,244,0,0,896637611,0,0,0,0,0,0,602,0,0
897680611,0,0,0,0,0,0,253,0,0,897757611,0,0,0,0,0,0,595,0,0
898800611,0,0,0,0,0,0,228,0,0,898877611,0,0,0,0,0,0,645,0,0
899920611,0,0,0,0,0,0,202,0,0,899997611,0,0,0,0,0,0,602,0,0
901040611,0,0,0,0,0,0,238,0,0,901117611,0,0,0,0,0,0,582,0,0
902160611,0,0,0,0,0,0,161,0,0,902237611,0,0,0,0,0,0,558,0,0
903280611,0,0,0,0,0,0,249,0,0,903357611,0,0,0,0,0,0,592,0,0
904400611,0,0,0,0,0,0,226,0,0,904477611,0,0,0,0,0,0,611,0,0
905520611,0,0,0,0,0,0,283,0,0,905597611,0,0,0,0,0,0,544,0,0
906640611,0,0,0,0,0,0,249,0,0,906717611,0,0,0,0,0,0,619,0,0
907760611,0,0,0,0,0,0,230,0,0,907837611,0,0,0,0,0,0,644,0,0
908880611,0,0,0,0,0,0,233,0,0,908957611,0,0,0,0,0,0,603,0,0
910000611,0,0,0,0,0,0,216,0,0,910077611,0,0,0,0,0,0,633,0,0
911120611,0,0,0,0,0,0,219,0,0,911197611,0,0,0,0,0,0,594,0,0
912240611,0,0,0,0,0,0,238,0,0,912317611,0,0,0,0,0,0,584,0,0
913360611,0,0,0,0,0,0,217,0,0,913437611,0,0,0,0,0,0,591,0,0
914480611,0,0,0,0,0,0,228,0,0,914557611,0,0,0,0,0,0,551,0,0
915600611,0,0,0,0,0,0,252,0,0,915677611,0,0,0,0,0,0,621,0,0
916720611,0,0,0,0,0,0,284,0,0,916797611,0,0,0,0,0,0,602,0,0
917840611,0,0,0,0,0,0,238,0,0,917917611,0,0,0,0,0,0,639,0,0
918960611,0,0,0,0,0,0,244,0,0,919037611,0,0,0,0,0,0,620,0,0
920080611,0,0,0,0,0,0,219,0,0,920157611,0,0,0,0,0,0,584,0,0
921200611,0,0,0,0,0,0,213,0,0,921277611,0,0,0,0,0,0,600,0,0
922320611,0,0,0,0,0,0,248,0,0,922397611,0,0,0,0,0,0,639,0,0
923440611,0,0,0,0,0,0,199,0,0,923517611,0,0,0,0,0,0,634,0,0
924560611,0,0,0,0,0,0,230,0,0,924637611,0,0,0,0,0,0,-1428,0,0
925680611,0,0,0,0,0,0,7041,0,0,925757611,0,0,0,0,0,0,-2051,0,0
926800611,0,0,0,0,0,0,7033,0,0,926877611,0,0,0,0,0,0,-2051,0,0
927920611,0,0,0,0,0,0,7033,0,0,927997611,0,0,0,0,0,0,-2056,0,0
929040611,0,0,0,0,0,0,7034,0,0,929117611,0,0,0,0,0,0,-2055,0,0
930160611,0,0,0,0,0,0,7062,0,0,930237611,0,0,0,0,0,0,-2040,0,0
931280611,0,0,0,0,0,0,7073,0,0,931357611,0,0,0,0,0,0,-2043,0,0
932400611,0,0,0,0,0,0,7000,0,0,932477611,0,0,0,0,0,0,-2057,0,0
933520611,0,0,0,0,0,0,7017,0,0,933597611,0,0,0,0,0,0,367,0,0
934640611,0,0,0,0,0,0,250,0,0,934717611,0,0,0,0,0,0,588,0,0
935760611,0,0,0,0,0,0,265,0,0,935837611,0,0,0,0,0,0,617,0,0
936880611,0,0,0,0,0,0,217,0,0,936957611,0,0,0,0,0,0,554,0,0
938000611,0,0,0,0,0,0,195,0,0,938077611,0,0,0,0,0,0,629,0,0
939120611,0,0,0,0,0,0,217,0,0,939197611,0,0,0,0,0,0,616,0,0
940240611,0,0,0,0,0,0,291,0,0,940317611,0,0,0,0,0,0,611,0,0
941360611,0,0,0,0,0,0,207,0,0,941437611,0,0,0,0,0,0,623,0,0
942480611,0,0,0,0,0,0,262,0,0,942557611,0,0,0,0,0,0,-1203,0,0
943600611,0,0,0,0,0,0,7052,0,0,943677611,0,0,0,0,0,0,-2040,0,0
944720611,0,0,0,0,0,0,7037,0,0,944797611,0,0,0,0,0,0,-2039,0,0
945840611,0,0,0,0,0,0,7029,0,0,945917611,0,0,0,0,0,0,-2037,0,0
946960611,0,0,0,0,0,0,7056,0,0,947037611,0,0,0,0,0,0,-2004,0,0
948080611,0,0,0,0,0,0,7051,0,0,948157611,0,0,0,0,0,0,-2059,0,0
949200611,0,0,0,0,0,0,7044,0,0,949277611,0,0,0,0,0,0,-2103,0,0
950320611,0,0,0,0,0,0,7057,0,0,950397611,0,0,0,0,0,0,-2066,0,0
951440611,0,0,0,0,0,0,7092,0,0,951517611,0,0,0,0,0,0,-361,0,0
952560611,0,0,0,0,0,0,249,0,0,952637611,0,0,0,0,0,0,625,0,0
953680611,0,0,0,0,0,0,233,0,0,953757611,0,0,0,0,0,0,598,0,0
954800611,0,0,0,0,0,0,217,0,0,954877611,0,0,0,0,0,0,607,0,0
955920611,0,0,0,0,0,0,229,0,0,955997611,0,0,0,0,0,0,586,0,0
957040611,0,0,0,0,0,0,210,0,0,957117611,0,0,0,0,0,0,629,0,0
958160611,0,0,0,0,0,0,250,0,0,958237611,0,0,0,0,0,0,619,0,0
959280611,0,0,0,0,0,0,237,0,0,959357611,0,0,0,0,0,0,615,0,0
960400611,0,0,0,0,0,0,246,0,0,960477611,0,0,0,0,0,0,-208,0,0
961520611,0,0,0,0,0,0,7024,0,0,961597611,0,0,0,0,0,0,-2047,0,0
962640611,0,0,0,0,0,0,7000,0,0,962717611,0,0,0,0,0,0,-2105,0,0
963760611,0,0,0,0,0,0,7037,0,0,963837611,0,0,0,0,0,0,-2051,0,0
964880611,0,0,0,0,0,0,7050,0,0,964957611,0,0,0,0,0,0,-2039,0,0
966000611,0,0,0,0,0,0,7009,0,0,966077611,0,0,0,0,0,0,-2017,0,0
967120611,0,0,0,0,0,0,7003,0,0,967197611,0,0,0,0,0,0,-2013,0,0
968240611,0,0,0,0,0,0,7010,0,0,968317611,0,0,0,0,0,0,-2039,0,0
969360611,0,0,0,0,0,0,7003,0,0,969437611,0,0,0,0,0,0,-1955,0,0
970480611,0,0,0,0,0,0,255,0,0,970557611,0,0,0,0,0,0,597,0,0
971600611,0,0,0,0,0,0,290,0,0,971677611,0,0,0,0,0,0,633,0,0
972720611,0,0,0,0,0,0,217,0,0,972797611,0,0,0,0,0,0,630,0,0
973840611,0,0,0,0,0,0,227,0,0,973917611,0,0,0,0,0,0,617,0,0
974960611,0,0,0,0,0,0,226,0,0,975037611,0,0,0,0,0,0,630,0,0
976080611,0,0,0,0,0,0,253,0,0,976157611,0,0,0,0,0,0,653,0,0
977200611,0,0,0,0,0,0,233,0,0,977277611,0,0,0,0,0,0,588,0,0
978320611,0,0,0,0,0,0,211,0,0,978397611,0,0,0,0,0,0,582,0,0
979440611,0,0,0,0,0,0,7045,0,0,979517611,0,0,0,0,0,0,-2060,0,0
980560611,0,0,0,0,0,0,7030,0,0,980637611,0,0,0,0,0,0,-2041,0,0
981680611,0,0,0,0,0,0,7023,0,0,981757611,0,0,0,0,0,0,-2044,0,0
982800611,0,0,0,0,0,0,7012,0,0,982877611,0,0,0,0,0,0,-2031,0,0
983920611,0,0,0,0,0,0,7023,0,0,983997611,0,0,0,0,0,0,-2055,0,0
985040611,0,0,0,0,0,0,7000,0,0,985117611,0,0,0,0,0,0,-2017,0,0
986160611,0,0,0,0,0,0,7031,0,0,986237611,0,0,0,0,0,0,-2026,0,0
987280611,0,0,0,0,0,0,7022,0,0,987357611,0,0,0,0,0,0,-2058,0,0
988400611,0,0,0,0,0,0,259,0,0,988477611,0,0,0,0,0,0,628,0,0
989520611,0,0,0,0,0,0,266,0,0,989597611,0,0,0,0,0,0,610,0,0
990640611,0,0,0,0,0,0,217,0,0,990717611,0,0,0,0,0,0,608,0,0
991760611,0,0,0,0,0,0,220,0,0,991837611,0,0,0,0,0,0,614,0,0
992880611,0,0,0,0,0,0,264,0,0,992957611,0,0,0,0,0,0,608,0,0
994000611,0,0,0,0,0,0,238,0,0,994077611,0,0,0,0,0,0,617,0,0
995120611,0,0,0,0,0,0,232,0,0,995197611,0,0,0,0,0,0,637,0,0
996240611,0,0,0,0,0,0,267,0,0,996317611,0,0,0,0,0,0,618,0,0
997360611,0,0,0,0,0,0,7022,0,0,997437611,0,0,0,0,0,0,-2047,0,0
998480611,0,0,0,0,0,0,7071,0,0,998557611,0,0,0,0,0,0,-2027,0,0
999600611,0,0,0,0,0,0,7066,0,0,999677611,0,0,0,0,0,0,-2035,0,0
1000720611,0,0,0,0,0,0,7047,0,0,1000797611,0,0,0,0,0,0,-2042,0,0
1001840611,0,0,0,0,0,0,7053,0,0,1001917611,0,0,0,0,0,0,-2058,0,0
1002960611,0,0,0,0,0,0,7041,0,0,1003037611,0,0,0,0,0,0,-2031,0,0
1004080611,0,0,0,0,0,0,7040,0,0,1004157611,0,0,0,0,0,0,-2021,0,0
1005200611,0,0,0,0,0,0,7032,0,0,1005277611,0,0,0,0,0,0,-2050,0,0
1006320611,0,0,0,0,0,0,246,0,0,1006397611,0,0,0,0,0,0,591,0,0
1007440611,0,0,0,0,0,0,240,0,0,1007517611,0,0,0,0,0,0,616,0,0
1008560611,0,0,0,0,0,0,247,0,0,1008637611,0,0,0,0,0,0,593,0,0
1009680611,0,0,0,0,0,0,248,0,0,1009757611,0,0,0,0,0,0,645,0,0
1010800611,0,0,0,0,0,0,263,0,0,1010877611,0,0,0,0,0,0,605,0,0
1011920611,0,0,0,0,0,0,230,0,0,1011997611,0,0,0,0,0,0,603,0,0
1013040611,0,0,0,0,0,0,216,0,0,1013117611,0,0,0,0,0,0,585,0,0
1014160611,0,0,0,0,0,0,220,0,0,1014237611,0,0,0,0,0,0,579,0,0
1015280611,0,0,0,0,0,0,7046,0,0,1015357611,0,0,0,0,0,0,-2057,0,0
1016400611,0,0,0,0,0,0,7030,0,0,1016477611,0,0,0,0,0,0,-2075,0,0
1017520611,0,0,0,0,0,0,7016,0,0,1017597611,0,0,0,0,0,0,-2083,0,0
1018640611,0,0,0,0,0,0,7064,0,0,1018717611,0,0,0,0,0,0,-2034,0,0
1019760611,0,0,0,0,0,0,7006,0,0,1019837611,0,0,0,0,0,0,-2078,0,0
1020880611,0,0,0,0,0,0,6993,0,0,1020957611,0,0,0,0,0,0,-2064,0,0
1022000611,0,0,0,0,0,0,7017,0,0,1022077611,0,0,0,0,0,0,-2047,0,0
1023120611,0,0,0,0,0,0,7012,0,0,1023197611,0,0,0,0,0,0,-2064,0,0
1024240611,0,0,0,0,0,0,229,0,0,1024317611,0,0,0,0,0,0,622,0,0
1025360611,0,0,0,0,0,0,235,0,0,1025437611,0,0,0,0,0,0,609,0,0
1026480611,0,0,0,0,0,0,209,0,0,1026557611,0,0,0,0,0,0,598,0,0
1027600611,0,0,0,0,0,0,188,0,0,1027677611,0,0,0,0,0,0,613,0,0
1028720611,0,0,0,0,0,0,210,0,0,1028797611,0,0,0,0,0,0,606,0,0
1029840611,0,0,0,0,0,0,233,0,0,1029917611,0,0,0,0,0,0,597,0,0
1030960611,0,0,0,0,0,0,210,0,0,1031037611,0,0,0,0,0,0,564,0,0
1032080611,0,0,0,0,0,0,204,0,0,1032157611,0,0,0,0,0,0,615,0,0
1033200611,0,0,0,0,0,0,7030,0,0,1033277611,0,0,0,0,0,0,-2049,0,0
1034320611,0,0,0,0,0,0,7022,0,0,1034397611,0,0,0,0,0,0,-2089,0,0
1035440611,0,0,0,0,0,0,7021,0,0,1035517611,0,0,0,0,0,0,-2072,0,0
1036560611,0,0,0,0,0,0,7000,0,0,1036637611,0,0,0,0,0,0,-2053,0,0
1037680611,0,0,0,0,0,0,7017,0,0,1037757611,0,0,0,0,0,0,-2066,0,0
1038800611,0,0,0,0,0,0,7035,0,0,1038877611,0,0,0,0,0,0,-2045,0,0
1039920611,0,0,0,0,0,0,7028,0,0,1039997611,0,0,0,0,0,0,-2016,0,0
1041040611,0,0,0,0,0,0,7040,0,0,1041117611,0,0,0,0,0,0,-2031,0,0
1042160611,0,0,0,0,0,0,271,0,0,1042237611,0,0,0,0,0,0,600,0,0
1043280611,0,0,0,0,0,0,265,0,0,1043357611,0,0,0,0,0,0,574,0,0
1044400611,0,0,0,0,0,0,268,0,0,1044477611,0,0,0,0,0,0,645,0,0
1045520611,0,0,0,0,0,0,255,0,0,1045597611,0,0,0,0,0,0,602,0,0
1046640611,0,0,0,0,0,0,254,0,0,1046717611,0,0,0,0,0,0,601,0,0
1047760611,0,0,0,0,0,0,233,0,0,1047837611,0,0,0,0,0,0,580,0,0
1048880611,0,0,0,0,0,0,250,0,0,1048957611,0,0,0,0,0,0,665,0,0
1050000611,0,0,0,0,0,0,253,0,0,1050077611,0,0,0,0,0,0,557,0,0
1051120611,0,0,0,0,0,0,6985,0,0,1051197611,0,0,0,0,0,0,-2022,0,0
1052240611,0,0,0,0,0,0,7049,0,0,1052317611,0,0,0,0,0,0,-2051,0,0
1053360611,0,0,0,0,0,0,6993,0,0,1053437611,0,0,0,0,0,0,-2070,0,0
1054480611,0,0,0,0,0,0,7035,0,0,1054557611,0,0,0,0,0,0,-2045,0,0
1055600611,0,0,0,0,0,0,6967,0,0,1055677611,0,0,0,0,0,0,-2056,0,0
1056720611,0,0,0,0,0,0,7046,0,0,1056797611,0,0,0,0,0,0,-2061,0,0
1057840611,0,0,0,0,0,0,7010,0,0,1057917611,0,0,0,0,0,0,-2070,0,0
1058960611,0,0,0,0,0,0,7041,0,0,1059037611,0,0,0,0,0,0,-2062,0,0
1060080611,0,0,0,0,0,0,198,0,0,1060157611,0,0,0,0,0,0,587,0,0
1061200611,0,0,0,0,0,0,258,0,0,1061277611,0,0,0,0,0,0,610,0,0
1062320611,0,0,0,0,0,0,240,0,0,1062397611,0,0,0,0,0,0,639,0,0
1063440611,0,0,0,0,0,0,265,0,0,1063517611,0,0,0,0,0,0,670,0,0
1064560611,0,0,0,0,0,0,230,0,0,1064637611,0,0,0,0,0,0,596,0,0
1065680611,0,0,0,0,0,0,212,0,0,1065757611,0,0,0,0,0,0,579,0,0
1066800611,0,0,0,0,0,0,252,0,0,1066877611,0,0,0,0,0,0,611,0,0
1067920611,0,0,0,0,0,0,204,0,0,1067997611,0,0,0,0,0,0,609,0,0
1069040611,0,0,0,0,0,0,7046,0,0,1069117611,0,0,0,0,0,0,-2054,0,0
1070160611,0,0,0,0,0,0,7024,0,0,1070237611,0,0,0,0,0,0,-2027,0,0
1071280611,0,0,0,0,0,0,7027,0,0,1071357611,0,0,0,0,0,0,-2008,0,0
1072400611,0,0,0,0,0,0,7017,0,0,1072477611,0,0,0,0,0,0,-2038,0,0
1073520611,0,0,0,0,0,0,7029,0,0,1073597611,0,0,0,0,0,0,-2028,0,0
1074640611,0,0,0,0,0,0,7043,0,0,1074717611,0,0,0,0,0,0,-2027,0,0
1075760611,0,0,0,0,0,0,7029,0,0,1075837611,0,0,0,0,0,0,-2076,0,0
1076880611,0,0,0,0,0,0,6994,0,0,1076957611,0,0,0,0,0,0,-2056,0,0
1078000611,0,0,0,0,0,0,198,0,0,1078077611,0,0,0,0,0,0,608,0,0
1079120611,0,0,0,0,0,0,239,0,0,1079197611,0,0,0,0,0,0,611,0,0
1080240611,0,0,0,0,0,0,215,0,0,1080317611,0,0,0,0,0,0,581,0,0
1081360611,0,0,0,0,0,0,233,0,0,1081437611,0,0,0,0,0,0,614,0,0
1082480611,0,0,0,0,0,0,208,0,0,1082557611,0,0,0,0,0,0,628,0,0
1083600611,0,0,0,0,0,0,213,0,0,1083677611,0,0,0,0,0,0,558,0,0
1084720611,0,0,0,0,0,0,233,0,0,1084797611,0,0,0,0,0,0,593,0,0
1085840611,0,0,0,0,0,0,267,0,0,1085917611,0,0,0,0,0,0,623,0,0
1086960611,0,0,0,0,0,0,7042,0,0,1087037611,0,0,0,0,0,0,-2017,0,0
1088080611,0,0,0,0,0,0,6974,0,0,1088157611,0,0,0,0,0,0,-2019,0,0
1089200611,0,0,0,0,0,0,7023,0,0,1089277611,0,0,0,0,0,0,-2073,0,0
1090320611,0,0,0,0,0,0,7032,0,0,1090397611,0,0,0,0,0,0,-2027,0,0
1091440611,0,0,0,0,0,0,7043,0,0,1091517611,0,0,0,0,0,0,-2042,0,0
1092560611,0,0,0,0,0,0,7032,0,0,1092637611,0,0,0,0,0,0,-2050,0,0
1093680611,0,0,0,0,0,0,7040,0,0,1093757611,0,0,0,0,0,0,-2031,0,0
1094800611,0,0,0,0,0,0,7008,0,0,1094877611,0,0,0,0,0,0,-2033,0,0
1095920611,0,0,0,0,0,0,278,0,0,1095997611,0,0,0,0,0,0,579,0,0
1097040611,0,0,0,0,0,0,217,0,0,1097117611,0,0,0,0,0,0,665,0,0
1098160611,0,0,0,0,0,0,243,0,0,1098237611,0,0,0,0,0,0,617,0,0
1099280611,0,0,0,0,0,0,215,0,0,1099357611,0,0,0,0,0,0,622,0,0
1100400611,0,0,0,0,0,0,255,0,0,1100477611,0,0,0,0,0,0,609,0,0
1101520611,0,0,0,0,0,0,298,0,0,1101597611,0,0,0,0,0,0,587,0,0
1102640611,0,0,0,0,0,0,214,0,0,1102717611,0,0,0,0,0,0,589,0,0
1103760611,0,0,0,0,0,0,249,0,0,1103837611,0,0,0,0,0,0,635,0,0
1104880611,0,0,0,0,0,0,7002,0,0,1104957611,0,0,0,0,0,0,-2088,0,0
1106000611,0,0,0,0,0,0,7001,0,0,1106077611,0,0,0,0,0,0,-2086,0,0
1107120611,0,0,0,0,0,0,7029,0,0,1107197611,0,0,0,0,0,0,-2072,0,0
1108240611,0,0,0,0,0,0,7009,0,0,1108317611,0,0,0,0,0,0,-2030,0,0
1109360611,0,0,0,0,0,0,7008,0,0,1109437611,0,0,0,0,0,0,-2075,0,0
1110480611,0,0,0,0,0,0,7008,0,0,1110557611,0,0,0,0,0,0,-2061,0,0
1111600611,0,0,0,0,0,0,6992,0,0,1111677611,0,0,0,0,0,0,-2044,0,0
1112720611,0,0,0,0,0,0,7033,0,0,1112797611,0,0,0,0,0,0,-2010,0,0
1113840611,0,0,0,0,0,0,231,0,0,1113917611,0,0,0,0,0,0,580,0,0
1114960611,0,0,0,0,0,0,231,0,0,1115037611,0,0,0,0,0,0,593,0,0
1116080611,0,0,0,0,0,0,247,0,0,1116157611,0,0,0,0,0,0,664,0,0
1117200611,0,0,0,0,0,0,233,0,0,1117277611,0,0,0,0,0,0,572,0,0
1118320611,0,0,0,0,0,0,232,0,0,1118397611,0,0,0,0,0,0,580,0,0
1119440611,0,0,0,0,0,0,232,0,0,1119517611,0,0,0,0,0,0,608,0,0
1120560611,0,0,0,0,0,0,239,0,0,1120637611,0,0,0,0,0,0,625,0,0
1121680611,0,0,0,0,0,0,215,0,0,1121757611,0,0,0,0,0,0,613,0,0
1122800611,0,0,0,0,0,0,7022,0,0,1122877611,0,0,0,0,0,0,-2037,0,0
1123920611,0,0,0,0,0,0,7055,0,0,1123997611,0,0,0,0,0,0,-2065,0,0
1125040611,0,0,0,0,0,0,6998,0,0,1125117611,0,0,0,0,0,0,-2083,0,0
1126160611,0,0,0,0,0,0,7007,0,0,1126237611,0,0,0,0,0,0,-2021,0,0
1127280611,0,0,0,0,0,0,7017,0,0,1127357611,0,0,0,0,0,0,-2026,0,0
1128400611,0,0,0,0,0,0,7054,0,0,1128477611,0,0,0,0,0,0,-2073,0,0
1129520611,0,0,0,0,0,0,7022,0,0,1129597611,0,0,0,0,0,0,-2045,0,0
1130640611,0,0,0,0,0,0,7034,0,0,1130717611,0,0,0,0,0,0,-2019,0,0
1131760611,0,0,0,0,0,0,241,0,0,1131837611,0,0,0,0,0,0,575,0,0
1132880611,0,0,0,0,0,0,275,0,0,1132957611,0,0,0,0,0,0,609,0,0
1134000611,0,0,0,0,0,0,249,0,0,1134077611,0,0,0,0,0,0,596,0,0
1135120611,0,0,0,0,0,0,216,0,0,1135197611,0,0,0,0,0,0,603,0,0
1136240611,0,0,0,0,0,0,252,0,0,1136317611,0,0,0,0,0,0,612,0,0
1137360611,0,0,0,0,0,0,245,0,0,1137437611,0,0,0,0,0,0,613,0,0
1138480611,0,0,0,0,0,0,246,0,0,1138557611,0,0,0,0,0,0,642,0,0
1139600611,0,0,0,0,0,0,270,0,0,1139677611,0,0,0,0,0,0,637,0,0
1140720611,0,0,0,0,0,0,7064,0,0,1140797611,0,0,0,0,0,0,-2025,0,0
1141840611,0,0,0,0,0,0,7017,0,0,1141917611,0,0,0,0,0,0,-2082,0,0
1142960611,0,0,0,0,0,0,7016,0,0,1143037611,0,0,0,0,0,0,-2074,0,0
1144080611,0,0,0,0,0,0,7036,0,0,1144157611,0,0,0,0,0,0,-2040,0,0
1145200611,0,0,0,0,0,0,6957,0,0,1145277611,0,0,0,0,0,0,-2052,0,0
1146320611,0,0,0,0,0,0,7054,0,0,1146397611,0,0,0,0,0,0,-2017,0,0
1147440611,0,0,0,0,0,0,6993,0,0,1147517611,0,0,0,0,0,0,-2050,0,0
1148560611,0,0,0,0,0,0,7032,0,0,1148637611,0,0,0,0,0,0,-2038,0,0
1149680611,0,0,0,0,0,0,213,0,0,1149757611,0,0,0,0,0,0,595,0,0
1150800611,0,0,0,0,0,0,224,0,0,1150877611,0,0,0,0,0,0,584,0,0
1151920611,0,0,0,0,0,0,214,0,0,1151997611,0,0,0,0,0,0,592,0,0
1153040611,0,0,0,0,0,0,232,0,0,1153117611,0,0,0,0,0,0,578,0,0
1154160611,0,0,0,0,0,0,276,0,0,1154237611,0,0,0,0,0,0,559,0,0
1155280611,0,0,0,0,0,0,265,0,0,1155357611,0,0,0,0,0,0,562,0,0
1156400611,0,0,0,0,0,0,229,0,0,1156477611,0,0,0,0,0,0,586,0,0
1157520611,0,0,0,0,0,0,238,0,0,1157597611,0,0,0,0,0,0,631,0,0
1158640611,0,0,0,0,0,0,7001,0,0,1158717611,0,0,0,0,0,0,-2046,0,0
1159760611,0,0,0,0,0,0,6993,0,0,1159837611,0,0,0,0,0,0,-2058,0,0
1160880611,0,0,0,0,0,0,7000,0,0,1160957611,0,0,0,0,0,0,-2079,0,0
1162000611,0,0,0,0,0,0,6999,0,0,1162077611,0,0,0,0,0,0,-2065,0,0
1163120611,0,0,0,0,0,0,6970,0,0,1163197611,0,0,0,0,0,0,-2068,0,0
1164240611,0,0,0,0,0,0,7009,0,0,1164317611,0,0,0,0,0,0,-2011,0,0
1165360611,0,0,0,0,0,0,6989,0,0,1165437611,0,0,0,0,0,0,-2038,0,0
1166480611,0,0,0,0,0,0,7030,0,0,1166557611,0,0,0,0,0,0,-2055,0,0
1167600611,0,0,0,0,0,0,254,0,0,1167677611,0,0,0,0,0,0,609,0,0
1168720611,0,0,0,0,0,0,244,0,0,1168797611,0,0,0,0,0,0,635,0,0
1169840611,0,0,0,0,0,0,238,0,0,1169917611,0,0,0,0,0,0,571,0,0
1170960611,0,0,0,0,0,0,224,0,0,1171037611,0,0,0,0,0,0,585,0,0
1172080611,0,0,0,0,0,0,227,0,0,1172157611,0,0,0,0,0,0,622,0,0
1173200611,0,0,0,0,0,0,217,0,0,1173277611,0,0,0,0,0,0,626,0,0
1174320611,0,0,0,0,0,0,254,0,0,1174397611,0,0,0,0,0,0,621,0,0
1175440611,0,0,0,0,0,0,227,0,0,1175517611,0,0,0,0,0,0,595,0,0
1176560611,0,0,0,0,0,0,7051,0,0,1176637611,0,0,0,0,0,0,-2051,0,0
1177680611,0,0,0,0,0,0,7036,0,0,1177757611,0,0,0,0,0,0,-2042,0,0
1178800611,0,0,0,0,0,0,6986,0,0,1178877611,0,0,0,0,0,0,-1978,0,0
1179920611,0,0,0,0,0,0,7006,0,0,1179997611,0,0,0,0,0,0,-2048,0,0
1181040611,0,0,0,0,0,0,6995,0,0,1181117611,0,0,0,0,0,0,-2030,0,0
1182160611,0,0,0,0,0,0,6993,0,0,1182237611,0,0,0,0,0,0,-2065,0,0
1183280611,0,0,0,0,0,0,7015,0,0,1183357611,0,0,0,0,0,0,-2028,0,0
1184400611,0,0,0,0,0,0,6973,0,0,1184477611,0,0,0,0,0,0,-2030,0,0
1185520611,0,0,0,0,0,0,235,0,0,1185597611,0,0,0,0,0,0,605,0,0
1186640611,0,0,0,0,0,0,218,0,0,1186717611,0,0,0,0,0,0,608,0,0
1187760611,0,0,0,0,0,0,241,0,0,1187837611,0,0,0,0,0,0,571,0,0
1188880611,0,0,0,0,0,0,250,0,0,1188957611,0,0,0,0,0,0,617,0,0
1190000611,0,0,0,0,0,0,210,0,0,1190077611,0,0,0,0,0,0,616,0,0
1191120611,0,0,0,0,0,0,227,0,0,1191197611,0,0,0,0,0,0,589,0,0
1192240611,0,0,0,0,0,0,205,0,0,1192317611,0,0,0,0,0,0,588,0,0
1193360611,0,0,0,0,0,0,248,0,0,1193437611,0,0,0,0,0,0,604,0,0
1194480611,0,0,0,0,0,0,7010,0,0,1194557611,0,0,0,0,0,0,-2074,0,0
1195600611,0,0,0,0,0,0,7058,0,0,1195677611,0,0,0,0,0,0,-2013,0,0
1196720611,0,0,0,0,0,0,6999,0,0,1196797611,0,0,0,0,0,0,-2064,0,0
1197840611,0,0,0,0,0,0,7027,0,0,1197917611,0,0,0,0,0,0,-2047,0,0
1198960611,0,0,0,0,0,0,7029,0,0,1199037611,0,0,0,0,0,0,-2076,0,0
1200080611,0,0,0,0,0,0,6991,0,0,1200157611,0,0,0,0,0,0,-2079,0,0
1201200611,0,0,0,0,0,0,7028,0,0,1201277611,0,0,0,0,0,0,-2042,0,0
1202320611,0,0,0,0,0,0,6956,0,0,1202397611,0,0,0,0,0,0,-2017,0,0
1203440611,0,0,0,0,0,0,247,0,0,1203517611,0,0,0,0,0,0,603,0,0
1204560611,0,0,0,0,0,0,260,0,0,1204637611,0,0,0,0,0,0,622,0,0
1205680611,0,0,0,0,0,0,230,0,0,1205757611,0,0,0,0,0,0,616,0,0
1206800611,0,0,0,0,0,0,280,0,0,1206877611,0,0,0,0,0,0,595,0,0
1207920611,0,0,0,0,0,0,230,0,0,1207997611,0,0,0,0,0,0,629,0,0
1209040611,0,0,0,0,0,0,245,0,0,1209117611,0,0,0,0,0,0,621,0,0
1210160611,0,0,0,0,0,0,283,0,0,1210237611,0,0,0,0,0,0,569,0,0
1211280611,0,0,0,0,0,0,237,0,0,1211357611,0,0,0,0,0,0,603,0,0
1212400611,0,0,0,0,0,0,7013,0,0,1212477611,0,0,0,0,0,0,-2024,0,0
1213520611,0,0,0,0,0,0,7018,0,0,1213597611,0,0,0,0,0,0,-2039,0,0
1214640611,0,0,0,0,0,0,6972,0,0,1214717611,0,0,0,0,0,0,-1977,0,0
1215760611,0,0,0,0,0,0,7009,0,0,1215837611,0,0,0,0,0,0,-2054,0,0
1216880611,0,0,0,0,0,0,6989,0,0,1216957611,0,0,0,0,0,0,-2013,0,0
1218000611,0,0,0,0,0,0,7034,0,0,1218077611,0,0,0,0,0,0,-1977,0,0
1219120611,0,0,0,0,0,0,7024,0,0,1219197611,0,0,0,0,0,0,-2056,0,0
1220240611,0,0,0,0,0,0,7025,0,0,1220317611,0,0,0,0,0,0,-2026,0,0
1221360611,0,0,0,0,0,0,251,0,0,1221437611,0,0,0,0,0,0,593,0,0
1222480611,0,0,0,0,0,0,232,0,0,1222557611,0,0,0,0,0,0,619,0,0
1223600611,0,0,0,0,0,0,240,0,0,1223677611,0,0,0,0,0,0,584,0,0
1224720611,0,0,0,0,0,0,233,0,0,1224797611,0,0,0,0,0,0,611,0,0
1225840611,0,0,0,0,0,0,266,0,0,1225917611,0,0,0,0,0,0,604,0,0
1226960611,0,0,0,0,0,0,256,0,0,1227037611,0,0,0,0,0,0,621,0,0
1228080611,0,0,0,0,0,0,220,0,0,1228157611,0,0,0,0,0,0,573,0,0
1229200611,0,0,0,0,0,0,272,0,0,1229277611,0,0,0,0,0,0,575,0,0
1230320611,0,0,0,0,0,0,6992,0,0,1230397611,0,0,0,0,0,0,-2064,0,0
1231440611,0,0,0,0,0,0,7020,0,0,1231517611,0,0,0,0,0,0,-2036,0,0
1232560611,0,0,0,0,0,0,7023,0,0,1232637611,0,0,0,0,0,0,-2066,0,0
1233680611,0,0,0,0,0,0,6989,0,0,1233757611,0,0,0,0,0,0,-2044,0,0
1234800611,0,0,0,0,0,0,7003,0,0,1234877611,0,0,0,0,0,0,-2009,0,0
1235920611,0,0,0,0,0,0,6993,0,0,1235997611,0,0,0,0,0,0,-2026,0,0
1237040611,0,0,0,0,0,0,7013,0,0,1237117611,0,0,0,0,0,0,-2048,0,0
1238160611,0,0,0,0,0,0,6975,0,0,1238237611,0,0,0,0,0,0,-2040,0,0
1239280611,0,0,0,0,0,0,224,0,0,1239357611,0,0,0,0,0,0,550,0,0
1240400611,0,0,0,0,0,0,245,0,0,1240477611,0,0,0,0,0,0,618,0,0
1241520611,0,0,0,0,0,0,286,0,0,1241597611,0,0,0,0,0,0,611,0,0
1242640611,0,0,0,0,0,0,275,0,0,1242717611,0,0,0,0,0,0,608,0,0
1243760611,0,0,0,0,0,0,273,0,0,1243837611,0,0,0,0,0,0,613,0,0
1244880611,0,0,0,0,0,0,260,0,0,1244957611,0,0,0,0,0,0,633,0,0
1246000611,0,0,0,0,0,0,232,0,0,1246077611,0,0,0,0,0,0,566,0,0
1247120611,0,0,0,0,0,0,199,0,0,1247197611,0,0,0,0,0,0,621,0,0
1248240611,0,0,0,0,0,0,7015,0,0,1248317611,0,0,0,0,0,0,-2038,0,0
1249360611,0,0,0,0,0,0,7001,0,0,1249437611,0,0,0,0,0,0,-2052,0,0
1250480611,0,0,0,0,0,0,7067,0,0,1250557611,0,0,0,0,0,0,-2074,0,0
1251600611,0,0,0,0,0,0,6991,0,0,1251677611,0,0,0,0,0,0,-2014,0,0
1252720611,0,0,0,0,0,0,6951,0,0,1252797611,0,0,0,0,0,0,-1980,0,0
1253840611,0,0,0,0,0,0,7026,0,0,1253917611,0,0,0,0,0,0,-2021,0,0
1254960611,0,0,0,0,0,0,6985,0,0,1255037611,0,0,0,0,0,0,-2027,0,0
1256080611,0,0,0,0,0,0,7016,0,0,1256157611,0,0,0,0,0,0,-2045,0,0
1257200611,0,0,0,0,0,0,257,0,0,1257277611,0,0,0,0,0,0,652,0,0
1258320611,0,0,0,0,0,0,240,0,0,1258397611,0,0,0,0,0,0,621,0,0
1259440611,0,0,0,0,0,0,257,0,0,1259517611,0,0,0,0,0,0,629,0,0
1260560611,0,0,0,0,0,0,276,0,0,1260637611,0,0,0,0,0,0,621,0,0
1261680611,0,0,0,0,0,0,194,0,0,1261757611,0,0,0,0,0,0,593,0,0
1262800611,0,0,0,0,0,0,204,0,0,1262877611,0,0,0,0,0,0,634,0,0
1263920611,0,0,0,0,0,0,245,0,0,1263997611,0,0,0,0,0,0,592,0,0
1265040611,0,0,0,0,0,0,231,0,0,1265117611,0,0,0,0,0,0,603,0,0
1266160611,0,0,0,0,0,0,7010,0,0,1266237611,0,0,0,0,0,0,-2056,0,0
1267280611,0,0,0,0,0,0,7014,0,0,1267357611,0,0,0,0,0,0,-2032,0,0
1268400611,0,0,0,0,0,0,7052,0,0,1268477611,0,0,0,0,0,0,-2007,0,0
1269520611,0,0,0,0,0,0,7005,0,0,1269597611,0,0,0,0,0,0,-2038,0,0
1270640611,0,0,0,0,0,0,7072,0,0,1270717611,0,0,0,0,0,0,-2010,0,0
1271760611,0,0,0,0,0,0,6969,0,0,1271837611,0,0,0,0,0,0,-1990,0,0
1272880611,0,0,0,0,0,0,6997,0,0,1272957611,0,0,0,0,0,0,-2001,0,0
1274000611,0,0,0,0,0,0,7003,0,0,1274077611,0,0,0,0,0,0,-2036,0,0
1275120611,0,0,0,0,0,0,190,0,0,1275197611,0,0,0,0,0,0,625,0,0
1276240611,0,0,0,0,0,0,250,0,0,1276317611,0,0,0,0,0,0,610,0,0
1277360611,0,0,0,0,0,0,223,0,0,1277437611,0,0,0,0,0,0,606,0,0
1278480611,0,0,0,0,0,0,250,0,0,1278557611,0,0,0,0,0,0,599,0,0
1279600611,0,0,0,0,0,0,228,0,0,1279677611,0,0,0,0,0,0,602,0,0
1280720611,0,0,0,0,0,0,242,0,0,1280797611,0,0,0,0,0,0,605,0,0
1281840611,0,0,0,0,0,0,189,0,0,1281917611,0,0,0,0,0,0,608,0,0
1282960611,0,0,0,0,0,0,278,0,0,1283037611,0,0,0,0,0,0,596,0,0
1284080611,0,0,0,0,0,0,7029,0,0,1284157611,0,0,0,0,0,0,-2062,0,0
1285200611,0,0,0,0,0,0,7034,0,0,1285277611,0,0,0,0,0,0,-2028,0,0
1286320611,0,0,0,0,0,0,7027,0,0,1286397611,0,0,0,0,0,0,-2026,0,0
1287440611,0,0,0,0,0,0,6998,0,0,1287517611,0,0,0,0,0,0,-2042,0,0
1288560611,0,0,0,0,0,0,7009,0,0,1288637611,0,0,0,0,0,0,-2030,0,0
1289680611,0,0,0,0,0,0,6989,0,0,1289757611,0,0,0,0,0,0,-2013,0,0
1290800611,0,0,0,0,0,0,7017,0,0,1290877611,0,0,0,0,0,0,-2069,0,0
1291920611,0,0,0,0,0,0,7015,0,0,1291997611,0,0,0,0,0,0,-2071,0,0
1293040611,0,0,0,0,0,0,246,0,0,1293117611,0,0,0,0,0,0,586,0,0
1294160611,0,0,0,0,0,0,214,0,0,1294237611,0,0,0,0,0,0,591,0,0
1295280611,0,0,0,0,0,0,221,0,0,1295357611,0,0,0,0,0,0,585,0,0
1296400611,0,0,0,0,0,0,248,0,0,1296477611,0,0,0,0,0,0,613,0,0
1297520611,0,0,0,0,0,0,252,0,0,1297597611,0,0,0,0,0,0,641,0,0
1298640611,0,0,0,0,0,0,222,0,0,1298717611,0,0,0,0,0,0,604,0,0
1299760611,0,0,0,0,0,0,235,0,0,1299837611,0,0,0,0,0,0,603,0,0
1300880611,0,0,0,0,0,0,211,0,0,1300957611,0,0,0,0,0,0,610,0,0
1302000611,0,0,0,0,0,0,7043,0,0,1302077611,0,0,0,0,0,0,-2027,0,0
1303120611,0,0,0,0,0,0,6970,0,0,1303197611,0,0,0,0,0,0,-2030,0,0
1304240611,0,0,0,0,0,0,7025,0,0,1304317611,0,0,0,0,0,0,-2063,0,0
1305360611,0,0,0,0,0,0,6969,0,0,1305437611,0,0,0,0,0,0,-2000,0,0
1306480611,0,0,0,0,0,0,7032,0,0,1306557611,0,0,0,0,0,0,-2045,0,0
1307600611,0,0,0,0,0,0,6980,0,0,1307677611,0,0,0,0,0,0,-2049,0,0
1308720611,0,0,0,0,0,0,7023,0,0,1308797611,0,0,0,0,0,0,-2049,0,0
1309840611,0,0,0,0,0,0,6943,0,0,1309917611,0,0,0,0,0,0,-2032,0,0
1310960611,0,0,0,0,0,0,223,0,0,1311037611,0,0,0,0,0,0,640,0,0
1312080611,0,0,0,0,0,0,244,0,0,1312157611,0,0,0,0,0,0,643,0,0
1313200611,0,0,0,0,0,0,261,0,0,1313277611,0,0,0,0,0,0,595,0,0
1314320611,0,0,0,0,0,0,231,0,0,1314397611,0,0,0,0,0,0,568,0,0
1315440611,0,0,0,0,0,0,204,0,0,1315517611,0,0,0,0,0,0,607,0,0
1316560611,0,0,0,0,0,0,225,0,0,1316637611,0,0,0,0,0,0,575,0,0
1317680611,0,0,0,0,0,0,246,0,0,1317757611,0,0,0,0,0,0,611,0,0
1318800611,0,0,0,0,0,0,212,0,0,1318877611,0,0,0,0,0,0,613,0,0
1319920611,0,0,0,0,0,0,7016,0,0,1319997611,0,0,0,0,0,0,-2026,0,0
1321040611,0,0,0,0,0,0,6993,0,0,1321117611,0,0,0,0,0,0,-2050,0,0
1322160611,0,0,0,0,0,0,6995,0,0,1322237611,0,0,0,0,0,0,-2050,0,0
1323280611,0,0,0,0,0,0,7017,0,0,1323357611,0,0,0,0,0,0,-2049,0,0
1324400611,0,0,0,0,0,0,7022,0,0,1324477611,0,0,0,0,0,0,-2112,0,0
1325520611,0,0,0,0,0,0,6989,0,0,1325597611,0,0,0,0,0,0,-2044,0,0
1326640611,0,0,0,0,0,0,6979,0,0,1326717611,0,0,0,0,0,0,-2055,0,0
1327760611,0,0,0,0,0,0,7027,0,0,1327837611,0,0,0,0,0,0,-2023,0,0
1328880611,0,0,0,0,0,0,225,0,0,1328957611,0,0,0,0,0,0,571,0,0
1330000611,0,0,0,0,0,0,245,0,0,1330077611,0,0,0,0,0,0,616,0,0
1331120611,0,0,0,0,0,0,220,0,0,1331197611,0,0,0,0,0,0,588,0,0
1332240611,0,0,0,0,0,0,282,0,0,1332317611,0,0,0,0,0,0,547,0,0
1333360611,0,0,0,0,0,0,239,0,0,1333437611,0,0,0,0,0,0,597,0,0
1334480611,0,0,0,0,0,0,260,0,0,1334557611,0,0,0,0,0,0,574,0,0
1335600611,0,0,0,0,0,0,211,0,0,1335677611,0,0,0,0,0,0,582,0,0
1336720611,0,0,0,0,0,0,263,0,0,1336797611,0,0,0,0,0,0,588,0,0
1337840611,0,0,0,0,0,0,6981,0,0,1337917611,0,0,0,0,0,0,-2035,0,0
1338960611,0,0,0,0,0,0,7014,0,0,1339037611,0,0,0,0,0,0,-2060,0,0
1340080611,0,0,0,0,0,0,6975,0,0,1340157611,0,0,0,0,0,0,-2052,0,0
1341200611,0,0,0,0,0,0,7004,0,0,1341277611,0,0,0,0,0,0,-2042,0,0
1342320611,0,0,0,0,0,0,7038,0,0,1342397611,0,0,0,0,0,0,-2089,0,0
1343440611,0,0,0,0,0,0,7050,0,0,1343517611,0,0,0,0,0,0,-2019,0,0
1344560611,0,0,0,0,0,0,7018,0,0,1344637611,0,0,0,0,0,0,-2057,0,0
1345680611,0,0,0,0,0,0,6981,0,0,1345757611,0,0,0,0,0,0,-2064,0,0
1346800611,0,0,0,0,0,0,219,0,0,1346877611,0,0,0,0,0,0,641,0,0
1347920611,0,0,0,0,0,0,211,0,0,1347997611,0,0,0,0,0,0,590,0,0
1349040611,0,0,0,0,0,0,251,0,0,1349117611,0,0,0,0,0,0,580,0,0
1350160611,0,0,0,0,0,0,226,0,0,1350237611,0,0,0,0,0,0,587,0,0
1351280611,0,0,0,0,0,0,273,0,0,1351357611,0,0,0,0,0,0,613,0,0
1352400611,0,0,0,0,0,0,277,0,0,1352477611,0,0,0,0,0,0,624,0,0
1353520611,0,0,0,0,0,0,240,0,0,1353597611,0,0,0,0,0,0,588,0,0
1354640611,0,0,0,0,0,0,264,0,0,1354717611,0,0,0,0,0,0,634,0,0
1355760611,0,0,0,0,0,0,7022,0,0,1355837611,0,0,0,0,0,0,-2040,0,0
1356880611,0,0,0,0,0,0,6985,0,0,1356957611,0,0,0,0,0,0,-2032,0,0
1358000611,0,0,0,0,0,0,7041,0,0,1358077611,0,0,0,0,0,0,-2026,0,0
1359120611,0,0,0,0,0,0,6993,0,0,1359197611,0,0,0,0,0,0,-2071,0,0
1360240611,0,0,0,0,0,0,7014,0,0,1360317611,0,0,0,0,0,0,-2035,0,0
1361360611,0,0,0,0,0,0,7001,0,0,1361437611,0,0,0,0,0,0,-2032,0,0
1362480611,0,0,0,0,0,0,7006,0,0,1362557611,0,0,0,0,0,0,-2037,0,0
1363600611,0,0,0,0,0,0,7020,0,0,1363677611,0,0,0,0,0,0,-2052,0,0
1364720611,0,0,0,0,0,0,250,0,0,1364797611,0,0,0,0,0,0,606,0,0
1365840611,0,0,0,0,0,0,207,0,0,1365917611,0,0,0,0,0,0,619,0,0
1366960611,0,0,0,0,0,0,230,0,0,1367037611,0,0,0,0,0,0,610,0,0
1368080611,0,0,0,0,0,0,237,0,0,1368157611,0,0,0,0,0,0,610,0,0
1369200611,0,0,0,0,0,0,257,0,0,1369277611,0,0,0,0,0,0,595,0,0
1370320611,0,0,0,0,0,0,223,0,0,1370397611,0,0,0,0,0,0,579,0,0
1371440611,0,0,0,0,0,0,242,0,0,1371517611,0,0,0,0,0,0,602,0,0
1372560611,0,0,0,0,0,0,231,0,0,1372637611,0,0,0,0,0,0,605,0,0
1373680611,0,0,0,0,0,0,6988,0,0,1373757611,0,0,0,0,0,0,-2055,0,0
1374800611,0,0,0,0,0,0,7070,0,0,1374877611,0,0,0,0,0,0,-2107,0,0
1375920611,0,0,0,0,0,0,6985,0,0,1375997611,0,0,0,0,0,0,-2061,0,0
1377040611,0,0,0,0,0,0,7019,0,0,1377117611,0,0,0,0,0,0,-2025,0,0
1378160611,0,0,0,0,0,0,7002,0,0,1378237611,0,0,0,0,0,0,-2066,0,0
1379280611,0,0,0,0,0,0,6963,0,0,1379357611,0,0,0,0,0,0,-2020,0,0
1380400611,0,0,0,0,0,0,7012,0,0,1380477611,0,0,0,0,0,0,-2005,0,0
1381520611,0,0,0,0,0,0,6978,0,0,1381597611,0,0,0,0,0,0,-2036,0,0
1382640611,0,0,0,0,0,0,211,0,0,1382717611,0,0,0,0,0,0,652,0,0
1383760611,0,0,0,0,0,0,247,0,0,1383837611,0,0,0,0,0,0,601,0,0
1384880611,0,0,0,0,0,0,226,0,0,1384957611,0,0,0,0,0,0,585,0,0
1386000611,0,0,0,0,0,0,211,0,0,1386077611,0,0,0,0,0,0,559,0,0
1387120611,0,0,0,0,0,0,244,0,0,1387197611,0,0,0,0,0,0,575,0,0
1388240611,0,0,0,0,0,0,243,0,0,1388317611,0,0,0,0,0,0,616,0,0
1389360611,0,0,0,0,0,0,241,0,0,1389437611,0,0,0,0,0,0,610,0,0
1390480611,0,0,0,0,0,0,255,0,0,1390557611,0,0,0,0,0,0,581,0,0
1391600611,0,0,0,0,0,0,7039,0,0,1391677611,0,0,0,0,0,0,-2066,0,0
1392720611,0,0,0,0,0,0,7043,0,0,1392797611,0,0,0,0,0,0,-2032,0,0
1393840611,0,0,0,0,0,0,6965,0,0,1393917611,0,0,0,0,0,0,-2073,0,0
1394960611,0,0,0,0,0,0,7004,0,0,1395037611,0,0,0,0,0,0,-2028,0,0
1396080611,0,0,0,0,0,0,6996,0,0,1396157611,0,0,0,0,0,0,-2075,0,0
1397200611,0,0,0,0,0,0,6978,0,0,1397277611,0,0,0,0,0,0,-2039,0,0
1398320611,0,0,0,0,0,0,7001,0,0,1398397611,0,0,0,0,0,0,-1996,0,0
1399440611,0,0,0,0,0,0,6996,0,0,1399517611,0,0,0,0,0,0,-2048,0,0
1400560611,0,0,0,0,0,0,219,0,0,1400637611,0,0,0,0,0,0,560,0,0
1401680611,0,0,0,0,0,0,189,0,0,1401757611,0,0,0,0,0,0,618,0,0
1402800611,0,0,0,0,0,0,227,0,0,1402877611,0,0,0,0,0,0,609,0,0
1403920611,0,0,0,0,0,0,251,0,0,1403997611,0,0,0,0,0,0,626,0,0
1405040611,0,0,0,0,0,0,202,0,0,1405117611,0,0,0,0,0,0,602,0,0
1406160611,0,0,0,0,0,0,224,0,0,1406237611,0,0,0,0,0,0,600,0,0
1407280611,0,0,0,0,0,0,234,0,0,1407357611,0,0,0,0,0,0,582,0,0
1408400611,0,0,0,0,0,0,277,0,0,1408477611,0,0,0,0,0,0,578,0,0
1409520611,0,0,0,0,0,0,6977,0,0,1409597611,0,0,0,0,0,0,-2049,0,0
1410640611,0,0,0,0,0,0,7001,0,0,1410717611,0,0,0,0,0,0,-2029,0,0
1411760611,0,0,0,0,0,0,6989,0,0,1411837611,0,0,0,0,0,0,-2071,0,0
1412880611,0,0,0,0,0,0,7005,0,0,1412957611,0,0,0,0,0,0,-2110,0,0
1414000611,0,0,0,0,0,0,6972,0,0,1414077611,0,0,0,0,0,0,-2022,0,0
1415120611,0,0,0,0,0,0,7005,0,0,1415197611,0,0,0,0,0,0,-2048,0,0
1416240611,0,0,0,0,0,0,6988,0,0,1416317611,0,0,0,0,0,0,-2029,0,0
1417360611,0,0,0,0,0,0,7007,0,0,1417437611,0,0,0,0,0,0,-2001,0,0
1418480611,0,0,0,0,0,0,205,0,0,1418557611,0,0,0,0,0,0,663,0,0
1419600611,0,0,0,0,0,0,267,0,0,1419677611,0,0,0,0,0,0,564,0,0
1420720611,0,0,0,0,0,0,216,0,0,1420797611,0,0,0,0,0,0,633,0,0
1421840611,0,0,0,0,0,0,218,0,0,1421917611,0,0,0,0,0,0,618,0,0
1422960611,0,0,0,0,0,0,263,0,0,1423037611,0,0,0,0,0,0,586,0,0
1424080611,0,0,0,0,0,0,242,0,0,1424157611,0,0,0,0,0,0,602,0,0
1425200611,0,0,0,0,0,0,208,0,0,1425277611,0,0,0,0,0,0,604,0,0
1426320611,0,0,0,0,0,0,196,0,0,1426397611,0,0,0,0,0,0,632,0,0
1427440611,0,0,0,0,0,0,7022,0,0,1427517611,0,0,0,0,0,0,-2048,0,0
1428560611,0,0,0,0,0,0,6957,0,0,1428637611,0,0,0,0,0,0,-2065,0,0
1429680611,0,0,0,0,0,0,6997,0,0,1429757611,0,0,0,0,0,0,-2065,0,0
1430800611,0,0,0,0,0,0,7019,0,0,1430877611,0,0,0,0,0,0,-2062,0,0
1431920611,0,0,0,0,0,0,6982,0,0,1431997611,0,0,0,0,0,0,-2036,0,0
1433040611,0,0,0,0,0,0,6982,0,0,1433117611,0,0,0,0,0,0,-2029,0,0
1434160611,0,0,0,0,0,0,7016,0,0,1434237611,0,0,0,0,0,0,-2032,0,0
1435280611,0,0,0,0,0,0,6972,0,0,1435357611,0,0,0,0,0,0,-2030,0,0
1436400611,0,0,0,0,0,0,227,0,0,1436477611,0,0,0,0,0,0,589,0,0
1437520611,0,0,0,0,0,0,219,0,0,1437597611,0,0,0,0,0,0,605,0,0
1438640611,0,0,0,0,0,0,239,0,0,1438717611,0,0,0,0,0,0,616,0,0
1439760611,0,0,0,0,0,0,293,0,0,1439837611,0,0,0,0,0,0,583,0,0
1440880611,0,0,0,0,0,0,259,0,0,1440957611,0,0,0,0,0,0,579,0,0
1442000611,0,0,0,0,0,0,273,0,0,1442077611,0,0,0,0,0,0,622,0,0
1443120611,0,0,0,0,0,0,243,0,0,1443197611,0,0,0,0,0,0,622,0,0
1444240611,0,0,0,0,0,0,248,0,0,1444317611,0,0,0,0,0,0,609,0,0
1445360611,0,0,0,0,0,0,7002,0,0,1445437611,0,0,0,0,0,0,-2039,0,0
1446480611,0,0,0,0,0,0,6936,0,0,1446557611,0,0,0,0,0,0,-2042,0,0
1447600611,0,0,0,0,0,0,7011,0,0,1447677611,0,0,0,0,0,0,-2029,0,0
1448720611,0,0,0,0,0,0,7012,0,0,1448797611,0,0,0,0,0,0,-2058,0,0
1449840611,0,0,0,0,0,0,7014,0,0,1449917611,0,0,0,0,0,0,-2061,0,0
1450960611,0,0,0,0,0,0,7019,0,0,1451037611,0,0,0,0,0,0,-2040,0,0
1452080611,0,0,0,0,0,0,7036,0,0,1452157611,0,0,0,0,0,0,-2025,0,0
1453200611,0,0,0,0,0,0,7012,0,0,1453277611,0,0,0,0,0,0,-1986,0,0
1454320611,0,0,0,0,0,0,263,0,0,1454397611,0,0,0,0,0,0,588,0,0
1455440611,0,0,0,0,0,0,200,0,0,1455517611,0,0,0,0,0,0,626,0,0
1456560611,0,0,0,0,0,0,248,0,0,1456637611,0,0,0,0,0,0,618,0,0
1457680611,0,0,0,0,0,0,218,0,0,1457757611,0,0,0,0,0,0,570,0,0
1458800611,0,0,0,0,0,0,270,0,0,1458877611,0,0,0,0,0,0,641,0,0
1459920611,0,0,0,0,0,0,259,0,0,1459997611,0,0,0,0,0,0,565,0,0
1461040611,0,0,0,0,0,0,227,0,0,1461117611,0,0,0,0,0,0,651,0,0
1462160611,0,0,0,0,0,0,226,0,0,1462237611,0,0,0,0,0,0,566,0,0
1463280611,0,0,0,0,0,0,6952,0,0,1463357611,0,0,0,0,0,0,-2068,0,0
1464400611,0,0,0,0,0,0,7008,0,0,1464477611,0,0,0,0,0,0,-2063,0,0
1465520611,0,0,0,0,0,0,6969,0,0,1465597611,0,0,0,0,0,0,-2058,0,0
1466640611,0,0,0,0,0,0,7027,0,0,1466717611,0,0,0,0,0,0,-2069,0,0
1467760611,0,0,0,0,0,0,7009,0,0,1467837611,0,0,0,0,0,0,-2012,0,0
1468880611,0,0,0,0,0,0,7022,0,0,1468957611,0,0,0,0,0,0,-2032,0,0
1470000611,0,0,0,0,0,0,7025,0,0,1470077611,0,0,0,0,0,0,-2048,0,0
1471120611,0,0,0,0,0,0,7018,0,0,1471197611,0,0,0,0,0,0,-2060,0,0
1472240611,0,0,0,0,0,0,222,0,0,1472317611,0,0,0,0,0,0,610,0,0
1473360611,0,0,0,0,0,0,241,0,0,1473437611,0,0,0,0,0,0,626,0,0
1474480611,0,0,0,0,0,0,234,0,0,1474557611,0,0,0,0,0,0,611,0,0
1475600611,0,0,0,0,0,0,241,0,0,1475677611,0,0,0,0,0,0,633,0,0
1476720611,0,0,0,0,0,0,209,0,0,1476797611,0,0,0,0,0,0,601,0,0
1477840611,0,0,0,0,0,0,232,0,0,1477917611,0,0,0,0,0,0,633,0,0
1478960611,0,0,0,0,0,0,283,0,0,1479037611,0,0,0,0,0,0,671,0,0
1480080611,0,0,0,0,0,0,282,0,0,1480157611,0,0,0,0,0,0,611,0,0
1481200611,0,0,0,0,0,0,7001,0,0,1481277611,0,0,0,0,0,0,-2010,0,0
1482320611,0,0,0,0,0,0,7008,0,0,1482397611,0,0,0,0,0,0,-2058,0,0
1483440611,0,0,0,0,0,0,7023,0,0,1483517611,0,0,0,0,0,0,-1995,0,0
1484560611,0,0,0,0,0,0,7011,0,0,1484637611,0,0,0,0,0,0,-2034,0,0
1485680611,0,0,0,0,0,0,6973,0,0,1485757611,0,0,0,0,0,0,-2046,0,0
1486800611,0,0,0,0,0,0,7046,0,0,1486877611,0,0,0,0,0,0,-2001,0,0
1487920611,0,0,0,0,0,0,6998,0,0,1487997611,0,0,0,0,0,0,-2057,0,0
1489040611,0,0,0,0,0,0,7004,0,0,1489117611,0,0,0,0,0,0,-2016,0,0
1490160611,0,0,0,0,0,0,232,0,0,1490237611,0,0,0,0,0,0,612,0,0
1491280611,0,0,0,0,0,0,240,0,0,1491357611,0,0,0,0,0,0,572,0,0
1492400611,0,0,0,0,0,0,209,0,0,1492477611,0,0,0,0,0,0,571,0,0
1493520611,0,0,0,0,0,0,257,0,0,1493597611,0,0,0,0,0,0,634,0,0
1494640611,0,0,0,0,0,0,243,0,0,1494717611,0,0,0,0,0,0,583,0,0
1495760611,0,0,0,0,0,0,306,0,0,1495837611,0,0,0,0,0,0,597,0,0
1496880611,0,0,0,0,0,0,228,0,0,1496957611,0,0,0,0,0,0,574,0,0
1498000611,0,0,0,0,0,0,274,0,0,1498077611,0,0,0,0,0,0,602,0,0
1499120611,0,0,0,0,0,0,6936,0,0,1499197611,0,0,0,0,0,0,-2046,0,0
1500240611,0,0,0,0,0,0,7058,0,0,1500317611,0,0,0,0,0,0,-2077,0,0
1501360611,0,0,0,0,0,0,7006,0,0,1501437611,0,0,0,0,0,0,-1996,0,0
1502480611,0,0,0,0,0,0,7004,0,0,1502557611,0,0,0,0,0,0,-2021,0,0
1503600611,0,0,0,0,0,0,7011,0,0,1503677611,0,0,0,0,0,0,-2062,0,0
1504720611,0,0,0,0,0,0,6959,0,0,1504797611,0,0,0,0,0,0,-1983,0,0
1505840611,0,0,0,0,0,0,7005,0,0,1505917611,0,0,0,0,0,0,-2029,0,0
1506960611,0,0,0,0,0,0,7025,0,0,1507037611,0,0,0,0,0,0,-2049,0,0
1508080611,0,0,0,0,0,0,249,0,0,1508157611,0,0,0,0,0,0,643,0,0
1509200611,0,0,0,0,0,0,281,0,0,1509277611,0,0,0,0,0,0,619,0,0
1510320611,0,0,0,0,0,0,208,0,0,1510397611,0,0,0,0,0,0,591,0,0
1511440611,0,0,0,0,0,0,198,0,0,1511517611,0,0,0,0,0,0,623,0,0
1512560611,0,0,0,0,0,0,205,0,0,1512637611,0,0,0,0,0,0,615,0,0
1513680611,0,0,0,0,0,0,211,0,0,1513757611,0,0,0,0,0,0,631,0,0
1514800611,0,0,0,0,0,0,191,0,0,1514877611,0,0,0,0,0,0,660,0,0
1515920611,0,0,0,0,0,0,246,0,0,1515997611,0,0,0,0,0,0,611,0,0
1517040611,0,0,0,0,0,0,6956,0,0,1517117611,0,0,0,0,0,0,-2010,0,0
1518160611,0,0,0,0,0,0,7015,0,0,1518237611,0,0,0,0,0,0,-2003,0,0
1519280611,0,0,0,0,0,0,6969,0,0,1519357611,0,0,0,0,0,0,-2032,0,0
1520400611,0,0,0,0,0,0,6971,0,0,1520477611,0,0,0,0,0,0,-2044,0,0
1521520611,0,0,0,0,0,0,7029,0,0,1521597611,0,0,0,0,0,0,-2036,0,0
1522640611,0,0,0,0,0,0,6975,0,0,1522717611,0,0,0,0,0,0,-2059,0,0
1523760611,0,0,0,0,0,0,6987,0,0,1523837611,0,0,0,0,0,0,-2072,0,0
1524880611,0,0,0,0,0,0,7024,0,0,1524957611,0,0,0,0,0,0,-2061,0,0
1526000611,0,0,0,0,0,0,243,0,0,1526077611,0,0,0,0,0,0,600,0,0
1527120611,0,0,0,0,0,0,281,0,0,1527197611,0,0,0,0,0,0,578,0,0
1528240611,0,0,0,0,0,0,245,0,0,1528317611,0,0,0,0,0,0,574,0,0
1529360611,0,0,0,0,0,0,248,0,0,1529437611,0,0,0,0,0,0,614,0,0
1530480611,0,0,0,0,0,0,247,0,0,1530557611,0,0,0,0,0,0,577,0,0
1531600611,0,0,0,0,0,0,251,0,0,1531677611,0,0,0,0,0,0,595,0,0
1532720611,0,0,0,0,0,0,260,0,0,1532797611,0,0,0,0,0,0,606,0,0
1533840611,0,0,0,0,0,0,221,0,0,1533917611,0,0,0,0,0,0,647,0,0
1534960611,0,0,0,0,0,0,6878,0,0,1535037611,0,0,0,0,0,0,-2006,0,0
1536080611,0,0,0,0,0,0,7020,0,0,1536157611,0,0,0,0,0,0,-2021,0,0
1537200611,0,0,0,0,0,0,6983,0,0,1537277611,0,0,0,0,0,0,-2073,0,0
1538320611,0,0,0,0,0,0,7022,0,0,1538397611,0,0,0,0,0,0,-2064,0,0
1539440611,0,0,0,0,0,0,7005,0,0,1539517611,0,0,0,0,0,0,-2048,0,0
1540560611,0,0,0,0,0,0,6996,0,0,1540637611,0,0,0,0,0,0,-2006,0,0
1541680611,0,0,0,0,0,0,6983,0,0,1541757611,0,0,0,0,0,0,-2023,0,0
1542800611,0,0,0,0,0,0,7002,0,0,1542877611,0,0,0,0,0,0,-2006,0,0
1543920611,0,0,0,0,0,0,247,0,0,1543997611,0,0,0,0,0,0,599,0,0
1545040611,0,0,0,0,0,0,216,0,0,1545117611,0,0,0,0,0,0,634,0,0
1546160611,0,0,0,0,0,0,275,0,0,1546237611,0,0,0,0,0,0,575,0,0
1547280611,0,0,0,0,0,0,236,0,0,1547357611,0,0,0,0,0,0,584,0,0
1548400611,0,0,0,0,0,0,256,0,0,1548477611,0,0,0,0,0,0,553,0,0
1549520611,0,0,0,0,0,0,217,0,0,1549597611,0,0,0,0,0,0,604,0,0
1550640611,0,0,0,0,0,0,248,0,0,1550717611,0,0,0,0,0,0,599,0,0
1551760611,0,0,0,0,0,0,227,0,0,1551837611,0,0,0,0,0,0,563,0,0
1552880611,0,0,0,0,0,0,6806,0,0,1552957611,0,0,0,0,0,0,-1997,0,0
1554000611,0,0,0,0,0,0,7002,0,0,1554077611,0,0,0,0,0,0,-2018,0,0
1555120611,0,0,0,0,0,0,7004,0,0,1555197611,0,0,0,0,0,0,-2017,0,0
1556240611,0,0,0,0,0,0,6977,0,0,1556317611,0,0,0,0,0,0,-2055,0,0
1557360611,0,0,0,0,0,0,7006,0,0,1557437611,0,0,0,0,0,0,-2040,0,0
1558480611,0,0,0,0,0,0,6959,0,0,1558557611,0,0,0,0,0,0,-2050,0,0
1559600611,0,0,0,0,0,0,7003,0,0,1559677611,0,0,0,0,0,0,-2014,0,0
1560720611,0,0,0,0,0,0,7007,0,0,1560797611,0,0,0,0,0,0,-2019,0,0
1561840611,0,0,0,0,0,0,322,0,0,1561917611,0,0,0,0,0,0,593,0,0
1562960611,0,0,0,0,0,0,220,0,0,1563037611,0,0,0,0,0,0,578,0,0
1564080611,0,0,0,0,0,0,259,0,0,1564157611,0,0,0,0,0,0,592,0,0
1565200611,0,0,0,0,0,0,234,0,0,1565277611,0,0,0,0,0,0,593,0,0
1566320611,0,0,0,0,0,0,244,0,0,1566397611,0,0,0,0,0,0,618,0,0
1567440611,0,0,0,0,0,0,246,0,0,1567517611,0,0,0,0,0,0,625,0,0
1568560611,0,0,0,0,0,0,221,0,0,1568637611,0,0,0,0,0,0,618,0,0
1569680611,0,0,0,0,0,0,210,0,0,1569757611,0,0,0,0,0,0,601,0,0
1570800611,0,0,0,0,0,0,6586,0,0,1570877611,0,0,0,0,0,0,-2053,0,0
1571920611,0,0,0,0,0,0,7013,0,0,1571997611,0,0,0,0,0,0,-2017,0,0
1573040611,0,0,0,0,0,0,6999,0,0,1573117611,0,0,0,0,0,0,-2045,0,0
1574160611,0,0,0,0,0,0,6971,0,0,1574237611,0,0,0,0,0,0,-2021,0,0
1575280611,0,0,0,0,0,0,6973,0,0,1575357611,0,0,0,0,0,0,-2024,0,0
1576400611,0,0,0,0,0,0,6997,0,0,1576477611,0,0,0,0,0,0,-2051,0,0
1577520611,0,0,0,0,0,0,6982,0,0,1577597611,0,0,0,0,0,0,-2039,0,0
1578640611,0,0,0,0,0,0,7010,0,0,1578717611,0,0,0,0,0,0,-2061,0,0
1579760611,0,0,0,0,0,0,291,0,0,1579837611,0,0,0,0,0,0,573,0,0
1580880611,0,0,0,0,0,0,231,0,0,1580957611,0,0,0,0,0,0,601,0,0
1582000611,0,0,0,0,0,0,245,0,0,1582077611,0,0,0,0,0,0,614,0,0
1583120611,0,0,0,0,0,0,240,0,0,1583197611,0,0,0,0,0,0,585,0,0
1584240611,0,0,0,0,0,0,225,0,0,1584317611,0,0,0,0,0,0,599,0,0
1585360611,0,0,0,0,0,0,212,0,0,1585437611,0,0,0,0,0,0,578,0,0
1586480611,0,0,0,0,0,0,220,0,0,1586557611,0,0,0,0,0,0,575,0,0
1587600611,0,0,0,0,0,0,262,0,0,1587677611,0,0,0,0,0,0,630,0,0
1588720611,0,0,0,0,0,0,6170,0,0,1588797611,0,0,0,0,0,0,-2005,0,0
1589840611,0,0,0,0,0,0,6990,0,0,1589917611,0,0,0,0,0,0,-2030,0,0
1590960611,0,0,0,0,0,0,7002,0,0,1591037611,0,0,0,0,0,0,-2084,0,0
1592080611,0,0,0,0,0,0,6928,0,0,1592157611,0,0,0,0,0,0,-2027,0,0
1593200611,0,0,0,0,0,0,6976,0,0,1593277611,0,0,0,0,0,0,-2000,0,0
1594320611,0,0,0,0,0,0,6982,0,0,1594397611,0,0,0,0,0,0,-2055,0,0
1595440611,0,0,0,0,0,0,6994,0,0,1595517611,0,0,0,0,0,0,-2011,0,0
1596560611,0,0,0,0,0,0,7016,0,0,1596637611,0,0,0,0,0,0,-2082,0,0
1597680611,0,0,0,0,0,0,467,0,0,1597757611,0,0,0,0,0,0,609,0,0
1598800611,0,0,0,0,0,0,226,0,0,1598877611,0,0,0,0,0,0,637,0,0
1599920611,0,0,0,0,0,0,260,0,0,1599997611,0,0,0,0,0,0,638,0,0
1601040611,0,0,0,0,0,0,241,0,0,1601117611,0,0,0,0,0,0,612,0,0
1602160611,0,0,0,0,0,0,243,0,0,1602237611,0,0,0,0,0,0,632,0,0
1603280611,0,0,0,0,0,0,230,0,0,1603357611,0,0,0,0,0,0,587,0,0
1604400611,0,0,0,0,0,0,209,0,0,1604477611,0,0,0,0,0,0,577,0,0
1605520611,0,0,0,0,0,0,252,0,0,1605597611,0,0,0,0,0,0,595,0,0
1606640611,0,0,0,0,0,0,5322,0,0,1606717611,0,0,0,0,0,0,-1928,0,0
1607760611,0,0,0,0,0,0,7031,0,0,1607837611,0,0,0,0,0,0,-2061,0,0
1608880611,0,0,0,0,0,0,7039,0,0,1608957611,0,0,0,0,0,0,-2028,0,0
1610000611,0,0,0,0,0,0,6976,0,0,1610077611,0,0,0,0,0,0,-2052,0,0
1611120611,0,0,0,0,0,0,6987,0,0,1611197611,0,0,0,0,0,0,-2022,0,0
1612240611,0,0,0,0,0,0,7033,0,0,1612317611,0,0,0,0,0,0,-2023,0,0
1613360611,0,0,0,0,0,0,6986,0,0,1613437611,0,0,0,0,0,0,-2017,0,0
1614480611,0,0,0,0,0,0,7011,0,0,1614557611,0,0,0,0,0,0,-2071,0,0
1615600611,0,0,0,0,0,0,1763,0,0,1615677611,0,0,0,0,0,0,565,0,0
1616720611,0,0,0,0,0,0,206,0,0,1616797611,0,0,0,0,0,0,588,0,0
1617840611,0,0,0,0,0,0,224,0,0,1617917611,0,0,0,0,0,0,613,0,0
1618960611,0,0,0,0,0,0,237,0,0,1619037611,0,0,0,0,0,0,635,0,0
1620080611,0,0,0,0,0,0,261,0,0,1620157611,0,0,0,0,0,0,654,0,0
1621200611,0,0,0,0,0,0,262,0,0,1621277611,0,0,0,0,0,0,636,0,0
1622320611,0,0,0,0,0,0,212,0,0,1622397611,0,0,0,0,0,0,621,0,0
1623440611,0,0,0,0,0,0,234,0,0,1623517611,0,0,0,0,0,0,625,0,0
1624560611,0,0,0,0,0,0,3412,0,0,1624637611,0,0,0,0,0,0,-1826,0,0
1625680611,0,0,0,0,0,0,7017,0,0,1625757611,0,0,0,0,0,0,-1985,0,0
1626800611,0,0,0,0,0,0,7034,0,0,1626877611,0,0,0,0,0,0,-2027,0,0
1627920611,0,0,0,0,0,0,6983,0,0,1627997611,0,0,0,0,0,0,-2064,0,0
1629040611,0,0,0,0,0,0,6997,0,0,1629117611,0,0,0,0,0,0,-2046,0,0
1630160611,0,0,0,0,0,0,6996,0,0,1630237611,0,0,0,0,0,0,-2029,0,0
1631280611,0,0,0,0,0,0,7018,0,0,1631357611,0,0,0,0,0,0,-2023,0,0
1632400611,0,0,0,0,0,0,6980,0,0,1632477611,0,0,0,0,0,0,-2016,0,0
1633520611,0,0,0,0,0,0,5287,0,0,1633597611,0,0,0,0,0,0,584,0,0
1634640611,0,0,0,0,0,0,173,0,0,1634717611,0,0,0,0,0,0,578,0,0
1635760611,0,0,0,0,0,0,274,0,0,1635837611,0,0,0,0,0,0,613,0,0
1636880611,0,0,0,0,0,0,211,0,0,1636957611,0,0,0,0,0,0,589,0,0
1638000611,0,0,0,0,0,0,238,0,0,1638077611,0,0,0,0,0,0,588,0,0
1639120611,0,0,0,0,0,0,201,0,0,1639197611,0,0,0,0,0,0,603,0,0
1640240611,0,0,0,0,0,0,242,0,0,1640317611,0,0,0,0,0,0,612,0,0
1641360611,0,0,0,0,0,0,217,0,0,1641437611,0,0,0,0,0,0,622,0,0
1642480611,0,0,0,0,0,0,258,0,0,1642557611,0,0,0,0,0,0,-1593,0,0
1643600611,0,0,0,0,0,0,6952,0,0,1643677611,0,0,0,0,0,0,-2041,0,0
1644720611,0,0,0,0,0,0,7029,0,0,1644797611,0,0,0,0,0,0,-2035,0,0
1645840611,0,0,0,0,0,0,7042,0,0,1645917611,0,0,0,0,0,0,-2035,0,0
1646960611,0,0,0,0,0,0,6977,0,0,1647037611,0,0,0,0,0,0,-2028,0,0
1648080611,0,0,0,0,0,0,6956,0,0,1648157611,0,0,0,0,0,0,-2032,0,0
1649200611,0,0,0,0,0,0,7038,0,0,1649277611,0,0,0,0,0,0,-2036,0,0
1650320611,0,0,0,0,0,0,7039,0,0,1650397611,0,0,0,0,0,0,-2028,0,0
1651440611,0,0,0,0,0,0,6975,0,0,1651517611,0,0,0,0,0,0,373,0,0
1652560611,0,0,0,0,0,0,205,0,0,1652637611,0,0,0,0,0,0,550,0,0
1653680611,0,0,0,0,0,0,250,0,0,1653757611,0,0,0,0,0,0,610,0,0
1654800611,0,0,0,0,0,0,268,0,0,1654877611,0,0,0,0,0,0,615,0,0
1655920611,0,0,0,0,0,0,246,0,0,1655997611,0,0,0,0,0,0,577,0,0
1657040611,0,0,0,0,0,0,227,0,0,1657117611,0,0,0,0,0,0,586,0,0
1658160611,0,0,0,0,0,0,248,0,0,1658237611,0,0,0,0,0,0,621,0,0
1659280611,0,0,0,0,0,0,219,0,0,1659357611,0,0,0,0,0,0,592,0,0
1660400611,0,0,0,0,0,0,246,0,0,1660477611,0,0,0,0,0,0,-1183,0,0
1661520611,0,0,0,0,0,0,7029,0,0,1661597611,0,0,0,0,0,0,-2081,0,0
1662640611,0,0,0,0,0,0,7004,0,0,1662717611,0,0,0,0,0,0,-2051,0,0
1663760611,0,0,0,0,0,0,6980,0,0,1663837611,0,0,0,0,0,0,-2027,0,0
1664880611,0,0,0,0,0,0,7038,0,0,1664957611,0,0,0,0,0,0,-1996,0,0
1666000611,0,0,0,0,0,0,7010,0,0,1666077611,0,0,0,0,0,0,-2026,0,0
1667120611,0,0,0,0,0,0,6982,0,0,1667197611,0,0,0,0,0,0,-2040,0,0
1668240611,0,0,0,0,0,0,6988,0,0,1668317611,0,0,0,0,0,0,-2085,0,0
1669360611,0,0,0,0,0,0,7018,0,0,1669437611,0,0,0,0,0,0,-373,0,0
1670480611,0,0,0,0,0,0,245,0,0,1670557611,0,0,0,0,0,0,636,0,0
1671600611,0,0,0,0,0,0,274,0,0,1671677611,0,0,0,0,0,0,614,0,0
1672720611,0,0,0,0,0,0,238,0,0,1672797611,0,0,0,0,0,0,611,0,0
1673840611,0,0,0,0,0,0,227,0,0,1673917611,0,0,0,0,0,0,603,0,0
1674960611,0,0,0,0,0,0,267,0,0,1675037611,0,0,0,0,0,0,540,0,0
1676080611,0,0,0,0,0,0,198,0,0,1676157611,0,0,0,0,0,0,585,0,0
1677200611,0,0,0,0,0,0,241,0,0,1677277611,0,0,0,0,0,0,610,0,0
1678320611,0,0,0,0,0,0,217,0,0,1678397611,0,0,0,0,0,0,595,0,0
1679440611,0,0,0,0,0,0,239,0,0,1679517611,0,0,0,0,0,0,625,0,0
1680560611,0,0,0,0,0,0,219,0,0,1680637611,0,0,0,0,0,0,594,0,0
1681680611,0,0,0,0,0,0,235,0,0,1681757611,0,0,0,0,0,0,632,0,0
1682800611,0,0,0,0,0,0,201,0,0,1682877611,0,0,0,0,0,0,628,0,0
1683920611,0,0,0,0,0,0,251,0,0,1683997611,0,0,0,0,0,0,619,0,0
1685040611,0,0,0,0,0,0,219,0,0,1685117611,0,0,0,0,0,0,605,0,0
1686160611,0,0,0,0,0,0,224,0,0,1686237611,0,0,0,0,0,0,622,0,0
1687280611,0,0,0,0,0,0,264,0,0,1687357611,0,0,0,0,0,0,637,0,0
1688400611,0,0,0,0,0,0,280,0,0,1688477611,0,0,0,0,0,0,599,0,0
1689520611,0,0,0,0,0,0,253,0,0,1689597611,0,0,0,0,0,0,624,0,0
1690640611,0,0,0,0,0,0,270,0,0,1690717611,0,0,0,0,0,0,622,0,0
1691760611,0,0,0,0,0,0,250,0,0,1691837611,0,0,0,0,0,0,591,0,0
1692880611,0,0,0,0,0,0,237,0,0,1692957611,0,0,0,0,0,0,630,0,0
1694000611,0,0,0,0,0,0,262,0,0,1694077611,0,0,0,0,0,0,596,0,0
1695120611,0,0,0,0,0,0,239,0,0,1695197611,0,0,0,0,0,0,581,0,0
1696240611,0,0,0,0,0,0,237,0,0,1696317611,0,0,0,0,0,0,674,0,0
1697360611,0,0,0,0,0,0,245,0,0,1697437611,0,0,0,0,0,0,634,0,0
1698480611,0,0,0,0,0,0,239,0,0,1698557611,0,0,0,0,0,0,597,0,0
1699600611,0,0,0,0,0,0,238,0,0,1699677611,0,0,0,0,0,0,652,0,0
1700720611,0,0,0,0,0,0,264,0,0,1700797611,0,0,0,0,0,0,630,0,0
1701840611,0,0,0,0,0,0,237,0,0,1701917611,0,0,0,0,0,0,580,0,0
1702960611,0,0,0,0,0,0,278,0,0,1703037611,0,0,0,0,0,0,638,0,0
1704080611,0,0,0,0,0,0,238,0,0,1704157611,0,0,0,0,0,0,594,0,0
1705200611,0,0,0,0,0,0,263,0,0,1705277611,0,0,0,0,0,0,570,0,0
1706320611,0,0,0,0,0,0,253,0,0,1706397611,0,0,0,0,0,0,610,0,0
1707440611,0,0,0,0,0,0,256,0,0,1707517611,0,0,0,0,0,0,570,0,0
1708560611,0,0,0,0,0,0,218,0,0,1708637611,0,0,0,0,0,0,609,0,0
1709680611,0,0,0,0,0,0,257,0,0,1709757611,0,0,0,0,0,0,612,0,0
1710800611,0,0,0,0,0,0,242,0,0,1710877611,0,0,0,0,0,0,659,0,0
1711920611,0,0,0,0,0,0,217,0,0,1711997611,0,0,0,0,0,0,585,0,0
1713040611,0,0,0,0,0,0,235,0,0,1713117611,0,0,0,0,0,0,611,0,0
1714160611,0,0,0,0,0,0,272,0,0,1714237611,0,0,0,0,0,0,609,0,0
1715280611,0,0,0,0,0,0,217,0,0,1715357611,0,0,0,0,0,0,603,0,0
1716400611,0,0,0,0,0,0,221,0,0,1716477611,0,0,0,0,0,0,595,0,0
1717520611,0,0,0,0,0,0,203,0,0,1717597611,0,0,0,0,0,0,619,0,0
1718640611,0,0,0,0,0,0,249,0,0,1718717611,0,0,0,0,0,0,592,0,0
1719760611,0,0,0,0,0,0,207,0,0,1719837611,0,0,0,0,0,0,630,0,0
1720880611,0,0,0,0,0,0,255,0,0,1720957611,0,0,0,0,0,0,592,0,0
1722000611,0,0,0,0,0,0,228,0,0,1722077611,0,0,0,0,0,0,581,0,0
1723120611,0,0,0,0,0,0,272,0,0,1723197611,0,0,0,0,0,0,591,0,0
1724240611,0,0,0,0,0,0,223,0,0,1724317611,0,0,0,0,0,0,548,0,0
1725360611,0,0,0,0,0,0,201,0,0,1725437611,0,0,0,0,0,0,591,0,0
1726480611,0,0,0,0,0,0,226,0,0,1726557611,0,0,0,0,0,0,603,0,0
1727600611,0,0,0,0,0,0,248,0,0,1727677611,0,0,0,0,0,0,574,0,0
1728720611,0,0,0,0,0,0,274,0,0,1728797611,0,0,0,0,0,0,562,0,0
1729840611,0,0,0,0,0,0,231,0,0,1729917611,0,0,0,0,0,0,613,0,0
1730960611,0,0,0,0,0,0,191,0,0,1731037611,0,0,0,0,0,0,590,0,0
1732080611,0,0,0,0,0,0,251,0,0,1732157611,0,0,0,0,0,0,641,0,0
1733200611,0,0,0,0,0,0,233,0,0,1733277611,0,0,0,0,0,0,592,0,0
1734320611,0,0,0,0,0,0,239,0,0,1734397611,0,0,0,0,0,0,618,0,0
1735440611,0,0,0,0,0,0,248,0,0,1735517611,0,0,0,0,0,0,603,0,0
1736560611,0,0,0,0,0,0,250,0,0,1736637611,0,0,0,0,0,0,596,0,0
1737680611,0,0,0,0,0,0,224,0,0,1737757611,0,0,0,0,0,0,623,0,0
1738800611,0,0,0,0,0,0,197,0,0,1738877611,0,0,0,0,0,0,577,0,0
1739920611,0,0,0,0,0,0,243,0,0,1739997611,0,0,0,0,0,0,579,0,0
1741040611,0,0,0,0,0,0,255,0,0,1741117611,0,0,0,0,0,0,655,0,0
1742160611,0,0,0,0,0,0,245,0,0,1742237611,0,0,0,0,0,0,619,0,0
1743280611,0,0,0,0,0,0,254,0,0,1743357611,0,0,0,0,0,0,612,0,0
1744400611,0,0,0,0,0,0,240,0,0,1744477611,0,0,0,0,0,0,618,0,0
1745520611,0,0,0,0,0,0,233,0,0,1745597611,0,0,0,0,0,0,598,0,0
1746640611,0,0,0,0,0,0,237,0,0,1746717611,0,0,0,0,0,0,583,0,0
1747760611,0,0,0,0,0,0,237,0,0,1747837611,0,0,0,0,0,0,587,0,0
1748880611,0,0,0,0,0,0,201,0,0,1748957611,0,0,0,0,0,0,577,0,0
1750000611,0,0,0,0,0,0,268,0,0,1750077611,0,0,0,0,0,0,588,0,0
1751120611,0,0,0,0,0,0,211,0,0,1751197611,0,0,0,0,0,0,641,0,0
1752240611,0,0,0,0,0,0,206,0,0,1752317611,0,0,0,0,0,0,622,0,0
1753360611,0,0,0,0,0,0,259,0,0,1753437611,0,0,0,0,0,0,596,0,0
1754480611,0,0,0,0,0,0,201,0,0,1754557611,0,0,0,0,0,0,613,0,0
1755600611,0,0,0,0,0,0,274,0,0,1755677611,0,0,0,0,0,0,635,0,0
1756720611,0,0,0,0,0,0,253,0,0,1756797611,0,0,0,0,0,0,628,0,0
1757840611,0,0,0,0,0,0,239,0,0,1757917611,0,0,0,0,0,0,633,0,0
1758960611,0,0,0,0,0,0,264,0,0,1759037611,0,0,0,0,0,0,605,0,0
1760080611,0,0,0,0,0,0,237,0,0,1760157611,0,0,0,0,0,0,619,0,0
1761200611,0,0,0,0,0,0,257,0,0,1761277611,0,0,0,0,0,0,599,0,0
1762320611,0,0,0,0,0,0,201,0,0,1762397611,0,0,0,0,0,0,654,0,0
1763440611,0,0,0,0,0,0,208,0,0,1763517611,0,0,0,0,0,0,608,0,0
1764560611,0,0,0,0,0,0,271,0,0,1764637611,0,0,0,0,0,0,617,0,0
1765680611,0,0,0,0,0,0,244,0,0,1765757611,0,0,0,0,0,0,594,0,0
1766800611,0,0,0,0,0,0,219,0,0,1766877611,0,0,0,0,0,0,604,0,0
1767920611,0,0,0,0,0,0,276,0,0,1767997611,0,0,0,0,0,0,586,0,0
1769040611,0,0,0,0,0,0,268,0,0,1769117611,0,0,0,0,0,0,606,0,0
1770160611,0,0,0,0,0,0,235,0,0,1770237611,0,0,0,0,0,0,654,0,0
1771280611,0,0,0,0,0,0,245,0,0,1771357611,0,0,0,0,0,0,605,0,0
1772400611,0,0,0,0,0,0,213,0,0,1772477611,0,0,0,0,0,0,590,0,0
1773520611,0,0,0,0,0,0,264,0,0,1773597611,0,0,0,0,0,0,623,0,0
1774640611,0,0,0,0,0,0,240,0,0,1774717611,0,0,0,0,0,0,572,0,0
1775760611,0,0,0,0,0,0,283,0,0,1775837611,0,0,0,0,0,0,630,0,0
1776880611,0,0,0,0,0,0,203,0,0,1776957611,0,0,0,0,0,0,608,0,0
1778000611,0,0,0,0,0,0,249,0,0,1778077611,0,0,0,0,0,0,580,0,0
1779120611,0,0,0,0,0,0,239,0,0,1779197611,0,0,0,0,0,0,620,0,0
1780240611,0,0,0,0,0,0,232,0,0,1780317611,0,0,0,0,0,0,613,0,0
1781360611,0,0,0,0,0,0,256,0,0,1781437611,0,0,0,0,0,0,645,0,0
1782480611,0,0,0,0,0,0,250,0,0,1782557611,0,0,0,0,0,0,638,0,0
1783600611,0,0,0,0,0,0,228,0,0,1783677611,0,0,0,0,0,0,596,0,0
1784720611,0,0,0,0,0,0,234,0,0,1784797611,0,0,0,0,0,0,585,0,0
1785840611,0,0,0,0,0,0,257,0,0,1785917611,0,0,0,0,0,0,588,0,0
1786960611,0,0,0,0,0,0,290,0,0,1787037611,0,0,0,0,0,0,625,0,0
1788080611,0,0,0,0,0,0,289,0,0,1788157611,0,0,0,0,0,0,581,0,0
1789200611,0,0,0,0,0,0,202,0,0,1789277611,0,0,0,0,0,0,610,0,0
1790320611,0,0,0,0,0,0,290,0,0,1790397611,0,0,0,0,0,0,615,0,0
1791440611,0,0,0,0,0,0,219,0,0,1791517611,0,0,0,0,0,0,-1491,0,0
1792560611,0,0,0,0,0,0,7045,0,0,1792637611,0,0,0,0,0,0,-2028,0,0
1793680611,0,0,0,0,0,0,6959,0,0,1793757611,0,0,0,0,0,0,-2081,0,0
1794800611,0,0,0,0,0,0,6961,0,0,1794877611,0,0,0,0,0,0,-1990,0,0
1795920611,0,0,0,0,0,0,7039,0,0,1795997611,0,0,0,0,0,0,-2051,0,0
1797040611,0,0,0,0,0,0,6955,0,0,1797117611,0,0,0,0,0,0,-2055,0,0
1798160611,0,0,0,0,0,0,7020,0,0,1798237611,0,0,0,0,0,0,-2002,0,0
1799280611,0,0,0,0,0,0,7053,0,0,1799357611,0,0,0,0,0,0,-2000,0,0
1800400611,0,0,0,0,0,0,7016,0,0,1800477611,0,0,0,0,0,0,443,0,0
1801520611,0,0,0,0,0,0,256,0,0,1801597611,0,0,0,0,0,0,652,0,0
1802640611,0,0,0,0,0,0,253,0,0,1802717611,0,0,0,0,0,0,583,0,0
1803760611,0,0,0,0,0,0,265,0,0,1803837611,0,0,0,0,0,0,586,0,0
1804880611,0,0,0,0,0,0,253,0,0,1804957611,0,0,0,0,0,0,610,0,0
1806000611,0,0,0,0,0,0,252,0,0,1806077611,0,0,0,0,0,0,589,0,0
1807120611,0,0,0,0,0,0,223,0,0,1807197611,0,0,0,0,0,0,600,0,0
1808240611,0,0,0,0,0,0,227,0,0,1808317611,0,0,0,0,0,0,592,0,0
1809360611,0,0,0,0,0,0,232,0,0,1809437611,0,0,0,0,0,0,-1261,0,0
1810480611,0,0,0,0,0,0,7020,0,0,1810557611,0,0,0,0,0,0,-2006,0,0
1811600611,0,0,0,0,0,0,7028,0,0,1811677611,0,0,0,0,0,0,-2046,0,0
1812720611,0,0,0,0,0,0,7013,0,0,1812797611,0,0,0,0,0,0,-2038,0,0
1813840611,0,0,0,0,0,0,7018,0,0,1813917611,0,0,0,0,0,0,-2080,0,0
1814960611,0,0,0,0,0,0,6968,0,0,1815037611,0,0,0,0,0,0,-2014,0,0
1816080611,0,0,0,0,0,0,7019,0,0,1816157611,0,0,0,0,0,0,-2053,0,0
1817200611,0,0,0,0,0,0,6947,0,0,1817277611,0,0,0,0,0,0,-2089,0,0
1818320611,0,0,0,0,0,0,7019,0,0,1818397611,0,0,0,0,0,0,-267,0,0
1819440611,0,0,0,0,0,0,225,0,0,1819517611,0,0,0,0,0,0,602,0,0
1820560611,0,0,0,0,0,0,245,0,0,1820637611,0,0,0,0,0,0,616,0,0
1821680611,0,0,0,0,0,0,226,0,0,1821757611,0,0,0,0,0,0,636,0,0
1822800611,0,0,0,0,0,0,257,0,0,1822877611,0,0,0,0,0,0,584,0,0
1823920611,0,0,0,0,0,0,262,0,0,1823997611,0,0,0,0,0,0,611,0,0
1825040611,0,0,0,0,0,0,225,0,0,1825117611,0,0,0,0,0,0,663,0,0
1826160611,0,0,0,0,0,0,271,0,0,1826237611,0,0,0,0,0,0,584,0,0
1827280611,0,0,0,0,0,0,259,0,0,1827357611,0,0,0,0,0,0,-361,0,0
1828400611,0,0,0,0,0,0,7032,0,0,1828477611,0,0,0,0,0,0,-2054,0,0
1829520611,0,0,0,0,0,0,6983,0,0,1829597611,0,0,0,0,0,0,-2032,0,0
1830640611,0,0,0,0,0,0,6979,0,0,1830717611,0,0,0,0,0,0,-2055,0,0
1831760611,0,0,0,0,0,0,7011,0,0,1831837611,0,0,0,0,0,0,-2077,0,0
1832880611,0,0,0,0,0,0,7015,0,0,1832957611,0,0,0,0,0,0,-2040,0,0
1834000611,0,0,0,0,0,0,7012,0,0,1834077611,0,0,0,0,0,0,-2022,0,0
1835120611,0,0,0,0,0,0,7043,0,0,1835197611,0,0,0,0,0,0,-2081,0,0
1836240611,0,0,0,0,0,0,6980,0,0,1836317611,0,0,0,0,0,0,-1821,0,0
1837360611,0,0,0,0,0,0,239,0,0,1837437611,0,0,0,0,0,0,565,0,0
1838480611,0,0,0,0,0,0,301,0,0,1838557611,0,0,0,0,0,0,620,0,0
1839600611,0,0,0,0,0,0,225,0,0,1839677611,0,0,0,0,0,0,596,0,0
1840720611,0,0,0,0,0,0,231,0,0,1840797611,0,0,0,0,0,0,640,0,0
1841840611,0,0,0,0,0,0,231,0,0,1841917611,0,0,0,0,0,0,607,0,0
1842960611,0,0,0,0,0,0,257,0,0,1843037611,0,0,0,0,0,0,593,0,0
1844080611,0,0,0,0,0,0,247,0,0,1844157611,0,0,0,0,0,0,609,0,0
1845200611,0,0,0,0,0,0,223,0,0,1845277611,0,0,0,0,0,0,629,0,0
1846320611,0,0,0,0,0,0,6974,0,0,1846397611,0,0,0,0,0,0,-2066,0,0
1847440611,0,0,0,0,0,0,7035,0,0,1847517611,0,0,0,0,0,0,-2060,0,0
1848560611,0,0,0,0,0,0,7033,0,0,1848637611,0,0,0,0,0,0,-2025,0,0
1849680611,0,0,0,0,0,0,6982,0,0,1849757611,0,0,0,0,0,0,-2066,0,0
1850800611,0,0,0,0,0,0,6985,0,0,1850877611,0,0,0,0,0,0,-2013,0,0
1851920611,0,0,0,0,0,0,6999,0,0,1851997611,0,0,0,0,0,0,-2064,0,0
1853040611,0,0,0,0,0,0,7020,0,0,1853117611,0,0,0,0,0,0,-2032,0,0
1854160611,0,0,0,0,0,0,7014,0,0,1854237611,0,0,0,0,0,0,-2024,0,0
1855280611,0,0,0,0,0,0,227,0,0,1855357611,0,0,0,0,0,0,600,0,0
1856400611,0,0,0,0,0,0,240,0,0,1856477611,0,0,0,0,0,0,656,0,0
1857520611,0,0,0,0,0,0,227,0,0,1857597611,0,0,0,0,0,0,644,0,0
1858640611,0,0,0,0,0,0,301,0,0,1858717611,0,0,0,0,0,0,601,0,0
1859760611,0,0,0,0,0,0,283,0,0,1859837611,0,0,0,0,0,0,627,0,0
1860880611,0,0,0,0,0,0,229,0,0,1860957611,0,0,0,0,0,0,609,0,0
1862000611,0,0,0,0,0,0,211,0,0,1862077611,0,0,0,0,0,0,620,0,0
1863120611,0,0,0,0,0,0,247,0,0,1863197611,0,0,0,0,0,0,593,0,0
1864240611,0,0,0,0,0,0,7037,0,0,1864317611,0,0,0,0,0,0,-2021,0,0
1865360611,0,0,0,0,0,0,6984,0,0,1865437611,0,0,0,0,0,0,-2054,0,0
1866480611,0,0,0,0,0,0,7040,0,0,1866557611,0,0,0,0,0,0,-2020,0,0
1867600611,0,0,0,0,0,0,7022,0,0,1867677611,0,0,0,0,0,0,-2014,0,0
1868720611,0,0,0,0,0,0,6988,0,0,1868797611,0,0,0,0,0,0,-2044,0,0
1869840611,0,0,0,0,0,0,6995,0,0,1869917611,0,0,0,0,0,0,-2104,0,0
1870960611,0,0,0,0,0,0,6987,0,0,1871037611,0,0,0,0,0,0,-2001,0,0
1872080611,0,0,0,0,0,0,7005,0,0,1872157611,0,0,0,0,0,0,-2070,0,0
1873200611,0,0,0,0,0,0,214,0,0,1873277611,0,0,0,0,0,0,574,0,0
1874320611,0,0,0,0,0,0,255,0,0,1874397611,0,0,0,0,0,0,582,0,0
1875440611,0,0,0,0,0,0,211,0,0,1875517611,0,0,0,0,0,0,597,0,0
1876560611,0,0,0,0,0,0,231,0,0,1876637611,0,0,0,0,0,0,581,0,0
1877680611,0,0,0,0,0,0,269,0,0,1877757611,0,0,0,0,0,0,629,0,0
1878800611,0,0,0,0,0,0,232,0,0,1878877611,0,0,0,0,0,0,614,0,0
1879920611,0,0,0,0,0,0,248,0,0,1879997611,0,0,0,0,0,0,632,0,0
1881040611,0,0,0,0,0,0,229,0,0,1881117611,0,0,0,0,0,0,599,0,0
1882160611,0,0,0,0,0,0,6999,0,0,1882237611,0,0,0,0,0,0,-2059,0,0
1883280611,0,0,0,0,0,0,7028,0,0,1883357611,0,0,0,0,0,0,-2085,0,0
1884400611,0,0,0,0,0,0,7041,0,0,1884477611,0,0,0,0,0,0,-2023,0,0
1885520611,0,0,0,0,0,0,7050,0,0,1885597611,0,0,0,0,0,0,-2012,0,0
1886640611,0,0,0,0,0,0,7000,0,0,1886717611,0,0,0,0,0,0,-1984,0,0
1887760611,0,0,0,0,0,0,6959,0,0,1887837611,0,0,0,0,0,0,-2047,0,0
1888880611,0,0,0,0,0,0,6963,0,0,1888957611,0,0,0,0,0,0,-2057,0,0
1890000611,0,0,0,0,0,0,6963,0,0,1890077611,0,0,0,0,0,0,-2009,0,0
1891120611,0,0,0,0,0,0,253,0,0,1891197611,0,0,0,0,0,0,596,0,0
1892240611,0,0,0,0,0,0,209,0,0,1892317611,0,0,0,0,0,0,679,0,0
1893360611,0,0,0,0,0,0,243,0,0,1893437611,0,0,0,0,0,0,566,0,0
1894480611,0,0,0,0,0,0,220,0,0,1894557611,0,0,0,0,0,0,633,0,0
1895600611,0,0,0,0,0,0,231,0,0,1895677611,0,0,0,0,0,0,640,0,0
1896720611,0,0,0,0,0,0,231,0,0,1896797611,0,0,0,0,0,0,628,0,0
1897840611,0,0,0,0,0,0,272,0,0,1897917611,0,0,0,0,0,0,565,0,0
1898960611,0,0,0,0,0,0,205,0,0,1899037611,0,0,0,0,0,0,612,0,0
1900080611,0,0,0,0,0,0,7004,0,0,1900157611,0,0,0,0,0,0,-2025,0,0
1901200611,0,0,0,0,0,0,6986,0,0,1901277611,0,0,0,0,0,0,-2059,0,0
1902320611,0,0,0,0,0,0,7008,0,0,1902397611,0,0,0,0,0,0,-1993,0,0
1903440611,0,0,0,0,0,0,6971,0,0,1903517611,0,0,0,0,0,0,-2044,0,0
1904560611,0,0,0,0,0,0,6985,0,0,1904637611,0,0,0,0,0,0,-2044,0,0
1905680611,0,0,0,0,0,0,7000,0,0,1905757611,0,0,0,0,0,0,-2041,0,0
1906800611,0,0,0,0,0,0,6990,0,0,1906877611,0,0,0,0,0,0,-2044,0,0
1907920611,0,0,0,0,0,0,7000,0,0,1907997611,0,0,0,0,0,0,-2035,0,0
1909040611,0,0,0,0,0,0,257,0,0,1909117611,0,0,0,0,0,0,583,0,0
1910160611,0,0,0,0,0,0,239,0,0,1910237611,0,0,0,0,0,0,599,0,0
1911280611,0,0,0,0,0,0,266,0,0,1911357611,0,0,0,0,0,0,598,0,0
1912400611,0,0,0,0,0,0,242,0,0,1912477611,0,0,0,0,0,0,600,0,0
1913520611,0,0,0,0,0,0,239,0,0,1913597611,0,0,0,0,0,0,614,0,0
1914640611,0,0,0,0,0,0,251,0,0,1914717611,0,0,0,0,0,0,579,0,0
1915760611,0,0,0,0,0,0,226,0,0,1915837611,0,0,0,0,0,0,584,0,0
1916880611,0,0,0,0,0,0,251,0,0,1916957611,0,0,0,0,0,0,596,0,0
1918000611,0,0,0,0,0,0,6994,0,0,1918077611,0,0,0,0,0,0,-2027,0,0
1919120611,0,0,0,0,0,0,6991,0,0,1919197611,0,0,0,0,0,0,-2020,0,0
1920240611,0,0,0,0,0,0,7015,0,0,1920317611,0,0,0,0,0,0,-2013,0,0
1921360611,0,0,0,0,0,0,6978,0,0,1921437611,0,0,0,0,0,0,-2039,0,0
1922480611,0,0,0,0,0,0,7016,0,0,1922557611,0,0,0,0,0,0,-2068,0,0
1923600611,0,0,0,0,0,0,7002,0,0,1923677611,0,0,0,0,0,0,-2016,0,0
1924720611,0,0,0,0,0,0,7016,0,0,1924797611,0,0,0,0,0,0,-2047,0,0
1925840611,0,0,0,0,0,0,7005,0,0,1925917611,0,0,0,0,0,0,-2077,0,0
1926960611,0,0,0,0,0,0,223,0,0,1927037611,0,0,0,0,0,0,611,0,0
1928080611,0,0,0,0,0,0,254,0,0,1928157611,0,0,0,0,0,0,606,0,0
1929200611,0,0,0,0,0,0,235,0,0,1929277611,0,0,0,0,0,0,606,0,0
1930320611,0,0,0,0,0,0,244,0,0,1930397611,0,0,0,0,0,0,633,0,0
1931440611,0,0,0,0,0,0,249,0,0,1931517611,0,0,0,0,0,0,601,0,0
1932560611,0,0,0,0,0,0,253,0,0,1932637611,0,0,0,0,0,0,557,0,0
1933680611,0,0,0,0,0,0,234,0,0,1933757611,0,0,0,0,0,0,565,0,0
1934800611,0,0,0,0,0,0,238,0,0,1934877611,0,0,0,0,0,0,616,0,0
1935920611,0,0,0,0,0,0,7057,0,0,1935997611,0,0,0,0,0,0,-2054,0,0
1937040611,0,0,0,0,0,0,6987,0,0,1937117611,0,0,0,0,0,0,-2007,0,0
1938160611,0,0,0,0,0,0,7036,0,0,1938237611,0,0,0,0,0,0,-2076,0,0
1939280611,0,0,0,0,0,0,7001,0,0,1939357611,0,0,0,0,0,0,-2019,0,0
1940400611,0,0,0,0,0,0,7016,0,0,1940477611,0,0,0,0,0,0,-2027,0,0
1941520611,0,0,0,0,0,0,6985,0,0,1941597611,0,0,0,0,0,0,-2041,0,0
1942640611,0,0,0,0,0,0,6992,0,0,1942717611,0,0,0,0,0,0,-2016,0,0
1943760611,0,0,0,0,0,0,7004,0,0,1943837611,0,0,0,0,0,0,-2007,0,0
1944880611,0,0,0,0,0,0,250,0,0,1944957611,0,0,0,0,0,0,580,0,0
1946000611,0,0,0,0,0,0,226,0,0,1946077611,0,0,0,0,0,0,563,0,0
1947120611,0,0,0,0,0,0,225,0,0,1947197611,0,0,0,0,0,0,627,0,0
1948240611,0,0,0,0,0,0,230,0,0,1948317611,0,0,0,0,0,0,591,0,0
1949360611,0,0,0,0,0,0,249,0,0,1949437611,0,0,0,0,0,0,642,0,0
1950480611,0,0,0,0,0,0,266,0,0,1950557611,0,0,0,0,0,0,595,0,0
1951600611,0,0,0,0,0,0,250,0,0,1951677611,0,0,0,0,0,0,620,0,0
1952720611,0,0,0,0,0,0,240,0,0,1952797611,0,0,0,0,0,0,634,0,0
1953840611,0,0,0,0,0,0,6985,0,0,1953917611,0,0,0,0,0,0,-2017,0,0
1954960611,0,0,0,0,0,0,7033,0,0,1955037611,0,0,0,0,0,0,-2025,0,0
1956080611,0,0,0,0,0,0,7034,0,0,1956157611,0,0,0,0,0,0,-2045,0,0
1957200611,0,0,0,0,0,0,7017,0,0,1957277611,0,0,0,0,0,0,-2052,0,0
1958320611,0,0,0,0,0,0,7010,0,0,1958397611,0,0,0,0,0,0,-2020,0,0
1959440611,0,0,0,0,0,0,7006,0,0,1959517611,0,0,0,0,0,0,-2040,0,0
1960560611,0,0,0,0,0,0,7028,0,0,1960637611,0,0,0,0,0,0,-2032,0,0
1961680611,0,0,0,0,0,0,6996,0,0,1961757611,0,0,0,0,0,0,-2040,0,0
1962800611,0,0,0,0,0,0,266,0,0,1962877611,0,0,0,0,0,0,625,0,0
1963920611,0,0,0,0,0,0,239,0,0,1963997611,0,0,0,0,0,0,623,0,0
1965040611,0,0,0,0,0,0,238,0,0,1965117611,0,0,0,0,0,0,644,0,0
1966160611,0,0,0,0,0,0,249,0,0,1966237611,0,0,0,0,0,0,571,0,0
1967280611,0,0,0,0,0,0,215,0,0,1967357611,0,0,0,0,0,0,604,0,0
1968400611,0,0,0,0,0,0,251,0,0,1968477611,0,0,0,0,0,0,567,0,0
1969520611,0,0,0,0,0,0,244,0,0,1969597611,0,0,0,0,0,0,565,0,0
1970640611,0,0,0,0,0,0,192,0,0,1970717611,0,0,0,0,0,0,636,0,0
1971760611,0,0,0,0,0,0,6984,0,0,1971837611,0,0,0,0,0,0,-2092,0,0
1972880611,0,0,0,0,0,0,7043,0,0,1972957611,0,0,0,0,0,0,-2038,0,0
1974000611,0,0,0,0,0,0,6970,0,0,1974077611,0,0,0,0,0,0,-2082,0,0
1975120611,0,0,0,0,0,0,6969,0,0,1975197611,0,0,0,0,0,0,-2027,0,0
1976240611,0,0,0,0,0,0,7039,0,0,1976317611,0,0,0,0,0,0,-2053,0,0
1977360611,0,0,0,0,0,0,6999,0,0,1977437611,0,0,0,0,0,0,-2047,0,0
1978480611,0,0,0,0,0,0,6988,0,0,1978557611,0,0,0,0,0,0,-2058,0,0
1979600611,0,0,0,0,0,0,7074,0,0,1979677611,0,0,0,0,0,0,-2049,0,0
1980720611,0,0,0,0,0,0,265,0,0,1980797611,0,0,0,0,0,0,629,0,0
1981840611,0,0,0,0,0,0,240,0,0,1981917611,0,0,0,0,0,0,586,0,0
1982960611,0,0,0,0,0,0,238,0,0,1983037611,0,0,0,0,0,0,629,0,0
1984080611,0,0,0,0,0,0,216,0,0,1984157611,0,0,0,0,0,0,587,0,0
1985200611,0,0,0,0,0,0,254,0,0,1985277611,0,0,0,0,0,0,594,0,0
1986320611,0,0,0,0,0,0,264,0,0,1986397611,0,0,0,0,0,0,605,0,0
1987440611,0,0,0,0,0,0,240,0,0,1987517611,0,0,0,0,0,0,589,0,0
1988560611,0,0,0,0,0,0,213,0,0,1988637611,0,0,0,0,0,0,536,0,0
1989680611,0,0,0,0,0,0,7031,0,0,1989757611,0,0,0,0,0,0,-2043,0,0
1990800611,0,0,0,0,0,0,6990,0,0,1990877611,0,0,0,0,0,0,-2058,0,0
1991920611,0,0,0,0,0,0,7006,0,0,1991997611,0,0,0,0,0,0,-2064,0,0
1993040611,0,0,0,0,0,0,7018,0,0,1993117611,0,0,0,0,0,0,-1999,0,0
1994160611,0,0,0,0,0,0,7001,0,0,1994237611,0,0,0,0,0,0,-2035,0,0
1995280611,0,0,0,0,0,0,6986,0,0,1995357611,0,0,0,0,0,0,-2041,0,0
1996400611,0,0,0,0,0,0,6995,0,0,1996477611,0,0,0,0,0,0,-2010,0,0
1997520611,0,0,0,0,0,0,7047,0,0,1997597611,0,0,0,0,0,0,-2007,0,0
1998640611,0,0,0,0,0,0,219,0,0,1998717611,0,0,0,0,0,0,585,0,0
1999760611,0,0,0,0,0,0,242,0,0,1999837611,0,0,0,0,0,0,617,0,0
2000880611,0,0,0,0,0,0,236,0,0,2000957611,0,0,0,0,0,0,620,0,0
2002000611,0,0,0,0,0,0,254,0,0,2002077611,0,0,0,0,0,0,626,0,0
2003120611,0,0,0,0,0,0,228,0,0,2003197611,0,0,0,0,0,0,639,0,0
2004240611,0,0,0,0,0,0,249,0,0,2004317611,0,0,0,0,0,0,578,0,0
2005360611,0,0,0,0,0,0,232,0,0,2005437611,0,0,0,0,0,0,603,0,0
2006480611,0,0,0,0,0,0,292,0,0,2006557611,0,0,0,0,0,0,594,0,0
2007600611,0,0,0,0,0,0,6995,0,0,2007677611,0,0,0,0,0,0,-2086,0,0
2008720611,0,0,0,0,0,0,6987,0,0,2008797611,0,0,0,0,0,0,-2018,0,0
2009840611,0,0,0,0,0,0,7017,0,0,2009917611,0,0,0,0,0,0,-2037,0,0
2010960611,0,0,0,0,0,0,7034,0,0,2011037611,0,0,0,0,0,0,-2048,0,0
2012080611,0,0,0,0,0,0,6947,0,0,2012157611,0,0,0,0,0,0,-2037,0,0
2013200611,0,0,0,0,0,0,7043,0,0,2013277611,0,0,0,0,0,0,-2031,0,0
2014320611,0,0,0,0,0,0,6997,0,0,2014397611,0,0,0,0,0,0,-2058,0,0
2015440611,0,0,0,0,0,0,7011,0,0,2015517611,0,0,0,0,0,0,-2001,0,0
2016560611,0,0,0,0,0,0,237,0,0,2016637611,0,0,0,0,0,0,609,0,0
2017680611,0,0,0,0,0,0,238,0,0,2017757611,0,0,0,0,0,0,608,0,0
2018800611,0,0,0,0,0,0,238,0,0,2018877611,0,0,0,0,0,0,579,0,0
2019920611,0,0,0,0,0,0,236,0,0,2019997611,0,0,0,0,0,0,601,0,0
2021040611,0,0,0,0,0,0,234,0,0,2021117611,0,0,0,0,0,0,646,0,0
2022160611,0,0,0,0,0,0,219,0,0,2022237611,0,0,0,0,0,0,651,0,0
2023280611,0,0,0,0,0,0,268,0,0,2023357611,0,0,0,0,0,0,653,0,0
2024400611,0,0,0,0,0,0,222,0,0,2024477611,0,0,0,0,0,0,617,0,0
2025520611,0,0,0,0,0,0,7000,0,0,2025597611,0,0,0,0,0,0,-2078,0,0
2026640611,0,0,0,0,0,0,7032,0,0,2026717611,0,0,0,0,0,0,-2043,0,0
2027760611,0,0,0,0,0,0,7016,0,0,2027837611,0,0,0,0,0,0,-2053,0,0
2028880611,0,0,0,0,0,0,7017,0,0,2028957611,0,0,0,0,0,0,-2078,0,0
2030000611,0,0,0,0,0,0,7017,0,0,2030077611,0,0,0,0,0,0,-1981,0,0
2031120611,0,0,0,0,0,0,6979,0,0,2031197611,0,0,0,0,0,0,-2030,0,0
2032240611,0,0,0,0,0,0,7004,0,0,2032317611,0,0,0,0,0,0,-2055,0,0
2033360611,0,0,0,0,0,0,6976,0,0,2033437611,0,0,0,0,0,0,-2053,0,0
2034480611,0,0,0,0,0,0,231,0,0,2034557611,0,0,0,0,0,0,593,0,0
2035600611,0,0,0,0,0,0,280,0,0,2035677611,0,0,0,0,0,0,603,0,0
2036720611,0,0,0,0,0,0,252,0,0,2036797611,0,0,0,0,0,0,612,0,0
2037840611,0,0,0,0,0,0,246,0,0,2037917611,0,0,0,0,0,0,625,0,0
2038960611,0,0,0,0,0,0,242,0,0,2039037611,0,0,0,0,0,0,574,0,0
2040080611,0,0,0,0,0,0,197,0,0,2040157611,0,0,0,0,0,0,606,0,0
2041200611,0,0,0,0,0,0,208,0,0,2041277611,0,0,0,0,0,0,577,0,0
2042320611,0,0,0,0,0,0,217,0,0,2042397611,0,0,0,0,0,0,601,0,0
2043440611,0,0,0,0,0,0,7021,0,0,2043517611,0,0,0,0,0,0,-2023,0,0
2044560611,0,0,0,0,0,0,6956,0,0,2044637611,0,0,0,0,0,0,-2068,0,0
2045680611,0,0,0,0,0,0,7030,0,0,2045757611,0,0,0,0,0,0,-2054,0,0
2046800611,0,0,0,0,0,0,6999,0,0,2046877611,0,0,0,0,0,0,-2021,0,0
2047920611,0,0,0,0,0,0,7027,0,0,2047997611,0,0,0,0,0,0,-2014,0,0
2049040611,0,0,0,0,0,0,7023,0,0,2049117611,0,0,0,0,0,0,-2038,0,0
2050160611,0,0,0,0,0,0,6982,0,0,2050237611,0,0,0,0,0,0,-2014,0,0
2051280611,0,0,0,0,0,0,7001,0,0,2051357611,0,0,0,0,0,0,-2000,0,0
2052400611,0,0,0,0,0,0,173,0,0,2052477611,0,0,0,0,0,0,619,0,0
2053520611,0,0,0,0,0,0,211,0,0,2053597611,0,0,0,0,0,0,638,0,0
2054640611,0,0,0,0,0,0,243,0,0,2054717611,0,0,0,0,0,0,575,0,0
2055760611,0,0,0,0,0,0,236,0,0,2055837611,0,0,0,0,0,0,614,0,0
2056880611,0,0,0,0,0,0,232,0,0,2056957611,0,0,0,0,0,0,602,0,0
2058000611,0,0,0,0,0,0,207,0,0,2058077611,0,0,0,0,0,0,665,0,0
2059120611,0,0,0,0,0,0,228,0,0,2059197611,0,0,0,0,0,0,668,0,0
2060240611,0,0,0,0,0,0,255,0,0,2060317611,0,0,0,0,0,0,592,0,0
2061360611,0,0,0,0,0,0,7033,0,0,2061437611,0,0,0,0,0,0,-2043,0,0
2062480611,0,0,0,0,0,0,7011,0,0,2062557611,0,0,0,0,0,0,-2043,0,0
2063600611,0,0,0,0,0,0,7029,0,0,2063677611,0,0,0,0,0,0,-2024,0,0
2064720611,0,0,0,0,0,0,7012,0,0,2064797611,0,0,0,0,0,0,-2006,0,0
2065840611,0,0,0,0,0,0,6975,0,0,2065917611,0,0,0,0,0,0,-1977,0,0
2066960611,0,0,0,0,0,0,7004,0,0,2067037611,0,0,0,0,0,0,-2031,0,0
2068080611,0,0,0,0,0,0,6995,0,0,2068157611,0,0,0,0,0,0,-2033,0,0
2069200611,0,0,0,0,0,0,6970,0,0,2069277611,0,0,0,0,0,0,-1987,0,0
2070320611,0,0,0,0,0,0,257,0,0,2070397611,0,0,0,0,0,0,600,0,0
2071440611,0,0,0,0,0,0,260,0,0,2071517611,0,0,0,0,0,0,643,0,0
2072560611,0,0,0,0,0,0,198,0,0,2072637611,0,0,0,0,0,0,688,0,0
2073680611,0,0,0,0,0,0,228,0,0,2073757611,0,0,0,0,0,0,634,0,0
2074800611,0,0,0,0,0,0,219,0,0,2074877611,0,0,0,0,0,0,654,0,0
2075920611,0,0,0,0,0,0,271,0,0,2075997611,0,0,0,0,0,0,564,0,0
2077040611,0,0,0,0,0,0,264,0,0,2077117611,0,0,0,0,0,0,555,0,0
2078160611,0,0,0,0,0,0,288,0,0,2078237611,0,0,0,0,0,0,629,0,0
2079280611,0,0,0,0,0,0,6957,0,0,2079357611,0,0,0,0,0,0,-2015,0,0
2080400611,0,0,0,0,0,0,7005,0,0,2080477611,0,0,0,0,0,0,-2002,0,0
2081520611,0,0,0,0,0,0,6979,0,0,2081597611,0,0,0,0,0,0,-2035,0,0
2082640611,0,0,0,0,0,0,7024,0,0,2082717611,0,0,0,0,0,0,-2005,0,0
2083760611,0,0,0,0,0,0,6942,0,0,2083837611,0,0,0,0,0,0,-2057,0,0
2084880611,0,0,0,0,0,0,7015,0,0,2084957611,0,0,0,0,0,0,-2018,0,0
2086000611,0,0,0,0,0,0,7007,0,0,2086077611,0,0,0,0,0,0,-2043,0,0
2087120611,0,0,0,0,0,0,7045,0,0,2087197611,0,0,0,0,0,0,-2047,0,0
2088240611,0,0,0,0,0,0,259,0,0,2088317611,0,0,0,0,0,0,549,0,0
2089360611,0,0,0,0,0,0,247,0,0,2089437611,0,0,0,0,0,0,595,0,0
2090480611,0,0,0,0,0,0,217,0,0,2090557611,0,0,0,0,0,0,634,0,0
2091600611,0,0,0,0,0,0,259,0,0,2091677611,0,0,0,0,0,0,537,0,0
2092720611,0,0,0,0,0,0,266,0,0,2092797611,0,0,0,0,0,0,583,0,0
2093840611,0,0,0,0,0,0,264,0,0,2093917611,0,0,0,0,0,0,615,0,0
2094960611,0,0,0,0,0,0,238,0,0,2095037611,0,0,0,0,0,0,582,0,0
2096080611,0,0,0,0,0,0,248,0,0,2096157611,0,0,0,0,0,0,590,0,0
2097200611,0,0,0,0,0,0,6977,0,0,2097277611,0,0,0,0,0,0,-2047,0,0
2098320611,0,0,0,0,0,0,7056,0,0,2098397611,0,0,0,0,0,0,-2033,0,0
2099440611,0,0,0,0,0,0,7027,0,0,2099517611,0,0,0,0,0,0,-2043,0,0
2100560611,0,0,0,0,0,0,6971,0,0,2100637611,0,0,0,0,0,0,-2017,0,0
2101680611,0,0,0,0,0,0,7003,0,0,2101757611,0,0,0,0,0,0,-2018,0,0
2102800611,0,0,0,0,0,0,7020,0,0,2102877611,0,0,0,0,0,0,-2027,0,0
2103920611,0,0,0,0,0,0,7012,0,0,2103997611,0,0,0,0,0,0,-2058,0,0
2105040611,0,0,0,0,0,0,7006,0,0,2105117611,0,0,0,0,0,0,-2058,0,0
2106160611,0,0,0,0,0,0,261,0,0,2106237611,0,0,0,0,0,0,570,0,0
2107280611,0,0,0,0,0,0,228,0,0,2107357611,0,0,0,0,0,0,597,0,0
2108400611,0,0,0,0,0,0,198,0,0,2108477611,0,0,0,0,0,0,600,0,0
2109520611,0,0,0,0,0,0,245,0,0,2109597611,0,0,0,0,0,0,564,0,0
2110640611,0,0,0,0,0,0,232,0,0,2110717611,0,0,0,0,0,0,608,0,0
2111760611,0,0,0,0,0,0,215,0,0,2111837611,0,0,0,0,0,0,626,0,0
2112880611,0,0,0,0,0,0,239,0,0,2112957611,0,0,0,0,0,0,612,0,0
2114000611,0,0,0,0,0,0,265,0,0,2114077611,0,0,0,0,0,0,600,0,0
2115120611,0,0,0,0,0,0,7028,0,0,2115197611,0,0,0,0,0,0,-2007,0,0
2116240611,0,0,0,0,0,0,6972,0,0,2116317611,0,0,0,0,0,0,-2034,0,0
2117360611,0,0,0,0,0,0,6976,0,0,2117437611,0,0,0,0,0,0,-2017,0,0
2118480611,0,0,0,0,0,0,7029,0,0,2118557611,0,0,0,0,0,0,-2061,0,0
2119600611,0,0,0,0,0,0,7016,0,0,2119677611,0,0,0,0,0,0,-1986,0,0
2120720611,0,0,0,0,0,0,7000,0,0,2120797611,0,0,0,0,0,0,-2016,0,0
2121840611,0,0,0,0,0,0,6991,0,0,2121917611,0,0,0,0,0,0,-2034,0,0
2122960611,0,0,0,0,0,0,7004,0,0,2123037611,0,0,0,0,0,0,-2017,0,0
2124080611,0,0,0,0,0,0,253,0,0,2124157611,0,0,0,0,0,0,614,0,0
2125200611,0,0,0,0,0,0,248,0,0,2125277611,0,0,0,0,0,0,671,0,0
2126320611,0,0,0,0,0,0,271,0,0,2126397611,0,0,0,0,0,0,575,0,0
2127440611,0,0,0,0,0,0,224,0,0,2127517611,0,0,0,0,0,0,628,0,0
2128560611,0,0,0,0,0,0,255,0,0,2128637611,0,0,0,0,0,0,608,0,0
2129680611,0,0,0,0,0,0,251,0,0,2129757611,0,0,0,0,0,0,615,0,0
2130800611,0,0,0,0,0,0,201,0,0,2130877611,0,0,0,0,0,0,644,0,0
2131920611,0,0,0,0,0,0,200,0,0,2131997611,0,0,0,0,0,0,598,0,0
2133040611,0,0,0,0,0,0,7007,0,0,2133117611,0,0,0,0,0,0,-2039,0,0
2134160611,0,0,0,0,0,0,7030,0,0,2134237611,0,0,0,0,0,0,-2060,0,0
2135280611,0,0,0,0,0,0,6971,0,0,2135357611,0,0,0,0,0,0,-2049,0,0
2136400611,0,0,0,0,0,0,6967,0,0,2136477611,0,0,0,0,0,0,-2005,0,0
2137520611,0,0,0,0,0,0,6987,0,0,2137597611,0,0,0,0,0,0,-1982,0,0
2138640611,0,0,0,0,0,0,7063,0,0,2138717611,0,0,0,0,0,0,-2019,0,0
2139760611,0,0,0,0,0,0,6967,0,0,2139837611,0,0,0,0,0,0,-2053,0,0
2140880611,0,0,0,0,0,0,6988,0,0,2140957611,0,0,0,0,0,0,-2000,0,0
2142000611,0,0,0,0,0,0,225,0,0,2142077611,0,0,0,0,0,0,565,0,0
2143120611,0,0,0,0,0,0,218,0,0,2143197611,0,0,0,0,0,0,585,0,0
2144240611,0,0,0,0,0,0,211,0,0,2144317611,0,0,0,0,0,0,574,0,0
2145360611,0,0,0,0,0,0,257,0,0,2145437611,0,0,0,0,0,0,599,0,0
2146480611,0,0,0,0,0,0,221,0,0,2146557611,0,0,0,0,0,0,609,0,0
2147600611,0,0,0,0,0,0,217,0,0,2147677611,0,0,0,0,0,0,602,0,0
2148720611,0,0,0,0,0,0,249,0,0,2148797611,0,0,0,0,0,0,588,0,0
2149840611,0,0,0,0,0,0,227,0,0,2149917611,0,0,0,0,0,0,623,0,0
2150960611,0,0,0,0,0,0,7018,0,0,2151037611,0,0,0,0,0,0,-2070,0,0
2152080611,0,0,0,0,0,0,6964,0,0,2152157611,0,0,0,0,0,0,-2054,0,0
2153200611,0,0,0,0,0,0,7045,0,0,2153277611,0,0,0,0,0,0,-1982,0,0
2154320611,0,0,0,0,0,0,6940,0,0,2154397611,0,0,0,0,0,0,-2015,0,0
2155440611,0,0,0,0,0,0,7026,0,0,2155517611,0,0,0,0,0,0,-2061,0,0
2156560611,0,0,0,0,0,0,6998,0,0,2156637611,0,0,0,0,0,0,-2030,0,0
2157680611,0,0,0,0,0,0,6982,0,0,2157757611,0,0,0,0,0,0,-2018,0,0
2158800611,0,0,0,0,0,0,6988,0,0,2158877611,0,0,0,0,0,0,-1999,0,0
2159920611,0,0,0,0,0,0,239,0,0,2159997611,0,0,0,0,0,0,572,0,0
2161040611,0,0,0,0,0,0,188,0,0,2161117611,0,0,0,0,0,0,580,0,0
2162160611,0,0,0,0,0,0,230,0,0,2162237611,0,0,0,0,0,0,593,0,0
2163280611,0,0,0,0,0,0,241,0,0,2163357611,0,0,0,0,0,0,611,0,0
2164400611,0,0,0,0,0,0,236,0,0,2164477611,0,0,0,0,0,0,589,0,0
2165520611,0,0,0,0,0,0,227,0,0,2165597611,0,0,0,0,0,0,595,0,0
2166640611,0,0,0,0,0,0,222,0,0,2166717611,0,0,0,0,0,0,590,0,0
2167760611,0,0,0,0,0,0,232,0,0,2167837611,0,0,0,0,0,0,600,0,0
2168880611,0,0,0,0,0,0,6992,0,0,2168957611,0,0,0,0,0,0,-2081,0,0
2170000611,0,0,0,0,0,0,7050,0,0,2170077611,0,0,0,0,0,0,-1996,0,0
2171120611,0,0,0,0,0,0,6976,0,0,2171197611,0,0,0,0,0,0,-1996,0,0
2172240611,0,0,0,0,0,0,7037,0,0,2172317611,0,0,0,0,0,0,-2005,0,0
2173360611,0,0,0,0,0,0,7011,0,0,2173437611,0,0,0,0,0,0,-2033,0,0
2174480611,0,0,0,0,0,0,6974,0,0,2174557611,0,0,0,0,0,0,-2041,0,0
2175600611,0,0,0,0,0,0,6962,0,0,2175677611,0,0,0,0,0,0,-2075,0,0
2176720611,0,0,0,0,0,0,6993,0,0,2176797611,0,0,0,0,0,0,-2074,0,0
2177840611,0,0,0,0,0,0,212,0,0,2177917611,0,0,0,0,0,0,591,0,0
2178960611,0,0,0,0,0,0,198,0,0,2179037611,0,0,0,0,0,0,586,0,0
2180080611,0,0,0,0,0,0,243,0,0,2180157611,0,0,0,0,0,0,560,0,0
2181200611,0,0,0,0,0,0,250,0,0,2181277611,0,0,0,0,0,0,593,0,0
2182320611,0,0,0,0,0,0,242,0,0,2182397611,0,0,0,0,0,0,605,0,0
2183440611,0,0,0,0,0,0,220,0,0,2183517611,0,0,0,0,0,0,584,0,0
2184560611,0,0,0,0,0,0,259,0,0,2184637611,0,0,0,0,0,0,609,0,0
2185680611,0,0,0,0,0,0,241,0,0,2185757611,0,0,0,0,0,0,643,0,0
2186800611,0,0,0,0,0,0,6986,0,0,2186877611,0,0,0,0,0,0,-2022,0,0
2187920611,0,0,0,0,0,0,7010,0,0,2187997611,0,0,0,0,0,0,-2040,0,0
2189040611,0,0,0,0,0,0,6982,0,0,2189117611,0,0,0,0,0,0,-2007,0,0
2190160611,0,0,0,0,0,0,7005,0,0,2190237611,0,0,0,0,0,0,-2004,0,0
2191280611,0,0,0,0,0,0,7001,0,0,2191357611,0,0,0,0,0,0,-2001,0,0
2192400611,0,0,0,0,0,0,7014,0,0,2192477611,0,0,0,0,0,0,-2005,0,0
2193520611,0,0,0,0,0,0,7001,0,0,2193597611,0,0,0,0,0,0,-2050,0,0
2194640611,0,0,0,0,0,0,7016,0,0,2194717611,0,0,0,0,0,0,-2019,0,0
2195760611,0,0,0,0,0,0,236,0,0,2195837611,0,0,0,0,0,0,611,0,0
2196880611,0,0,0,0,0,0,250,0,0,2196957611,0,0,0,0,0,0,596,0,0
2198000611,0,0,0,0,0,0,214,0,0,2198077611,0,0,0,0,0,0,618,0,0
2199120611,0,0,0,0,0,0,233,0,0,2199197611,0,0,0,0,0,0,590,0,0
2200240611,0,0,0,0,0,0,241,0,0,2200317611,0,0,0,0,0,0,605,0,0
2201360611,0,0,0,0,0,0,246,0,0,2201437611,0,0,0,0,0,0,654,0,0
2202480611,0,0,0,0,0,0,245,0,0,2202557611,0,0,0,0,0,0,626,0,0
2203600611,0,0,0,0,0,0,264,0,0,2203677611,0,0,0,0,0,0,610,0,0
2204720611,0,0,0,0,0,0,6979,0,0,2204797611,0,0,0,0,0,0,-2012,0,0
2205840611,0,0,0,0,0,0,7008,0,0,2205917611,0,0,0,0,0,0,-1997,0,0
2206960611,0,0,0,0,0,0,6951,0,0,2207037611,0,0,0,0,0,0,-2067,0,0
2208080611,0,0,0,0,0,0,7001,0,0,2208157611,0,0,0,0,0,0,-2017,0,0
2209200611,0,0,0,0,0,0,6998,0,0,2209277611,0,0,0,0,0,0,-2007,0,0
2210320611,0,0,0,0,0,0,6980,0,0,2210397611,0,0,0,0,0,0,-2051,0,0
2211440611,0,0,0,0,0,0,6991,0,0,2211517611,0,0,0,0,0,0,-2013,0,0
2212560611,0,0,0,0,0,0,6941,0,0,2212637611,0,0,0,0,0,0,-2028,0,0
2213680611,0,0,0,0,0,0,244,0,0,2213757611,0,0,0,0,0,0,587,0,0
2214800611,0,0,0,0,0,0,269,0,0,2214877611,0,0,0,0,0,0,584,0,0
2215920611,0,0,0,0,0,0,259,0,0,2215997611,0,0,0,0,0,0,590,0,0
2217040611,0,0,0,0,0,0,200,0,0,2217117611,0,0,0,0,0,0,591,0,0
2218160611,0,0,0,0,0,0,258,0,0,2218237611,0,0,0,0,0,0,628,0,0
2219280611,0,0,0,0,0,0,279,0,0,2219357611,0,0,0,0,0,0,588,0,0
2220400611,0,0,0,0,0,0,260,0,0,2220477611,0,0,0,0,0,0,578,0,0
2221520611,0,0,0,0,0,0,271,0,0,2221597611,0,0,0,0,0,0,616,0,0
2222640611,0,0,0,0,0,0,6966,0,0,2222717611,0,0,0,0,0,0,-1983,0,0
2223760611,0,0,0,0,0,0,7028,0,0,2223837611,0,0,0,0,0,0,-2046,0,0
2224880611,0,0,0,0,0,0,6982,0,0,2224957611,0,0,0,0,0,0,-2062,0,0
2226000611,0,0,0,0,0,0,7012,0,0,2226077611,0,0,0,0,0,0,-2026,0,0
2227120611,0,0,0,0,0,0,6946,0,0,2227197611,0,0,0,0,0,0,-2024,0,0
2228240611,0,0,0,0,0,0,6988,0,0,2228317611,0,0,0,0,0,0,-2057,0,0
2229360611,0,0,0,0,0,0,7054,0,0,2229437611,0,0,0,0,0,0,-2039,0,0
2230480611,0,0,0,0,0,0,6976,0,0,2230557611,0,0,0,0,0,0,-2061,0,0
2231600611,0,0,0,0,0,0,203,0,0,2231677611,0,0,0,0,0,0,641,0,0
2232720611,0,0,0,0,0,0,253,0,0,2232797611,0,0,0,0,0,0,602,0,0
2233840611,0,0,0,0,0,0,208,0,0,2233917611,0,0,0,0,0,0,626,0,0
2234960611,0,0,0,0,0,0,201,0,0,2235037611,0,0,0,0,0,0,569,0,0
2236080611,0,0,0,0,0,0,271,0,0,2236157611,0,0,0,0,0,0,658,0,0
2237200611,0,0,0,0,0,0,271,0,0,2237277611,0,0,0,0,0,0,620,0,0
2238320611,0,0,0,0,0,0,195,0,0,2238397611,0,0,0,0,0,0,610,0,0
2239440611,0,0,0,0,0,0,208,0,0,2239517611,0,0,0,0,0,0,595,0,0
2240560611,0,0,0,0,0,0,6935,0,0,2240637611,0,0,0,0,0,0,-2053,0,0
2241680611,0,0,0,0,0,0,7001,0,0,2241757611,0,0,0,0,0,0,-2031,0,0
2242800611,0,0,0,0,0,0,7017,0,0,2242877611,0,0,0,0,0,0,-2075,0,0
2243920611,0,0,0,0,0,0,6998,0,0,2243997611,0,0,0,0,0,0,-2055,0,0
2245040611,0,0,0,0,0,0,7008,0,0,2245117611,0,0,0,0,0,0,-2025,0,0
2246160611,0,0,0,0,0,0,6967,0,0,2246237611,0,0,0,0,0,0,-2031,0,0
2247280611,0,0,0,0,0,0,7006,0,0,2247357611,0,0,0,0,0,0,-1997,0,0
2248400611,0,0,0,0,0,0,6988,0,0,2248477611,0,0,0,0,0,0,-2041,0,0
2249520611,0,0,0,0,0,0,216,0,0,2249597611,0,0,0,0,0,0,624,0,0
2250640611,0,0,0,0,0,0,223,0,0,2250717611,0,0,0,0,0,0,582,0,0
2251760611,0,0,0,0,0,0,202,0,0,2251837611,0,0,0,0,0,0,587,0,0
2252880611,0,0,0,0,0,0,244,0,0,2252957611,0,0,0,0,0,0,624,0,0
2254000611,0,0,0,0,0,0,235,0,0,2254077611,0,0,0,0,0,0,617,0,0
2255120611,0,0,0,0,0,0,241,0,0,2255197611,0,0,0,0,0,0,643,0,0
2256240611,0,0,0,0,0,0,224,0,0,2256317611,0,0,0,0,0,0,620,0,0
2257360611,0,0,0,0,0,0,268,0,0,2257437611,0,0,0,0,0,0,565,0,0
2258480611,0,0,0,0,0,0,6986,0,0,2258557611,0,0,0,0,0,0,-2014,0,0
2259600611,0,0,0,0,0,0,6974,0,0,2259677611,0,0,0,0,0,0,-2058,0,0
2260720611,0,0,0,0,0,0,6967,0,0,2260797611,0,0,0,0,0,0,-2081,0,0
2261840611,0,0,0,0,0,0,7013,0,0,2261917611,0,0,0,0,0,0,-2065,0,0
2262960611,0,0,0,0,0,0,6991,0,0,2263037611,0,0,0,0,0,0,-2010,0,0
2264080611,0,0,0,0,0,0,7011,0,0,2264157611,0,0,0,0,0,0,-2028,0,0
2265200611,0,0,0,0,0,0,6973,0,0,2265277611,0,0,0,0,0,0,-1998,0,0
2266320611,0,0,0,0,0,0,6952,0,0,2266397611,0,0,0,0,0,0,-1960,0,0
2267440611,0,0,0,0,0,0,233,0,0,2267517611,0,0,0,0,0,0,585,0,0
2268560611,0,0,0,0,0,0,264,0,0,2268637611,0,0,0,0,0,0,621,0,0
2269680611,0,0,0,0,0,0,237,0,0,2269757611,0,0,0,0,0,0,607,0,0
2270800611,0,0,0,0,0,0,237,0,0,2270877611,0,0,0,0,0,0,590,0,0
2271920611,0,0,0,0,0,0,210,0,0,2271997611,0,0,0,0,0,0,590,0,0
2273040611,0,0,0,0,0,0,229,0,0,2273117611,0,0,0,0,0,0,628,0,0
2274160611,0,0,0,0,0,0,252,0,0,2274237611,0,0,0,0,0,0,652,0,0
2275280611,0,0,0,0,0,0,177,0,0,2275357611,0,0,0,0,0,0,612,0,0
2276400611,0,0,0,0,0,0,7000,0,0,2276477611,0,0,0,0,0,0,-2031,0,0
2277520611,0,0,0,0,0,0,6969,0,0,2277597611,0,0,0,0,0,0,-2065,0,0
2278640611,0,0,0,0,0,0,6973,0,0,2278717611,0,0,0,0,0,0,-2004,0,0
2279760611,0,0,0,0,0,0,6979,0,0,2279837611,0,0,0,0,0,0,-2014,0,0
2280880611,0,0,0,0,0,0,6968,0,0,2280957611,0,0,0,0,0,0,-2041,0,0
2282000611,0,0,0,0,0,0,7033,0,0,2282077611,0,0,0,0,0,0,-2035,0,0
2283120611,0,0,0,0,0,0,6990,0,0,2283197611,0,0,0,0,0,0,-2012,0,0
2284240611,0,0,0,0,0,0,7008,0,0,2284317611,0,0,0,0,0,0,-2047,0,0
2285360611,0,0,0,0,0,0,234,0,0,2285437611,0,0,0,0,0,0,576,0,0
2286480611,0,0,0,0,0,0,254,0,0,2286557611,0,0,0,0,0,0,629,0,0
2287600611,0,0,0,0,0,0,289,0,0,2287677611,0,0,0,0,0,0,556,0,0
2288720611,0,0,0,0,0,0,219,0,0,2288797611,0,0,0,0,0,0,585,0,0
2289840611,0,0,0,0,0,0,245,0,0,2289917611,0,0,0,0,0,0,594,0,0
2290960611,0,0,0,0,0,0,208,0,0,2291037611,0,0,0,0,0,0,583,0,0
2292080611,0,0,0,0,0,0,255,0,0,2292157611,0,0,0,0,0,0,560,0,0
2293200611,0,0,0,0,0,0,275,0,0,2293277611,0,0,0,0,0,0,644,0,0
2294320611,0,0,0,0,0,0,6987,0,0,2294397611,0,0,0,0,0,0,-2063,0,0
2295440611,0,0,0,0,0,0,6970,0,0,2295517611,0,0,0,0,0,0,-2038,0,0
2296560611,0,0,0,0,0,0,6999,0,0,2296637611,0,0,0,0,0,0,-2056,0,0
2297680611,0,0,0,0,0,0,6977,0,0,2297757611,0,0,0,0,0,0,-2000,0,0
2298800611,0,0,0,0,0,0,6998,0,0,2298877611,0,0,0,0,0,0,-2051,0,0
2299920611,0,0,0,0,0,0,6985,0,0,2299997611,0,0,0,0,0,0,-2012,0,0
2301040611,0,0,0,0,0,0,6963,0,0,2301117611,0,0,0,0,0,0,-2049,0,0
2302160611,0,0,0,0,0,0,6983,0,0,2302237611,0,0,0,0,0,0,-2071,0,0
2303280611,0,0,0,0,0,0,272,0,0,2303357611,0,0,0,0,0,0,604,0,0
2304400611,0,0,0,0,0,0,240,0,0,2304477611,0,0,0,0,0,0,667,0,0
2305520611,0,0,0,0,0,0,258,0,0,2305597611,0,0,0,0,0,0,570,0,0
2306640611,0,0,0,0,0,0,233,0,0,2306717611,0,0,0,0,0,0,646,0,0
2307760611,0,0,0,0,0,0,244,0,0,2307837611,0,0,0,0,0,0,602,0,0
2308880611,0,0,0,0,0,0,298,0,0,2308957611,0,0,0,0,0,0,642,0,0
2310000611,0,0,0,0,0,0,257,0,0,2310077611,0,0,0,0,0,0,641,0,0
2311120611,0,0,0,0,0,0,250,0,0,2311197611,0,0,0,0,0,0,597,0,0
2312240611,0,0,0,0,0,0,7011,0,0,2312317611,0,0,0,0,0,0,-2026,0,0
2313360611,0,0,0,0,0,0,6988,0,0,2313437611,0,0,0,0,0,0,-2075,0,0
2314480611,0,0,0,0,0,0,6968,0,0,2314557611,0,0,0,0,0,0,-1975,0,0
2315600611,0,0,0,0,0,0,6958,0,0,2315677611,0,0,0,0,0,0,-2060,0,0
2316720611,0,0,0,0,0,0,6997,0,0,2316797611,0,0,0,0,0,0,-2022,0,0
2317840611,0,0,0,0,0,0,6964,0,0,2317917611,0,0,0,0,0,0,-2102,0,0
2318960611,0,0,0,0,0,0,6953,0,0,2319037611,0,0,0,0,0,0,-2024,0,0
2320080611,0,0,0,0,0,0,7000,0,0,2320157611,0,0,0,0,0,0,-2041,0,0
2321200611,0,0,0,0,0,0,245,0,0,2321277611,0,0,0,0,0,0,622,0,0
2322320611,0,0,0,0,0,0,243,0,0,2322397611,0,0,0,0,0,0,604,0,0
2323440611,0,0,0,0,0,0,232,0,0,2323517611,0,0,0,0,0,0,630,0,0
2324560611,0,0,0,0,0,0,249,0,0,2324637611,0,0,0,0,0,0,618,0,0
2325680611,0,0,0,0,0,0,201,0,0,2325757611,0,0,0,0,0,0,583,0,0
2326800611,0,0,0,0,0,0,191,0,0,2326877611,0,0,0,0,0,0,604,0,0
2327920611,0,0,0,0,0,0,198,0,0,2327997611,0,0,0,0,0,0,653,0,0
2329040611,0,0,0,0,0,0,247,0,0,2329117611,0,0,0,0,0,0,618,0,0
2330160611,0,0,0,0,0,0,6988,0,0,2330237611,0,0,0,0,0,0,-2020,0,0
2331280611,0,0,0,0,0,0,6960,0,0,2331357611,0,0,0,0,0,0,-2023,0,0
2332400611,0,0,0,0,0,0,6971,0,0,2332477611,0,0,0,0,0,0,-2004,0,0
2333520611,0,0,0,0,0,0,6978,0,0,2333597611,0,0,0,0,0,0,-2020,0,0
2334640611,0,0,0,0,0,0,6989,0,0,2334717611,0,0,0,0,0,0,-2013,0,0
2335760611,0,0,0,0,0,0,6964,0,0,2335837611,0,0,0,0,0,0,-2040,0,0
2336880611,0,0,0,0,0,0,6961,0,0,2336957611,0,0,0,0,0,0,-2028,0,0
2338000611,0,0,0,0,0,0,6977,0,0,2338077611,0,0,0,0,0,0,-2060,0,0
2339120611,0,0,0,0,0,0,252,0,0,2339197611,0,0,0,0,0,0,600,0,0
2340240611,0,0,0,0,0,0,250,0,0,2340317611,0,0,0,0,0,0,619,0,0
2341360611,0,0,0,0,0,0,263,0,0,2341437611,0,0,0,0,0,0,618,0,0
2342480611,0,0,0,0,0,0,259,0,0,2342557611,0,0,0,0,0,0,614,0,0
2343600611,0,0,0,0,0,0,227,0,0,2343677611,0,0,0,0,0,0,649,0,0
2344720611,0,0,0,0,0,0,259,0,0,2344797611,0,0,0,0,0,0,645,0,0
2345840611,0,0,0,0,0,0,259,0,0,2345917611,0,0,0,0,0,0,642,0,0
2346960611,0,0,0,0,0,0,270,0,0,2347037611,0,0,0,0,0,0,618,0,0
2348080611,0,0,0,0,0,0,6955,0,0,2348157611,0,0,0,0,0,0,-2008,0,0
2349200611,0,0,0,0,0,0,7002,0,0,2349277611,0,0,0,0,0,0,-2029,0,0
2350320611,0,0,0,0,0,0,6959,0,0,2350397611,0,0,0,0,0,0,-2033,0,0
2351440611,0,0,0,0,0,0,6972,0,0,2351517611,0,0,0,0,0,0,-2079,0,0
2352560611,0,0,0,0,0,0,6994,0,0,2352637611,0,0,0,0,0,0,-2021,0,0
2353680611,0,0,0,0,0,0,6979,0,0,2353757611,0,0,0,0,0,0,-2042,0,0
2354800611,0,0,0,0,0,0,6986,0,0,2354877611,0,0,0,0,0,0,-2025,0,0
2355920611,0,0,0,0,0,0,7027,0,0,2355997611,0,0,0,0,0,0,-2059,0,0
2357040611,0,0,0,0,0,0,311,0,0,2357117611,0,0,0,0,0,0,610,0,0
2358160611,0,0,0,0,0,0,248,0,0,2358237611,0,0,0,0,0,0,632,0,0
2359280611,0,0,0,0,0,0,225,0,0,2359357611,0,0,0,0,0,0,626,0,0
2360400611,0,0,0,0,0,0,251,0,0,2360477611,0,0,0,0,0,0,583,0,0
2361520611,0,0,0,0,0,0,225,0,0,2361597611,0,0,0,0,0,0,602,0,0
2362640611,0,0,0,0,0,0,203,0,0,2362717611,0,0,0,0,0,0,620,0,0
2363760611,0,0,0,0,0,0,235,0,0,2363837611,0,0,0,0,0,0,593,0,0
2364880611,0,0,0,0,0,0,232,0,0,2364957611,0,0,0,0,0,0,650,0,0
2366000611,0,0,0,0,0,0,6954,0,0,2366077611,0,0,0,0,0,0,-2050,0,0
2367120611,0,0,0,0,0,0,6981,0,0,2367197611,0,0,0,0,0,0,-2053,0,0
2368240611,0,0,0,0,0,0,7004,0,0,2368317611,0,0,0,0,0,0,-2021,0,0
2369360611,0,0,0,0,0,0,6940,0,0,2369437611,0,0,0,0,0,0,-2004,0,0
2370480611,0,0,0,0,0,0,7002,0,0,2370557611,0,0,0,0,0,0,-1988,0,0
2371600611,0,0,0,0,0,0,6975,0,0,2371677611,0,0,0,0,0,0,-1999,0,0
2372720611,0,0,0,0,0,0,6967,0,0,2372797611,0,0,0,0,0,0,-2071,0,0
2373840611,0,0,0,0,0,0,6974,0,0,2373917611,0,0,0,0,0,0,-2034,0,0
2374960611,0,0,0,0,0,0,211,0,0,2375037611,0,0,0,0,0,0,608,0,0
2376080611,0,0,0,0,0,0,232,0,0,2376157611,0,0,0,0,0,0,605,0,0
2377200611,0,0,0,0,0,0,253,0,0,2377277611,0,0,0,0,0,0,604,0,0
2378320611,0,0,0,0,0,0,227,0,0,2378397611,0,0,0,0,0,0,574,0,0
2379440611,0,0,0,0,0,0,217,0,0,2379517611,0,0,0,0,0,0,584,0,0
2380560611,0,0,0,0,0,0,207,0,0,2380637611,0,0,0,0,0,0,579,0,0
2381680611,0,0,0,0,0,0,205,0,0,2381757611,0,0,0,0,0,0,599,0,0
2382800611,0,0,0,0,0,0,230,0,0,2382877611,0,0,0,0,0,0,567,0,0
2383920611,0,0,0,0,0,0,6946,0,0,2383997611,0,0,0,0,0,0,-2049,0,0
2385040611,0,0,0,0,0,0,6978,0,0,2385117611,0,0,0,0,0,0,-2040,0,0
2386160611,0,0,0,0,0,0,6969,0,0,2386237611,0,0,0,0,0,0,-2005,0,0
2387280611,0,0,0,0,0,0,6982,0,0,2387357611,0,0,0,0,0,0,-2051,0,0
2388400611,0,0,0,0,0,0,6988,0,0,2388477611,0,0,0,0,0,0,-2011,0,0
2389520611,0,0,0,0,0,0,6976,0,0,2389597611,0,0,0,0,0,0,-2059,0,0
2390640611,0,0,0,0,0,0,6971,0,0,2390717611,0,0,0,0,0,0,-2075,0,0
2391760611,0,0,0,0,0,0,7011,0,0,2391837611,0,0,0,0,0,0,-1967,0,0
2392880611,0,0,0,0,0,0,227,0,0,2392957611,0,0,0,0,0,0,625,0,0
2394000611,0,0,0,0,0,0,237,0,0,2394077611,0,0,0,0,0,0,627,0,0
2395120611,0,0,0,0,0,0,201,0,0,2395197611,0,0,0,0,0,0,620,0,0
2396240611,0,0,0,0,0,0,233,0,0,2396317611,0,0,0,0,0,0,648,0,0
2397360611,0,0,0,0,0,0,245,0,0,2397437611,0,0,0,0,0,0,588,0,0
2398480611,0,0,0,0,0,0,249,0,0,2398557611,0,0,0,0,0,0,632,0,0
2399600611,0,0,0,0,0,0,269,0,0,2399677611,0,0,0,0,0,0,670,0,0
2400720611,0,0,0,0,0,0,212,0,0,2400797611,0,0,0,0,0,0,546,0,0
2401840611,0,0,0,0,0,0,6872,0,0,2401917611,0,0,0,0,0,0,-2027,0,0
2402960611,0,0,0,0,0,0,6979,0,0,2403037611,0,0,0,0,0,0,-2068,0,0
2404080611,0,0,0,0,0,0,6983,0,0,2404157611,0,0,0,0,0,0,-2031,0,0
2405200611,0,0,0,0,0,0,6932,0,0,2405277611,0,0,0,0,0,0,-1972,0,0
2406320611,0,0,0,0,0,0,7038,0,0,2406397611,0,0,0,0,0,0,-2008,0,0
2407440611,0,0,0,0,0,0,7029,0,0,2407517611,0,0,0,0,0,0,-2010,0,0
2408560611,0,0,0,0,0,0,6983,0,0,2408637611,0,0,0,0,0,0,-2033,0,0
2409680611,0,0,0,0,0,0,6992,0,0,2409757611,0,0,0,0,0,0,-2048,0,0
2410800611,0,0,0,0,0,0,231,0,0,2410877611,0,0,0,0,0,0,574,0,0
2411920611,0,0,0,0,0,0,246,0,0,2411997611,0,0,0,0,0,0,622,0,0
2413040611,0,0,0,0,0,0,208,0,0,2413117611,0,0,0,0,0,0,618,0,0
2414160611,0,0,0,0,0,0,245,0,0,2414237611,0,0,0,0,0,0,597,0,0
2415280611,0,0,0,0,0,0,223,0,0,2415357611,0,0,0,0,0,0,603,0,0
2416400611,0,0,0,0,0,0,267,0,0,2416477611,0,0,0,0,0,0,637,0,0
2417520611,0,0,0,0,0,0,207,0,0,2417597611,0,0,0,0,0,0,662,0,0
2418640611,0,0,0,0,0,0,269,0,0,2418717611,0,0,0,0,0,0,585,0,0
2419760611,0,0,0,0,0,0,6794,0,0,2419837611,0,0,0,0,0,0,-1990,0,0
2420880611,0,0,0,0,0,0,6985,0,0,2420957611,0,0,0,0,0,0,-2061,0,0
2422000611,0,0,0,0,0,0,6999,0,0,2422077611,0,0,0,0,0,0,-2041,0,0
2423120611,0,0,0,0,0,0,6962,0,0,2423197611,0,0,0,0,0,0,-2023,0,0
2424240611,0,0,0,0,0,0,6959,0,0,2424317611,0,0,0,0,0,0,-2063,0,0
2425360611,0,0,0,0,0,0,6976,0,0,2425437611,0,0,0,0,0,0,-2065,0,0
2426480611,0,0,0,0,0,0,6968,0,0,2426557611,0,0,0,0,0,0,-2047,0,0
2427600611,0,0,0,0,0,0,6983,0,0,2427677611,0,0,0,0,0,0,-2042,0,0
2428720611,0,0,0,0,0,0,257,0,0,2428797611,0,0,0,0,0,0,601,0,0
2429840611,0,0,0,0,0,0,236,0,0,2429917611,0,0,0,0,0,0,618,0,0
2430960611,0,0,0,0,0,0,200,0,0,2431037611,0,0,0,0,0,0,623,0,0
2432080611,0,0,0,0,0,0,241,0,0,2432157611,0,0,0,0,0,0,592,0,0
2433200611,0,0,0,0,0,0,223,0,0,2433277611,0,0,0,0,0,0,600,0,0
2434320611,0,0,0,0,0,0,248,0,0,2434397611,0,0,0,0,0,0,614,0,0
2435440611,0,0,0,0,0,0,254,0,0,2435517611,0,0,0,0,0,0,595,0,0
2436560611,0,0,0,0,0,0,228,0,0,2436637611,0,0,0,0,0,0,630,0,0
2437680611,0,0,0,0,0,0,6576,0,0,2437757611,0,0,0,0,0,0,-2014,0,0
2438800611,0,0,0,0,0,0,6978,0,0,2438877611,0,0,0,0,0,0,-2035,0,0
2439920611,0,0,0,0,0,0,6993,0,0,2439997611,0,0,0,0,0,0,-2003,0,0
2441040611,0,0,0,0,0,0,7006,0,0,2441117611,0,0,0,0,0,0,-2017,0,0
2442160611,0,0,0,0,0,0,6994,0,0,2442237611,0,0,0,0,0,0,-2064,0,0
2443280611,0,0,0,0,0,0,6997,0,0,2443357611,0,0,0,0,0,0,-2026,0,0
2444400611,0,0,0,0,0,0,6994,0,0,2444477611,0,0,0,0,0,0,-2057,0,0
2445520611,0,0,0,0,0,0,6947,0,0,2445597611,0,0,0,0,0,0,-2010,0,0
2446640611,0,0,0,0,0,0,263,0,0,2446717611,0,0,0,0,0,0,570,0,0
2447760611,0,0,0,0,0,0,249,0,0,2447837611,0,0,0,0,0,0,573,0,0
2448880611,0,0,0,0,0,0,201,0,0,2448957611,0,0,0,0,0,0,592,0,0
2450000611,0,0,0,0,0,0,276,0,0,2450077611,0,0,0,0,0,0,589,0,0
2451120611,0,0,0,0,0,0,215,0,0,2451197611,0,0,0,0,0,0,617,0,0
2452240611,0,0,0,0,0,0,263,0,0,2452317611,0,0,0,0,0,0,604,0,0
2453360611,0,0,0,0,0,0,242,0,0,2453437611,0,0,0,0,0,0,627,0,0
2454480611,0,0,0,0,0,0,236,0,0,2454557611,0,0,0,0,0,0,592,0,0
2455600611,0,0,0,0,0,0,6232,0,0,2455677611,0,0,0,0,0,0,-1979,0,0
2456720611,0,0,0,0,0,0,6960,0,0,2456797611,0,0,0,0,0,0,-2040,0,0
2457840611,0,0,0,0,0,0,6998,0,0,2457917611,0,0,0,0,0,0,-2031,0,0
2458960611,0,0,0,0,0,0,6974,0,0,2459037611,0,0,0,0,0,0,-2049,0,0
2460080611,0,0,0,0,0,0,6986,0,0,2460157611,0,0,0,0,0,0,-1999,0,0
2461200611,0,0,0,0,0,0,6975,0,0,2461277611,0,0,0,0,0,0,-2038,0,0
2462320611,0,0,0,0,0,0,6990,0,0,2462397611,0,0,0,0,0,0,-2020,0,0
2463440611,0,0,0,0,0,0,7000,0,0,2463517611,0,0,0,0,0,0,-2053,0,0
2464560611,0,0,0,0,0,0,473,0,0,2464637611,0,0,0,0,0,0,601,0,0
2465680611,0,0,0,0,0,0,216,0,0,2465757611,0,0,0,0,0,0,590,0,0
2466800611,0,0,0,0,0,0,245,0,0,2466877611,0,0,0,0,0,0,590,0,0
2467920611,0,0,0,0,0,0,260,0,0,2467997611,0,0,0,0,0,0,645,0,0
2469040611,0,0,0,0,0,0,256,0,0,2469117611,0,0,0,0,0,0,603,0,0
2470160611,0,0,0,0,0,0,246,0,0,2470237611,0,0,0,0,0,0,661,0,0
2471280611,0,0,0,0,0,0,210,0,0,2471357611,0,0,0,0,0,0,649,0,0
2472400611,0,0,0,0,0,0,202,0,0,2472477611,0,0,0,0,0,0,658,0,0
2473520611,0,0,0,0,0,0,5439,0,0,2473597611,0,0,0,0,0,0,-1963,0,0
2474640611,0,0,0,0,0,0,6980,0,0,2474717611,0,0,0,0,0,0,-2015,0,0
2475760611,0,0,0,0,0,0,6972,0,0,2475837611,0,0,0,0,0,0,-2052,0,0
2476880611,0,0,0,0,0,0,6960,0,0,2476957611,0,0,0,0,0,0,-2032,0,0
2478000611,0,0,0,0,0,0,6982,0,0,2478077611,0,0,0,0,0,0,-2053,0,0
2479120611,0,0,0,0,0,0,6968,0,0,2479197611,0,0,0,0,0,0,-2020,0,0
2480240611,0,0,0,0,0,0,6968,0,0,2480317611,0,0,0,0,0,0,-2003,0,0
2481360611,0,0,0,0,0,0,6981,0,0,2481437611,0,0,0,0,0,0,-1997,0,0
2482480611,0,0,0,0,0,0,1578,0,0,2482557611,0,0,0,0,0,0,558,0,0
2483600611,0,0,0,0,0,0,243,0,0,2483677611,0,0,0,0,0,0,585,0,0
2484720611,0,0,0,0,0,0,276,0,0,2484797611,0,0,0,0,0,0,577,0,0
2485840611,0,0,0,0,0,0,274,0,0,2485917611,0,0,0,0,0,0,585,0,0
2486960611,0,0,0,0,0,0,260,0,0,2487037611,0,0,0,0,0,0,564,0,0
2488080611,0,0,0,0,0,0,218,0,0,2488157611,0,0,0,0,0,0,642,0,0
2489200611,0,0,0,0,0,0,253,0,0,2489277611,0,0,0,0,0,0,550,0,0
2490320611,0,0,0,0,0,0,237,0,0,2490397611,0,0,0,0,0,0,578,0,0
2491440611,0,0,0,0,0,0,3656,0,0,2491517611,0,0,0,0,0,0,-1825,0,0
2492560611,0,0,0,0,0,0,7003,0,0,2492637611,0,0,0,0,0,0,-1998,0,0
2493680611,0,0,0,0,0,0,6959,0,0,2493757611,0,0,0,0,0,0,-2040,0,0
2494800611,0,0,0,0,0,0,6961,0,0,2494877611,0,0,0,0,0,0,-2026,0,0
2495920611,0,0,0,0,0,0,7005,0,0,2495997611,0,0,0,0,0,0,-2013,0,0
2497040611,0,0,0,0,0,0,7004,0,0,2497117611,0,0,0,0,0,0,-2043,0,0
2498160611,0,0,0,0,0,0,7000,0,0,2498237611,0,0,0,0,0,0,-2032,0,0
2499280611,0,0,0,0,0,0,6988,0,0,2499357611,0,0,0,0,0,0,-1987,0,0
2500400611,0,0,0,0,0,0,4732,0,0,2500477611,0,0,0,0,0,0,576,0,0
2501520611,0,0,0,0,0,0,218,0,0,2501597611,0,0,0,0,0,0,629,0,0
2502640611,0,0,0,0,0,0,249,0,0,2502717611,0,0,0,0,0,0,615,0,0
2503760611,0,0,0,0,0,0,253,0,0,2503837611,0,0,0,0,0,0,598,0,0
2504880611,0,0,0,0,0,0,224,0,0,2504957611,0,0,0,0,0,0,615,0,0
2506000611,0,0,0,0,0,0,232,0,0,2506077611,0,0,0,0,0,0,570,0,0
2507120611,0,0,0,0,0,0,295,0,0,2507197611,0,0,0,0,0,0,591,0,0
2508240611,0,0,0,0,0,0,209,0,0,2508317611,0,0,0,0,0,0,635,0,0
2509360611,0,0,0,0,0,0,242,0,0,2509437611,0,0,0,0,0,0,-1637,0,0
2510480611,0,0,0,0,0,0,7020,0,0,2510557611,0,0,0,0,0,0,-2077,0,0
2511600611,0,0,0,0,0,0,6957,0,0,2511677611,0,0,0,0,0,0,-2033,0,0
2512720611,0,0,0,0,0,0,6985,0,0,2512797611,0,0,0,0,0,0,-2037,0,0
2513840611,0,0,0,0,0,0,7005,0,0,2513917611,0,0,0,0,0,0,-2031,0,0
2514960611,0,0,0,0,0,0,6953,0,0,2515037611,0,0,0,0,0,0,-2043,0,0
2516080611,0,0,0,0,0,0,6954,0,0,2516157611,0,0,0,0,0,0,-2036,0,0
2517200611,0,0,0,0,0,0,6969,0,0,2517277611,0,0,0,0,0,0,-2051,0,0
2518320611,0,0,0,0,0,0,7001,0,0,2518397611,0,0,0,0,0,0,439,0,0
2519440611,0,0,0,0,0,0,262,0,0,2519517611,0,0,0,0,0,0,626,0,0
2520560611,0,0,0,0,0,0,238,0,0,2520637611,0,0,0,0,0,0,621,0,0
2521680611,0,0,0,0,0,0,223,0,0,2521757611,0,0,0,0,0,0,576,0,0
2522800611,0,0,0,0,0,0,230,0,0,2522877611,0,0,0,0,0,0,624,0,0
2523920611,0,0,0,0,0,0,234,0,0,2523997611,0,0,0,0,0,0,609,0,0
2525040611,0,0,0,0,0,0,279,0,0,2525117611,0,0,0,0,0,0,638,0,0
2526160611,0,0,0,0,0,0,233,0,0,2526237611,0,0,0,0,0,0,671,0,0
2527280611,0,0,0,0,0,0,256,0,0,2527357611,0,0,0,0,0,0,-1210,0,0
2528400611,0,0,0,0,0,0,6954,0,0,2528477611,0,0,0,0,0,0,-1970,0,0
2529520611,0,0,0,0,0,0,6947,0,0,2529597611,0,0,0,0,0,0,-2047,0,0
2530640611,0,0,0,0,0,0,6926,0,0,2530717611,0,0,0,0,0,0,-2044,0,0
2531760611,0,0,0,0,0,0,7021,0,0,2531837611,0,0,0,0,0,0,-2031,0,0
2532880611,0,0,0,0,0,0,6967,0,0,2532957611,0,0,0,0,0,0,-2001,0,0
2534000611,0,0,0,0,0,0,6998,0,0,2534077611,0,0,0,0,0,0,-2027,0,0
2535120611,0,0,0,0,0,0,6961,0,0,2535197611,0,0,0,0,0,0,-2038,0,0
2536240611,0,0,0,0,0,0,6967,0,0,2536317611,0,0,0,0,0,0,-292,0,0
2537360611,0,0,0,0,0,0,287,0,0,2537437611,0,0,0,0,0,0,614,0,0
2538480611,0,0,0,0,0,0,253,0,0,2538557611,0,0,0,0,0,0,591,0,0
2539600611,0,0,0,0,0,0,255,0,0,2539677611,0,0,0,0,0,0,654,0,0
2540720611,0,0,0,0,0,0,250,0,0,2540797611,0,0,0,0,0,0,661,0,0
2541840611,0,0,0,0,0,0,228,0,0,2541917611,0,0,0,0,0,0,585,0,0
2542960611,0,0,0,0,0,0,259,0,0,2543037611,0,0,0,0,0,0,639,0,0
2544080611,0,0,0,0,0,0,235,0,0,2544157611,0,0,0,0,0,0,606,0,0
2545200611,0,0,0,0,0,0,219,0,0,2545277611,0,0,0,0,0,0,572,0,0
2546320611,0,0,0,0,0,0,240,0,0,2546397611,0,0,0,0,0,0,580,0,0
2547440611,0,0,0,0,0,0,257,0,0,2547517611,0,0,0,0,0,0,602,0,0
2548560611,0,0,0,0,0,0,292,0,0,2548637611,0,0,0,0,0,0,588,0,0
2549680611,0,0,0,0,0,0,253,0,0,2549757611,0,0,0,0,0,0,562,0,0
2550800611,0,0,0,0,0,0,222,0,0,2550877611,0,0,0,0,0,0,610,0,0
2551920611,0,0,0,0,0,0,224,0,0,2551997611,0,0,0,0,0,0,622,0,0
2553040611,0,0,0,0,0,0,270,0,0,2553117611,0,0,0,0,0,0,604,0,0
2554160611,0,0,0,0,0,0,252,0,0,2554237611,0,0,0,0,0,0,642,0,0
2555280611,0,0,0,0,0,0,249,0,0,2555357611,0,0,0,0,0,0,680,0,0
2556400611,0,0,0,0,0,0,223,0,0,2556477611,0,0,0,0,0,0,574,0,0
2557520611,0,0,0,0,0,0,208,0,0,2557597611,0,0,0,0,0,0,654,0,0
2558640611,0,0,0,0,0,0,244,0,0,2558717611,0,0,0,0,0,0,575,0,0
2559760611,0,0,0,0,0,0,217,0,0,2559837611,0,0,0,0,0,0,583,0,0
2560880611,0,0,0,0,0,0,283,0,0,2560957611,0,0,0,0,0,0,605,0,0
2562000611,0,0,0,0,0,0,223,0,0,2562077611,0,0,0,0,0,0,635,0,0
2563120611,0,0,0,0,0,0,206,0,0,2563197611,0,0,0,0,0,0,598,0,0
2564240611,0,0,0,0,0,0,252,0,0,2564317611,0,0,0,0,0,0,596,0,0
2565360611,0,0,0,0,0,0,216,0,0,2565437611,0,0,0,0,0,0,588,0,0
2566480611,0,0,0,0,0,0,234,0,0,2566557611,0,0,0,0,0,0,627,0,0
2567600611,0,0,0,0,0,0,194,0,0,2567677611,0,0,0,0,0,0,613,0,0
2568720611,0,0,0,0,0,0,255,0,0,2568797611,0,0,0,0,0,0,625,0,0
2569840611,0,0,0,0,0,0,241,0,0,2569917611,0,0,0,0,0,0,615,0,0
2570960611,0,0,0,0,0,0,249,0,0,2571037611,0,0,0,0,0,0,576,0,0
2572080611,0,0,0,0,0,0,257,0,0,2572157611,0,0,0,0,0,0,562,0,0
2573200611,0,0,0,0,0,0,253,0,0,2573277611,0,0,0,0,0,0,580,0,0
2574320611,0,0,0,0,0,0,242,0,0,2574397611,0,0,0,0,0,0,632,0,0
2575440611,0,0,0,0,0,0,260,0,0,2575517611,0,0,0,0,0,0,581,0,0
2576560611,0,0,0,0,0,0,241,0,0,2576637611,0,0,0,0,0,0,580,0,0
2577680611,0,0,0,0,0,0,241,0,0,2577757611,0,0,0,0,0,0,586,0,0
2578800611,0,0,0,0,0,0,234,0,0,2578877611,0,0,0,0,0,0,603,0,0
2579920611,0,0,0,0,0,0,203,0,0,2579997611,0,0,0,0,0,0,614,0,0
2581040611,0,0,0,0,0,0,215,0,0,2581117611,0,0,0,0,0,0,611,0,0
2582160611,0,0,0,0,0,0,244,0,0,2582237611,0,0,0,0,0,0,611,0,0
2583280611,0,0,0,0,0,0,250,0,0,2583357611,0,0,0,0,0,0,560,0,0
2584400611,0,0,0,0,0,0,247,0,0,2584477611,0,0,0,0,0,0,606,0,0
2585520611,0,0,0,0,0,0,227,0,0,2585597611,0,0,0,0,0,0,628,0,0
2586640611,0,0,0,0,0,0,208,0,0,2586717611,0,0,0,0,0,0,604,0,0
2587760611,0,0,0,0,0,0,260,0,0,2587837611,0,0,0,0,0,0,583,0,0
2588880611,0,0,0,0,0,0,241,0,0,2588957611,0,0,0,0,0,0,608,0,0
2590000611,0,0,0,0,0,0,260,0,0,2590077611,0,0,0,0,0,0,588,0,0
2591120611,0,0,0,0,0,0,237,0,0,2591197611,0,0,0,0,0,0,604,0,0
2592240611,0,0,0,0,0,0,253,0,0,2592317611,0,0,0,0,0,0,607,0,0
2593360611,0,0,0,0,0,0,256,0,0,2593437611,0,0,0,0,0,0,662,0,0
2594480611,0,0,0,0,0,0,216,0,0,2594557611,0,0,0,0,0,0,600,0,0
2595600611,0,0,0,0,0,0,238,0,0,2595677611,0,0,0,0,0,0,604,0,0
2596720611,0,0,0,0,0,0,214,0,0,2596797611,0,0,0,0,0,0,637,0,0
2597840611,0,0,0,0,0,0,238,0,0,2597917611,0,0,0,0,0,0,624,0,0
2598960611,0,0,0,0,0,0,281,0,0,2599037611,0,0,0,0,0,0,603,0,0
2600080611,0,0,0,0,0,0,243,0,0,2600157611,0,0,0,0,0,0,648,0,0
2601200611,0,0,0,0,0,0,268,0,0,2601277611,0,0,0,0,0,0,591,0,0
2602320611,0,0,0,0,0,0,253,0,0,2602397611,0,0,0,0,0,0,606,0,0
2603440611,0,0,0,0,0,0,230,0,0,2603517611,0,0,0,0,0,0,581,0,0
2604560611,0,0,0,0,0,0,225,0,0,2604637611,0,0,0,0,0,0,572,0,0
2605680611,0,0,0,0,0,0,233,0,0,2605757611,0,0,0,0,0,0,584,0,0
2606800611,0,0,0,0,0,0,214,0,0,2606877611,0,0,0,0,0,0,608,0,0
2607920611,0,0,0,0,0,0,222,0,0,2607997611,0,0,0,0,0,0,595,0,0
2609040611,0,0,0,0,0,0,212,0,0,2609117611,0,0,0,0,0,0,604,0,0
2610160611,0,0,0,0,0,0,284,0,0,2610237611,0,0,0,0,0,0,625,0,0
2611280611,0,0,0,0,0,0,234,0,0,2611357611,0,0,0,0,0,0,590,0,0
2612400611,0,0,0,0,0,0,262,0,0,2612477611,0,0,0,0,0,0,599,0,0
2613520611,0,0,0,0,0,0,252,0,0,2613597611,0,0,0,0,0,0,675,0,0
2614640611,0,0,0,0,0,0,215,0,0,2614717611,0,0,0,0,0,0,584,0,0
2615760611,0,0,0,0,0,0,260,0,0,2615837611,0,0,0,0,0,0,577,0,0
2616880611,0,0,0,0,0,0,235,0,0,2616957611,0,0,0,0,0,0,587,0,0
2618000611,0,0,0,0,0,0,245,0,0,2618077611,0,0,0,0,0,0,627,0,0
2619120611,0,0,0,0,0,0,249,0,0,2619197611,0,0,0,0,0,0,570,0,0
2620240611,0,0,0,0,0,0,209,0,0,2620317611,0,0,0,0,0,0,597,0,0
2621360611,0,0,0,0,0,0,222,0,0,2621437611,0,0,0,0,0,0,588,0,0
2622480611,0,0,0,0,0,0,210,0,0,2622557611,0,0,0,0,0,0,634,0,0
2623600611,0,0,0,0,0,0,243,0,0,2623677611,0,0,0,0,0,0,571,0,0
2624720611,0,0,0,0,0,0,188,0,0,2624797611,0,0,0,0,0,0,584,0,0
2625840611,0,0,0,0,0,0,188,0,0,2625917611,0,0,0,0,0,0,644,0,0
2626960611,0,0,0,0,0,0,199,0,0,2627037611,0,0,0,0,0,0,678,0,0
2628080611,0,0,0,0,0,0,233,0,0,2628157611,0,0,0,0,0,0,557,0,0
2629200611,0,0,0,0,0,0,207,0,0,2629277611,0,0,0,0,0,0,602,0,0
2630320611,0,0,0,0,0,0,222,0,0,2630397611,0,0,0,0,0,0,604,0,0
2631440611,0,0,0,0,0,0,258,0,0,2631517611,0,0,0,0,0,0,633,0,0
2632560611,0,0,0,0,0,0,187,0,0,2632637611,0,0,0,0,0,0,625,0,0
2633680611,0,0,0,0,0,0,219,0,0,2633757611,0,0,0,0,0,0,622,0,0
2634800611,0,0,0,0,0,0,255,0,0,2634877611,0,0,0,0,0,0,567,0,0
2635920611,0,0,0,0,0,0,227,0,0,2635997611,0,0,0,0,0,0,611,0,0
2637040611,0,0,0,0,0,0,230,0,0,2637117611,0,0,0,0,0,0,644,0,0
2638160611,0,0,0,0,0,0,242,0,0,2638237611,0,0,0,0,0,0,617,0,0
2639280611,0,0,0,0,0,0,237,0,0,2639357611,0,0,0,0,0,0,606,0,0
2640400611,0,0,0,0,0,0,242,0,0,2640477611,0,0,0,0,0,0,594,0,0
2641520611,0,0,0,0,0,0,253,0,0,2641597611,0,0,0,0,0,0,632,0,0
2642640611,0,0,0,0,0,0,241,0,0,2642717611,0,0,0,0,0,0,648,0,0
2643760611,0,0,0,0,0,0,216,0,0,2643837611,0,0,0,0,0,0,584,0,0
2644880611,0,0,0,0,0,0,216,0,0,2644957611,0,0,0,0,0,0,628,0,0
2646000611,0,0,0,0,0,0,227,0,0,2646077611,0,0,0,0,0,0,575,0,0
2647120611,0,0,0,0,0,0,258,0,0,2647197611,0,0,0,0,0,0,593,0,0
2648240611,0,0,0,0,0,0,261,0,0,2648317611,0,0,0,0,0,0,569,0,0
2649360611,0,0,0,0,0,0,221,0,0,2649437611,0,0,0,0,0,0,575,0,0
2650480611,0,0,0,0,0,0,223,0,0,2650557611,0,0,0,0,0,0,558,0,0
2651600611,0,0,0,0,0,0,214,0,0,2651677611,0,0,0,0,0,0,585,0,0
2652720611,0,0,0,0,0,0,211,0,0,2652797611,0,0,0,0,0,0,578,0,0
2653840611,0,0,0,0,0,0,233,0,0,2653917611,0,0,0,0,0,0,657,0,0
2654960611,0,0,0,0,0,0,218,0,0,2655037611,0,0,0,0,0,0,619,0,0
2656080611,0,0,0,0,0,0,195,0,0,2656157611,0,0,0,0,0,0,572,0,0
2657200611,0,0,0,0,0,0,244,0,0,2657277611,0,0,0,0,0,0,564,0,0
2658320611,0,0,0,0,0,0,216,0,0,2658397611,0,0,0,0,0,0,-1498,0,0
2659440611,0,0,0,0,0,0,7003,0,0,2659517611,0,0,0,0,0,0,-2060,0,0
2660560611,0,0,0,0,0,0,6969,0,0,2660637611,0,0,0,0,0,0,-2033,0,0
2661680611,0,0,0,0,0,0,6992,0,0,2661757611,0,0,0,0,0,0,-2037,0,0
2662800611,0,0,0,0,0,0,6996,0,0,2662877611,0,0,0,0,0,0,-2019,0,0
2663920611,0,0,0,0,0,0,6986,0,0,2663997611,0,0,0,0,0,0,-2063,0,0
2665040611,0,0,0,0,0,0,6997,0,0,2665117611,0,0,0,0,0,0,-2027,0,0
2666160611,0,0,0,0,0,0,7004,0,0,2666237611,0,0,0,0,0,0,-2061,0,0
2667280611,0,0,0,0,0,0,6967,0,0,2667357611,0,0,0,0,0,0,477,0,0
2668400611,0,0,0,0,0,0,229,0,0,2668477611,0,0,0,0,0,0,607,0,0
2669520611,0,0,0,0,0,0,245,0,0,2669597611,0,0,0,0,0,0,641,0,0
2670640611,0,0,0,0,0,0,256,0,0,2670717611,0,0,0,0,0,0,575,0,0
2671760611,0,0,0,0,0,0,194,0,0,2671837611,0,0,0,0,0,0,581,0,0
2672880611,0,0,0,0,0,0,261,0,0,2672957611,0,0,0,0,0,0,632,0,0
2674000611,0,0,0,0,0,0,268,0,0,2674077611,0,0,0,0,0,0,604,0,0
2675120611,0,0,0,0,0,0,254,0,0,2675197611,0,0,0,0,0,0,634,0,0
2676240611,0,0,0,0,0,0,240,0,0,2676317611,0,0,0,0,0,0,-1272,0,0
2677360611,0,0,0,0,0,0,6983,0,0,2677437611,0,0,0,0,0,0,-2076,0,0
2678480611,0,0,0,0,0,0,7019,0,0,2678557611,0,0,0,0,0,0,-2055,0,0
2679600611,0,0,0,0,0,0,6985,0,0,2679677611,0,0,0,0,0,0,-1997,0,0
2680720611,0,0,0,0,0,0,6969,0,0,2680797611,0,0,0,0,0,0,-2020,0,0
2681840611,0,0,0,0,0,0,6999,0,0,2681917611,0,0,0,0,0,0,-2044,0,0
2682960611,0,0,0,0,0,0,6967,0,0,2683037611,0,0,0,0,0,0,-2040,0,0
2684080611,0,0,0,0,0,0,6988,0,0,2684157611,0,0,0,0,0,0,-2000,0,0
2685200611,0,0,0,0,0,0,6977,0,0,2685277611,0,0,0,0,0,0,-108,0,0
2686320611,0,0,0,0,0,0,240,0,0,2686397611,0,0,0,0,0,0,641,0,0
2687440611,0,0,0,0,0,0,262,0,0,2687517611,0,0,0,0,0,0,652,0,0
2688560611,0,0,0,0,0,0,205,0,0,2688637611,0,0,0,0,0,0,578,0,0
2689680611,0,0,0,0,0,0,242,0,0,2689757611,0,0,0,0,0,0,560,0,0
2690800611,0,0,0,0,0,0,205,0,0,2690877611,0,0,0,0,0,0,599,0,0
2691920611,0,0,0,0,0,0,262,0,0,2691997611,0,0,0,0,0,0,573,0,0
2693040611,0,0,0,0,0,0,205,0,0,2693117611,0,0,0,0,0,0,614,0,0
2694160611,0,0,0,0,0,0,246,0,0,2694237611,0,0,0,0,0,0,-479,0,0
2695280611,0,0,0,0,0,0,6935,0,0,2695357611,0,0,0,0,0,0,-2022,0,0
2696400611,0,0,0,0,0,0,7013,0,0,2696477611,0,0,0,0,0,0,-2045,0,0
2697520611,0,0,0,0,0,0,6981,0,0,2697597611,0,0,0,0,0,0,-2041,0,0
2698640611,0,0,0,0,0,0,7009,0,0,2698717611,0,0,0,0,0,0,-2079,0,0
2699760611,0,0,0,0,0,0,7010,0,0,2699837611,0,0,0,0,0,0,-2008,0,0
2700880611,0,0,0,0,0,0,7028,0,0,2700957611,0,0,0,0,0,0,-2028,0,0
2702000611,0,0,0,0,0,0,6980,0,0,2702077611,0,0,0,0,0,0,-1991,0,0
2703120611,0,0,0,0,0,0,7028,0,0,2703197611,0,0,0,0,0,0,-1650,0,0
2704240611,0,0,0,0,0,0,232,0,0,2704317611,0,0,0,0,0,0,584,0,0
2705360611,0,0,0,0,0,0,227,0,0,2705437611,0,0,0,0,0,0,624,0,0
2706480611,0,0,0,0,0,0,223,0,0,2706557611,0,0,0,0,0,0,588,0,0
2707600611,0,0,0,0,0,0,252,0,0,2707677611,0,0,0,0,0,0,597,0,0
2708720611,0,0,0,0,0,0,248,0,0,2708797611,0,0,0,0,0,0,654,0,0
2709840611,0,0,0,0,0,0,213,0,0,2709917611,0,0,0,0,0,0,625,0,0
2710960611,0,0,0,0,0,0,237,0,0,2711037611,0,0,0,0,0,0,587,0,0
2712080611,0,0,0,0,0,0,245,0,0,2712157611,0,0,0,0,0,0,652,0,0
2713200611,0,0,0,0,0,0,6975,0,0,2713277611,0,0,0,0,0,0,-1986,0,0
2714320611,0,0,0,0,0,0,6990,0,0,2714397611,0,0,0,0,0,0,-2058,0,0
2715440611,0,0,0,0,0,0,7007,0,0,2715517611,0,0,0,0,0,0,-2036,0,0
2716560611,0,0,0,0,0,0,6974,0,0,2716637611,0,0,0,0,0,0,-2041,0,0
2717680611,0,0,0,0,0,0,7007,0,0,2717757611,0,0,0,0,0,0,-2071,0,0
2718800611,0,0,0,0,0,0,6991,0,0,2718877611,0,0,0,0,0,0,-2076,0,0
2719920611,0,0,0,0,0,0,6950,0,0,2719997611,0,0,0,0,0,0,-2013,0,0
2721040611,0,0,0,0,0,0,6991,0,0,2721117611,0,0,0,0,0,0,-2063,0,0
2722160611,0,0,0,0,0,0,225,0,0,2722237611,0,0,0,0,0,0,623,0,0
2723280611,0,0,0,0,0,0,228,0,0,2723357611,0,0,0,0,0,0,605,0,0
2724400611,0,0,0,0,0,0,247,0,0,2724477611,0,0,0,0,0,0,595,0,0
2725520611,0,0,0,0,0,0,271,0,0,2725597611,0,0,0,0,0,0,621,0,0
2726640611,0,0,0,0,0,0,260,0,0,2726717611,0,0,0,0,0,0,587,0,0
2727760611,0,0,0,0,0,0,267,0,0,2727837611,0,0,0,0,0,0,631,0,0
2728880611,0,0,0,0,0,0,208,0,0,2728957611,0,0,0,0,0,0,594,0,0
2730000611,0,0,0,0,0,0,273,0,0,2730077611,0,0,0,0,0,0,619,0,0
2731120611,0,0,0,0,0,0,6999,0,0,2731197611,0,0,0,0,0,0,-2045,0,0
2732240611,0,0,0,0,0,0,6966,0,0,2732317611,0,0,0,0,0,0,-2049,0,0
2733360611,0,0,0,0,0,0,7027,0,0,2733437611,0,0,0,0,0,0,-2066,0,0
2734480611,0,0,0,0,0,0,7016,0,0,2734557611,0,0,0,0,0,0,-2005,0,0
2735600611,0,0,0,0,0,0,7039,0,0,2735677611,0,0,0,0,0,0,-2044,0,0
2736720611,0,0,0,0,0,0,6993,0,0,2736797611,0,0,0,0,0,0,-2016,0,0
2737840611,0,0,0,0,0,0,6980,0,0,2737917611,0,0,0,0,0,0,-2039,0,0
2738960611,0,0,0,0,0,0,6974,0,0,2739037611,0,0,0,0,0,0,-2027,0,0
2740080611,0,0,0,0,0,0,261,0,0,2740157611,0,0,0,0,0,0,641,0,0
2741200611,0,0,0,0,0,0,238,0,0,2741277611,0,0,0,0,0,0,609,0,0
2742320611,0,0,0,0,0,0,205,0,0,2742397611,0,0,0,0,0,0,594,0,0
2743440611,0,0,0,0,0,0,193,0,0,2743517611,0,0,0,0,0,0,593,0,0
2744560611,0,0,0,0,0,0,205,0,0,2744637611,0,0,0,0,0,0,620,0,0
2745680611,0,0,0,0,0,0,234,0,0,2745757611,0,0,0,0,0,0,566,0,0
2746800611,0,0,0,0,0,0,220,0,0,2746877611,0,0,0,0,0,0,578,0,0
2747920611,0,0,0,0,0,0,234,0,0,2747997611,0,0,0,0,0,0,599,0,0
2749040611,0,0,0,0,0,0,7020,0,0,2749117611,0,0,0,0,0,0,-2058,0,0
2750160611,0,0,0,0,0,0,6974,0,0,2750237611,0,0,0,0,0,0,-2004,0,0
2751280611,0,0,0,0,0,0,6991,0,0,2751357611,0,0,0,0,0,0,-2061,0,0
2752400611,0,0,0,0,0,0,6979,0,0,2752477611,0,0,0,0,0,0,-2024,0,0
2753520611,0,0,0,0,0,0,6967,0,0,2753597611,0,0,0,0,0,0,-2057,0,0
2754640611,0,0,0,0,0,0,6959,0,0,2754717611,0,0,0,0,0,0,-2037,0,0
2755760611,0,0,0,0,0,0,7016,0,0,2755837611,0,0,0,0,0,0,-2042,0,0
2756880611,0,0,0,0,0,0,6965,0,0,2756957611,0,0,0,0,0,0,-2037,0,0
2758000611,0,0,0,0,0,0,221,0,0,2758077611,0,0,0,0,0,0,627,0,0
2759120611,0,0,0,0,0,0,228,0,0,2759197611,0,0,0,0,0,0,598,0,0
2760240611,0,0,0,0,0,0,226,0,0,2760317611,0,0,0,0,0,0,595,0,0
2761360611,0,0,0,0,0,0,191,0,0,2761437611,0,0,0,0,0,0,612,0,0
2762480611,0,0,0,0,0,0,276,0,0,2762557611,0,0,0,0,0,0,620,0,0
2763600611,0,0,0,0,0,0,194,0,0,2763677611,0,0,0,0,0,0,607,0,0
2764720611,0,0,0,0,0,0,219,0,0,2764797611,0,0,0,0,0,0,607,0,0
2765840611,0,0,0,0,0,0,249,0,0,2765917611,0,0,0,0,0,0,583,0,0
2766960611,0,0,0,0,0,0,7025,0,0,2767037611,0,0,0,0,0,0,-2063,0,0
2768080611,0,0,0,0,0,0,7003,0,0,2768157611,0,0,0,0,0,0,-2022,0,0
2769200611,0,0,0,0,0,0,6982,0,0,2769277611,0,0,0,0,0,0,-2047,0,0
2770320611,0,0,0,0,0,0,6987,0,0,2770397611,0,0,0,0,0,0,-2046,0,0
2771440611,0,0,0,0,0,0,6995,0,0,2771517611,0,0,0,0,0,0,-2025,0,0
2772560611,0,0,0,0,0,0,7017,0,0,2772637611,0,0,0,0,0,0,-2051,0,0
2773680611,0,0,0,0,0,0,6950,0,0,2773757611,0,0,0,0,0,0,-1981,0,0
2774800611,0,0,0,0,0,0,7001,0,0,2774877611,0,0,0,0,0,0,-2007,0,0
2775920611,0,0,0,0,0,0,256,0,0,2775997611,0,0,0,0,0,0,578,0,0
2777040611,0,0,0,0,0,0,243,0,0,2777117611,0,0,0,0,0,0,606,0,0
2778160611,0,0,0,0,0,0,244,0,0,2778237611,0,0,0,0,0,0,581,0,0
2779280611,0,0,0,0,0,0,216,0,0,2779357611,0,0,0,0,0,0,618,0,0
2780400611,0,0,0,0,0,0,240,0,0,2780477611,0,0,0,0,0,0,569,0,0
2781520611,0,0,0,0,0,0,245,0,0,2781597611,0,0,0,0,0,0,595,0,0
2782640611,0,0,0,0,0,0,256,0,0,2782717611,0,0,0,0,0,0,612,0,0
2783760611,0,0,0,0,0,0,251,0,0,2783837611,0,0,0,0,0,0,641,0,0
2784880611,0,0,0,0,0,0,6974,0,0,2784957611,0,0,0,0,0,0,-2079,0,0
2786000611,0,0,0,0,0,0,6981,0,0,2786077611,0,0,0,0,0,0,-2058,0,0
2787120611,0,0,0,0,0,0,6989,0,0,2787197611,0,0,0,0,0,0,-2031,0,0
2788240611,0,0,0,0,0,0,6957,0,0,2788317611,0,0,0,0,0,0,-2030,0,0
2789360611,0,0,0,0,0,0,6962,0,0,2789437611,0,0,0,0,0,0,-2060,0,0
2790480611,0,0,0,0,0,0,6980,0,0,2790557611,0,0,0,0,0,0,-2028,0,0
2791600611,0,0,0,0,0,0,6983,0,0,2791677611,0,0,0,0,0,0,-2018,0,0
2792720611,0,0,0,0,0,0,6991,0,0,2792797611,0,0,0,0,0,0,-2040,0,0
2793840611,0,0,0,0,0,0,234,0,0,2793917611,0,0,0,0,0,0,613,0,0
2794960611,0,0,0,0,0,0,245,0,0,2795037611,0,0,0,0,0,0,564,0,0
2796080611,0,0,0,0,0,0,245,0,0,2796157611,0,0,0,0,0,0,611,0,0
2797200611,0,0,0,0,0,0,230,0,0,2797277611,0,0,0,0,0,0,574,0,0
2798320611,0,0,0,0,0,0,238,0,0,2798397611,0,0,0,0,0,0,611,0,0
2799440611,0,0,0,0,0,0,242,0,0,2799517611,0,0,0,0,0,0,628,0,0
2800560611,0,0,0,0,0,0,243,0,0,2800637611,0,0,0,0,0,0,611,0,0
2801680611,0,0,0,0,0,0,202,0,0,2801757611,0,0,0,0,0,0,604,0,0
2802800611,0,0,0,0,0,0,6977,0,0,2802877611,0,0,0,0,0,0,-2011,0,0
2803920611,0,0,0,0,0,0,6961,0,0,2803997611,0,0,0,0,0,0,-2015,0,0
2805040611,0,0,0,0,0,0,6980,0,0,2805117611,0,0,0,0,0,0,-2107,0,0
2806160611,0,0,0,0,0,0,7019,0,0,2806237611,0,0,0,0,0,0,-2047,0,0
2807280611,0,0,0,0,0,0,6961,0,0,2807357611,0,0,0,0,0,0,-2008,0,0
2808400611,0,0,0,0,0,0,6983,0,0,2808477611,0,0,0,0,0,0,-2020,0,0
2809520611,0,0,0,0,0,0,6960,0,0,2809597611,0,0,0,0,0,0,-2019,0,0
2810640611,0,0,0,0,0,0,7011,0,0,2810717611,0,0,0,0,0,0,-1986,0,0
2811760611,0,0,0,0,0,0,219,0,0,2811837611,0,0,0,0,0,0,622,0,0
2812880611,0,0,0,0,0,0,250,0,0,2812957611,0,0,0,0,0,0,622,0,0
2814000611,0,0,0,0,0,0,256,0,0,2814077611,0,0,0,0,0,0,603,0,0
2815120611,0,0,0,0,0,0,253,0,0,2815197611,0,0,0,0,0,0,618,0,0
2816240611,0,0,0,0,0,0,231,0,0,2816317611,0,0,0,0,0,0,622,0,0
2817360611,0,0,0,0,0,0,222,0,0,2817437611,0,0,0,0,0,0,617,0,0
2818480611,0,0,0,0,0,0,271,0,0,2818557611,0,0,0,0,0,0,582,0,0
2819600611,0,0,0,0,0,0,255,0,0,2819677611,0,0,0,0,0,0,625,0,0
2820720611,0,0,0,0,0,0,7013,0,0,2820797611,0,0,0,0,0,0,-2043,0,0
2821840611,0,0,0,0,0,0,7007,0,0,2821917611,0,0,0,0,0,0,-2032,0,0
2822960611,0,0,0,0,0,0,6988,0,0,2823037611,0,0,0,0,0,0,-2035,0,0
2824080611,0,0,0,0,0,0,6984,0,0,2824157611,0,0,0,0,0,0,-2012,0,0
2825200611,0,0,0,0,0,0,6986,0,0,2825277611,0,0,0,0,0,0,-2091,0,0
2826320611,0,0,0,0,0,0,6990,0,0,2826397611,0,0,0,0,0,0,-2072,0,0
2827440611,0,0,0,0,0,0,7016,0,0,2827517611,0,0,0,0,0,0,-2028,0,0
2828560611,0,0,0,0,0,0,7009,0,0,2828637611,0,0,0,0,0,0,-2031,0,0
2829680611,0,0,0,0,0,0,248,0,0,2829757611,0,0,0,0,0,0,612,0,0
2830800611,0,0,0,0,0,0,271,0,0,2830877611,0,0,0,0,0,0,650,0,0
2831920611,0,0,0,0,0,0,267,0,0,2831997611,0,0,0,0,0,0,614,0,0
2833040611,0,0,0,0,0,0,264,0,0,2833117611,0,0,0,0,0,0,626,0,0
2834160611,0,0,0,0,0,0,233,0,0,2834237611,0,0,0,0,0,0,580,0,0
2835280611,0,0,0,0,0,0,210,0,0,2835357611,0,0,0,0,0,0,629,0,0
2836400611,0,0,0,0,0,0,210,0,0,2836477611,0,0,0,0,0,0,587,0,0
2837520611,0,0,0,0,0,0,203,0,0,2837597611,0,0,0,0,0,0,579,0,0
2838640611,0,0,0,0,0,0,6991,0,0,2838717611,0,0,0,0,0,0,-2031,0,0
2839760611,0,0,0,0,0,0,6958,0,0,2839837611,0,0,0,0,0,0,-2056,0,0
2840880611,0,0,0,0,0,0,7011,0,0,2840957611,0,0,0,0,0,0,-2015,0,0
2842000611,0,0,0,0,0,0,6991,0,0,2842077611,0,0,0,0,0,0,-2055,0,0
2843120611,0,0,0,0,0,0,6985,0,0,2843197611,0,0,0,0,0,0,-2020,0,0
2844240611,0,0,0,0,0,0,6957,0,0,2844317611,0,0,0,0,0,0,-2044,0,0
2845360611,0,0,0,0,0,0,6981,0,0,2845437611,0,0,0,0,0,0,-1983,0,0
2846480611,0,0,0,0,0,0,6969,0,0,2846557611,0,0,0,0,0,0,-2027,0,0
2847600611,0,0,0,0,0,0,245,0,0,2847677611,0,0,0,0,0,0,595,0,0
2848720611,0,0,0,0,0,0,284,0,0,2848797611,0,0,0,0,0,0,568,0,0
2849840611,0,0,0,0,0,0,266,0,0,2849917611,0,0,0,0,0,0,601,0,0
2850960611,0,0,0,0,0,0,225,0,0,2851037611,0,0,0,0,0,0,580,0,0
2852080611,0,0,0,0,0,0,244,0,0,2852157611,0,0,0,0,0,0,597,0,0
2853200611,0,0,0,0,0,0,237,0,0,2853277611,0,0,0,0,0,0,568,0,0
2854320611,0,0,0,0,0,0,217,0,0,2854397611,0,0,0,0,0,0,635,0,0
2855440611,0,0,0,0,0,0,223,0,0,2855517611,0,0,0,0,0,0,625,0,0
2856560611,0,0,0,0,0,0,6997,0,0,2856637611,0,0,0,0,0,0,-2034,0,0
2857680611,0,0,0,0,0,0,7003,0,0,2857757611,0,0,0,0,0,0,-2063,0,0
2858800611,0,0,0,0,0,0,6989,0,0,2858877611,0,0,0,0,0,0,-2033,0,0
2859920611,0,0,0,0,0,0,6968,0,0,2859997611,0,0,0,0,0,0,-2040,0,0
2861040611,0,0,0,0,0,0,6976,0,0,2861117611,0,0,0,0,0,0,-1989,0,0
2862160611,0,0,0,0,0,0,6969,0,0,2862237611,0,0,0,0,0,0,-2058,0,0
2863280611,0,0,0,0,0,0,6979,0,0,2863357611,0,0,0,0,0,0,-2020,0,0
2864400611,0,0,0,0,0,0,6980,0,0,2864477611,0,0,0,0,0,0,-2044,0,0
2865520611,0,0,0,0,0,0,270,0,0,2865597611,0,0,0,0,0,0,636,0,0
2866640611,0,0,0,0,0,0,276,0,0,2866717611,0,0,0,0,0,0,578,0,0
2867760611,0,0,0,0,0,0,248,0,0,2867837611,0,0,0,0,0,0,617,0,0
2868880611,0,0,0,0,0,0,243,0,0,2868957611,0,0,0,0,0,0,567,0,0
2870000611,0,0,0,0,0,0,263,0,0,2870077611,0,0,0,0,0,0,539,0,0
2871120611,0,0,0,0,0,0,237,0,0,2871197611,0,0,0,0,0,0,563,0,0
2872240611,0,0,0,0,0,0,247,0,0,2872317611,0,0,0,0,0,0,616,0,0
2873360611,0,0,0,0,0,0,258,0,0,2873437611,0,0,0,0,0,0,574,0,0
2874480611,0,0,0,0,0,0,6998,0,0,2874557611,0,0,0,0,0,0,-1987,0,0
2875600611,0,0,0,0,0,0,6949,0,0,2875677611,0,0,0,0,0,0,-2031,0,0
2876720611,0,0,0,0,0,0,7038,0,0,2876797611,0,0,0,0,0,0,-2036,0,0
2877840611,0,0,0,0,0,0,7009,0,0,2877917611,0,0,0,0,0,0,-2038,0,0
2878960611,0,0,0,0,0,0,6974,0,0,2879037611,0,0,0,0,0,0,-2085,0,0
2880080611,0,0,0,0,0,0,7009,0,0,2880157611,0,0,0,0,0,0,-2031,0,0
2881200611,0,0,0,0,0,0,7022,0,0,2881277611,0,0,0,0,0,0,-2059,0,0
2882320611,0,0,0,0,0,0,6998,0,0,2882397611,0,0,0,0,0,0,-2073,0,0
2883440611,0,0,0,0,0,0,231,0,0,2883517611,0,0,0,0,0,0,621,0,0
2884560611,0,0,0,0,0,0,247,0,0,2884637611,0,0,0,0,0,0,566,0,0
2885680611,0,0,0,0,0,0,253,0,0,2885757611,0,0,0,0,0,0,620,0,0
2886800611,0,0,0,0,0,0,207,0,0,2886877611,0,0,0,0,0,0,600,0,0
2887920611,0,0,0,0,0,0,283,0,0,2887997611,0,0,0,0,0,0,631,0,0
2889040611,0,0,0,0,0,0,229,0,0,2889117611,0,0,0,0,0,0,605,0,0
2890160611,0,0,0,0,0,0,234,0,0,2890237611,0,0,0,0,0,0,594,0,0
2891280611,0,0,0,0,0,0,255,0,0,2891357611,0,0,0,0,0,0,586,0,0
2892400611,0,0,0,0,0,0,6986,0,0,2892477611,0,0,0,0,0,0,-2025,0,0
2893520611,0,0,0,0,0,0,7014,0,0,2893597611,0,0,0,0,0,0,-1997,0,0
2894640611,0,0,0,0,0,0,7020,0,0,2894717611,0,0,0,0,0,0,-2048,0,0
2895760611,0,0,0,0,0,0,6984,0,0,2895837611,0,0,0,0,0,0,-2021,0,0
2896880611,0,0,0,0,0,0,6992,0,0,2896957611,0,0,0,0,0,0,-2025,0,0
2898000611,0,0,0,0,0,0,7017,0,0,2898077611,0,0,0,0,0,0,-2029,0,0
2899120611,0,0,0,0,0,0,6991,0,0,2899197611,0,0,0,0,0,0,-2038,0,0
2900240611,0,0,0,0,0,0,6969,0,0,2900317611,0,0,0,0,0,0,-2067,0,0
2901360611,0,0,0,0,0,0,279,0,0,2901437611,0,0,0,0,0,0,608,0,0
2902480611,0,0,0,0,0,0,205,0,0,2902557611,0,0,0,0,0,0,615,0,0
2903600611,0,0,0,0,0,0,251,0,0,2903677611,0,0,0,0,0,0,607,0,0
2904720611,0,0,0,0,0,0,234,0,0,2904797611,0,0,0,0,0,0,616,0,0
2905840611,0,0,0,0,0,0,225,0,0,2905917611,0,0,0,0,0,0,628,0,0
2906960611,0,0,0,0,0,0,217,0,0,2907037611,0,0,0,0,0,0,662,0,0
2908080611,0,0,0,0,0,0,229,0,0,2908157611,0,0,0,0,0,0,600,0,0
2909200611,0,0,0,0,0,0,261,0,0,2909277611,0,0,0,0,0,0,574,0,0
2910320611,0,0,0,0,0,0,7017,0,0,2910397611,0,0,0,0,0,0,-2039,0,0
2911440611,0,0,0,0,0,0,6973,0,0,2911517611,0,0,0,0,0,0,-2090,0,0
2912560611,0,0,0,0,0,0,6952,0,0,2912637611,0,0,0,0,0,0,-2052,0,0
2913680611,0,0,0,0,0,0,7032,0,0,2913757611,0,0,0,0,0,0,-2017,0,0
2914800611,0,0,0,0,0,0,7029,0,0,2914877611,0,0,0,0,0,0,-1985,0,0
2915920611,0,0,0,0,0,0,6969,0,0,2915997611,0,0,0,0,0,0,-2028,0,0
2917040611,0,0,0,0,0,0,6920,0,0,2917117611,0,0,0,0,0,0,-2033,0,0
2918160611,0,0,0,0,0,0,6944,0,0,2918237611,0,0,0,0,0,0,-2037,0,0
2919280611,0,0,0,0,0,0,205,0,0,2919357611,0,0,0,0,0,0,634,0,0
2920400611,0,0,0,0,0,0,273,0,0,2920477611,0,0,0,0,0,0,613,0,0
2921520611,0,0,0,0,0,0,202,0,0,2921597611,0,0,0,0,0,0,609,0,0
2922640611,0,0,0,0,0,0,253,0,0,2922717611,0,0,0,0,0,0,615,0,0
2923760611,0,0,0,0,0,0,222,0,0,2923837611,0,0,0,0,0,0,628,0,0
2924880611,0,0,0,0,0,0,275,0,0,2924957611,0,0,0,0,0,0,665,0,0
2926000611,0,0,0,0,0,0,227,0,0,2926077611,0,0,0,0,0,0,616,0,0
2927120611,0,0,0,0,0,0,231,0,0,2927197611,0,0,0,0,0,0,616,0,0
2928240611,0,0,0,0,0,0,6967,0,0,2928317611,0,0,0,0,0,0,-2038,0,0
2929360611,0,0,0,0,0,0,6946,0,0,2929437611,0,0,0,0,0,0,-2042,0,0
2930480611,0,0,0,0,0,0,6997,0,0,2930557611,0,0,0,0,0,0,-2030,0,0
2931600611,0,0,0,0,0,0,6982,0,0,2931677611,0,0,0,0,0,0,-2048,0,0
2932720611,0,0,0,0,0,0,6963,0,0,2932797611,0,0,0,0,0,0,-2030,0,0
2933840611,0,0,0,0,0,0,7009,0,0,2933917611,0,0,0,0,0,0,-2031,0,0
2934960611,0,0,0,0,0,0,7005,0,0,2935037611,0,0,0,0,0,0,-2019,0,0
2936080611,0,0,0,0,0,0,6981,0,0,2936157611,0,0,0,0,0,0,-2028,0,0
2937200611,0,0,0,0,0,0,262,0,0,2937277611,0,0,0,0,0,0,562,0,0
2938320611,0,0,0,0,0,0,239,0,0,2938397611,0,0,0,0,0,0,579,0,0
2939440611,0,0,0,0,0,0,199,0,0,2939517611,0,0,0,0,0,0,632,0,0
2940560611,0,0,0,0,0,0,220,0,0,2940637611,0,0,0,0,0,0,602,0,0
2941680611,0,0,0,0,0,0,235,0,0,2941757611,0,0,0,0,0,0,595,0,0
2942800611,0,0,0,0,0,0,275,0,0,2942877611,0,0,0,0,0,0,586,0,0
2943920611,0,0,0,0,0,0,240,0,0,2943997611,0,0,0,0,0,0,572,0,0
2945040611,0,0,0,0,0,0,230,0,0,2945117611,0,0,0,0,0,0,582,0,0
2946160611,0,0,0,0,0,0,7004,0,0,2946237611,0,0,0,0,0,0,-2038,0,0
2947280611,0,0,0,0,0,0,6993,0,0,2947357611,0,0,0,0,0,0,-2041,0,0
2948400611,0,0,0,0,0,0,7028,0,0,2948477611,0,0,0,0,0,0,-2000,0,0
2949520611,0,0,0,0,0,0,6966,0,0,2949597611,0,0,0,0,0,0,-1981,0,0
2950640611,0,0,0,0,0,0,6933,0,0,2950717611,0,0,0,0,0,0,-2026,0,0
2951760611,0,0,0,0,0,0,6984,0,0,2951837611,0,0,0,0,0,0,-2000,0,0
2952880611,0,0,0,0,0,0,7000,0,0,2952957611,0,0,0,0,0,0,-2011,0,0
2954000611,0,0,0,0,0,0,6940,0,0,2954077611,0,0,0,0,0,0,-2055,0,0
2955120611,0,0,0,0,0,0,218,0,0,2955197611,0,0,0,0,0,0,580,0,0
2956240611,0,0,0,0,0,0,244,0,0,2956317611,0,0,0,0,0,0,641,0,0
2957360611,0,0,0,0,0,0,219,0,0,2957437611,0,0,0,0,0,0,561,0,0
2958480611,0,0,0,0,0,0,273,0,0,2958557611,0,0,0,0,0,0,612,0,0
2959600611,0,0,0,0,0,0,222,0,0,2959677611,0,0,0,0,0,0,645,0,0
2960720611,0,0,0,0,0,0,229,0,0,2960797611,0,0,0,0,0,0,610,0,0
2961840611,0,0,0,0,0,0,234,0,0,2961917611,0,0,0,0,0,0,647,0,0
2962960611,0,0,0,0,0,0,229,0,0,2963037611,0,0,0,0,0,0,680,0,0
2964080611,0,0,0,0,0,0,7003,0,0,2964157611,0,0,0,0,0,0,-2017,0,0
2965200611,0,0,0,0,0,0,7002,0,0,2965277611,0,0,0,0,0,0,-2040,0,0
2966320611,0,0,0,0,0,0,7042,0,0,2966397611,0,0,0,0,0,0,-2090,0,0
2967440611,0,0,0,0,0,0,7017,0,0,2967517611,0,0,0,0,0,0,-2083,0,0
2968560611,0,0,0,0,0,0,6981,0,0,2968637611,0,0,0,0,0,0,-1970,0,0
2969680611,0,0,0,0,0,0,6989,0,0,2969757611,0,0,0,0,0,0,-2072,0,0
2970800611,0,0,0,0,0,0,6968,0,0,2970877611,0,0,0,0,0,0,-2029,0,0
2971920611,0,0,0,0,0,0,7000,0,0,2971997611,0,0,0,0,0,0,-1991,0,0
2973040611,0,0,0,0,0,0,234,0,0,2973117611,0,0,0,0,0,0,654,0,0
2974160611,0,0,0,0,0,0,250,0,0,2974237611,0,0,0,0,0,0,606,0,0
2975280611,0,0,0,0,0,0,228,0,0,2975357611,0,0,0,0,0,0,583,0,0
2976400611,0,0,0,0,0,0,235,0,0,2976477611,0,0,0,0,0,0,593,0,0
2977520611,0,0,0,0,0,0,240,0,0,2977597611,0,0,0,0,0,0,625,0,0
2978640611,0,0,0,0,0,0,238,0,0,2978717611,0,0,0,0,0,0,603,0,0
2979760611,0,0,0,0,0,0,233,0,0,2979837611,0,0,0,0,0,0,607,0,0
2980880611,0,0,0,0,0,0,231,0,0,2980957611,0,0,0,0,0,0,621,0,0
2982000611,0,0,0,0,0,0,7000,0,0,2982077611,0,0,0,0,0,0,-1995,0,0
2983120611,0,0,0,0,0,0,6983,0,0,2983197611,0,0,0,0,0,0,-2058,0,0
2984240611,0,0,0,0,0,0,6990,0,0,2984317611,0,0,0,0,0,0,-2026,0,0
2985360611,0,0,0,0,0,0,6941,0,0,2985437611,0,0,0,0,0,0,-2058,0,0
2986480611,0,0,0,0,0,0,6995,0,0,2986557611,0,0,0,0,0,0,-2047,0,0
2987600611,0,0,0,0,0,0,6953,0,0,2987677611,0,0,0,0,0,0,-2033,0,0
2988720611,0,0,0,0,0,0,6960,0,0,2988797611,0,0,0,0,0,0,-2023,0,0
2989840611,0,0,0,0,0,0,7022,0,0,2989917611,0,0,0,0,0,0,-2054,0,0
2990960611,0,0,0,0,0,0,255,0,0,2991037611,0,0,0,0,0,0,648,0,0
2992080611,0,0,0,0,0,0,267,0,0,2992157611,0,0,0,0,0,0,641,0,0
2993200611,0,0,0,0,0,0,241,0,0,2993277611,0,0,0,0,0,0,626,0,0
2994320611,0,0,0,0,0,0,185,0,0,2994397611,0,0,0,0,0,0,642,0,0
2995440611,0,0,0,0,0,0,219,0,0,2995517611,0,0,0,0,0,0,623,0,0
2996560611,0,0,0,0,0,0,235,0,0,2996637611,0,0,0,0,0,0,595,0,0
2997680611,0,0,0,0,0,0,226,0,0,2997757611,0,0,0,0,0,0,622,0,0
2998800611,0,0,0,0,0,0,243,0,0,2998877611,0,0,0,0,0,0,569,0,0
2999920611,0,0,0,0,0,0,6972,0,0,2999997611,0,0,0,0,0,0,-2062,0,0
3001040611,0,0,0,0,0,0,6996,0,0,3001117611,0,0,0,0,0,0,-1996,0,0
3002160611,0,0,0,0,0,0,6945,0,0,3002237611,0,0,0,0,0,0,-2048,0,0
3003280611,0,0,0,0,0,0,6987,0,0,3003357611,0,0,0,0,0,0,-2072,0,0
3004400611,0,0,0,0,0,0,6961,0,0,3004477611,0,0,0,0,0,0,-2023,0,0
3005520611,0,0,0,0,0,0,6993,0,0,3005597611,0,0,0,0,0,0,-2021,0,0
3006640611,0,0,0,0,0,0,7013,0,0,3006717611,0,0,0,0,0,0,-2047,0,0
3007760611,0,0,0,0,0,0,6961,0,0,3007837611,0,0,0,0,0,0,-2002,0,0
3008880611,0,0,0,0,0,0,274,0,0,3008957611,0,0,0,0,0,0,606,0,0
3010000611,0,0,0,0,0,0,233,0,0,3010077611,0,0,0,0,0,0,619,0,0
3011120611,0,0,0,0,0,0,250,0,0,3011197611,0,0,0,0,0,0,607,0,0
3012240611,0,0,0,0,0,0,236,0,0,3012317611,0,0,0,0,0,0,638,0,0
3013360611,0,0,0,0,0,0,211,0,0,3013437611,0,0,0,0,0,0,609,0,0
3014480611,0,0,0,0,0,0,235,0,0,3014557611,0,0,0,0,0,0,667,0,0
3015600611,0,0,0,0,0,0,228,0,0,3015677611,0,0,0,0,0,0,573,0,0
3016720611,0,0,0,0,0,0,217,0,0,3016797611,0,0,0,0,0,0,600,0,0
3017840611,0,0,0,0,0,0,7004,0,0,3017917611,0,0,0,0,0,0,-2024,0,0
3018960611,0,0,0,0,0,0,7002,0,0,3019037611,0,0,0,0,0,0,-2052,0,0
3020080611,0,0,0,0,0,0,6967,0,0,3020157611,0,0,0,0,0,0,-2025,0,0
3021200611,0,0,0,0,0,0,6983,0,0,3021277611,0,0,0,0,0,0,-1997,0,0
3022320611,0,0,0,0,0,0,6969,0,0,3022397611,0,0,0,0,0,0,-2049,0,0
3023440611,0,0,0,0,0,0,6994,0,0,3023517611,0,0,0,0,0,0,-2030,0,0
3024560611,0,0,0,0,0,0,6983,0,0,3024637611,0,0,0,0,0,0,-1995,0,0
3025680611,0,0,0,0,0,0,6987,0,0,3025757611,0,0,0,0,0,0,-2028,0,0
3026800611,0,0,0,0,0,0,209,0,0,3026877611,0,0,0,0,0,0,610,0,0
3027920611,0,0,0,0,0,0,241,0,0,3027997611,0,0,0,0,0,0,602,0,0
3029040611,0,0,0,0,0,0,263,0,0,3029117611,0,0,0,0,0,0,613,0,0
3030160611,0,0,0,0,0,0,222,0,0,3030237611,0,0,0,0,0,0,579,0,0
3031280611,0,0,0,0,0,0,221,0,0,3031357611,0,0,0,0,0,0,620,0,0
3032400611,0,0,0,0,0,0,238,0,0,3032477611,0,0,0,0,0,0,632,0,0
3033520611,0,0,0,0,0,0,207,0,0,3033597611,0,0,0,0,0,0,655,0,0
3034640611,0,0,0,0,0,0,246,0,0,3034717611,0,0,0,0,0,0,662,0,0
3035760611,0,0,0,0,0,0,6993,0,0,3035837611,0,0,0,0,0,0,-2036,0,0
3036880611,0,0,0,0,0,0,6979,0,0,3036957611,0,0,0,0,0,0,-1976,0,0
3038000611,0,0,0,0,0,0,6990,0,0,3038077611,0,0,0,0,0,0,-2031,0,0
3039120611,0,0,0,0,0,0,6987,0,0,3039197611,0,0,0,0,0,0,-2035,0,0
3040240611,0,0,0,0,0,0,6979,0,0,3040317611,0,0,0,0,0,0,-2008,0,0
3041360611,0,0,0,0,0,0,6995,0,0,3041437611,0,0,0,0,0,0,-2049,0,0
3042480611,0,0,0,0,0,0,6946,0,0,3042557611,0,0,0,0,0,0,-2022,0,0
3043600611,0,0,0,0,0,0,6985,0,0,3043677611,0,0,0,0,0,0,-2015,0,0
3044720611,0,0,0,0,0,0,265,0,0,3044797611,0,0,0,0,0,0,604,0,0
3045840611,0,0,0,0,0,0,243,0,0,3045917611,0,0,0,0,0,0,627,0,0
3046960611,0,0,0,0,0,0,216,0,0,3047037611,0,0,0,0,0,0,639,0,0
3048080611,0,0,0,0,0,0,253,0,0,3048157611,0,0,0,0,0,0,567,0,0
3049200611,0,0,0,0,0,0,227,0,0,3049277611,0,0,0,0,0,0,603,0,0
3050320611,0,0,0,0,0,0,224,0,0,3050397611,0,0,0,0,0,0,657,0,0
3051440611,0,0,0,0,0,0,242,0,0,3051517611,0,0,0,0,0,0,581,0,0
3052560611,0,0,0,0,0,0,247,0,0,3052637611,0,0,0,0,0,0,636,0,0
3053680611,0,0,0,0,0,0,7013,0,0,3053757611,0,0,0,0,0,0,-2011,0,0
3054800611,0,0,0,0,0,0,6932,0,0,3054877611,0,0,0,0,0,0,-2032,0,0
3055920611,0,0,0,0,0,0,7018,0,0,3055997611,0,0,0,0,0,0,-2025,0,0
3057040611,0,0,0,0,0,0,7011,0,0,3057117611,0,0,0,0,0,0,-2050,0,0
3058160611,0,0,0,0,0,0,6956,0,0,3058237611,0,0,0,0,0,0,-2013,0,0
3059280611,0,0,0,0,0,0,6965,0,0,3059357611,0,0,0,0,0,0,-2010,0,0
3060400611,0,0,0,0,0,0,6939,0,0,3060477611,0,0,0,0,0,0,-2031,0,0
3061520611,0,0,0,0,0,0,6977,0,0,3061597611,0,0,0,0,0,0,-1985,0,0
3062640611,0,0,0,0,0,0,230,0,0,3062717611,0,0,0,0,0,0,638,0,0
3063760611,0,0,0,0,0,0,229,0,0,3063837611,0,0,0,0,0,0,591,0,0
3064880611,0,0,0,0,0,0,256,0,0,3064957611,0,0,0,0,0,0,611,0,0
3066000611,0,0,0,0,0,0,221,0,0,3066077611,0,0,0,0,0,0,647,0,0
3067120611,0,0,0,0,0,0,225,0,0,3067197611,0,0,0,0,0,0,648,0,0
3068240611,0,0,0,0,0,0,224,0,0,3068317611,0,0,0,0,0,0,624,0,0
3069360611,0,0,0,0,0,0,245,0,0,3069437611,0,0,0,0,0,0,611,0,0
3070480611,0,0,0,0,0,0,262,0,0,3070557611,0,0,0,0,0,0,580,0,0
3071600611,0,0,0,0,0,0,6979,0,0,3071677611,0,0,0,0,0,0,-2046,0,0
3072720611,0,0,0,0,0,0,6948,0,0,3072797611,0,0,0,0,0,0,-2071,0,0
3073840611,0,0,0,0,0,0,6983,0,0,3073917611,0,0,0,0,0,0,-2040,0,0
3074960611,0,0,0,0,0,0,6948,0,0,3075037611,0,0,0,0,0,0,-2026,0,0
3076080611,0,0,0,0,0,0,6951,0,0,3076157611,0,0,0,0,0,0,-2032,0,0
3077200611,0,0,0,0,0,0,6974,0,0,3077277611,0,0,0,0,0,0,-2066,0,0
3078320611,0,0,0,0,0,0,6969,0,0,3078397611,0,0,0,0,0,0,-2078,0,0
3079440611,0,0,0,0,0,0,6989,0,0,3079517611,0,0,0,0,0,0,-2049,0,0
3080560611,0,0,0,0,0,0,223,0,0,3080637611,0,0,0,0,0,0,589,0,0
3081680611,0,0,0,0,0,0,226,0,0,3081757611,0,0,0,0,0,0,587,0,0
3082800611,0,0,0,0,0,0,259,0,0,3082877611,0,0,0,0,0,0,568,0,0
3083920611,0,0,0,0,0,0,282,0,0,3083997611,0,0,0,0,0,0,579,0,0
3085040611,0,0,0,0,0,0,289,0,0,3085117611,0,0,0,0,0,0,634,0,0
3086160611,0,0,0,0,0,0,197,0,0,3086237611,0,0,0,0,0,0,613,0,0
3087280611,0,0,0,0,0,0,267,0,0,3087357611,0,0,0,0,0,0,582,0,0
3088400611,0,0,0,0,0,0,240,0,0,3088477611,0,0,0,0,0,0,592,0,0
3089520611,0,0,0,0,0,0,6985,0,0,3089597611,0,0,0,0,0,0,-2020,0,0
3090640611,0,0,0,0,0,0,6976,0,0,3090717611,0,0,0,0,0,0,-2034,0,0
3091760611,0,0,0,0,0,0,6983,0,0,3091837611,0,0,0,0,0,0,-2020,0,0
3092880611,0,0,0,0,0,0,6976,0,0,3092957611,0,0,0,0,0,0,-2012,0,0
3094000611,0,0,0,0,0,0,6950,0,0,3094077611,0,0,0,0,0,0,-2015,0,0
3095120611,0,0,0,0,0,0,6992,0,0,3095197611,0,0,0,0,0,0,-1988,0,0
3096240611,0,0,0,0,0,0,6967,0,0,3096317611,0,0,0,0,0,0,-2034,0,0
3097360611,0,0,0,0,0,0,6980,0,0,3097437611,0,0,0,0,0,0,-2012,0,0
3098480611,0,0,0,0,0,0,220,0,0,3098557611,0,0,0,0,0,0,616,0,0
3099600611,0,0,0,0,0,0,225,0,0,3099677611,0,0,0,0,0,0,639,0,0
3100720611,0,0,0,0,0,0,244,0,0,3100797611,0,0,0,0,0,0,619,0,0
3101840611,0,0,0,0,0,0,224,0,0,3101917611,0,0,0,0,0,0,580,0,0
3102960611,0,0,0,0,0,0,245,0,0,3103037611,0,0,0,0,0,0,639,0,0
3104080611,0,0,0,0,0,0,243,0,0,3104157611,0,0,0,0,0,0,597,0,0
3105200611,0,0,0,0,0,0,244,0,0,3105277611,0,0,0,0,0,0,609,0,0
3106320611,0,0,0,0,0,0,203,0,0,3106397611,0,0,0,0,0,0,617,0,0
3107440611,0,0,0,0,0,0,6971,0,0,3107517611,0,0,0,0,0,0,-2013,0,0
3108560611,0,0,0,0,0,0,7003,0,0,3108637611,0,0,0,0,0,0,-2021,0,0
3109680611,0,0,0,0,0,0,6945,0,0,3109757611,0,0,0,0,0,0,-2039,0,0
3110800611,0,0,0,0,0,0,6986,0,0,3110877611,0,0,0,0,0,0,-2033,0,0
3111920611,0,0,0,0,0,0,6968,0,0,3111997611,0,0,0,0,0,0,-2071,0,0
3113040611,0,0,0,0,0,0,6978,0,0,3113117611,0,0,0,0,0,0,-2046,0,0
3114160611,0,0,0,0,0,0,6965,0,0,3114237611,0,0,0,0,0,0,-2023,0,0
3115280611,0,0,0,0,0,0,6968,0,0,3115357611,0,0,0,0,0,0,-2004,0,0
3116400611,0,0,0,0,0,0,232,0,0,3116477611,0,0,0,0,0,0,576,0,0
3117520611,0,0,0,0,0,0,234,0,0,3117597611,0,0,0,0,0,0,605,0,0
3118640611,0,0,0,0,0,0,231,0,0,3118717611,0,0,0,0,0,0,609,0,0
3119760611,0,0,0,0,0,0,224,0,0,3119837611,0,0,0,0,0,0,598,0,0
3120880611,0,0,0,0,0,0,245,0,0,3120957611,0,0,0,0,0,0,569,0,0
3122000611,0,0,0,0,0,0,219,0,0,3122077611,0,0,0,0,0,0,597,0,0
3123120611,0,0,0,0,0,0,268,0,0,3123197611,0,0,0,0,0,0,653,0,0
3124240611,0,0,0,0,0,0,270,0,0,3124317611,0,0,0,0,0,0,629,0,0
3125360611,0,0,0,0,0,0,6983,0,0,3125437611,0,0,0,0,0,0,-2032,0,0
3126480611,0,0,0,0,0,0,6961,0,0,3126557611,0,0,0,0,0,0,-2008,0,0
3127600611,0,0,0,0,0,0,7014,0,0,3127677611,0,0,0,0,0,0,-2046,0,0
3128720611,0,0,0,0,0,0,6992,0,0,3128797611,0,0,0,0,0,0,-2039,0,0
3129840611,0,0,0,0,0,0,6986,0,0,3129917611,0,0,0,0,0,0,-2007,0,0
3130960611,0,0,0,0,0,0,6993,0,0,3131037611,0,0,0,0,0,0,-2005,0,0
3132080611,0,0,0,0,0,0,6977,0,0,3132157611,0,0,0,0,0,0,-2079,0,0
3133200611,0,0,0,0,0,0,6950,0,0,3133277611,0,0,0,0,0,0,-2037,0,0
3134320611,0,0,0,0,0,0,251,0,0,3134397611,0,0,0,0,0,0,620,0,0
3135440611,0,0,0,0,0,0,255,0,0,3135517611,0,0,0,0,0,0,614,0,0
3136560611,0,0,0,0,0,0,227,0,0,3136637611,0,0,0,0,0,0,627,0,0
3137680611,0,0,0,0,0,0,261,0,0,3137757611,0,0,0,0,0,0,593,0,0
3138800611,0,0,0,0,0,0,227,0,0,3138877611,0,0,0,0,0,0,553,0,0
3139920611,0,0,0,0,0,0,288,0,0,3139997611,0,0,0,0,0,0,572,0,0
3141040611,0,0,0,0,0,0,263,0,0,3141117611,0,0,0,0,0,0,607,0,0
3142160611,0,0,0,0,0,0,242,0,0,3142237611,0,0,0,0,0,0,598,0,0
3143280611,0,0,0,0,0,0,6990,0,0,3143357611,0,0,0,0,0,0,-2051,0,0
3144400611,0,0,0,0,0,0,6953,0,0,3144477611,0,0,0,0,0,0,-2032,0,0
3145520611,0,0,0,0,0,0,6995,0,0,3145597611,0,0,0,0,0,0,-2016,0,0
3146640611,0,0,0,0,0,0,7002,0,0,3146717611,0,0,0,0,0,0,-2044,0,0
3147760611,0,0,0,0,0,0,6973,0,0,3147837611,0,0,0,0,0,0,-2051,0,0
3148880611,0,0,0,0,0,0,6950,0,0,3148957611,0,0,0,0,0,0,-2031,0,0
3150000611,0,0,0,0,0,0,6979,0,0,3150077611,0,0,0,0,0,0,-2008,0,0
3151120611,0,0,0,0,0,0,6965,0,0,3151197611,0,0,0,0,0,0,-2072,0,0
3152240611,0,0,0,0,0,0,251,0,0,3152317611,0,0,0,0,0,0,557,0,0
3153360611,0,0,0,0,0,0,237,0,0,3153437611,0,0,0,0,0,0,661,0,0
3154480611,0,0,0,0,0,0,234,0,0,3154557611,0,0,0,0,0,0,655,0,0
3155600611,0,0,0,0,0,0,244,0,0,3155677611,0,0,0,0,0,0,628,0,0
3156720611,0,0,0,0,0,0,243,0,0,3156797611,0,0,0,0,0,0,635,0,0
3157840611,0,0,0,0,0,0,235,0,0,3157917611,0,0,0,0,0,0,562,0,0
3158960611,0,0,0,0,0,0,257,0,0,3159037611,0,0,0,0,0,0,638,0,0
3160080611,0,0,0,0,0,0,218,0,0,3160157611,0,0,0,0,0,0,597,0,0
3161200611,0,0,0,0,0,0,6987,0,0,3161277611,0,0,0,0,0,0,-2064,0,0
3162320611,0,0,0,0,0,0,6945,0,0,3162397611,0,0,0,0,0,0,-2044,0,0
3163440611,0,0,0,0,0,0,6970,0,0,3163517611,0,0,0,0,0,0,-2039,0,0
3164560611,0,0,0,0,0,0,6959,0,0,3164637611,0,0,0,0,0,0,-2005,0,0
3165680611,0,0,0,0,0,0,6989,0,0,3165757611,0,0,0,0,0,0,-1982,0,0
3166800611,0,0,0,0,0,0,6995,0,0,3166877611,0,0,0,0,0,0,-2002,0,0
3167920611,0,0,0,0,0,0,6984,0,0,3167997611,0,0,0,0,0,0,-2094,0,0
3169040611,0,0,0,0,0,0,7015,0,0,3169117611,0,0,0,0,0,0,-2022,0,0
3170160611,0,0,0,0,0,0,229,0,0,3170237611,0,0,0,0,0,0,602,0,0
3171280611,0,0,0,0,0,0,249,0,0,3171357611,0,0,0,0,0,0,600,0,0
3172400611,0,0,0,0,0,0,261,0,0,3172477611,0,0,0,0,0,0,608,0,0
3173520611,0,0,0,0,0,0,267,0,0,3173597611,0,0,0,0,0,0,630,0,0
3174640611,0,0,0,0,0,0,252,0,0,3174717611,0,0,0,0,0,0,636,0,0
3175760611,0,0,0,0,0,0,241,0,0,3175837611,0,0,0,0,0,0,597,0,0
3176880611,0,0,0,0,0,0,241,0,0,3176957611,0,0,0,0,0,0,657,0,0
3178000611,0,0,0,0,0,0,293,0,0,3178077611,0,0,0,0,0,0,621,0,0
3179120611,0,0,0,0,0,0,6942,0,0,3179197611,0,0,0,0,0,0,-2057,0,0
3180240611,0,0,0,0,0,0,6981,0,0,3180317611,0,0,0,0,0,0,-2037,0,0
3181360611,0,0,0,0,0,0,6984,0,0,3181437611,0,0,0,0,0,0,-2007,0,0
3182480611,0,0,0,0,0,0,6945,0,0,3182557611,0,0,0,0,0,0,-2000,0,0
3183600611,0,0,0,0,0,0,6926,0,0,3183677611,0,0,0,0,0,0,-2055,0,0
3184720611,0,0,0,0,0,0,7012,0,0,3184797611,0,0,0,0,0,0,-2009,0,0
3185840611,0,0,0,0,0,0,6954,0,0,3185917611,0,0,0,0,0,0,-1999,0,0
3186960611,0,0,0,0,0,0,6958,0,0,3187037611,0,0,0,0,0,0,-2001,0,0
3188080611,0,0,0,0,0,0,237,0,0,3188157611,0,0,0,0,0,0,625,0,0
3189200611,0,0,0,0,0,0,245,0,0,3189277611,0,0,0,0,0,0,576,0,0
3190320611,0,0,0,0,0,0,217,0,0,3190397611,0,0,0,0,0,0,601,0,0
3191440611,0,0,0,0,0,0,207,0,0,3191517611,0,0,0,0,0,0,582,0,0
3192560611,0,0,0,0,0,0,259,0,0,3192637611,0,0,0,0,0,0,581,0,0
3193680611,0,0,0,0,0,0,245,0,0,3193757611,0,0,0,0,0,0,607,0,0
3194800611,0,0,0,0,0,0,242,0,0,3194877611,0,0,0,0,0,0,607,0,0
3195920611,0,0,0,0,0,0,251,0,0,3195997611,0,0,0,0,0,0,616,0,0
3197040611,0,0,0,0,0,0,6950,0,0,3197117611,0,0,0,0,0,0,-2075,0,0
3198160611,0,0,0,0,0,0,6968,0,0,3198237611,0,0,0,0,0,0,-2001,0,0
3199280611,0,0,0,0,0,0,6936,0,0,3199357611,0,0,0,0,0,0,-2003,0,0
3200400611,0,0,0,0,0,0,6970,0,0,3200477611,0,0,0,0,0,0,-2023,0,0
3201520611,0,0,0,0,0,0,6982,0,0,3201597611,0,0,0,0,0,0,-1992,0,0
3202640611,0,0,0,0,0,0,6958,0,0,3202717611,0,0,0,0,0,0,-2014,0,0
3203760611,0,0,0,0,0,0,6974,0,0,3203837611,0,0,0,0,0,0,-2040,0,0
3204880611,0,0,0,0,0,0,6978,0,0,3204957611,0,0,0,0,0,0,-2026,0,0
3206000611,0,0,0,0,0,0,215,0,0,3206077611,0,0,0,0,0,0,609,0,0
3207120611,0,0,0,0,0,0,238,0,0,3207197611,0,0,0,0,0,0,597,0,0
3208240611,0,0,0,0,0,0,234,0,0,3208317611,0,0,0,0,0,0,635,0,0
3209360611,0,0,0,0,0,0,253,0,0,3209437611,0,0,0,0,0,0,593,0,0
3210480611,0,0,0,0,0,0,212,0,0,3210557611,0,0,0,0,0,0,596,0,0
3211600611,0,0,0,0,0,0,227,0,0,3211677611,0,0,0,0,0,0,583,0,0
3212720611,0,0,0,0,0,0,247,0,0,3212797611,0,0,0,0,0,0,625,0,0
3213840611,0,0,0,0,0,0,299,0,0,3213917611,0,0,0,0,0,0,582,0,0
3214960611,0,0,0,0,0,0,6918,0,0,3215037611,0,0,0,0,0,0,-2009,0,0
3216080611,0,0,0,0,0,0,7011,0,0,3216157611,0,0,0,0,0,0,-2026,0,0
3217200611,0,0,0,0,0,0,6952,0,0,3217277611,0,0,0,0,0,0,-2020,0,0
3218320611,0,0,0,0,0,0,6954,0,0,3218397611,0,0,0,0,0,0,-2028,0,0
3219440611,0,0,0,0,0,0,7003,0,0,3219517611,0,0,0,0,0,0,-2053,0,0
3220560611,0,0,0,0,0,0,6973,0,0,3220637611,0,0,0,0,0,0,-2045,0,0
3221680611,0,0,0,0,0,0,6988,0,0,3221757611,0,0,0,0,0,0,-2052,0,0
3222800611,0,0,0,0,0,0,7033,0,0,3222877611,0,0,0,0,0,0,-2026,0,0
3223920611,0,0,0,0,0,0,264,0,0,3223997611,0,0,0,0,0,0,632,0,0
3225040611,0,0,0,0,0,0,197,0,0,3225117611,0,0,0,0,0,0,604,0,0
3226160611,0,0,0,0,0,0,237,0,0,3226237611,0,0,0,0,0,0,623,0,0
3227280611,0,0,0,0,0,0,234,0,0,3227357611,0,0,0,0,0,0,538,0,0
3228400611,0,0,0,0,0,0,246,0,0,3228477611,0,0,0,0,0,0,609,0,0
3229520611,0,0,0,0,0,0,228,0,0,3229597611,0,0,0,0,0,0,604,0,0
3230640611,0,0,0,0,0,0,237,0,0,3230717611,0,0,0,0,0,0,643,0,0
3231760611,0,0,0,0,0,0,235,0,0,3231837611,0,0,0,0,0,0,578,0,0
3232880611,0,0,0,0,0,0,6956,0,0,3232957611,0,0,0,0,0,0,-2042,0,0
3234000611,0,0,0,0,0,0,7008,0,0,3234077611,0,0,0,0,0,0,-2053,0,0
3235120611,0,0,0,0,0,0,6942,0,0,3235197611,0,0,0,0,0,0,-2062,0,0
3236240611,0,0,0,0,0,0,6983,0,0,3236317611,0,0,0,0,0,0,-2009,0,0
3237360611,0,0,0,0,0,0,6996,0,0,3237437611,0,0,0,0,0,0,-2042,0,0
3238480611,0,0,0,0,0,0,7002,0,0,3238557611,0,0,0,0,0,0,-2032,0,0
3239600611,0,0,0,0,0,0,6959,0,0,3239677611,0,0,0,0,0,0,-1988,0,0
3240720611,0,0,0,0,0,0,6979,0,0,3240797611,0,0,0,0,0,0,-2027,0,0
3241840611,0,0,0,0,0,0,182,0,0,3241917611,0,0,0,0,0,0,590,0,0
3242960611,0,0,0,0,0,0,252,0,0,3243037611,0,0,0,0,0,0,595,0,0
3244080611,0,0,0,0,0,0,243,0,0,3244157611,0,0,0,0,0,0,590,0,0
3245200611,0,0,0,0,0,0,225,0,0,3245277611,0,0,0,0,0,0,619,0,0
3246320611,0,0,0,0,0,0,235,0,0,3246397611,0,0,0,0,0,0,638,0,0
3247440611,0,0,0,0,0,0,220,0,0,3247517611,0,0,0,0,0,0,598,0,0
3248560611,0,0,0,0,0,0,235,0,0,3248637611,0,0,0,0,0,0,572,0,0
3249680611,0,0,0,0,0,0,298,0,0,3249757611,0,0,0,0,0,0,597,0,0
3250800611,0,0,0,0,0,0,6947,0,0,3250877611,0,0,0,0,0,0,-2018,0,0
3251920611,0,0,0,0,0,0,6989,0,0,3251997611,0,0,0,0,0,0,-2029,0,0
3253040611,0,0,0,0,0,0,6986,0,0,3253117611,0,0,0,0,0,0,-2038,0,0
3254160611,0,0,0,0,0,0,6995,0,0,3254237611,0,0,0,0,0,0,-2029,0,0
3255280611,0,0,0,0,0,0,7006,0,0,3255357611,0,0,0,0,0,0,-2002,0,0
3256400611,0,0,0,0,0,0,6971,0,0,3256477611,0,0,0,0,0,0,-2027,0,0
3257520611,0,0,0,0,0,0,6960,0,0,3257597611,0,0,0,0,0,0,-2034,0,0
3258640611,0,0,0,0,0,0,6950,0,0,3258717611,0,0,0,0,0,0,-2042,0,0
3259760611,0,0,0,0,0,0,194,0,0,3259837611,0,0,0,0,0,0,615,0,0
3260880611,0,0,0,0,0,0,197,0,0,3260957611,0,0,0,0,0,0,580,0,0
3262000611,0,0,0,0,0,0,262,0,0,3262077611,0,0,0,0,0,0,598,0,0
3263120611,0,0,0,0,0,0,243,0,0,3263197611,0,0,0,0,0,0,613,0,0
3264240611,0,0,0,0,0,0,246,0,0,3264317611,0,0,0,0,0,0,622,0,0
3265360611,0,0,0,0,0,0,271,0,0,3265437611,0,0,0,0,0,0,624,0,0
3266480611,0,0,0,0,0,0,265,0,0,3266557611,0,0,0,0,0,0,612,0,0
3267600611,0,0,0,0,0,0,249,0,0,3267677611,0,0,0,0,0,0,620,0,0
3268720611,0,0,0,0,0,0,6885,0,0,3268797611,0,0,0,0,0,0,-2008,0,0
3269840611,0,0,0,0,0,0,6958,0,0,3269917611,0,0,0,0,0,0,-2007,0,0
3270960611,0,0,0,0,0,0,6964,0,0,3271037611,0,0,0,0,0,0,-2005,0,0
3272080611,0,0,0,0,0,0,6977,0,0,3272157611,0,0,0,0,0,0,-2038,0,0
3273200611,0,0,0,0,0,0,6986,0,0,3273277611,0,0,0,0,0,0,-2020,0,0
3274320611,0,0,0,0,0,0,6973,0,0,3274397611,0,0,0,0,0,0,-2010,0,0
3275440611,0,0,0,0,0,0,6973,0,0,3275517611,0,0,0,0,0,0,-1995,0,0
3276560611,0,0,0,0,0,0,6999,0,0,3276637611,0,0,0,0,0,0,-2022,0,0
3277680611,0,0,0,0,0,0,256,0,0,3277757611,0,0,0,0,0,0,569,0,0
3278800611,0,0,0,0,0,0,246,0,0,3278877611,0,0,0,0,0,0,601,0,0
3279920611,0,0,0,0,0,0,259,0,0,3279997611,0,0,0,0,0,0,615,0,0
3281040611,0,0,0,0,0,0,271,0,0,3281117611,0,0,0,0,0,0,605,0,0
3282160611,0,0,0,0,0,0,283,0,0,3282237611,0,0,0,0,0,0,607,0,0
3283280611,0,0,0,0,0,0,221,0,0,3283357611,0,0,0,0,0,0,624,0,0
3284400611,0,0,0,0,0,0,259,0,0,3284477611,0,0,0,0,0,0,566,0,0
3285520611,0,0,0,0,0,0,235,0,0,3285597611,0,0,0,0,0,0,637,0,0
3286640611,0,0,0,0,0,0,6815,0,0,3286717611,0,0,0,0,0,0,-2023,0,0
3287760611,0,0,0,0,0,0,6975,0,0,3287837611,0,0,0,0,0,0,-2017,0,0
3288880611,0,0,0,0,0,0,6976,0,0,3288957611,0,0,0,0,0,0,-2030,0,0
3290000611,0,0,0,0,0,0,6939,0,0,3290077611,0,0,0,0,0,0,-2033,0,0
3291120611,0,0,0,0,0,0,6962,0,0,3291197611,0,0,0,0,0,0,-2081,0,0
3292240611,0,0,0,0,0,0,6978,0,0,3292317611,0,0,0,0,0,0,-2020,0,0
3293360611,0,0,0,0,0,0,6947,0,0,3293437611,0,0,0,0,0,0,-2069,0,0
3294480611,0,0,0,0,0,0,6955,0,0,3294557611,0,0,0,0,0,0,-2022,0,0
3295600611,0,0,0,0,0,0,257,0,0,3295677611,0,0,0,0,0,0,605,0,0
3296720611,0,0,0,0,0,0,223,0,0,3296797611,0,0,0,0,0,0,595,0,0
3297840611,0,0,0,0,0,0,248,0,0,3297917611,0,0,0,0,0,0,607,0,0
3298960611,0,0,0,0,0,0,250,0,0,3299037611,0,0,0,0,0,0,575,0,0
3300080611,0,0,0,0,0,0,226,0,0,3300157611,0,0,0,0,0,0,612,0,0
3301200611,0,0,0,0,0,0,237,0,0,3301277611,0,0,0,0,0,0,606,0,0
3302320611,0,0,0,0,0,0,236,0,0,3302397611,0,0,0,0,0,0,620,0,0
3303440611,0,0,0,0,0,0,232,0,0,3303517611,0,0,0,0,0,0,578,0,0
3304560611,0,0,0,0,0,0,6634,0,0,3304637611,0,0,0,0,0,0,-2016,0,0
3305680611,0,0,0,0,0,0,6943,0,0,3305757611,0,0,0,0,0,0,-2017,0,0
3306800611,0,0,0,0,0,0,6944,0,0,3306877611,0,0,0,0,0,0,-2005,0,0
3307920611,0,0,0,0,0,0,6966,0,0,3307997611,0,0,0,0,0,0,-2059,0,0
3309040611,0,0,0,0,0,0,6953,0,0,3309117611,0,0,0,0,0,0,-1993,0,0
3310160611,0,0,0,0,0,0,6977,0,0,3310237611,0,0,0,0,0,0,-2047,0,0
3311280611,0,0,0,0,0,0,6956,0,0,3311357611,0,0,0,0,0,0,-2004,0,0
3312400611,0,0,0,0,0,0,6894,0,0,3312477611,0,0,0,0,0,0,-2055,0,0
3313520611,0,0,0,0,0,0,299,0,0,3313597611,0,0,0,0,0,0,578,0,0
3314640611,0,0,0,0,0,0,247,0,0,3314717611,0,0,0,0,0,0,595,0,0
3315760611,0,0,0,0,0,0,231,0,0,3315837611,0,0,0,0,0,0,603,0,0
3316880611,0,0,0,0,0,0,237,0,0,3316957611,0,0,0,0,0,0,588,0,0
3318000611,0,0,0,0,0,0,249,0,0,3318077611,0,0,0,0,0,0,597,0,0
3319120611,0,0,0,0,0,0,208,0,0,3319197611,0,0,0,0,0,0,568,0,0
3320240611,0,0,0,0,0,0,235,0,0,3320317611,0,0,0,0,0,0,644,0,0
3321360611,0,0,0,0,0,0,221,0,0,3321437611,0,0,0,0,0,0,631,0,0
3322480611,0,0,0,0,0,0,6259,0,0,3322557611,0,0,0,0,0,0,-1939,0,0
3323600611,0,0,0,0,0,0,6975,0,0,3323677611,0,0,0,0,0,0,-2012,0,0
3324720611,0,0,0,0,0,0,6950,0,0,3324797611,0,0,0,0,0,0,-2033,0,0
3325840611,0,0,0,0,0,0,6961,0,0,3325917611,0,0,0,0,0,0,-2018,0,0
3326960611,0,0,0,0,0,0,6981,0,0,3327037611,0,0,0,0,0,0,-2036,0,0
3328080611,0,0,0,0,0,0,6967,0,0,3328157611,0,0,0,0,0,0,-2023,0,0
3329200611,0,0,0,0,0,0,6981,0,0,3329277611,0,0,0,0,0,0,-2010,0,0
3330320611,0,0,0,0,0,0,6970,0,0,3330397611,0,0,0,0,0,0,-2016,0,0
3331440611,0,0,0,0,0,0,445,0,0,3331517611,0,0,0,0,0,0,624,0,0
3332560611,0,0,0,0,0,0,240,0,0,3332637611,0,0,0,0,0,0,654,0,0
3333680611,0,0,0,0,0,0,235,0,0,3333757611,0,0,0,0,0,0,592,0,0
3334800611,0,0,0,0,0,0,255,0,0,3334877611,0,0,0,0,0,0,607,0,0
3335920611,0,0,0,0,0,0,238,0,0,3335997611,0,0,0,0,0,0,524,0,0
3337040611,0,0,0,0,0,0,245,0,0,3337117611,0,0,0,0,0,0,616,0,0
3338160611,0,0,0,0,0,0,265,0,0,3338237611,0,0,0,0,0,0,613,0,0
3339280611,0,0,0,0,0,0,214,0,0,3339357611,0,0,0,0,0,0,623,0,0
3340400611,0,0,0,0,0,0,5541,0,0,3340477611,0,0,0,0,0,0,-1959,0,0
3341520611,0,0,0,0,0,0,6900,0,0,3341597611,0,0,0,0,0,0,-2026,0,0
3342640611,0,0,0,0,0,0,6989,0,0,3342717611,0,0,0,0,0,0,-2014,0,0
3343760611,0,0,0,0,0,0,6998,0,0,3343837611,0,0,0,0,0,0,-2044,0,0
3344880611,0,0,0,0,0,0,6970,0,0,3344957611,0,0,0,0,0,0,-2020,0,0
3346000611,0,0,0,0,0,0,6995,0,0,3346077611,0,0,0,0,0,0,-2036,0,0
3347120611,0,0,0,0,0,0,6965,0,0,3347197611,0,0,0,0,0,0,-1973,0,0
3348240611,0,0,0,0,0,0,7006,0,0,3348317611,0,0,0,0,0,0,-2006,0,0
3349360611,0,0,0,0,0,0,1327,0,0,3349437611,0,0,0,0,0,0,569,0,0
3350480611,0,0,0,0,0,0,254,0,0,3350557611,0,0,0,0,0,0,599,0,0
3351600611,0,0,0,0,0,0,244,0,0,3351677611,0,0,0,0,0,0,600,0,0
3352720611,0,0,0,0,0,0,259,0,0,3352797611,0,0,0,0,0,0,577,0,0
3353840611,0,0,0,0,0,0,216,0,0,3353917611,0,0,0,0,0,0,586,0,0
3354960611,0,0,0,0,0,0,255,0,0,3355037611,0,0,0,0,0,0,619,0,0
3356080611,0,0,0,0,0,0,251,0,0,3356157611,0,0,0,0,0,0,568,0,0
3357200611,0,0,0,0,0,0,236,0,0,3357277611,0,0,0,0,0,0,595,0,0
3358320611,0,0,0,0,0,0,3917,0,0,3358397611,0,0,0,0,0,0,-1869,0,0
3359440611,0,0,0,0,0,0,7007,0,0,3359517611,0,0,0,0,0,0,-1997,0,0
3360560611,0,0,0,0,0,0,7004,0,0,3360637611,0,0,0,0,0,0,-2046,0,0
3361680611,0,0,0,0,0,0,6947,0,0,3361757611,0,0,0,0,0,0,-2038,0,0
3362800611,0,0,0,0,0,0,6969,0,0,3362877611,0,0,0,0,0,0,-1983,0,0
3363920611,0,0,0,0,0,0,7000,0,0,3363997611,0,0,0,0,0,0,-2024,0,0
3365040611,0,0,0,0,0,0,6991,0,0,3365117611,0,0,0,0,0,0,-2015,0,0
3366160611,0,0,0,0,0,0,6935,0,0,3366237611,0,0,0,0,0,0,-2002,0,0
3367280611,0,0,0,0,0,0,4318,0,0,3367357611,0,0,0,0,0,0,572,0,0
3368400611,0,0,0,0,0,0,252,0,0,3368477611,0,0,0,0,0,0,652,0,0
3369520611,0,0,0,0,0,0,280,0,0,3369597611,0,0,0,0,0,0,614,0,0
3370640611,0,0,0,0,0,0,204,0,0,3370717611,0,0,0,0,0,0,594,0,0
3371760611,0,0,0,0,0,0,235,0,0,3371837611,0,0,0,0,0,0,641,0,0
3372880611,0,0,0,0,0,0,261,0,0,3372957611,0,0,0,0,0,0,610,0,0
3374000611,0,0,0,0,0,0,230,0,0,3374077611,0,0,0,0,0,0,580,0,0
3375120611,0,0,0,0,0,0,262,0,0,3375197611,0,0,0,0,0,0,611,0,0
3376240611,0,0,0,0,0,0,340,0,0,3376317611,0,0,0,0,0,0,-1636,0,0
3377360611,0,0,0,0,0,0,6965,0,0,3377437611,0,0,0,0,0,0,-2008,0,0
3378480611,0,0,0,0,0,0,6992,0,0,3378557611,0,0,0,0,0,0,-2050,0,0
3379600611,0,0,0,0,0,0,6987,0,0,3379677611,0,0,0,0,0,0,-2000,0,0
3380720611,0,0,0,0,0,0,7001,0,0,3380797611,0,0,0,0,0,0,-2012,0,0
3381840611,0,0,0,0,0,0,6946,0,0,3381917611,0,0,0,0,0,0,-2058,0,0
3382960611,0,0,0,0,0,0,7005,0,0,3383037611,0,0,0,0,0,0,-2006,0,0
3384080611,0,0,0,0,0,0,6970,0,0,3384157611,0,0,0,0,0,0,-2011,0,0
3385200611,0,0,0,0,0,0,7011,0,0,3385277611,0,0,0,0,0,0,492,0,0
3386320611,0,0,0,0,0,0,267,0,0,3386397611,0,0,0,0,0,0,621,0,0
3387440611,0,0,0,0,0,0,235,0,0,3387517611,0,0,0,0,0,0,635,0,0
3388560611,0,0,0,0,0,0,181,0,0,3388637611,0,0,0,0,0,0,606,0,0
3389680611,0,0,0,0,0,0,205,0,0,3389757611,0,0,0,0,0,0,591,0,0
3390800611,0,0,0,0,0,0,220,0,0,3390877611,0,0,0,0,0,0,615,0,0
3391920611,0,0,0,0,0,0,249,0,0,3391997611,0,0,0,0,0,0,609,0,0
3393040611,0,0,0,0,0,0,214,0,0,3393117611,0,0,0,0,0,0,584,0,0
3394160611,0,0,0,0,0,0,222,0,0,3394237611,0,0,0,0,0,0,-1250,0,0
3395280611,0,0,0,0,0,0,6998,0,0,3395357611,0,0,0,0,0,0,-2018,0,0
3396400611,0,0,0,0,0,0,6974,0,0,3396477611,0,0,0,0,0,0,-2005,0,0
3397520611,0,0,0,0,0,0,6981,0,0,3397597611,0,0,0,0,0,0,-2005,0,0
3398640611,0,0,0,0,0,0,6941,0,0,3398717611,0,0,0,0,0,0,-2031,0,0
3399760611,0,0,0,0,0,0,6983,0,0,3399837611,0,0,0,0,0,0,-2014,0,0
3400880611,0,0,0,0,0,0,6971,0,0,3400957611,0,0,0,0,0,0,-1982,0,0
3402000611,0,0,0,0,0,0,6979,0,0,3402077611,0,0,0,0,0,0,-2011,0,0
3403120611,0,0,0,0,0,0,6998,0,0,3403197611,0,0,0,0,0,0,-184,0,0
3404240611,0,0,0,0,0,0,189,0,0,3404317611,0,0,0,0,0,0,577,0,0
3405360611,0,0,0,0,0,0,214,0,0,3405437611,0,0,0,0,0,0,607,0,0
3406480611,0,0,0,0,0,0,238,0,0,3406557611,0,0,0,0,0,0,646,0,0
3407600611,0,0,0,0,0,0,263,0,0,3407677611,0,0,0,0,0,0,593,0,0
3408720611,0,0,0,0,0,0,240,0,0,3408797611,0,0,0,0,0,0,645,0,0
3409840611,0,0,0,0,0,0,262,0,0,3409917611,0,0,0,0,0,0,593,0,0
3410960611,0,0,0,0,0,0,215,0,0,3411037611,0,0,0,0,0,0,600,0,0
3412080611,0,0,0,0,0,0,257,0,0,3412157611,0,0,0,0,0,0,614,0,0
3413200611,0,0,0,0,0,0,244,0,0,3413277611,0,0,0,0,0,0,605,0,0
3414320611,0,0,0,0,0,0,252,0,0,3414397611,0,0,0,0,0,0,610,0,0
3415440611,0,0,0,0,0,0,231,0,0,3415517611,0,0,0,0,0,0,629,0,0
3416560611,0,0,0,0,0,0,290,0,0,3416637611,0,0,0,0,0,0,595,0,0
3417680611,0,0,0,0,0,0,229,0,0,3417757611,0,0,0,0,0,0,600,0,0
3418800611,0,0,0,0,0,0,231,0,0,3418877611,0,0,0,0,0,0,621,0,0
3419920611,0,0,0,0,0,0,248,0,0,3419997611,0,0,0,0,0,0,597,0,0
3421040611,0,0,0,0,0,0,242,0,0,3421117611,0,0,0,0,0,0,580,0,0
3422160611,0,0,0,0,0,0,225,0,0,3422237611,0,0,0,0,0,0,604,0,0
3423280611,0,0,0,0,0,0,234,0,0,3423357611,0,0,0,0,0,0,570,0,0
3424400611,0,0,0,0,0,0,233,0,0,3424477611,0,0,0,0,0,0,603,0,0
3425520611,0,0,0,0,0,0,195,0,0,3425597611,0,0,0,0,0,0,618,0,0
3426640611,0,0,0,0,0,0,223,0,0,3426717611,0,0,0,0,0,0,645,0,0
3427760611,0,0,0,0,0,0,214,0,0,3427837611,0,0,0,0,0,0,554,0,0
3428880611,0,0,0,0,0,0,225,0,0,3428957611,0,0,0,0,0,0,565,0,0
3430000611,0,0,0,0,0,0,237,0,0,3430077611,0,0,0,0,0,0,619,0,0
3431120611,0,0,0,0,0,0,276,0,0,3431197611,0,0,0,0,0,0,593,0,0
3432240611,0,0,0,0,0,0,234,0,0,3432317611,0,0,0,0,0,0,591,0,0
3433360611,0,0,0,0,0,0,215,0,0,3433437611,0,0,0,0,0,0,572,0,0
3434480611,0,0,0,0,0,0,263,0,0,3434557611,0,0,0,0,0,0,602,0,0
3435600611,0,0,0,0,0,0,219,0,0,3435677611,0,0,0,0,0,0,631,0,0
3436720611,0,0,0,0,0,0,228,0,0,3436797611,0,0,0,0,0,0,627,0,0
3437840611,0,0,0,0,0,0,230,0,0,3437917611,0,0,0,0,0,0,593,0,0
3438960611,0,0,0,0,0,0,230,0,0,3439037611,0,0,0,0,0,0,611,0,0
3440080611,0,0,0,0,0,0,247,0,0,3440157611,0,0,0,0,0,0,610,0,0
3441200611,0,0,0,0,0,0,302,0,0,3441277611,0,0,0,0,0,0,591,0,0
3442320611,0,0,0,0,0,0,205,0,0,3442397611,0,0,0,0,0,0,603,0,0
3443440611,0,0,0,0,0,0,213,0,0,3443517611,0,0,0,0,0,0,610,0,0
3444560611,0,0,0,0,0,0,252,0,0,3444637611,0,0,0,0,0,0,689,0,0
3445680611,0,0,0,0,0,0,256,0,0,3445757611,0,0,0,0,0,0,624,0,0
3446800611,0,0,0,0,0,0,232,0,0,3446877611,0,0,0,0,0,0,598,0,0
3447920611,0,0,0,0,0,0,238,0,0,3447997611,0,0,0,0,0,0,620,0,0
3449040611,0,0,0,0,0,0,283,0,0,3449117611,0,0,0,0,0,0,635,0,0
3450160611,0,0,0,0,0,0,244,0,0,3450237611,0,0,0,0,0,0,658,0,0
3451280611,0,0,0,0,0,0,219,0,0,3451357611,0,0,0,0,0,0,617,0,0
3452400611,0,0,0,0,0,0,198,0,0,3452477611,0,0,0,0,0,0,593,0,0
3453520611,0,0,0,0,0,0,253,0,0,3453597611,0,0,0,0,0,0,633,0,0
3454640611,0,0,0,0,0,0,288,0,0,3454717611,0,0,0,0,0,0,605,0,0
3455760611,0,0,0,0,0,0,234,0,0,3455837611,0,0,0,0,0,0,555,0,0
3456880611,0,0,0,0,0,0,224,0,0,3456957611,0,0,0,0,0,0,595,0,0
3458000611,0,0,0,0,0,0,247,0,0,3458077611,0,0,0,0,0,0,609,0,0
3459120611,0,0,0,0,0,0,245,0,0,3459197611,0,0,0,0,0,0,587,0,0
3460240611,0,0,0,0,0,0,223,0,0,3460317611,0,0,0,0,0,0,604,0,0
3461360611,0,0,0,0,0,0,258,0,0,3461437611,0,0,0,0,0,0,633,0,0
3462480611,0,0,0,0,0,0,270,0,0,3462557611,0,0,0,0,0,0,563,0,0
3463600611,0,0,0,0,0,0,267,0,0,3463677611,0,0,0,0,0,0,640,0,0
3464720611,0,0,0,0,0,0,217,0,0,3464797611,0,0,0,0,0,0,606,0,0
3465840611,0,0,0,0,0,0,265,0,0,3465917611,0,0,0,0,0,0,607,0,0
3466960611,0,0,0,0,0,0,200,0,0,3467037611,0,0,0,0,0,0,605,0,0
3468080611,0,0,0,0,0,0,275,0,0,3468157611,0,0,0,0,0,0,568,0,0
3469200611,0,0,0,0,0,0,264,0,0,3469277611,0,0,0,0,0,0,586,0,0
3470320611,0,0,0,0,0,0,258,0,0,3470397611,0,0,0,0,0,0,588,0,0
3471440611,0,0,0,0,0,0,259,0,0,3471517611,0,0,0,0,0,0,668,0,0
3472560611,0,0,0,0,0,0,275,0,0,3472637611,0,0,0,0,0,0,599,0,0
3473680611,0,0,0,0,0,0,233,0,0,3473757611,0,0,0,0,0,0,585,0,0
3474800611,0,0,0,0,0,0,223,0,0,3474877611,0,0,0,0,0,0,599,0,0
3475920611,0,0,0,0,0,0,235,0,0,3475997611,0,0,0,0,0,0,609,0,0
3477040611,0,0,0,0,0,0,242,0,0,3477117611,0,0,0,0,0,0,643,0,0
3478160611,0,0,0,0,0,0,253,0,0,3478237611,0,0,0,0,0,0,592,0,0
3479280611,0,0,0,0,0,0,243,0,0,3479357611,0,0,0,0,0,0,593,0,0
3480400611,0,0,0,0,0,0,253,0,0,3480477611,0,0,0,0,0,0,603,0,0
3481520611,0,0,0,0,0,0,213,0,0,3481597611,0,0,0,0,0,0,599,0,0
3482640611,0,0,0,0,0,0,261,0,0,3482717611,0,0,0,0,0,0,574,0,0
3483760611,0,0,0,0,0,0,256,0,0,3483837611,0,0,0,0,0,0,640,0,0
3484880611,0,0,0,0,0,0,274,0,0,3484957611,0,0,0,0,0,0,606,0,0
3486000611,0,0,0,0,0,0,241,0,0,3486077611,0,0,0,0,0,0,631,0,0
3487120611,0,0,0,0,0,0,240,0,0,3487197611,0,0,0,0,0,0,657,0,0
3488240611,0,0,0,0,0,0,234,0,0,3488317611,0,0,0,0,0,0,580,0,0
3489360611,0,0,0,0,0,0,226,0,0,3489437611,0,0,0,0,0,0,619,0,0
3490480611,0,0,0,0,0,0,258,0,0,3490557611,0,0,0,0,0,0,635,0,0
3491600611,0,0,0,0,0,0,231,0,0,3491677611,0,0,0,0,0,0,555,0,0
3492720611,0,0,0,0,0,0,226,0,0,3492797611,0,0,0,0,0,0,609,0,0
3493840611,0,0,0,0,0,0,239,0,0,3493917611,0,0,0,0,0,0,616,0,0
3494960611,0,0,0,0,0,0,244,0,0,3495037611,0,0,0,0,0,0,633,0,0
3496080611,0,0,0,0,0,0,238,0,0,3496157611,0,0,0,0,0,0,565,0,0
3497200611,0,0,0,0,0,0,272,0,0,3497277611,0,0,0,0,0,0,566,0,0
3498320611,0,0,0,0,0,0,235,0,0,3498397611,0,0,0,0,0,0,644,0,0
3499440611,0,0,0,0,0,0,237,0,0,3499517611,0,0,0,0,0,0,592,0,0
3500560611,0,0,0,0,0,0,249,0,0,3500637611,0,0,0,0,0,0,582,0,0
3501680611,0,0,0,0,0,0,220,0,0,3501757611,0,0,0,0,0,0,590,0,0
3502800611,0,0,0,0,0,0,276,0,0,3502877611,0,0,0,0,0,0,596,0,0
3503920611,0,0,0,0,0,0,206,0,0,3503997611,0,0,0,0,0,0,596,0,0
3505040611,0,0,0,0,0,0,261,0,0,3505117611,0,0,0,0,0,0,616,0,0
3506160611,0,0,0,0,0,0,246,0,0,3506237611,0,0,0,0,0,0,586,0,0
3507280611,0,0,0,0,0,0,230,0,0,3507357611,0,0,0,0,0,0,595,0,0
3508400611,0,0,0,0,0,0,253,0,0,3508477611,0,0,0,0,0,0,585,0,0
3509520611,0,0,0,0,0,0,240,0,0,3509597611,0,0,0,0,0,0,565,0,0
3510640611,0,0,0,0,0,0,271,0,0,3510717611,0,0,0,0,0,0,630,0,0
3511760611,0,0,0,0,0,0,229,0,0,3511837611,0,0,0,0,0,0,606,0,0
3512880611,0,0,0,0,0,0,190,0,0,3512957611,0,0,0,0,0,0,630,0,0
3514000611,0,0,0,0,0,0,267,0,0,3514077611,0,0,0,0,0,0,601,0,0
3515120611,0,0,0,0,0,0,218,0,0,3515197611,0,0,0,0,0,0,609,0,0
3516240611,0,0,0,0,0,0,216,0,0,3516317611,0,0,0,0,0,0,605,0,0
3517360611,0,0,0,0,0,0,199,0,0,3517437611,0,0,0,0,0,0,606,0,0
3518480611,0,0,0,0,0,0,245,0,0,3518557611,0,0,0,0,0,0,657,0,0
3519600611,0,0,0,0,0,0,263,0,0,3519677611,0,0,0,0,0,0,610,0,0
3520720611,0,0,0,0,0,0,259,0,0,3520797611,0,0,0,0,0,0,621,0,0
3521840611,0,0,0,0,0,0,228,0,0,3521917611,0,0,0,0,0,0,659,0,0
3522960611,0,0,0,0,0,0,203,0,0,3523037611,0,0,0,0,0,0,606,0,0
3524080611,0,0,0,0,0,0,254,0,0,3524157611,0,0,0,0,0,0,611,0,0
3525200611,0,0,0,0,0,0,228,0,0,3525277611,0,0,0,0,0,0,-1516,0,0
3526320611,0,0,0,0,0,0,7000,0,0,3526397611,0,0,0,0,0,0,-2042,0,0
3527440611,0,0,0,0,0,0,6940,0,0,3527517611,0,0,0,0,0,0,-1988,0,0
3528560611,0,0,0,0,0,0,6969,0,0,3528637611,0,0,0,0,0,0,-2032,0,0
3529680611,0,0,0,0,0,0,7006,0,0,3529757611,0,0,0,0,0,0,-2062,0,0
3530800611,0,0,0,0,0,0,6969,0,0,3530877611,0,0,0,0,0,0,-2006,0,0
3531920611,0,0,0,0,0,0,6981,0,0,3531997611,0,0,0,0,0,0,-1995,0,0
3533040611,0,0,0,0,0,0,7001,0,0,3533117611,0,0,0,0,0,0,-2020,0,0
3534160611,0,0,0,0,0,0,6975,0,0,3534237611,0,0,0,0,0,0,444,0,0
3535280611,0,0,0,0,0,0,224,0,0,3535357611,0,0,0,0,0,0,611,0,0
3536400611,0,0,0,0,0,0,211,0,0,3536477611,0,0,0,0,0,0,606,0,0
3537520611,0,0,0,0,0,0,298,0,0,3537597611,0,0,0,0,0,0,622,0,0
3538640611,0,0,0,0,0,0,210,0,0,3538717611,0,0,0,0,0,0,588,0,0
3539760611,0,0,0,0,0,0,277,0,0,3539837611,0,0,0,0,0,0,623,0,0
3540880611,0,0,0,0,0,0,285,0,0,3540957611,0,0,0,0,0,0,614,0,0
3542000611,0,0,0,0,0,0,250,0,0,3542077611,0,0,0,0,0,0,646,0,0
3543120611,0,0,0,0,0,0,260,0,0,3543197611,0,0,0,0,0,0,-1307,0,0
3544240611,0,0,0,0,0,0,6986,0,0,3544317611,0,0,0,0,0,0,-2028,0,0
3545360611,0,0,0,0,0,0,6958,0,0,3545437611,0,0,0,0,0,0,-2076,0,0
3546480611,0,0,0,0,0,0,7006,0,0,3546557611,0,0,0,0,0,0,-2025,0,0
3547600611,0,0,0,0,0,0,6972,0,0,3547677611,0,0,0,0,0,0,-2031,0,0
3548720611,0,0,0,0,0,0,6969,0,0,3548797611,0,0,0,0,0,0,-2042,0,0
3549840611,0,0,0,0,0,0,6978,0,0,3549917611,0,0,0,0,0,0,-2034,0,0
3550960611,0,0,0,0,0,0,6998,0,0,3551037611,0,0,0,0,0,0,-2060,0,0
3552080611,0,0,0,0,0,0,7022,0,0,3552157611,0,0,0,0,0,0,-11,0,0
3553200611,0,0,0,0,0,0,202,0,0,3553277611,0,0,0,0,0,0,602,0,0
3554320611,0,0,0,0,0,0,253,0,0,3554397611,0,0,0,0,0,0,610,0,0
3555440611,0,0,0,0,0,0,261,0,0,3555517611,0,0,0,0,0,0,586,0,0
3556560611,0,0,0,0,0,0,251,0,0,3556637611,0,0,0,0,0,0,585,0,0
3557680611,0,0,0,0,0,0,227,0,0,3557757611,0,0,0,0,0,0,551,0,0
3558800611,0,0,0,0,0,0,289,0,0,3558877611,0,0,0,0,0,0,598,0,0
3559920611,0,0,0,0,0,0,207,0,0,3559997611,0,0,0,0,0,0,554,0,0
3561040611,0,0,0,0,0,0,229,0,0,3561117611,0,0,0,0,0,0,-583,0,0
3562160611,0,0,0,0,0,0,6975,0,0,3562237611,0,0,0,0,0,0,-1991,0,0
3563280611,0,0,0,0,0,0,7034,0,0,3563357611,0,0,0,0,0,0,-2060,0,0
3564400611,0,0,0,0,0,0,7006,0,0,3564477611,0,0,0,0,0,0,-2045,0,0
3565520611,0,0,0,0,0,0,6970,0,0,3565597611,0,0,0,0,0,0,-2041,0,0
3566640611,0,0,0,0,0,0,6950,0,0,3566717611,0,0,0,0,0,0,-2021,0,0
3567760611,0,0,0,0,0,0,6974,0,0,3567837611,0,0,0,0,0,0,-1990,0,0
3568880611,0,0,0,0,0,0,6989,0,0,3568957611,0,0,0,0,0,0,-2007,0,0
3570000611,0,0,0,0,0,0,6995,0,0,3570077611,0,0,0,0,0,0,-1407,0,0
3571120611,0,0,0,0,0,0,231,0,0,3571197611,0,0,0,0,0,0,608,0,0
3572240611,0,0,0,0,0,0,224,0,0,3572317611,0,0,0,0,0,0,599,0,0
3573360611,0,0,0,0,0,0,225,0,0,3573437611,0,0,0,0,0,0,563,0,0
3574480611,0,0,0,0,0,0,238,0,0,3574557611,0,0,0,0,0,0,588,0,0
3575600611,0,0,0,0,0,0,253,0,0,3575677611,0,0,0,0,0,0,595,0,0
3576720611,0,0,0,0,0,0,209,0,0,3576797611,0,0,0,0,0,0,603,0,0
3577840611,0,0,0,0,0,0,254,0,0,3577917611,0,0,0,0,0,0,569,0,0
3578960611,0,0,0,0,0,0,227,0,0,3579037611,0,0,0,0,0,0,575,0,0
3580080611,0,0,0,0,0,0,6969,0,0,3580157611,0,0,0,0,0,0,-2016,0,0
3581200611,0,0,0,0,0,0,6968,0,0,3581277611,0,0,0,0,0,0,-2043,0,0
3582320611,0,0,0,0,0,0,6998,0,0,3582397611,0,0,0,0,0,0,-2065,0,0
3583440611,0,0,0,0,0,0,7001,0,0,3583517611,0,0,0,0,0,0,-2045,0,0
3584560611,0,0,0,0,0,0,6968,0,0,3584637611,0,0,0,0,0,0,-2014,0,0
3585680611,0,0,0,0,0,0,7011,0,0,3585757611,0,0,0,0,0,0,-2039,0,0
3586800611,0,0,0,0,0,0,6987,0,0,3586877611,0,0,0,0,0,0,-2050,0,0
3587920611,0,0,0,0,0,0,6980,0,0,3587997611,0,0,0,0,0,0,-2085,0,0
3589040611,0,0,0,0,0,0,254,0,0,3589117611,0,0,0,0,0,0,590,0,0
3590160611,0,0,0,0,0,0,270,0,0,3590237611,0,0,0,0,0,0,638,0,0
3591280611,0,0,0,0,0,0,237,0,0,3591357611,0,0,0,0,0,0,596,0,0
3592400611,0,0,0,0,0,0,216,0,0,3592477611,0,0,0,0,0,0,602,0,0
3593520611,0,0,0,0,0,0,248,0,0,3593597611,0,0,0,0,0,0,631,0,0
3594640611,0,0,0,0,0,0,232,0,0,3594717611,0,0,0,0,0,0,558,0,0
3595760611,0,0,0,0,0,0,183,0,0,3595837611,0,0,0,0,0,0,595,0,0
3596880611,0,0,0,0,0,0,221,0,0,3596957611,0,0,0,0,0,0,560,0,0
3598000611,0,0,0,0,0,0,6965,0,0,3598077611,0,0,0,0,0,0,-2016,0,0
3599120611,0,0,0,0,0,0,6987,0,0,3599197611,0,0,0,0,0,0,-2011,0,0
3600240611,0,0,0,0,0,0,6970,0,0,3600317611,0,0,0,0,0,0,-1998,0,0
3601360611,0,0,0,0,0,0,6980,0,0,3601437611,0,0,0,0,0,0,-1982,0,0
3602480611,0,0,0,0,0,0,6939,0,0,3602557611,0,0,0,0,0,0,-1983,0,0
3603600611,0,0,0,0,0,0,7040,0,0,3603677611,0,0,0,0,0,0,-2012,0,0
3604720611,0,0,0,0,0,0,6953,0,0,3604797611,0,0,0,0,0,0,-2055,0,0
3605840611,0,0,0,0,0,0,6988,0,0,3605917611,0,0,0,0,0,0,-2053,0,0
3606960611,0,0,0,0,0,0,296,0,0,3607037611,0,0,0,0,0,0,636,0,0
3608080611,0,0,0,0,0,0,218,0,0,3608157611,0,0,0,0,0,0,625,0,0
3609200611,0,0,0,0,0,0,218,0,0,3609277611,0,0,0,0,0,0,597,0,0
3610320611,0,0,0,0,0,0,252,0,0,3610397611,0,0,0,0,0,0,610,0,0
3611440611,0,0,0,0,0,0,212,0,0,3611517611,0,0,0,0,0,0,616,0,0
3612560611,0,0,0,0,0,0,251,0,0,3612637611,0,0,0,0,0,0,573,0,0
3613680611,0,0,0,0,0,0,233,0,0,3613757611,0,0,0,0,0,0,616,0,0
3614800611,0,0,0,0,0,0,243,0,0,3614877611,0,0,0,0,0,0,620,0,0
3615920611,0,0,0,0,0,0,6971,0,0,3615997611,0,0,0,0,0,0,-1993,0,0
3617040611,0,0,0,0,0,0,7005,0,0,3617117611,0,0,0,0,0,0,-2036,0,0
3618160611,0,0,0,0,0,0,7005,0,0,3618237611,0,0,0,0,0,0,-2034,0,0
3619280611,0,0,0,0,0,0,6986,0,0,3619357611,0,0,0,0,0,0,-2038,0,0
3620400611,0,0,0,0,0,0,6978,0,0,3620477611,0,0,0,0,0,0,-2048,0,0
3621520611,0,0,0,0,0,0,6974,0,0,3621597611,0,0,0,0,0,0,-2037,0,0
3622640611,0,0,0,0,0,0,6936,0,0,3622717611,0,0,0,0,0,0,-2013,0,0
3623760611,0,0,0,0,0,0,7007,0,0,3623837611,0,0,0,0,0,0,-1982,0,0
3624880611,0,0,0,0,0,0,229,0,0,3624957611,0,0,0,0,0,0,585,0,0
3626000611,0,0,0,0,0,0,232,0,0,3626077611,0,0,0,0,0,0,624,0,0
3627120611,0,0,0,0,0,0,254,0,0,3627197611,0,0,0,0,0,0,593,0,0
3628240611,0,0,0,0,0,0,209,0,0,3628317611,0,0,0,0,0,0,608,0,0
3629360611,0,0,0,0,0,0,244,0,0,3629437611,0,0,0,0,0,0,596,0,0
3630480611,0,0,0,0,0,0,227,0,0,3630557611,0,0,0,0,0,0,642,0,0
3631600611,0,0,0,0,0,0,279,0,0,3631677611,0,0,0,0,0,0,572,0,0
3632720611,0,0,0,0,0,0,232,0,0,3632797611,0,0,0,0,0,0,616,0,0
3633840611,0,0,0,0,0,0,7018,0,0,3633917611,0,0,0,0,0,0,-2024,0,0
3634960611,0,0,0,0,0,0,6995,0,0,3635037611,0,0,0,0,0,0,-2001,0,0
3636080611,0,0,0,0,0,0,7003,0,0,3636157611,0,0,0,0,0,0,-1993,0,0
3637200611,0,0,0,0,0,0,7011,0,0,3637277611,0,0,0,0,0,0,-2025,0,0
3638320611,0,0,0,0,0,0,6982,0,0,3638397611,0,0,0,0,0,0,-2048,0,0
3639440611,0,0,0,0,0,0,6968,0,0,3639517611,0,0,0,0,0,0,-2067,0,0
3640560611,0,0,0,0,0,0,7020,0,0,3640637611,0,0,0,0,0,0,-2043,0,0
3641680611,0,0,0,0,0,0,6974,0,0,3641757611,0,0,0,0,0,0,-2007,0,0
3642800611,0,0,0,0,0,0,240,0,0,3642877611,0,0,0,0,0,0,605,0,0
3643920611,0,0,0,0,0,0,254,0,0,3643997611,0,0,0,0,0,0,592,0,0
3645040611,0,0,0,0,0,0,235,0,0,3645117611,0,0,0,0,0,0,627,0,0
3646160611,0,0,0,0,0,0,237,0,0,3646237611,0,0,0,0,0,0,571,0,0
3647280611,0,0,0,0,0,0,248,0,0,3647357611,0,0,0,0,0,0,628,0,0
3648400611,0,0,0,0,0,0,203,0,0,3648477611,0,0,0,0,0,0,576,0,0
3649520611,0,0,0,0,0,0,213,0,0,3649597611,0,0,0,0,0,0,630,0,0
3650640611,0,0,0,0,0,0,228,0,0,3650717611,0,0,0,0,0,0,611,0,0
3651760611,0,0,0,0,0,0,6969,0,0,3651837611,0,0,0,0,0,0,-2013,0,0
3652880611,0,0,0,0,0,0,6972,0,0,3652957611,0,0,0,0,0,0,-2022,0,0
3654000611,0,0,0,0,0,0,6965,0,0,3654077611,0,0,0,0,0,0,-2028,0,0
3655120611,0,0,0,0,0,0,6967,0,0,3655197611,0,0,0,0,0,0,-2010,0,0
3656240611,0,0,0,0,0,0,6964,0,0,3656317611,0,0,0,0,0,0,-2049,0,0
3657360611,0,0,0,0,0,0,6963,0,0,3657437611,0,0,0,0,0,0,-1993,0,0
3658480611,0,0,0,0,0,0,6908,0,0,3658557611,0,0,0,0,0,0,-2050,0,0
3659600611,0,0,0,0,0,0,6978,0,0,3659677611,0,0,0,0,0,0,-1993,0,0
3660720611,0,0,0,0,0,0,202,0,0,3660797611,0,0,0,0,0,0,603,0,0
3661840611,0,0,0,0,0,0,169,0,0,3661917611,0,0,0,0,0,0,616,0,0
3662960611,0,0,0,0,0,0,219,0,0,3663037611,0,0,0,0,0,0,605,0,0
3664080611,0,0,0,0,0,0,202,0,0,3664157611,0,0,0,0,0,0,642,0,0
3665200611,0,0,0,0,0,0,240,0,0,3665277611,0,0,0,0,0,0,607,0,0
3666320611,0,0,0,0,0,0,264,0,0,3666397611,0,0,0,0,0,0,579,0,0
3667440611,0,0,0,0,0,0,273,0,0,3667517611,0,0,0,0,0,0,591,0,0
3668560611,0,0,0,0,0,0,241,0,0,3668637611,0,0,0,0,0,0,635,0,0
3669680611,0,0,0,0,0,0,7016,0,0,3669757611,0,0,0,0,0,0,-2066,0,0
3670800611,0,0,0,0,0,0,7014,0,0,3670877611,0,0,0,0,0,0,-2006,0,0
3671920611,0,0,0,0,0,0,6979,0,0,3671997611,0,0,0,0,0,0,-1993,0,0
3673040611,0,0,0,0,0,0,6942,0,0,3673117611,0,0,0,0,0,0,-2030,0,0
3674160611,0,0,0,0,0,0,7001,0,0,3674237611,0,0,0,0,0,0,-2013,0,0
3675280611,0,0,0,0,0,0,6971,0,0,3675357611,0,0,0,0,0,0,-2001,0,0
3676400611,0,0,0,0,0,0,6978,0,0,3676477611,0,0,0,0,0,0,-2093,0,0
3677520611,0,0,0,0,0,0,6984,0,0,3677597611,0,0,0,0,0,0,-2026,0,0
3678640611,0,0,0,0,0,0,250,0,0,3678717611,0,0,0,0,0,0,595,0,0
3679760611,0,0,0,0,0,0,281,0,0,3679837611,0,0,0,0,0,0,618,0,0
3680880611,0,0,0,0,0,0,233,0,0,3680957611,0,0,0,0,0,0,610,0,0
3682000611,0,0,0,0,0,0,217,0,0,3682077611,0,0,0,0,0,0,573,0,0
3683120611,0,0,0,0,0,0,203,0,0,3683197611,0,0,0,0,0,0,599,0,0
3684240611,0,0,0,0,0,0,236,0,0,3684317611,0,0,0,0,0,0,620,0,0
3685360611,0,0,0,0,0,0,225,0,0,3685437611,0,0,0,0,0,0,610,0,0
3686480611,0,0,0,0,0,0,238,0,0,3686557611,0,0,0,0,0,0,614,0,0
3687600611,0,0,0,0,0,0,6971,0,0,3687677611,0,0,0,0,0,0,-2039,0,0
3688720611,0,0,0,0,0,0,6970,0,0,3688797611,0,0,0,0,0,0,-2032,0,0
3689840611,0,0,0,0,0,0,6959,0,0,3689917611,0,0,0,0,0,0,-2017,0,0
3690960611,0,0,0,0,0,0,7002,0,0,3691037611,0,0,0,0,0,0,-2007,0,0
3692080611,0,0,0,0,0,0,7014,0,0,3692157611,0,0,0,0,0,0,-2020,0,0
3693200611,0,0,0,0,0,0,6944,0,0,3693277611,0,0,0,0,0,0,-2035,0,0
3694320611,0,0,0,0,0,0,6945,0,0,3694397611,0,0,0,0,0,0,-2096,0,0
3695440611,0,0,0,0,0,0,6935,0,0,3695517611,0,0,0,0,0,0,-2058,0,0
3696560611,0,0,0,0,0,0,225,0,0,3696637611,0,0,0,0,0,0,603,0,0
3697680611,0,0,0,0,0,0,248,0,0,3697757611,0,0,0,0,0,0,627,0,0
3698800611,0,0,0,0,0,0,227,0,0,3698877611,0,0,0,0,0,0,611,0,0
3699920611,0,0,0,0,0,0,283,0,0,3699997611,0,0,0,0,0,0,662,0,0
3701040611,0,0,0,0,0,0,209,0,0,3701117611,0,0,0,0,0,0,637,0,0
3702160611,0,0,0,0,0,0,271,0,0,3702237611,0,0,0,0,0,0,626,0,0
3703280611,0,0,0,0,0,0,247,0,0,3703357611,0,0,0,0,0,0,660,0,0
3704400611,0,0,0,0,0,0,267,0,0,3704477611,0,0,0,0,0,0,626,0,0
3705520611,0,0,0,0,0,0,6977,0,0,3705597611,0,0,0,0,0,0,-2026,0,0
3706640611,0,0,0,0,0,0,6945,0,0,3706717611,0,0,0,0,0,0,-2030,0,0
3707760611,0,0,0,0,0,0,6952,0,0,3707837611,0,0,0,0,0,0,-2027,0,0
3708880611,0,0,0,0,0,0,6989,0,0,3708957611,0,0,0,0,0,0,-2050,0,0
3710000611,0,0,0,0,0,0,6983,0,0,3710077611,0,0,0,0,0,0,-2060,0,0
3711120611,0,0,0,0,0,0,7000,0,0,3711197611,0,0,0,0,0,0,-2059,0,0
3712240611,0,0,0,0,0,0,6986,0,0,3712317611,0,0,0,0,0,0,-2049,0,0
3713360611,0,0,0,0,0,0,6975,0,0,3713437611,0,0,0,0,0,0,-2019,0,0
3714480611,0,0,0,0,0,0,223,0,0,3714557611,0,0,0,0,0,0,628,0,0
3715600611,0,0,0,0,0,0,202,0,0,3715677611,0,0,0,0,0,0,607,0,0
3716720611,0,0,0,0,0,0,264,0,0,3716797611,0,0,0,0,0,0,606,0,0
3717840611,0,0,0,0,0,0,265,0,0,3717917611,0,0,0,0,0,0,600,0,0
3718960611,0,0,0,0,0,0,218,0,0,3719037611,0,0,0,0,0,0,594,0,0
3720080611,0,0,0,0,0,0,214,0,0,3720157611,0,0,0,0,0,0,640,0,0
3721200611,0,0,0,0,0,0,260,0,0,3721277611,0,0,0,0,0,0,612,0,0
3722320611,0,0,0,0,0,0,247,0,0,3722397611,0,0,0,0,0,0,595,0,0
3723440611,0,0,0,0,0,0,7020,0,0,3723517611,0,0,0,0,0,0,-2033,0,0
3724560611,0,0,0,0,0,0,6961,0,0,3724637611,0,0,0,0,0,0,-2031,0,0
3725680611,0,0,0,0,0,0,6990,0,0,3725757611,0,0,0,0,0,0,-2072,0,0
3726800611,0,0,0,0,0,0,6966,0,0,3726877611,0,0,0,0,0,0,-2003,0,0
3727920611,0,0,0,0,0,0,6992,0,0,3727997611,0,0,0,0,0,0,-2063,0,0
3729040611,0,0,0,0,0,0,6989,0,0,3729117611,0,0,0,0,0,0,-2019,0,0
3730160611,0,0,0,0,0,0,6968,0,0,3730237611,0,0,0,0,0,0,-2005,0,0
3731280611,0,0,0,0,0,0,6990,0,0,3731357611,0,0,0,0,0,0,-2029,0,0
3732400611,0,0,0,0,0,0,278,0,0,3732477611,0,0,0,0,0,0,592,0,0
3733520611,0,0,0,0,0,0,216,0,0,3733597611,0,0,0,0,0,0,604,0,0
3734640611,0,0,0,0,0,0,258,0,0,3734717611,0,0,0,0,0,0,576,0,0
3735760611,0,0,0,0,0,0,218,0,0,3735837611,0,0,0,0,0,0,603,0,0
3736880611,0,0,0,0,0,0,296,0,0,3736957611,0,0,0,0,0,0,571,0,0
3738000611,0,0,0,0,0,0,277,0,0,3738077611,0,0,0,0,0,0,587,0,0
3739120611,0,0,0,0,0,0,260,0,0,3739197611,0,0,0,0,0,0,640,0,0
3740240611,0,0,0,0,0,0,272,0,0,3740317611,0,0,0,0,0,0,586,0,0
3741360611,0,0,0,0,0,0,7007,0,0,3741437611,0,0,0,0,0,0,-2042,0,0
3742480611,0,0,0,0,0,0,6939,0,0,3742557611,0,0,0,0,0,0,-1983,0,0
3743600611,0,0,0,0,0,0,6973,0,0,3743677611,0,0,0,0,0,0,-2029,0,0
3744720611,0,0,0,0,0,0,6974,0,0,3744797611,0,0,0,0,0,0,-2067,0,0
3745840611,0,0,0,0,0,0,6994,0,0,3745917611,0,0,0,0,0,0,-2018,0,0
3746960611,0,0,0,0,0,0,6970,0,0,3747037611,0,0,0,0,0,0,-2003,0,0
3748080611,0,0,0,0,0,0,6979,0,0,3748157611,0,0,0,0,0,0,-2023,0,0
3749200611,0,0,0,0,0,0,6979,0,0,3749277611,0,0,0,0,0,0,-1988,0,0
3750320611,0,0,0,0,0,0,266,0,0,3750397611,0,0,0,0,0,0,633,0,0
3751440611,0,0,0,0,0,0,211,0,0,3751517611,0,0,0,0,0,0,598,0,0
3752560611,0,0,0,0,0,0,257,0,0,3752637611,0,0,0,0,0,0,606,0,0
3753680611,0,0,0,0,0,0,256,0,0,3753757611,0,0,0,0,0,0,621,0,0
3754800611,0,0,0,0,0,0,214,0,0,3754877611,0,0,0,0,0,0,590,0,0
3755920611,0,0,0,0,0,0,231,0,0,3755997611,0,0,0,0,0,0,588,0,0
3757040611,0,0,0,0,0,0,240,0,0,3757117611,0,0,0,0,0,0,573,0,0
3758160611,0,0,0,0,0,0,262,0,0,3758237611,0,0,0,0,0,0,606,0,0
3759280611,0,0,0,0,0,0,7018,0,0,3759357611,0,0,0,0,0,0,-2008,0,0
3760400611,0,0,0,0,0,0,6962,0,0,3760477611,0,0,0,0,0,0,-2034,0,0
3761520611,0,0,0,0,0,0,6963,0,0,3761597611,0,0,0,0,0,0,-2039,0,0
3762640611,0,0,0,0,0,0,6994,0,0,3762717611,0,0,0,0,0,0,-2032,0,0
3763760611,0,0,0,0,0,0,6988,0,0,3763837611,0,0,0,0,0,0,-2030,0,0
3764880611,0,0,0,0,0,0,6964,0,0,3764957611,0,0,0,0,0,0,-2031,0,0
3766000611,0,0,0,0,0,0,6961,0,0,3766077611,0,0,0,0,0,0,-2019,0,0
3767120611,0,0,0,0,0,0,7036,0,0,3767197611,0,0,0,0,0,0,-2049,0,0
3768240611,0,0,0,0,0,0,213,0,0,3768317611,0,0,0,0,0,0,668,0,0
3769360611,0,0,0,0,0,0,257,0,0,3769437611,0,0,0,0,0,0,596,0,0
3770480611,0,0,0,0,0,0,234,0,0,3770557611,0,0,0,0,0,0,560,0,0
3771600611,0,0,0,0,0,0,264,0,0,3771677611,0,0,0,0,0,0,598,0,0
3772720611,0,0,0,0,0,0,231,0,0,3772797611,0,0,0,0,0,0,654,0,0
3773840611,0,0,0,0,0,0,280,0,0,3773917611,0,0,0,0,0,0,597,0,0
3774960611,0,0,0,0,0,0,250,0,0,3775037611,0,0,0,0,0,0,637,0,0
3776080611,0,0,0,0,0,0,219,0,0,3776157611,0,0,0,0,0,0,625,0,0
3777200611,0,0,0,0,0,0,6986,0,0,3777277611,0,0,0,0,0,0,-2014,0,0
3778320611,0,0,0,0,0,0,7005,0,0,3778397611,0,0,0,0,0,0,-2041,0,0
3779440611,0,0,0,0,0,0,7016,0,0,3779517611,0,0,0,0,0,0,-2020,0,0
3780560611,0,0,0,0,0,0,6987,0,0,3780637611,0,0,0,0,0,0,-2096,0,0
3781680611,0,0,0,0,0,0,6944,0,0,3781757611,0,0,0,0,0,0,-1967,0,0
3782800611,0,0,0,0,0,0,6961,0,0,3782877611,0,0,0,0,0,0,-2002,0,0
3783920611,0,0,0,0,0,0,6969,0,0,3783997611,0,0,0,0,0,0,-2051,0,0
3785040611,0,0,0,0,0,0,7004,0,0,3785117611,0,0,0,0,0,0,-2030,0,0
3786160611,0,0,0,0,0,0,231,0,0,3786237611,0,0,0,0,0,0,619,0,0
3787280611,0,0,0,0,0,0,221,0,0,3787357611,0,0,0,0,0,0,624,0,0
3788400611,0,0,0,0,0,0,243,0,0,3788477611,0,0,0,0,0,0,656,0,0
3789520611,0,0,0,0,0,0,274,0,0,3789597611,0,0,0,0,0,0,651,0,0
3790640611,0,0,0,0,0,0,237,0,0,3790717611,0,0,0,0,0,0,666,0,0
3791760611,0,0,0,0,0,0,229,0,0,3791837611,0,0,0,0,0,0,610,0,0
3792880611,0,0,0,0,0,0,227,0,0,3792957611,0,0,0,0,0,0,597,0,0
3794000611,0,0,0,0,0,0,260,0,0,3794077611,0,0,0,0,0,0,622,0,0
3795120611,0,0,0,0,0,0,6942,0,0,3795197611,0,0,0,0,0,0,-2041,0,0
3796240611,0,0,0,0,0,0,6959,0,0,3796317611,0,0,0,0,0,0,-2021,0,0
3797360611,0,0,0,0,0,0,6976,0,0,3797437611,0,0,0,0,0,0,-2012,0,0
3798480611,0,0,0,0,0,0,6976,0,0,3798557611,0,0,0,0,0,0,-2010,0,0
3799600611,0,0,0,0,0,0,7009,0,0,3799677611,0,0,0,0,0,0,-2021,0,0
3800720611,0,0,0,0,0,0,7001,0,0,3800797611,0,0,0,0,0,0,-2016,0,0
3801840611,0,0,0,0,0,0,6951,0,0,3801917611,0,0,0,0,0,0,-2010,0,0
3802960611,0,0,0,0,0,0,6926,0,0,3803037611,0,0,0,0,0,0,-1993,0,0
3804080611,0,0,0,0,0,0,265,0,0,3804157611,0,0,0,0,0,0,596,0,0
3805200611,0,0,0,0,0,0,197,0,0,3805277611,0,0,0,0,0,0,555,0,0
3806320611,0,0,0,0,0,0,248,0,0,3806397611,0,0,0,0,0,0,575,0,0
3807440611,0,0,0,0,0,0,221,0,0,3807517611,0,0,0,0,0,0,608,0,0
3808560611,0,0,0,0,0,0,224,0,0,3808637611,0,0,0,0,0,0,567,0,0
3809680611,0,0,0,0,0,0,207,0,0,3809757611,0,0,0,0,0,0,618,0,0
3810800611,0,0,0,0,0,0,249,0,0,3810877611,0,0,0,0,0,0,623,0,0
3811920611,0,0,0,0,0,0,259,0,0,3811997611,0,0,0,0,0,0,619,0,0
3813040611,0,0,0,0,0,0,6992,0,0,3813117611,0,0,0,0,0,0,-2069,0,0
3814160611,0,0,0,0,0,0,6965,0,0,3814237611,0,0,0,0,0,0,-2009,0,0
3815280611,0,0,0,0,0,0,6964,0,0,3815357611,0,0,0,0,0,0,-2053,0,0
3816400611,0,0,0,0,0,0,6968,0,0,3816477611,0,0,0,0,0,0,-2035,0,0
3817520611,0,0,0,0,0,0,6970,0,0,3817597611,0,0,0,0,0,0,-2026,0,0
3818640611,0,0,0,0,0,0,6972,0,0,3818717611,0,0,0,0,0,0,-2043,0,0
3819760611,0,0,0,0,0,0,6954,0,0,3819837611,0,0,0,0,0,0,-2013,0,0
3820880611,0,0,0,0,0,0,6997,0,0,3820957611,0,0,0,0,0,0,-1999,0,0
3822000611,0,0,0,0,0,0,258,0,0,3822077611,0,0,0,0,0,0,597,0,0
3823120611,0,0,0,0,0,0,259,0,0,3823197611,0,0,0,0,0,0,615,0,0
3824240611,0,0,0,0,0,0,186,0,0,3824317611,0,0,0,0,0,0,660,0,0
3825360611,0,0,0,0,0,0,244,0,0,3825437611,0,0,0,0,0,0,619,0,0
3826480611,0,0,0,0,0,0,238,0,0,3826557611,0,0,0,0,0,0,618,0,0
3827600611,0,0,0,0,0,0,277,0,0,3827677611,0,0,0,0,0,0,620,0,0
3828720611,0,0,0,0,0,0,263,0,0,3828797611,0,0,0,0,0,0,590,0,0
3829840611,0,0,0,0,0,0,244,0,0,3829917611,0,0,0,0,0,0,571,0,0
3830960611,0,0,0,0,0,0,7008,0,0,3831037611,0,0,0,0,0,0,-2051,0,0
3832080611,0,0,0,0,0,0,6990,0,0,3832157611,0,0,0,0,0,0,-2041,0,0
3833200611,0,0,0,0,0,0,6975,0,0,3833277611,0,0,0,0,0,0,-2049,0,0
3834320611,0,0,0,0,0,0,6947,0,0,3834397611,0,0,0,0,0,0,-2044,0,0
3835440611,0,0,0,0,0,0,6984,0,0,3835517611,0,0,0,0,0,0,-2036,0,0
3836560611,0,0,0,0,0,0,6983,0,0,3836637611,0,0,0,0,0,0,-2030,0,0
3837680611,0,0,0,0,0,0,6990,0,0,3837757611,0,0,0,0,0,0,-2024,0,0
3838800611,0,0,0,0,0,0,6942,0,0,3838877611,0,0,0,0,0,0,-2014,0,0
3839920611,0,0,0,0,0,0,194,0,0,3839997611,0,0,0,0,0,0,653,0,0
3841040611,0,0,0,0,0,0,232,0,0,3841117611,0,0,0,0,0,0,602,0,0
3842160611,0,0,0,0,0,0,210,0,0,3842237611,0,0,0,0,0,0,600,0,0
3843280611,0,0,0,0,0,0,279,0,0,3843357611,0,0,0,0,0,0,684,0,0
3844400611,0,0,0,0,0,0,266,0,0,3844477611,0,0,0,0,0,0,612,0,0
3845520611,0,0,0,0,0,0,245,0,0,3845597611,0,0,0,0,0,0,618,0,0
3846640611,0,0,0,0,0,0,247,0,0,3846717611,0,0,0,0,0,0,620,0,0
3847760611,0,0,0,0,0,0,237,0,0,3847837611,0,0,0,0,0,0,583,0,0
3848880611,0,0,0,0,0,0,6965,0,0,3848957611,0,0,0,0,0,0,-2021,0,0
3850000611,0,0,0,0,0,0,6913,0,0,3850077611,0,0,0,0,0,0,-2043,0,0
3851120611,0,0,0,0,0,0,6959,0,0,3851197611,0,0,0,0,0,0,-2026,0,0
3852240611,0,0,0,0,0,0,6982,0,0,3852317611,0,0,0,0,0,0,-2026,0,0
3853360611,0,0,0,0,0,0,7011,0,0,3853437611,0,0,0,0,0,0,-2007,0,0
3854480611,0,0,0,0,0,0,6944,0,0,3854557611,0,0,0,0,0,0,-2017,0,0
3855600611,0,0,0,0,0,0,6968,0,0,3855677611,0,0,0,0,0,0,-2014,0,0
3856720611,0,0,0,0,0,0,6978,0,0,3856797611,0,0,0,0,0,0,-1990,0,0
3857840611,0,0,0,0,0,0,251,0,0,3857917611,0,0,0,0,0,0,639,0,0
3858960611,0,0,0,0,0,0,194,0,0,3859037611,0,0,0,0,0,0,639,0,0
3860080611,0,0,0,0,0,0,259,0,0,3860157611,0,0,0,0,0,0,659,0,0
3861200611,0,0,0,0,0,0,251,0,0,3861277611,0,0,0,0,0,0,599,0,0
3862320611,0,0,0,0,0,0,221,0,0,3862397611,0,0,0,0,0,0,631,0,0
3863440611,0,0,0,0,0,0,226,0,0,3863517611,0,0,0,0,0,0,581,0,0
3864560611,0,0,0,0,0,0,224,0,0,3864637611,0,0,0,0,0,0,595,0,0
3865680611,0,0,0,0,0,0,250,0,0,3865757611,0,0,0,0,0,0,600,0,0
3866800611,0,0,0,0,0,0,6988,0,0,3866877611,0,0,0,0,0,0,-2042,0,0
3867920611,0,0,0,0,0,0,6946,0,0,3867997611,0,0,0,0,0,0,-1994,0,0
3869040611,0,0,0,0,0,0,6968,0,0,3869117611,0,0,0,0,0,0,-2019,0,0
3870160611,0,0,0,0,0,0,6980,0,0,3870237611,0,0,0,0,0,0,-2008,0,0
3871280611,0,0,0,0,0,0,6952,0,0,3871357611,0,0,0,0,0,0,-2035,0,0
3872400611,0,0,0,0,0,0,6997,0,0,3872477611,0,0,0,0,0,0,-2038,0,0
3873520611,0,0,0,0,0,0,6962,0,0,3873597611,0,0,0,0,0,0,-2019,0,0
3874640611,0,0,0,0,0,0,7000,0,0,3874717611,0,0,0,0,0,0,-2019,0,0
3875760611,0,0,0,0,0,0,253,0,0,3875837611,0,0,0,0,0,0,588,0,0
3876880611,0,0,0,0,0,0,262,0,0,3876957611,0,0,0,0,0,0,607,0,0
3878000611,0,0,0,0,0,0,209,0,0,3878077611,0,0,0,0,0,0,596,0,0
3879120611,0,0,0,0,0,0,233,0,0,3879197611,0,0,0,0,0,0,624,0,0
3880240611,0,0,0,0,0,0,262,0,0,3880317611,0,0,0,0,0,0,562,0,0
3881360611,0,0,0,0,0,0,229,0,0,3881437611,0,0,0,0,0,0,622,0,0
3882480611,0,0,0,0,0,0,229,0,0,3882557611,0,0,0,0,0,0,592,0,0
3883600611,0,0,0,0,0,0,235,0,0,3883677611,0,0,0,0,0,0,622,0,0
3884720611,0,0,0,0,0,0,6965,0,0,3884797611,0,0,0,0,0,0,-2048,0,0
3885840611,0,0,0,0,0,0,6963,0,0,3885917611,0,0,0,0,0,0,-2003,0,0
3886960611,0,0,0,0,0,0,6988,0,0,3887037611,0,0,0,0,0,0,-1995,0,0
3888080611,0,0,0,0,0,0,6939,0,0,3888157611,0,0,0,0,0,0,-2029,0,0
3889200611,0,0,0,0,0,0,6953,0,0,3889277611,0,0,0,0,0,0,-2037,0,0
3890320611,0,0,0,0,0,0,6987,0,0,3890397611,0,0,0,0,0,0,-2054,0,0
3891440611,0,0,0,0,0,0,6938,0,0,3891517611,0,0,0,0,0,0,-1983,0,0
3892560611,0,0,0,0,0,0,6983,0,0,3892637611,0,0,0,0,0,0,-2028,0,0
3893680611,0,0,0,0,0,0,245,0,0,3893757611,0,0,0,0,0,0,593,0,0
3894800611,0,0,0,0,0,0,247,0,0,3894877611,0,0,0,0,0,0,607,0,0
3895920611,0,0,0,0,0,0,219,0,0,3895997611,0,0,0,0,0,0,574,0,0
3897040611,0,0,0,0,0,0,253,0,0,3897117611,0,0,0,0,0,0,570,0,0
3898160611,0,0,0,0,0,0,225,0,0,3898237611,0,0,0,0,0,0,667,0,0
3899280611,0,0,0,0,0,0,178,0,0,3899357611,0,0,0,0,0,0,684,0,0
3900400611,0,0,0,0,0,0,246,0,0,3900477611,0,0,0,0,0,0,619,0,0
3901520611,0,0,0,0,0,0,227,0,0,3901597611,0,0,0,0,0,0,609,0,0
3902640611,0,0,0,0,0,0,6994,0,0,3902717611,0,0,0,0,0,0,-2079,0,0
3903760611,0,0,0,0,0,0,6958,0,0,3903837611,0,0,0,0,0,0,-2047,0,0
3904880611,0,0,0,0,0,0,6970,0,0,3904957611,0,0,0,0,0,0,-2008,0,0
3906000611,0,0,0,0,0,0,6955,0,0,3906077611,0,0,0,0,0,0,-2033,0,0
3907120611,0,0,0,0,0,0,6993,0,0,3907197611,0,0,0,0,0,0,-2082,0,0
3908240611,0,0,0,0,0,0,6988,0,0,3908317611,0,0,0,0,0,0,-2058,0,0
3909360611,0,0,0,0,0,0,6992,0,0,3909437611,0,0,0,0,0,0,-2020,0,0
3910480611,0,0,0,0,0,0,6974,0,0,3910557611,0,0,0,0,0,0,-2056,0,0
3911600611,0,0,0,0,0,0,248,0,0,3911677611,0,0,0,0,0,0,574,0,0
3912720611,0,0,0,0,0,0,243,0,0,3912797611,0,0,0,0,0,0,632,0,0
3913840611,0,0,0,0,0,0,218,0,0,3913917611,0,0,0,0,0,0,571,0,0
3914960611,0,0,0,0,0,0,232,0,0,3915037611,0,0,0,0,0,0,632,0,0
3916080611,0,0,0,0,0,0,240,0,0,3916157611,0,0,0,0,0,0,583,0,0
3917200611,0,0,0,0,0,0,217,0,0,3917277611,0,0,0,0,0,0,601,0,0
3918320611,0,0,0,0,0,0,243,0,0,3918397611,0,0,0,0,0,0,630,0,0
3919440611,0,0,0,0,0,0,242,0,0,3919517611,0,0,0,0,0,0,623,0,0
3920560611,0,0,0,0,0,0,6936,0,0,3920637611,0,0,0,0,0,0,-2033,0,0
3921680611,0,0,0,0,0,0,7031,0,0,3921757611,0,0,0,0,0,0,-2068,0,0
3922800611,0,0,0,0,0,0,6979,0,0,3922877611,0,0,0,0,0,0,-2046,0,0
3923920611,0,0,0,0,0,0,6950,0,0,3923997611,0,0,0,0,0,0,-2022,0,0
3925040611,0,0,0,0,0,0,6978,0,0,3925117611,0,0,0,0,0,0,-2065,0,0
3926160611,0,0,0,0,0,0,6955,0,0,3926237611,0,0,0,0,0,0,-2020,0,0
3927280611,0,0,0,0,0,0,6938,0,0,3927357611,0,0,0,0,0,0,-2000,0,0
3928400611,0,0,0,0,0,0,6942,0,0,3928477611,0,0,0,0,0,0,-2064,0,0
3929520611,0,0,0,0,0,0,222,0,0,3929597611,0,0,0,0,0,0,609,0,0
3930640611,0,0,0,0,0,0,245,0,0,3930717611,0,0,0,0,0,0,622,0,0
3931760611,0,0,0,0,0,0,195,0,0,3931837611,0,0,0,0,0,0,596,0,0
3932880611,0,0,0,0,0,0,241,0,0,3932957611,0,0,0,0,0,0,571,0,0
3934000611,0,0,0,0,0,0,232,0,0,3934077611,0,0,0,0,0,0,624,0,0
3935120611,0,0,0,0,0,0,273,0,0,3935197611,0,0,0,0,0,0,636,0,0
3936240611,0,0,0,0,0,0,228,0,0,3936317611,0,0,0,0,0,0,574,0,0
3937360611,0,0,0,0,0,0,232,0,0,3937437611,0,0,0,0,0,0,572,0,0
3938480611,0,0,0,0,0,0,6991,0,0,3938557611,0,0,0,0,0,0,-2027,0,0
3939600611,0,0,0,0,0,0,6971,0,0,3939677611,0,0,0,0,0,0,-2032,0,0
3940720611,0,0,0,0,0,0,6965,0,0,3940797611,0,0,0,0,0,0,-2028,0,0
3941840611,0,0,0,0,0,0,6987,0,0,3941917611,0,0,0,0,0,0,-2054,0,0
3942960611,0,0,0,0,0,0,6991,0,0,3943037611,0,0,0,0,0,0,-2058,0,0
3944080611,0,0,0,0,0,0,6975,0,0,3944157611,0,0,0,0,0,0,-1983,0,0
3945200611,0,0,0,0,0,0,6947,0,0,3945277611,0,0,0,0,0,0,-2030,0,0
3946320611,0,0,0,0,0,0,6989,0,0,3946397611,0,0,0,0,0,0,-2015,0,0
3947440611,0,0,0,0,0,0,251,0,0,3947517611,0,0,0,0,0,0,622,0,0
3948560611,0,0,0,0,0,0,222,0,0,3948637611,0,0,0,0,0,0,634,0,0
3949680611,0,0,0,0,0,0,220,0,0,3949757611,0,0,0,0,0,0,587,0,0
3950800611,0,0,0,0,0,0,238,0,0,3950877611,0,0,0,0,0,0,607,0,0
3951920611,0,0,0,0,0,0,216,0,0,3951997611,0,0,0,0,0,0,633,0,0
3953040611,0,0,0,0,0,0,247,0,0,3953117611,0,0,0,0,0,0,579,0,0
3954160611,0,0,0,0,0,0,266,0,0,3954237611,0,0,0,0,0,0,598,0,0
3955280611,0,0,0,0,0,0,228,0,0,3955357611,0,0,0,0,0,0,622,0,0
3956400611,0,0,0,0,0,0,6977,0,0,3956477611,0,0,0,0,0,0,-2047,0,0
3957520611,0,0,0,0,0,0,6922,0,0,3957597611,0,0,0,0,0,0,-2004,0,0
3958640611,0,0,0,0,0,0,6966,0,0,3958717611,0,0,0,0,0,0,-2000,0,0
3959760611,0,0,0,0,0,0,6954,0,0,3959837611,0,0,0,0,0,0,-2021,0,0
3960880611,0,0,0,0,0,0,6919,0,0,3960957611,0,0,0,0,0,0,-1983,0,0
3962000611,0,0,0,0,0,0,6957,0,0,3962077611,0,0,0,0,0,0,-1984,0,0
3963120611,0,0,0,0,0,0,6997,0,0,3963197611,0,0,0,0,0,0,-2063,0,0
3964240611,0,0,0,0,0,0,6978,0,0,3964317611,0,0,0,0,0,0,-2025,0,0
3965360611,0,0,0,0,0,0,212,0,0,3965437611,0,0,0,0,0,0,632,0,0
3966480611,0,0,0,0,0,0,238,0,0,3966557611,0,0,0,0,0,0,638,0,0
3967600611,0,0,0,0,0,0,293,0,0,3967677611,0,0,0,0,0,0,587,0,0
3968720611,0,0,0,0,0,0,259,0,0,3968797611,0,0,0,0,0,0,628,0,0
3969840611,0,0,0,0,0,0,258,0,0,3969917611,0,0,0,0,0,0,579,0,0
3970960611,0,0,0,0,0,0,222,0,0,3971037611,0,0,0,0,0,0,577,0,0
3972080611,0,0,0,0,0,0,256,0,0,3972157611,0,0,0,0,0,0,609,0,0
3973200611,0,0,0,0,0,0,234,0,0,3973277611,0,0,0,0,0,0,622,0,0
3974320611,0,0,0,0,0,0,6984,0,0,3974397611,0,0,0,0,0,0,-2020,0,0
3975440611,0,0,0,0,0,0,6943,0,0,3975517611,0,0,0,0,0,0,-2045,0,0
3976560611,0,0,0,0,0,0,6956,0,0,3976637611,0,0,0,0,0,0,-2037,0,0
3977680611,0,0,0,0,0,0,6999,0,0,3977757611,0,0,0,0,0,0,-2019,0,0
3978800611,0,0,0,0,0,0,6957,0,0,3978877611,0,0,0,0,0,0,-2084,0,0
3979920611,0,0,0,0,0,0,6945,0,0,3979997611,0,0,0,0,0,0,-1984,0,0
3981040611,0,0,0,0,0,0,6960,0,0,3981117611,0,0,0,0,0,0,-2026,0,0
3982160611,0,0,0,0,0,0,6914,0,0,3982237611,0,0,0,0,0,0,-2038,0,0
3983280611,0,0,0,0,0,0,217,0,0,3983357611,0,0,0,0,0,0,575,0,0
3984400611,0,0,0,0,0,0,269,0,0,3984477611,0,0,0,0,0,0,649,0,0
3985520611,0,0,0,0,0,0,230,0,0,3985597611,0,0,0,0,0,0,613,0,0
3986640611,0,0,0,0,0,0,240,0,0,3986717611,0,0,0,0,0,0,632,0,0
3987760611,0,0,0,0,0,0,252,0,0,3987837611,0,0,0,0,0,0,613,0,0
3988880611,0,0,0,0,0,0,266,0,0,3988957611,0,0,0,0,0,0,594,0,0
3990000611,0,0,0,0,0,0,214,0,0,3990077611,0,0,0,0,0,0,559,0,0
3991120611,0,0,0,0,0,0,219,0,0,3991197611,0,0,0,0,0,0,627,0,0
3992240611,0,0,0,0,0,0,6950,0,0,3992317611,0,0,0,0,0,0,-2047,0,0
3993360611,0,0,0,0,0,0,6972,0,0,3993437611,0,0,0,0,0,0,-2029,0,0
3994480611,0,0,0,0,0,0,6992,0,0,3994557611,0,0,0,0,0,0,-2019,0,0
3995600611,0,0,0,0,0,0,6947,0,0,3995677611,0,0,0,0,0,0,-2020,0,0
3996720611,0,0,0,0,0,0,6970,0,0,3996797611,0,0,0,0,0,0,-2019,0,0
3997840611,0,0,0,0,0,0,6967,0,0,3997917611,0,0,0,0,0,0,-2013,0,0
3998960611,0,0,0,0,0,0,6946,0,0,3999037611,0,0,0,0,0,0,-1955,0,0
4000080611,0,0,0,0,0,0,6946,0,0,4000157611,0,0,0,0,0,0,-2040,0,0
4001200611,0,0,0,0,0,0,228,0,0,4001277611,0,0,0,0,0,0,604,0,0
4002320611,0,0,0,0,0,0,237,0,0,4002397611,0,0,0,0,0,0,614,0,0
4003440611,0,0,0,0,0,0,263,0,0,4003517611,0,0,0,0,0,0,590,0,0
4004560611,0,0,0,0,0,0,213,0,0,4004637611,0,0,0,0,0,0,600,0,0
4005680611,0,0,0,0,0,0,245,0,0,4005757611,0,0,0,0,0,0,572,0,0
4006800611,0,0,0,0,0,0,225,0,0,4006877611,0,0,0,0,0,0,608,0,0
4007920611,0,0,0,0,0,0,249,0,0,4007997611,0,0,0,0,0,0,549,0,0
4009040611,0,0,0,0,0,0,216,0,0,4009117611,0,0,0,0,0,0,645,0,0
4010160611,0,0,0,0,0,0,6991,0,0,4010237611,0,0,0,0,0,0,-2000,0,0
4011280611,0,0,0,0,0,0,6960,0,0,4011357611,0,0,0,0,0,0,-2016,0,0
4012400611,0,0,0,0,0,0,6976,0,0,4012477611,0,0,0,0,0,0,-2076,0,0
4013520611,0,0,0,0,0,0,6986,0,0,4013597611,0,0,0,0,0,0,-2022,0,0
4014640611,0,0,0,0,0,0,6969,0,0,4014717611,0,0,0,0,0,0,-2041,0,0
4015760611,0,0,0,0,0,0,6975,0,0,4015837611,0,0,0,0,0,0,-2033,0,0
4016880611,0,0,0,0,0,0,6948,0,0,4016957611,0,0,0,0,0,0,-1974,0,0
4018000611,0,0,0,0,0,0,6973,0,0,4018077611,0,0,0,0,0,0,-2020,0,0
4019120611,0,0,0,0,0,0,270,0,0,4019197611,0,0,0,0,0,0,621,0,0
4020240611,0,0,0,0,0,0,235,0,0,4020317611,0,0,0,0,0,0,580,0,0
4021360611,0,0,0,0,0,0,208,0,0,4021437611,0,0,0,0,0,0,586,0,0
4022480611,0,0,0,0,0,0,228,0,0,4022557611,0,0,0,0,0,0,630,0,0
4023600611,0,0,0,0,0,0,204,0,0,4023677611,0,0,0,0,0,0,624,0,0
4024720611,0,0,0,0,0,0,204,0,0,4024797611,0,0,0,0,0,0,589,0,0
4025840611,0,0,0,0,0,0,226,0,0,4025917611,0,0,0,0,0,0,605,0,0
4026960611,0,0,0,0,0,0,216,0,0,4027037611,0,0,0,0,0,0,623,0,0
4028080611,0,0,0,0,0,0,6993,0,0,4028157611,0,0,0,0,0,0,-2016,0,0
4029200611,0,0,0,0,0,0,6965,0,0,4029277611,0,0,0,0,0,0,-2017,0,0
4030320611,0,0,0,0,0,0,6947,0,0,4030397611,0,0,0,0,0,0,-2019,0,0
4031440611,0,0,0,0,0,0,6979,0,0,4031517611,0,0,0,0,0,0,-1993,0,0
4032560611,0,0,0,0,0,0,6957,0,0,4032637611,0,0,0,0,0,0,-1992,0,0
4033680611,0,0,0,0,0,0,6972,0,0,4033757611,0,0,0,0,0,0,-2023,0,0
4034800611,0,0,0,0,0,0,6950,0,0,4034877611,0,0,0,0,0,0,-2062,0,0
4035920611,0,0,0,0,0,0,6942,0,0,4035997611,0,0,0,0,0,0,-1982,0,0
4037040611,0,0,0,0,0,0,218,0,0,4037117611,0,0,0,0,0,0,589,0,0
4038160611,0,0,0,0,0,0,227,0,0,4038237611,0,0,0,0,0,0,630,0,0
4039280611,0,0,0,0,0,0,238,0,0,4039357611,0,0,0,0,0,0,632,0,0
4040400611,0,0,0,0,0,0,268,0,0,4040477611,0,0,0,0,0,0,622,0,0
4041520611,0,0,0,0,0,0,216,0,0,4041597611,0,0,0,0,0,0,594,0,0
4042640611,0,0,0,0,0,0,217,0,0,4042717611,0,0,0,0,0,0,582,0,0
4043760611,0,0,0,0,0,0,244,0,0,4043837611,0,0,0,0,0,0,617,0,0
4044880611,0,0,0,0,0,0,274,0,0,4044957611,0,0,0,0,0,0,627,0,0
4046000611,0,0,0,0,0,0,6959,0,0,4046077611,0,0,0,0,0,0,-2042,0,0
4047120611,0,0,0,0,0,0,6964,0,0,4047197611,0,0,0,0,0,0,-1991,0,0
4048240611,0,0,0,0,0,0,6932,0,0,4048317611,0,0,0,0,0,0,-1991,0,0
4049360611,0,0,0,0,0,0,6967,0,0,4049437611,0,0,0,0,0,0,-2038,0,0
4050480611,0,0,0,0,0,0,6941,0,0,4050557611,0,0,0,0,0,0,-2004,0,0
4051600611,0,0,0,0,0,0,6965,0,0,4051677611,0,0,0,0,0,0,-2023,0,0
4052720611,0,0,0,0,0,0,6978,0,0,4052797611,0,0,0,0,0,0,-2019,0,0
4053840611,0,0,0,0,0,0,6975,0,0,4053917611,0,0,0,0,0,0,-1989,0,0
4054960611,0,0,0,0,0,0,246,0,0,4055037611,0,0,0,0,0,0,576,0,0
4056080611,0,0,0,0,0,0,253,0,0,4056157611,0,0,0,0,0,0,633,0,0
4057200611,0,0,0,0,0,0,249,0,0,4057277611,0,0,0,0,0,0,585,0,0
4058320611,0,0,0,0,0,0,216,0,0,4058397611,0,0,0,0,0,0,567,0,0
4059440611,0,0,0,0,0,0,231,0,0,4059517611,0,0,0,0,0,0,635,0,0
4060560611,0,0,0,0,0,0,254,0,0,4060637611,0,0,0,0,0,0,584,0,0
4061680611,0,0,0,0,0,0,247,0,0,4061757611,0,0,0,0,0,0,619,0,0
4062800611,0,0,0,0,0,0,214,0,0,4062877611,0,0,0,0,0,0,648,0,0
4063920611,0,0,0,0,0,0,6930,0,0,4063997611,0,0,0,0,0,0,-2037,0,0
4065040611,0,0,0,0,0,0,6978,0,0,4065117611,0,0,0,0,0,0,-2056,0,0
4066160611,0,0,0,0,0,0,6984,0,0,4066237611,0,0,0,0,0,0,-2026,0,0
4067280611,0,0,0,0,0,0,6977,0,0,4067357611,0,0,0,0,0,0,-2027,0,0
4068400611,0,0,0,0,0,0,7001,0,0,4068477611,0,0,0,0,0,0,-2022,0,0
4069520611,0,0,0,0,0,0,6900,0,0,4069597611,0,0,0,0,0,0,-2017,0,0
4070640611,0,0,0,0,0,0,6973,0,0,4070717611,0,0,0,0,0,0,-2005,0,0
4071760611,0,0,0,0,0,0,6990,0,0,4071837611,0,0,0,0,0,0,-2031,0,0
4072880611,0,0,0,0,0,0,290,0,0,4072957611,0,0,0,0,0,0,567,0,0
4074000611,0,0,0,0,0,0,211,0,0,4074077611,0,0,0,0,0,0,620,0,0
4075120611,0,0,0,0,0,0,221,0,0,4075197611,0,0,0,0,0,0,582,0,0
4076240611,0,0,0,0,0,0,251,0,0,4076317611,0,0,0,0,0,0,582,0,0
4077360611,0,0,0,0,0,0,192,0,0,4077437611,0,0,0,0,0,0,624,0,0
4078480611,0,0,0,0,0,0,236,0,0,4078557611,0,0,0,0,0,0,595,0,0
4079600611,0,0,0,0,0,0,244,0,0,4079677611,0,0,0,0,0,0,607,0,0
4080720611,0,0,0,0,0,0,243,0,0,4080797611,0,0,0,0,0,0,580,0,0
4081840611,0,0,0,0,0,0,6960,0,0,4081917611,0,0,0,0,0,0,-1995,0,0
4082960611,0,0,0,0,0,0,6959,0,0,4083037611,0,0,0,0,0,0,-1995,0,0
4084080611,0,0,0,0,0,0,6955,0,0,4084157611,0,0,0,0,0,0,-2048,0,0
4085200611,0,0,0,0,0,0,6956,0,0,4085277611,0,0,0,0,0,0,-2039,0,0
4086320611,0,0,0,0,0,0,6972,0,0,4086397611,0,0,0,0,0,0,-2024,0,0
4087440611,0,0,0,0,0,0,6955,0,0,4087517611,0,0,0,0,0,0,-2029,0,0
4088560611,0,0,0,0,0,0,6973,0,0,4088637611,0,0,0,0,0,0,-1989,0,0
4089680611,0,0,0,0,0,0,6945,0,0,4089757611,0,0,0,0,0,0,-2051,0,0
4090800611,0,0,0,0,0,0,251,0,0,4090877611,0,0,0,0,0,0,641,0,0
4091920611,0,0,0,0,0,0,203,0,0,4091997611,0,0,0,0,0,0,536,0,0
4093040611,0,0,0,0,0,0,225,0,0,4093117611,0,0,0,0,0,0,553,0,0
4094160611,0,0,0,0,0,0,220,0,0,4094237611,0,0,0,0,0,0,637,0,0
4095280611,0,0,0,0,0,0,246,0,0,4095357611,0,0,0,0,0,0,614,0,0
4096400611,0,0,0,0,0,0,224,0,0,4096477611,0,0,0,0,0,0,584,0,0
4097520611,0,0,0,0,0,0,242,0,0,4097597611,0,0,0,0,0,0,598,0,0
4098640611,0,0,0,0,0,0,246,0,0,4098717611,0,0,0,0,0,0,612,0,0
4099760611,0,0,0,0,0,0,6948,0,0,4099837611,0,0,0,0,0,0,-2031,0,0
4100880611,0,0,0,0,0,0,6951,0,0,4100957611,0,0,0,0,0,0,-2031,0,0
4102000611,0,0,0,0,0,0,6965,0,0,4102077611,0,0,0,0,0,0,-2072,0,0
4103120611,0,0,0,0,0,0,6967,0,0,4103197611,0,0,0,0,0,0,-2079,0,0
4104240611,0,0,0,0,0,0,6958,0,0,4104317611,0,0,0,0,0,0,-2036,0,0
4105360611,0,0,0,0,0,0,6949,0,0,4105437611,0,0,0,0,0,0,-2051,0,0
4106480611,0,0,0,0,0,0,6936,0,0,4106557611,0,0,0,0,0,0,-2017,0,0
4107600611,0,0,0,0,0,0,6963,0,0,4107677611,0,0,0,0,0,0,-2045,0,0
4108720611,0,0,0,0,0,0,287,0,0,4108797611,0,0,0,0,0,0,617,0,0
4109840611,0,0,0,0,0,0,231,0,0,4109917611,0,0,0,0,0,0,622,0,0
4110960611,0,0,0,0,0,0,225,0,0,4111037611,0,0,0,0,0,0,648,0,0
4112080611,0,0,0,0,0,0,214,0,0,4112157611,0,0,0,0,0,0,597,0,0
4113200611,0,0,0,0,0,0,239,0,0,4113277611,0,0,0,0,0,0,597,0,0
4114320611,0,0,0,0,0,0,236,0,0,4114397611,0,0,0,0,0,0,590,0,0
4115440611,0,0,0,0,0,0,242,0,0,4115517611,0,0,0,0,0,0,629,0,0
4116560611,0,0,0,0,0,0,198,0,0,4116637611,0,0,0,0,0,0,562,0,0
4117680611,0,0,0,0,0,0,6890,0,0,4117757611,0,0,0,0,0,0,-2000,0,0
4118800611,0,0,0,0,0,0,6967,0,0,4118877611,0,0,0,0,0,0,-2002,0,0
4119920611,0,0,0,0,0,0,6945,0,0,4119997611,0,0,0,0,0,0,-2046,0,0
4121040611,0,0,0,0,0,0,7008,0,0,4121117611,0,0,0,0,0,0,-2066,0,0
4122160611,0,0,0,0,0,0,6973,0,0,4122237611,0,0,0,0,0,0,-2023,0,0
4123280611,0,0,0,0,0,0,7014,0,0,4123357611,0,0,0,0,0,0,-2043,0,0
4124400611,0,0,0,0,0,0,6940,0,0,4124477611,0,0,0,0,0,0,-2009,0,0
4125520611,0,0,0,0,0,0,6964,0,0,4125597611,0,0,0,0,0,0,-2020,0,0
4126640611,0,0,0,0,0,0,270,0,0,4126717611,0,0,0,0,0,0,626,0,0
4127760611,0,0,0,0,0,0,241,0,0,4127837611,0,0,0,0,0,0,597,0,0
4128880611,0,0,0,0,0,0,273,0,0,4128957611,0,0,0,0,0,0,629,0,0
4130000611,0,0,0,0,0,0,242,0,0,4130077611,0,0,0,0,0,0,616,0,0
4131120611,0,0,0,0,0,0,204,0,0,4131197611,0,0,0,0,0,0,575,0,0
4132240611,0,0,0,0,0,0,223,0,0,4132317611,0,0,0,0,0,0,628,0,0
4133360611,0,0,0,0,0,0,230,0,0,4133437611,0,0,0,0,0,0,605,0,0
4134480611,0,0,0,0,0,0,234,0,0,4134557611,0,0,0,0,0,0,655,0,0
4135600611,0,0,0,0,0,0,6882,0,0,4135677611,0,0,0,0,0,0,-1989,0,0
4136720611,0,0,0,0,0,0,6951,0,0,4136797611,0,0,0,0,0,0,-2027,0,0
4137840611,0,0,0,0,0,0,6954,0,0,4137917611,0,0,0,0,0,0,-2001,0,0
4138960611,0,0,0,0,0,0,6965,0,0,4139037611,0,0,0,0,0,0,-2042,0,0
4140080611,0,0,0,0,0,0,6913,0,0,4140157611,0,0,0,0,0,0,-2063,0,0
4141200611,0,0,0,0,0,0,6963,0,0,4141277611,0,0,0,0,0,0,-2013,0,0
4142320611,0,0,0,0,0,0,6939,0,0,4142397611,0,0,0,0,0,0,-2025,0,0
4143440611,0,0,0,0,0,0,6910,0,0,4143517611,0,0,0,0,0,0,-2020,0,0
4144560611,0,0,0,0,0,0,276,0,0,4144637611,0,0,0,0,0,0,620,0,0
4145680611,0,0,0,0,0,0,263,0,0,4145757611,0,0,0,0,0,0,638,0,0
4146800611,0,0,0,0,0,0,280,0,0,4146877611,0,0,0,0,0,0,597,0,0
4147920611,0,0,0,0,0,0,246,0,0,4147997611,0,0,0,0,0,0,592,0,0
4149040611,0,0,0,0,0,0,224,0,0,4149117611,0,0,0,0,0,0,587,0,0
4150160611,0,0,0,0,0,0,263,0,0,4150237611,0,0,0,0,0,0,632,0,0
4151280611,0,0,0,0,0,0,210,0,0,4151357611,0,0,0,0,0,0,602,0,0
4152400611,0,0,0,0,0,0,244,0,0,4152477611,0,0,0,0,0,0,586,0,0
4153520611,0,0,0,0,0,0,6775,0,0,4153597611,0,0,0,0,0,0,-2055,0,0
4154640611,0,0,0,0,0,0,6974,0,0,4154717611,0,0,0,0,0,0,-2024,0,0
4155760611,0,0,0,0,0,0,6960,0,0,4155837611,0,0,0,0,0,0,-2005,0,0
4156880611,0,0,0,0,0,0,6948,0,0,4156957611,0,0,0,0,0,0,-2039,0,0
4158000611,0,0,0,0,0,0,6937,0,0,4158077611,0,0,0,0,0,0,-2014,0,0
4159120611,0,0,0,0,0,0,6951,0,0,4159197611,0,0,0,0,0,0,-2013,0,0
4160240611,0,0,0,0,0,0,6962,0,0,4160317611,0,0,0,0,0,0,-2002,0,0
4161360611,0,0,0,0,0,0,6910,0,0,4161437611,0,0,0,0,0,0,-2001,0,0
4162480611,0,0,0,0,0,0,282,0,0,4162557611,0,0,0,0,0,0,626,0,0
4163600611,0,0,0,0,0,0,235,0,0,4163677611,0,0,0,0,0,0,579,0,0
4164720611,0,0,0,0,0,0,230,0,0,4164797611,0,0,0,0,0,0,574,0,0
4165840611,0,0,0,0,0,0,253,0,0,4165917611,0,0,0,0,0,0,581,0,0
4166960611,0,0,0,0,0,0,202,0,0,4167037611,0,0,0,0,0,0,586,0,0
4168080611,0,0,0,0,0,0,223,0,0,4168157611,0,0,0,0,0,0,595,0,0
4169200611,0,0,0,0,0,0,217,0,0,4169277611,0,0,0,0,0,0,589,0,0
4170320611,0,0,0,0,0,0,246,0,0,4170397611,0,0,0,0,0,0,650,0,0
4171440611,0,0,0,0,0,0,6598,0,0,4171517611,0,0,0,0,0,0,-1984,0,0
4172560611,0,0,0,0,0,0,6985,0,0,4172637611,0,0,0,0,0,0,-1987,0,0
4173680611,0,0,0,0,0,0,6944,0,0,4173757611,0,0,0,0,0,0,-2085,0,0
4174800611,0,0,0,0,0,0,6989,0,0,4174877611,0,0,0,0,0,0,-2065,0,0
4175920611,0,0,0,0,0,0,6985,0,0,4175997611,0,0,0,0,0,0,-2071,0,0
4177040611,0,0,0,0,0,0,6961,0,0,4177117611,0,0,0,0,0,0,-2017,0,0
4178160611,0,0,0,0,0,0,6958,0,0,4178237611,0,0,0,0,0,0,-2031,0,0
4179280611,0,0,0,0,0,0,6974,0,0,4179357611,0,0,0,0,0,0,-2041,0,0
4180400611,0,0,0,0,0,0,265,0,0,4180477611,0,0,0,0,0,0,619,0,0
4181520611,0,0,0,0,0,0,215,0,0,4181597611,0,0,0,0,0,0,570,0,0
4182640611,0,0,0,0,0,0,245,0,0,4182717611,0,0,0,0,0,0,637,0,0
4183760611,0,0,0,0,0,0,276,0,0,4183837611,0,0,0,0,0,0,622,0,0
4184880611,0,0,0,0,0,0,203,0,0,4184957611,0,0,0,0,0,0,600,0,0
4186000611,0,0,0,0,0,0,253,0,0,4186077611,0,0,0,0,0,0,637,0,0
4187120611,0,0,0,0,0,0,242,0,0,4187197611,0,0,0,0,0,0,595,0,0
4188240611,0,0,0,0,0,0,272,0,0,4188317611,0,0,0,0,0,0,594,0,0
4189360611,0,0,0,0,0,0,6327,0,0,4189437611,0,0,0,0,0,0,-1991,0,0
4190480611,0,0,0,0,0,0,6940,0,0,4190557611,0,0,0,0,0,0,-1999,0,0
4191600611,0,0,0,0,0,0,6963,0,0,4191677611,0,0,0,0,0,0,-2018,0,0
4192720611,0,0,0,0,0,0,6933,0,0,4192797611,0,0,0,0,0,0,-2017,0,0
4193840611,0,0,0,0,0,0,6964,0,0,4193917611,0,0,0,0,0,0,-2047,0,0
4194960611,0,0,0,0,0,0,6958,0,0,4195037611,0,0,0,0,0,0,-1975,0,0
4196080611,0,0,0,0,0,0,6943,0,0,4196157611,0,0,0,0,0,0,-2053,0,0
4197200611,0,0,0,0,0,0,6966,0,0,4197277611,0,0,0,0,0,0,-2028,0,0
4198320611,0,0,0,0,0,0,464,0,0,4198397611,0,0,0,0,0,0,603,0,0
4199440611,0,0,0,0,0,0,216,0,0,4199517611,0,0,0,0,0,0,560,0,0
4200560611,0,0,0,0,0,0,213,0,0,4200637611,0,0,0,0,0,0,580,0,0
4201680611,0,0,0,0,0,0,231,0,0,4201757611,0,0,0,0,0,0,606,0,0
4202800611,0,0,0,0,0,0,251,0,0,4202877611,0,0,0,0,0,0,665,0,0
4203920611,0,0,0,0,0,0,232,0,0,4203997611,0,0,0,0,0,0,595,0,0
4205040611,0,0,0,0,0,0,250,0,0,4205117611,0,0,0,0,0,0,594,0,0
4206160611,0,0,0,0,0,0,204,0,0,4206237611,0,0,0,0,0,0,616,0,0
4207280611,0,0,0,0,0,0,5605,0,0,4207357611,0,0,0,0,0,0,-1931,0,0
4208400611,0,0,0,0,0,0,6987,0,0,4208477611,0,0,0,0,0,0,-2005,0,0
4209520611,0,0,0,0,0,0,6967,0,0,4209597611,0,0,0,0,0,0,-2030,0,0
4210640611,0,0,0,0,0,0,6951,0,0,4210717611,0,0,0,0,0,0,-2030,0,0
4211760611,0,0,0,0,0,0,6947,0,0,4211837611,0,0,0,0,0,0,-1956,0,0
4212880611,0,0,0,0,0,0,6955,0,0,4212957611,0,0,0,0,0,0,-2007,0,0
4214000611,0,0,0,0,0,0,6982,0,0,4214077611,0,0,0,0,0,0,-2040,0,0
4215120611,0,0,0,0,0,0,6907,0,0,4215197611,0,0,0,0,0,0,-2065,0,0
4216240611,0,0,0,0,0,0,1139,0,0,4216317611,0,0,0,0,0,0,566,0,0
4217360611,0,0,0,0,0,0,236,0,0,4217437611,0,0,0,0,0,0,607,0,0
4218480611,0,0,0,0,0,0,224,0,0,4218557611,0,0,0,0,0,0,607,0,0
4219600611,0,0,0,0,0,0,248,0,0,4219677611,0,0,0,0,0,0,581,0,0
4220720611,0,0,0,0,0,0,255,0,0,4220797611,0,0,0,0,0,0,584,0,0
4221840611,0,0,0,0,0,0,234,0,0,4221917611,0,0,0,0,0,0,600,0,0
4222960611,0,0,0,0,0,0,235,0,0,4223037611,0,0,0,0,0,0,579,0,0
4224080611,0,0,0,0,0,0,273,0,0,4224157611,0,0,0,0,0,0,642,0,0
4225200611,0,0,0,0,0,0,4130,0,0,4225277611,0,0,0,0,0,0,-1839,0,0
4226320611,0,0,0,0,0,0,6953,0,0,4226397611,0,0,0,0,0,0,-1996,0,0
4227440611,0,0,0,0,0,0,6947,0,0,4227517611,0,0,0,0,0,0,-1998,0,0
4228560611,0,0,0,0,0,0,6934,0,0,4228637611,0,0,0,0,0,0,-2063,0,0
4229680611,0,0,0,0,0,0,6924,0,0,4229757611,0,0,0,0,0,0,-2009,0,0
4230800611,0,0,0,0,0,0,6914,0,0,4230877611,0,0,0,0,0,0,-2036,0,0
4231920611,0,0,0,0,0,0,6973,0,0,4231997611,0,0,0,0,0,0,-2026,0,0
4233040611,0,0,0,0,0,0,6937,0,0,4233117611,0,0,0,0,0,0,-2030,0,0
4234160611,0,0,0,0,0,0,3921,0,0,4234237611,0,0,0,0,0,0,542,0,0
4235280611,0,0,0,0,0,0,255,0,0,4235357611,0,0,0,0,0,0,594,0,0
4236400611,0,0,0,0,0,0,218,0,0,4236477611,0,0,0,0,0,0,612,0,0
4237520611,0,0,0,0,0,0,252,0,0,4237597611,0,0,0,0,0,0,621,0,0
4238640611,0,0,0,0,0,0,285,0,0,4238717611,0,0,0,0,0,0,606,0,0
4239760611,0,0,0,0,0,0,257,0,0,4239837611,0,0,0,0,0,0,612,0,0
4240880611,0,0,0,0,0,0,201,0,0,4240957611,0,0,0,0,0,0,609,0,0
4242000611,0,0,0,0,0,0,229,0,0,4242077611,0,0,0,0,0,0,645,0,0
4243120611,0,0,0,0,0,0,824,0,0,4243197611,0,0,0,0,0,0,-1707,0,0
4244240611,0,0,0,0,0,0,6954,0,0,4244317611,0,0,0,0,0,0,-2018,0,0
4245360611,0,0,0,0,0,0,6941,0,0,4245437611,0,0,0,0,0,0,-2056,0,0
4246480611,0,0,0,0,0,0,6972,0,0,4246557611,0,0,0,0,0,0,-1995,0,0
4247600611,0,0,0,0,0,0,6966,0,0,4247677611,0,0,0,0,0,0,-2010,0,0
4248720611,0,0,0,0,0,0,6930,0,0,4248797611,0,0,0,0,0,0,-2017,0,0
4249840611,0,0,0,0,0,0,6968,0,0,4249917611,0,0,0,0,0,0,-1992,0,0
4250960611,0,0,0,0,0,0,6961,0,0,4251037611,0,0,0,0,0,0,-2023,0,0
4252080611,0,0,0,0,0,0,6952,0,0,4252157611,0,0,0,0,0,0,511,0,0
4253200611,0,0,0,0,0,0,192,0,0,4253277611,0,0,0,0,0,0,614,0,0
4254320611,0,0,0,0,0,0,232,0,0,4254397611,0,0,0,0,0,0,604,0,0
4255440611,0,0,0,0,0,0,253,0,0,4255517611,0,0,0,0,0,0,580,0,0
4256560611,0,0,0,0,0,0,233,0,0,4256637611,0,0,0,0,0,0,578,0,0
4257680611,0,0,0,0,0,0,262,0,0,4257757611,0,0,0,0,0,0,576,0,0
4258800611,0,0,0,0,0,0,256,0,0,4258877611,0,0,0,0,0,0,635,0,0
4259920611,0,0,0,0,0,0,237,0,0,4259997611,0,0,0,0,0,0,599,0,0
4261040611,0,0,0,0,0,0,251,0,0,4261117611,0,0,0,0,0,0,-1374,0,0
4262160611,0,0,0,0,0,0,6908,0,0,4262237611,0,0,0,0,0,0,-2015,0,0
4263280611,0,0,0,0,0,0,6975,0,0,4263357611,0,0,0,0,0,0,-1978,0,0
4264400611,0,0,0,0,0,0,6987,0,0,4264477611,0,0,0,0,0,0,-2012,0,0
4265520611,0,0,0,0,0,0,6970,0,0,4265597611,0,0,0,0,0,0,-1964,0,0
4266640611,0,0,0,0,0,0,6975,0,0,4266717611,0,0,0,0,0,0,-2021,0,0
4267760611,0,0,0,0,0,0,6955,0,0,4267837611,0,0,0,0,0,0,-2063,0,0
4268880611,0,0,0,0,0,0,6930,0,0,4268957611,0,0,0,0,0,0,-2014,0,0
4270000611,0,0,0,0,0,0,6950,0,0,4270077611,0,0,0,0,0,0,-94,0,0
4271120611,0,0,0,0,0,0,211,0,0,4271197611,0,0,0,0,0,0,587,0,0
4272240611,0,0,0,0,0,0,245,0,0,4272317611,0,0,0,0,0,0,612,0,0
4273360611,0,0,0,0,0,0,218,0,0,4273437611,0,0,0,0,0,0,563,0,0
4274480611,0,0,0,0,0,0,194,0,0,4274557611,0,0,0,0,0,0,610,0,0
4275600611,0,0,0,0,0,0,279,0,0,4275677611,0,0,0,0,0,0,630,0,0
4276720611,0,0,0,0,0,0,217,0,0,4276797611,0,0,0,0,0,0,628,0,0
4277840611,0,0,0,0,0,0,225,0,0,4277917611,0,0,0,0,0,0,630,0,0
4278960611,0,0,0,0,0,0,204,0,0,4279037611,0,0,0,0,0,0,632,0,0
4280080611,0,0,0,0,0,0,249,0,0,4280157611,0,0,0,0,0,0,655,0,0
4281200611,0,0,0,0,0,0,237,0,0,4281277611,0,0,0,0,0,0,644,0,0
4282320611,0,0,0,0,0,0,209,0,0,4282397611,0,0,0,0,0,0,592,0,0
4283440611,0,0,0,0,0,0,271,0,0,4283517611,0,0,0,0,0,0,611,0,0
4284560611,0,0,0,0,0,0,268,0,0,4284637611,0,0,0,0,0,0,642,0,0
4285680611,0,0,0,0,0,0,221,0,0,4285757611,0,0,0,0,0,0,653,0,0
4286800611,0,0,0,0,0,0,232,0,0,4286877611,0,0,0,0,0,0,627,0,0
4287920611,0,0,0,0,0,0,249,0,0,4287997611,0,0,0,0,0,0,628,0,0
4289040611,0,0,0,0,0,0,198,0,0,4289117611,0,0,0,0,0,0,615,0,0
4290160611,0,0,0,0,0,0,243,0,0,4290237611,0,0,0,0,0,0,631,0,0
4291280611,0,0,0,0,0,0,257,0,0,4291357611,0,0,0,0,0,0,636,0,0
4292400611,0,0,0,0,0,0,233,0,0,4292477611,0,0,0,0,0,0,607,0,0
4293520611,0,0,0,0,0,0,232,0,0,4293597611,0,0,0,0,0,0,598,0,0
4294640611,0,0,0,0,0,0,212,0,0,4294717611,0,0,0,0,0,0,563,0,0
4295760611,0,0,0,0,0,0,212,0,0,4295837611,0,0,0,0,0,0,558,0,0
4296880611,0,0,0,0,0,0,241,0,0,4296957611,0,0,0,0,0,0,600,0,0
4298000611,0,0,0,0,0,0,237,0,0,4298077611,0,0,0,0,0,0,608,0,0
4299120611,0,0,0,0,0,0,246,0,0,4299197611,0,0,0,0,0,0,566,0,0
4300240611,0,0,0,0,0,0,236,0,0,4300317611,0,0,0,0,0,0,606,0,0
4301360611,0,0,0,0,0,0,268,0,0,4301437611,0,0,0,0,0,0,592,0,0
4302480611,0,0,0,0,0,0,271,0,0,4302557611,0,0,0,0,0,0,621,0,0
4303600611,0,0,0,0,0,0,245,0,0,4303677611,0,0,0,0,0,0,539,0,0
4304720611,0,0,0,0,0,0,246,0,0,4304797611,0,0,0,0,0,0,617,0,0
4305840611,0,0,0,0,0,0,217,0,0,4305917611,0,0,0,0,0,0,626,0,0
4306960611,0,0,0,0,0,0,278,0,0,4307037611,0,0,0,0,0,0,599,0,0
4308080611,0,0,0,0,0,0,243,0,0,4308157611,0,0,0,0,0,0,616,0,0
4309200611,0,0,0,0,0,0,223,0,0,4309277611,0,0,0,0,0,0,624,0,0
4310320611,0,0,0,0,0,0,228,0,0,4310397611,0,0,0,0,0,0,567,0,0
4311440611,0,0,0,0,0,0,228,0,0,4311517611,0,0,0,0,0,0,617,0,0
4312560611,0,0,0,0,0,0,243,0,0,4312637611,0,0,0,0,0,0,625,0,0
4313680611,0,0,0,0,0,0,223,0,0,4313757611,0,0,0,0,0,0,635,0,0
4314800611,0,0,0,0,0,0,244,0,0,4314877611,0,0,0,0,0,0,629,0,0
4315920611,0,0,0,0,0,0,242,0,0,4315997611,0,0,0,0,0,0,575,0,0
4317040611,0,0,0,0,0,0,250,0,0,4317117611,0,0,0,0,0,0,592,0,0
4318160611,0,0,0,0,0,0,260,0,0,4318237611,0,0,0,0,0,0,566,0,0
4319280611,0,0,0,0,0,0,209,0,0,4319357611,0,0,0,0,0,0,559,0,0
4320400611,0,0,0,0,0,0,253,0,0,4320477611,0,0,0,0,0,0,595,0,0
4321520611,0,0,0,0,0,0,209,0,0,4321597611,0,0,0,0,0,0,604,0,0
4322640611,0,0,0,0,0,0,245,0,0,4322717611,0,0,0,0,0,0,624,0,0
4323760611,0,0,0,0,0,0,222,0,0,4323837611,0,0,0,0,0,0,614,0,0
4324880611,0,0,0,0,0,0,231,0,0,4324957611,0,0,0,0,0,0,579,0,0
4326000611,0,0,0,0,0,0,266,0,0,4326077611,0,0,0,0,0,0,602,0,0
4327120611,0,0,0,0,0,0,271,0,0,4327197611,0,0,0,0,0,0,593,0,0
4328240611,0,0,0,0,0,0,250,0,0,4328317611,0,0,0,0,0,0,596,0,0
4329360611,0,0,0,0,0,0,238,0,0,4329437611,0,0,0,0,0,0,641,0,0
4330480611,0,0,0,0,0,0,194,0,0,4330557611,0,0,0,0,0,0,613,0,0
4331600611,0,0,0,0,0,0,177,0,0,4331677611,0,0,0,0,0,0,574,0,0
4332720611,0,0,0,0,0,0,224,0,0,4332797611,0,0,0,0,0,0,621,0,0
4333840611,0,0,0,0,0,0,234,0,0,4333917611,0,0,0,0,0,0,598,0,0
4334960611,0,0,0,0,0,0,231,0,0,4335037611,0,0,0,0,0,0,634,0,0
4336080611,0,0,0,0,0,0,286,0,0,4336157611,0,0,0,0,0,0,601,0,0
4337200611,0,0,0,0,0,0,246,0,0,4337277611,0,0,0,0,0,0,600,0,0
4338320611,0,0,0,0,0,0,253,0,0,4338397611,0,0,0,0,0,0,606,0,0
4339440611,0,0,0,0,0,0,252,0,0,4339517611,0,0,0,0,0,0,591,0,0
4340560611,0,0,0,0,0,0,237,0,0,4340637611,0,0,0,0,0,0,660,0,0
4341680611,0,0,0,0,0,0,231,0,0,4341757611,0,0,0,0,0,0,603,0,0
4342800611,0,0,0,0,0,0,198,0,0,4342877611,0,0,0,0,0,0,638,0,0
4343920611,0,0,0,0,0,0,236,0,0,4343997611,0,0,0,0,0,0,582,0,0
4345040611,0,0,0,0,0,0,233,0,0,4345117611,0,0,0,0,0,0,605,0,0
4346160611,0,0,0,0,0,0,255,0,0,4346237611,0,0,0,0,0,0,570,0,0
4347280611,0,0,0,0,0,0,242,0,0,4347357611,0,0,0,0,0,0,578,0,0
4348400611,0,0,0,0,0,0,263,0,0,4348477611,0,0,0,0,0,0,636,0,0
4349520611,0,0,0,0,0,0,246,0,0,4349597611,0,0,0,0,0,0,585,0,0
4350640611,0,0,0,0,0,0,223,0,0,4350717611,0,0,0,0,0,0,634,0,0
4351760611,0,0,0,0,0,0,249,0,0,4351837611,0,0,0,0,0,0,653,0,0
4352880611,0,0,0,0,0,0,223,0,0,4352957611,0,0,0,0,0,0,620,0,0
4354000611,0,0,0,0,0,0,235,0,0,4354077611,0,0,0,0,0,0,651,0,0
4355120611,0,0,0,0,0,0,251,0,0,4355197611,0,0,0,0,0,0,620,0,0
4356240611,0,0,0,0,0,0,248,0,0,4356317611,0,0,0,0,0,0,597,0,0
4357360611,0,0,0,0,0,0,247,0,0,4357437611,0,0,0,0,0,0,613,0,0
4358480611,0,0,0,0,0,0,181,0,0,4358557611,0,0,0,0,0,0,629,0,0
4359600611,0,0,0,0,0,0,229,0,0,4359677611,0,0,0,0,0,0,599,0,0
4360720611,0,0,0,0,0,0,268,0,0,4360797611,0,0,0,0,0,0,617,0,0
4361840611,0,0,0,0,0,0,301,0,0,4361917611,0,0,0,0,0,0,560,0,0
4362960611,0,0,0,0,0,0,269,0,0,4363037611,0,0,0,0,0,0,608,0,0
4364080611,0,0,0,0,0,0,269,0,0,4364157611,0,0,0,0,0,0,530,0,0
4365200611,0,0,0,0,0,0,222,0,0,4365277611,0,0,0,0,0,0,630,0,0
4366320611,0,0,0,0,0,0,240,0,0,4366397611,0,0,0,0,0,0,583,0,0
4367440611,0,0,0,0,0,0,288,0,0,4367517611,0,0,0,0,0,0,560,0,0
4368560611,0,0,0,0,0,0,255,0,0,4368637611,0,0,0,0,0,0,635,0,0
4369680611,0,0,0,0,0,0,211,0,0,4369757611,0,0,0,0,0,0,652,0,0
4370800611,0,0,0,0,0,0,243,0,0,4370877611,0,0,0,0,0,0,588,0,0
4371920611,0,0,0,0,0,0,243,0,0,4371997611,0,0,0,0,0,0,608,0,0
4373040611,0,0,0,0,0,0,245,0,0,4373117611,0,0,0,0,0,0,580,0,0
4374160611,0,0,0,0,0,0,252,0,0,4374237611,0,0,0,0,0,0,595,0,0
4375280611,0,0,0,0,0,0,246,0,0,4375357611,0,0,0,0,0,0,617,0,0
4376400611,0,0,0,0,0,0,227,0,0,4376477611,0,0,0,0,0,0,593,0,0
4377520611,0,0,0,0,0,0,223,0,0,4377597611,0,0,0,0,0,0,600,0,0
4378640611,0,0,0,0,0,0,246,0,0,4378717611,0,0,0,0,0,0,610,0,0
4379760611,0,0,0,0,0,0,242,0,0,4379837611,0,0,0,0,0,0,606,0,0
4380880611,0,0,0,0,0,0,165,0,0,4380957611,0,0,0,0,0,0,628,0,0
4382000611,0,0,0,0,0,0,205,0,0,4382077611,0,0,0,0,0,0,589,0,0
4383120611,0,0,0,0,0,0,301,0,0,4383197611,0,0,0,0,0,0,641,0,0
4384240611,0,0,0,0,0,0,272,0,0,4384317611,0,0,0,0,0,0,603,0,0
4385360611,0,0,0,0,0,0,229,0,0,4385437611,0,0,0,0,0,0,595,0,0
4386480611,0,0,0,0,0,0,270,0,0,4386557611,0,0,0,0,0,0,627,0,0
4387600611,0,0,0,0,0,0,223,0,0,4387677611,0,0,0,0,0,0,604,0,0
4388720611,0,0,0,0,0,0,223,0,0,4388797611,0,0,0,0,0,0,614,0,0
4389840611,0,0,0,0,0,0,211,0,0,4389917611,0,0,0,0,0,0,588,0,0
4390960611,0,0,0,0,0,0,248,0,0,4391037611,0,0,0,0,0,0,592,0,0
4392080611,0,0,0,0,0,0,229,0,0,4392157611,0,0,0,0,0,0,-1639,0,0
4393200611,0,0,0,0,0,0,6957,0,0,4393277611,0,0,0,0,0,0,-2032,0,0
4394320611,0,0,0,0,0,0,6980,0,0,4394397611,0,0,0,0,0,0,-2031,0,0
4395440611,0,0,0,0,0,0,6952,0,0,4395517611,0,0,0,0,0,0,-2032,0,0
4396560611,0,0,0,0,0,0,6943,0,0,4396637611,0,0,0,0,0,0,-2038,0,0
4397680611,0,0,0,0,0,0,6969,0,0,4397757611,0,0,0,0,0,0,-2041,0,0
4398800611,0,0,0,0,0,0,7002,0,0,4398877611,0,0,0,0,0,0,-2040,0,0
4399920611,0,0,0,0,0,0,6986,0,0,4399997611,0,0,0,0,0,0,-2030,0,0
4401040611,0,0,0,0,0,0,7010,0,0,4401117611,0,0,0,0,0,0,483,0,0
4402160611,0,0,0,0,0,0,249,0,0,4402237611,0,0,0,0,0,0,604,0,0
4403280611,0,0,0,0,0,0,242,0,0,4403357611,0,0,0,0,0,0,585,0,0
4404400611,0,0,0,0,0,0,238,0,0,4404477611,0,0,0,0,0,0,616,0,0
4405520611,0,0,0,0,0,0,193,0,0,4405597611,0,0,0,0,0,0,618,0,0
4406640611,0,0,0,0,0,0,195,0,0,4406717611,0,0,0,0,0,0,620,0,0
4407760611,0,0,0,0,0,0,279,0,0,4407837611,0,0,0,0,0,0,586,0,0
4408880611,0,0,0,0,0,0,220,0,0,4408957611,0,0,0,0,0,0,605,0,0
4410000611,0,0,0,0,0,0,232,0,0,4410077611,0,0,0,0,0,0,-1419,0,0
4411120611,0,0,0,0,0,0,6969,0,0,4411197611,0,0,0,0,0,0,-2005,0,0
4412240611,0,0,0,0,0,0,7037,0,0,4412317611,0,0,0,0,0,0,-2011,0,0
4413360611,0,0,0,0,0,0,6985,0,0,4413437611,0,0,0,0,0,0,-2026,0,0
4414480611,0,0,0,0,0,0,6919,0,0,4414557611,0,0,0,0,0,0,-2042,0,0
4415600611,0,0,0,0,0,0,6995,0,0,4415677611,0,0,0,0,0,0,-2039,0,0
4416720611,0,0,0,0,0,0,6930,0,0,4416797611,0,0,0,0,0,0,-2068,0,0
4417840611,0,0,0,0,0,0,6949,0,0,4417917611,0,0,0,0,0,0,-2048,0,0
4418960611,0,0,0,0,0,0,6976,0,0,4419037611,0,0,0,0,0,0,24,0,0
4420080611,0,0,0,0,0,0,233,0,0,4420157611,0,0,0,0,0,0,606,0,0
4421200611,0,0,0,0,0,0,240,0,0,4421277611,0,0,0,0,0,0,652,0,0
4422320611,0,0,0,0,0,0,228,0,0,4422397611,0,0,0,0,0,0,621,0,0
4423440611,0,0,0,0,0,0,214,0,0,4423517611,0,0,0,0,0,0,646,0,0
4424560611,0,0,0,0,0,0,224,0,0,4424637611,0,0,0,0,0,0,655,0,0
4425680611,0,0,0,0,0,0,238,0,0,4425757611,0,0,0,0,0,0,614,0,0
4426800611,0,0,0,0,0,0,220,0,0,4426877611,0,0,0,0,0,0,585,0,0
4427920611,0,0,0,0,0,0,219,0,0,4427997611,0,0,0,0,0,0,-678,0,0
4429040611,0,0,0,0,0,0,6948,0,0,4429117611,0,0,0,0,0,0,-2051,0,0
4430160611,0,0,0,0,0,0,7008,0,0,4430237611,0,0,0,0,0,0,-2006,0,0
4431280611,0,0,0,0,0,0,6932,0,0,4431357611,0,0,0,0,0,0,-2062,0,0
4432400611,0,0,0,0,0,0,6970,0,0,4432477611,0,0,0,0,0,0,-2027,0,0
4433520611,0,0,0,0,0,0,7002,0,0,4433597611,0,0,0,0,0,0,-2033,0,0
4434640611,0,0,0,0,0,0,6981,0,0,4434717611,0,0,0,0,0,0,-2047,0,0
4435760611,0,0,0,0,0,0,6973,0,0,4435837611,0,0,0,0,0,0,-2035,0,0
4436880611,0,0,0,0,0,0,6969,0,0,4436957611,0,0,0,0,0,0,-1233,0,0
4438000611,0,0,0,0,0,0,283,0,0,4438077611,0,0,0,0,0,0,640,0,0
4439120611,0,0,0,0,0,0,244,0,0,4439197611,0,0,0,0,0,0,585,0,0
4440240611,0,0,0,0,0,0,182,0,0,4440317611,0,0,0,0,0,0,650,0,0
4441360611,0,0,0,0,0,0,245,0,0,4441437611,0,0,0,0,0,0,631,0,0
4442480611,0,0,0,0,0,0,222,0,0,4442557611,0,0,0,0,0,0,613,0,0
4443600611,0,0,0,0,0,0,226,0,0,4443677611,0,0,0,0,0,0,621,0,0
4444720611,0,0,0,0,0,0,250,0,0,4444797611,0,0,0,0,0,0,601,0,0
4445840611,0,0,0,0,0,0,275,0,0,4445917611,0,0,0,0,0,0,560,0,0
4446960611,0,0,0,0,0,0,6949,0,0,4447037611,0,0,0,0,0,0,-2044,0,0
4448080611,0,0,0,0,0,0,6971,0,0,4448157611,0,0,0,0,0,0,-2007,0,0
4449200611,0,0,0,0,0,0,6957,0,0,4449277611,0,0,0,0,0,0,-2028,0,0
4450320611,0,0,0,0,0,0,7007,0,0,4450397611,0,0,0,0,0,0,-2047,0,0
4451440611,0,0,0,0,0,0,6990,0,0,4451517611,0,0,0,0,0,0,-2061,0,0
4452560611,0,0,0,0,0,0,6993,0,0,4452637611,0,0,0,0,0,0,-2025,0,0
4453680611,0,0,0,0,0,0,6974,0,0,4453757611,0,0,0,0,0,0,-2045,0,0
4454800611,0,0,0,0,0,0,6974,0,0,4454877611,0,0,0,0,0,0,-2017,0,0
4455920611,0,0,0,0,0,0,268,0,0,4455997611,0,0,0,0,0,0,617,0,0
4457040611,0,0,0,0,0,0,257,0,0,4457117611,0,0,0,0,0,0,609,0,0
4458160611,0,0,0,0,0,0,245,0,0,4458237611,0,0,0,0,0,0,590,0,0
4459280611,0,0,0,0,0,0,225,0,0,4459357611,0,0,0,0,0,0,591,0,0
4460400611,0,0,0,0,0,0,205,0,0,4460477611,0,0,0,0,0,0,593,0,0
4461520611,0,0,0,0,0,0,260,0,0,4461597611,0,0,0,0,0,0,574,0,0
4462640611,0,0,0,0,0,0,240,0,0,4462717611,0,0,0,0,0,0,662,0,0
4463760611,0,0,0,0,0,0,225,0,0,4463837611,0,0,0,0,0,0,632,0,0
4464880611,0,0,0,0,0,0,6945,0,0,4464957611,0,0,0,0,0,0,-2049,0,0
4466000611,0,0,0,0,0,0,6965,0,0,4466077611,0,0,0,0,0,0,-2016,0,0
4467120611,0,0,0,0,0,0,6955,0,0,4467197611,0,0,0,0,0,0,-2069,0,0
4468240611,0,0,0,0,0,0,6955,0,0,4468317611,0,0,0,0,0,0,-2011,0,0
4469360611,0,0,0,0,0,0,7003,0,0,4469437611,0,0,0,0,0,0,-2040,0,0
4470480611,0,0,0,0,0,0,6954,0,0,4470557611,0,0,0,0,0,0,-2040,0,0
4471600611,0,0,0,0,0,0,6982,0,0,4471677611,0,0,0,0,0,0,-2058,0,0
4472720611,0,0,0,0,0,0,6960,0,0,4472797611,0,0,0,0,0,0,-1982,0,0
4473840611,0,0,0,0,0,0,213,0,0,4473917611,0,0,0,0,0,0,597,0,0
4474960611,0,0,0,0,0,0,262,0,0,4475037611,0,0,0,0,0,0,621,0,0
4476080611,0,0,0,0,0,0,263,0,0,4476157611,0,0,0,0,0,0,625,0,0
4477200611,0,0,0,0,0,0,262,0,0,4477277611,0,0,0,0,0,0,605,0,0
4478320611,0,0,0,0,0,0,251,0,0,4478397611,0,0,0,0,0,0,586,0,0
4479440611,0,0,0,0,0,0,234,0,0,4479517611,0,0,0,0,0,0,589,0,0
4480560611,0,0,0,0,0,0,227,0,0,4480637611,0,0,0,0,0,0,614,0,0
4481680611,0,0,0,0,0,0,254,0,0,4481757611,0,0,0,0,0,0,625,0,0
4482800611,0,0,0,0,0,0,6988,0,0,4482877611,0,0,0,0,0,0,-1992,0,0
4483920611,0,0,0,0,0,0,6953,0,0,4483997611,0,0,0,0,0,0,-2052,0,0
4485040611,0,0,0,0,0,0,6971,0,0,4485117611,0,0,0,0,0,0,-2082,0,0
4486160611,0,0,0,0,0,0,6993,0,0,4486237611,0,0,0,0,0,0,-2073,0,0
4487280611,0,0,0,0,0,0,6917,0,0,4487357611,0,0,0,0,0,0,-2013,0,0
4488400611,0,0,0,0,0,0,6981,0,0,4488477611,0,0,0,0,0,0,-1990,0,0
4489520611,0,0,0,0,0,0,6999,0,0,4489597611,0,0,0,0,0,0,-1963,0,0
4490640611,0,0,0,0,0,0,6996,0,0,4490717611,0,0,0,0,0,0,-2071,0,0
4491760611,0,0,0,0,0,0,262,0,0,4491837611,0,0,0,0,0,0,610,0,0
4492880611,0,0,0,0,0,0,214,0,0,4492957611,0,0,0,0,0,0,563,0,0
4494000611,0,0,0,0,0,0,246,0,0,4494077611,0,0,0,0,0,0,594,0,0
4495120611,0,0,0,0,0,0,231,0,0,4495197611,0,0,0,0,0,0,612,0,0
4496240611,0,0,0,0,0,0,271,0,0,4496317611,0,0,0,0,0,0,673,0,0
4497360611,0,0,0,0,0,0,250,0,0,4497437611,0,0,0,0,0,0,625,0,0
4498480611,0,0,0,0,0,0,243,0,0,4498557611,0,0,0,0,0,0,621,0,0
4499600611,0,0,0,0,0,0,293,0,0,4499677611,0,0,0,0,0,0,564,0,0
4500720611,0,0,0,0,0,0,7019,0,0,4500797611,0,0,0,0,0,0,-2018,0,0
4501840611,0,0,0,0,0,0,6937,0,0,4501917611,0,0,0,0,0,0,-2037,0,0
4502960611,0,0,0,0,0,0,6925,0,0,4503037611,0,0,0,0,0,0,-2075,0,0
4504080611,0,0,0,0,0,0,6940,0,0,4504157611,0,0,0,0,0,0,-2048,0,0
4505200611,0,0,0,0,0,0,6999,0,0,4505277611,0,0,0,0,0,0,-2043,0,0
4506320611,0,0,0,0,0,0,6975,0,0,4506397611,0,0,0,0,0,0,-2058,0,0
4507440611,0,0,0,0,0,0,6963,0,0,4507517611,0,0,0,0,0,0,-2009,0,0
4508560611,0,0,0,0,0,0,6962,0,0,4508637611,0,0,0,0,0,0,-2036,0,0
4509680611,0,0,0,0,0,0,239,0,0,4509757611,0,0,0,0,0,0,594,0,0
4510800611,0,0,0,0,0,0,247,0,0,4510877611,0,0,0,0,0,0,611,0,0
4511920611,0,0,0,0,0,0,232,0,0,4511997611,0,0,0,0,0,0,580,0,0
4513040611,0,0,0,0,0,0,233,0,0,4513117611,0,0,0,0,0,0,581,0,0
4514160611,0,0,0,0,0,0,262,0,0,4514237611,0,0,0,0,0,0,636,0,0
4515280611,0,0,0,0,0,0,244,0,0,4515357611,0,0,0,0,0,0,614,0,0
4516400611,0,0,0,0,0,0,257,0,0,4516477611,0,0,0,0,0,0,648,0,0
4517520611,0,0,0,0,0,0,229,0,0,4517597611,0,0,0,0,0,0,602,0,0
4518640611,0,0,0,0,0,0,6972,0,0,4518717611,0,0,0,0,0,0,-2035,0,0
4519760611,0,0,0,0,0,0,6957,0,0,4519837611,0,0,0,0,0,0,-2022,0,0
4520880611,0,0,0,0,0,0,6925,0,0,4520957611,0,0,0,0,0,0,-2010,0,0
4522000611,0,0,0,0,0,0,6965,0,0,4522077611,0,0,0,0,0,0,-2018,0,0
4523120611,0,0,0,0,0,0,6981,0,0,4523197611,0,0,0,0,0,0,-2002,0,0
4524240611,0,0,0,0,0,0,6938,0,0,4524317611,0,0,0,0,0,0,-2081,0,0
4525360611,0,0,0,0,0,0,6958,0,0,4525437611,0,0,0,0,0,0,-2010,0,0
4526480611,0,0,0,0,0,0,6952,0,0,4526557611,0,0,0,0,0,0,-2042,0,0
4527600611,0,0,0,0,0,0,231,0,0,4527677611,0,0,0,0,0,0,605,0,0
4528720611,0,0,0,0,0,0,214,0,0,4528797611,0,0,0,0,0,0,659,0,0
4529840611,0,0,0,0,0,0,234,0,0,4529917611,0,0,0,0,0,0,611,0,0
4530960611,0,0,0,0,0,0,199,0,0,4531037611,0,0,0,0,0,0,580,0,0
4532080611,0,0,0,0,0,0,234,0,0,4532157611,0,0,0,0,0,0,597,0,0
4533200611,0,0,0,0,0,0,227,0,0,4533277611,0,0,0,0,0,0,631,0,0
4534320611,0,0,0,0,0,0,251,0,0,4534397611,0,0,0,0,0,0,577,0,0
4535440611,0,0,0,0,0,0,211,0,0,4535517611,0,0,0,0,0,0,624,0,0
4536560611,0,0,0,0,0,0,6965,0,0,4536637611,0,0,0,0,0,0,-2056,0,0
4537680611,0,0,0,0,0,0,7001,0,0,4537757611,0,0,0,0,0,0,-2084,0,0
4538800611,0,0,0,0,0,0,6935,0,0,4538877611,0,0,0,0,0,0,-2017,0,0
4539920611,0,0,0,0,0,0,6984,0,0,4539997611,0,0,0,0,0,0,-2010,0,0
4541040611,0,0,0,0,0,0,6972,0,0,4541117611,0,0,0,0,0,0,-1973,0,0
4542160611,0,0,0,0,0,0,6957,0,0,4542237611,0,0,0,0,0,0,-2058,0,0
4543280611,0,0,0,0,0,0,6936,0,0,4543357611,0,0,0,0,0,0,-2051,0,0
4544400611,0,0,0,0,0,0,6965,0,0,4544477611,0,0,0,0,0,0,-2082,0,0
4545520611,0,0,0,0,0,0,225,0,0,4545597611,0,0,0,0,0,0,573,0,0
4546640611,0,0,0,0,0,0,214,0,0,4546717611,0,0,0,0,0,0,643,0,0
4547760611,0,0,0,0,0,0,250,0,0,4547837611,0,0,0,0,0,0,560,0,0
4548880611,0,0,0,0,0,0,233,0,0,4548957611,0,0,0,0,0,0,636,0,0
4550000611,0,0,0,0,0,0,239,0,0,4550077611,0,0,0,0,0,0,606,0,0
4551120611,0,0,0,0,0,0,263,0,0,4551197611,0,0,0,0,0,0,621,0,0
4552240611,0,0,0,0,0,0,249,0,0,4552317611,0,0,0,0,0,0,604,0,0
4553360611,0,0,0,0,0,0,222,0,0,4553437611,0,0,0,0,0,0,671,0,0
4554480611,0,0,0,0,0,0,6944,0,0,4554557611,0,0,0,0,0,0,-2038,0,0
4555600611,0,0,0,0,0,0,6933,0,0,4555677611,0,0,0,0,0,0,-2014,0,0
4556720611,0,0,0,0,0,0,6974,0,0,4556797611,0,0,0,0,0,0,-2006,0,0
4557840611,0,0,0,0,0,0,6946,0,0,4557917611,0,0,0,0,0,0,-2007,0,0
4558960611,0,0,0,0,0,0,7001,0,0,4559037611,0,0,0,0,0,0,-2015,0,0
4560080611,0,0,0,0,0,0,6980,0,0,4560157611,0,0,0,0,0,0,-1977,0,0
4561200611,0,0,0,0,0,0,7001,0,0,4561277611,0,0,0,0,0,0,-2004,0,0
4562320611,0,0,0,0,0,0,6976,0,0,4562397611,0,0,0,0,0,0,-2039,0,0
4563440611,0,0,0,0,0,0,262,0,0,4563517611,0,0,0,0,0,0,583,0,0
4564560611,0,0,0,0,0,0,254,0,0,4564637611,0,0,0,0,0,0,584,0,0
4565680611,0,0,0,0,0,0,214,0,0,4565757611,0,0,0,0,0,0,645,0,0
4566800611,0,0,0,0,0,0,251,0,0,4566877611,0,0,0,0,0,0,595,0,0
4567920611,0,0,0,0,0,0,264,0,0,4567997611,0,0,0,0,0,0,654,0,0
4569040611,0,0,0,0,0,0,259,0,0,4569117611,0,0,0,0,0,0,603,0,0
4570160611,0,0,0,0,0,0,218,0,0,4570237611,0,0,0,0,0,0,633,0,0
4571280611,0,0,0,0,0,0,242,0,0,4571357611,0,0,0,0,0,0,572,0,0
4572400611,0,0,0,0,0,0,6956,0,0,4572477611,0,0,0,0,0,0,-2020,0,0
4573520611,0,0,0,0,0,0,6998,0,0,4573597611,0,0,0,0,0,0,-2014,0,0
4574640611,0,0,0,0,0,0,6969,0,0,4574717611,0,0,0,0,0,0,-2035,0,0
4575760611,0,0,0,0,0,0,6945,0,0,4575837611,0,0,0,0,0,0,-2017,0,0
4576880611,0,0,0,0,0,0,6939,0,0,4576957611,0,0,0,0,0,0,-2018,0,0
4578000611,0,0,0,0,0,0,6965,0,0,4578077611,0,0,0,0,0,0,-2046,0,0
4579120611,0,0,0,0,0,0,6963,0,0,4579197611,0,0,0,0,0,0,-2009,0,0
4580240611,0,0,0,0,0,0,6951,0,0,4580317611,0,0,0,0,0,0,-2002,0,0
4581360611,0,0,0,0,0,0,240,0,0,4581437611,0,0,0,0,0,0,584,0,0
4582480611,0,0,0,0,0,0,235,0,0,4582557611,0,0,0,0,0,0,584,0,0
4583600611,0,0,0,0,0,0,268,0,0,4583677611,0,0,0,0,0,0,641,0,0
4584720611,0,0,0,0,0,0,248,0,0,4584797611,0,0,0,0,0,0,575,0,0
4585840611,0,0,0,0,0,0,254,0,0,4585917611,0,0,0,0,0,0,532,0,0
4586960611,0,0,0,0,0,0,277,0,0,4587037611,0,0,0,0,0,0,568,0,0
4588080611,0,0,0,0,0,0,212,0,0,4588157611,0,0,0,0,0,0,652,0,0
4589200611,0,0,0,0,0,0,222,0,0,4589277611,0,0,0,0,0,0,621,0,0
4590320611,0,0,0,0,0,0,6978,0,0,4590397611,0,0,0,0,0,0,-2039,0,0
4591440611,0,0,0,0,0,0,7002,0,0,4591517611,0,0,0,0,0,0,-2006,0,0
4592560611,0,0,0,0,0,0,6972,0,0,4592637611,0,0,0,0,0,0,-2061,0,0
4593680611,0,0,0,0,0,0,6999,0,0,4593757611,0,0,0,0,0,0,-2023,0,0
4594800611,0,0,0,0,0,0,6948,0,0,4594877611,0,0,0,0,0,0,-2007,0,0
4595920611,0,0,0,0,0,0,6968,0,0,4595997611,0,0,0,0,0,0,-2004,0,0
4597040611,0,0,0,0,0,0,6974,0,0,4597117611,0,0,0,0,0,0,-1985,0,0
4598160611,0,0,0,0,0,0,6906,0,0,4598237611,0,0,0,0,0,0,-2008,0,0
4599280611,0,0,0,0,0,0,241,0,0,4599357611,0,0,0,0,0,0,628,0,0
4600400611,0,0,0,0,0,0,316,0,0,4600477611,0,0,0,0,0,0,620,0,0
4601520611,0,0,0,0,0,0,233,0,0,4601597611,0,0,0,0,0,0,656,0,0
4602640611,0,0,0,0,0,0,255,0,0,4602717611,0,0,0,0,0,0,612,0,0
4603760611,0,0,0,0,0,0,238,0,0,4603837611,0,0,0,0,0,0,624,0,0
4604880611,0,0,0,0,0,0,241,0,0,4604957611,0,0,0,0,0,0,628,0,0
4606000611,0,0,0,0,0,0,259,0,0,4606077611,0,0,0,0,0,0,596,0,0
4607120611,0,0,0,0,0,0,243,0,0,4607197611,0,0,0,0,0,0,579,0,0
4608240611,0,0,0,0,0,0,6957,0,0,4608317611,0,0,0,0,0,0,-2052,0,0
4609360611,0,0,0,0,0,0,6988,0,0,4609437611,0,0,0,0,0,0,-2059,0,0
4610480611,0,0,0,0,0,0,7005,0,0,4610557611,0,0,0,0,0,0,-2043,0,0
4611600611,0,0,0,0,0,0,7019,0,0,4611677611,0,0,0,0,0,0,-2000,0,0
4612720611,0,0,0,0,0,0,6960,0,0,4612797611,0,0,0,0,0,0,-2044,0,0
4613840611,0,0,0,0,0,0,6975,0,0,4613917611,0,0,0,0,0,0,-1997,0,0
4614960611,0,0,0,0,0,0,6981,0,0,4615037611,0,0,0,0,0,0,-2000,0,0
4616080611,0,0,0,0,0,0,6954,0,0,4616157611,0,0,0,0,0,0,-2003,0,0
4617200611,0,0,0,0,0,0,254,0,0,4617277611,0,0,0,0,0,0,602,0,0
4618320611,0,0,0,0,0,0,253,0,0,4618397611,0,0,0,0,0,0,592,0,0
4619440611,0,0,0,0,0,0,247,0,0,4619517611,0,0,0,0,0,0,594,0,0
4620560611,0,0,0,0,0,0,220,0,0,4620637611,0,0,0,0,0,0,624,0,0
4621680611,0,0,0,0,0,0,198,0,0,4621757611,0,0,0,0,0,0,607,0,0
4622800611,0,0,0,0,0,0,259,0,0,4622877611,0,0,0,0,0,0,656,0,0
4623920611,0,0,0,0,0,0,251,0,0,4623997611,0,0,0,0,0,0,618,0,0
4625040611,0,0,0,0,0,0,217,0,0,4625117611,0,0,0,0,0,0,596,0,0
4626160611,0,0,0,0,0,0,6981,0,0,4626237611,0,0,0,0,0,0,-2039,0,0
4627280611,0,0,0,0,0,0,6964,0,0,4627357611,0,0,0,0,0,0,-2026,0,0
4628400611,0,0,0,0,0,0,6983,0,0,4628477611,0,0,0,0,0,0,-1990,0,0
4629520611,0,0,0,0,0,0,6925,0,0,4629597611,0,0,0,0,0,0,-2077,0,0
4630640611,0,0,0,0,0,0,6978,0,0,4630717611,0,0,0,0,0,0,-2032,0,0
4631760611,0,0,0,0,0,0,6967,0,0,4631837611,0,0,0,0,0,0,-2020,0,0
4632880611,0,0,0,0,0,0,6979,0,0,4632957611,0,0,0,0,0,0,-2045,0,0
4634000611,0,0,0,0,0,0,6930,0,0,4634077611,0,0,0,0,0,0,-2047,0,0
4635120611,0,0,0,0,0,0,237,0,0,4635197611,0,0,0,0,0,0,634,0,0
4636240611,0,0,0,0,0,0,223,0,0,4636317611,0,0,0,0,0,0,617,0,0
4637360611,0,0,0,0,0,0,215,0,0,4637437611,0,0,0,0,0,0,593,0,0
4638480611,0,0,0,0,0,0,200,0,0,4638557611,0,0,0,0,0,0,650,0,0
4639600611,0,0,0,0,0,0,217,0,0,4639677611,0,0,0,0,0,0,592,0,0
4640720611,0,0,0,0,0,0,270,0,0,4640797611,0,0,0,0,0,0,620,0,0
4641840611,0,0,0,0,0,0,251,0,0,4641917611,0,0,0,0,0,0,571,0,0
4642960611,0,0,0,0,0,0,225,0,0,4643037611,0,0,0,0,0,0,601,0,0
4644080611,0,0,0,0,0,0,6979,0,0,4644157611,0,0,0,0,0,0,-2032,0,0
4645200611,0,0,0,0,0,0,6976,0,0,4645277611,0,0,0,0,0,0,-2034,0,0
4646320611,0,0,0,0,0,0,6949,0,0,4646397611,0,0,0,0,0,0,-2025,0,0
4647440611,0,0,0,0,0,0,7001,0,0,4647517611,0,0,0,0,0,0,-2019,0,0
4648560611,0,0,0,0,0,0,6941,0,0,4648637611,0,0,0,0,0,0,-2020,0,0
4649680611,0,0,0,0,0,0,6945,0,0,4649757611,0,0,0,0,0,0,-1996,0,0
4650800611,0,0,0,0,0,0,6952,0,0,4650877611,0,0,0,0,0,0,-1980,0,0
4651920611,0,0,0,0,0,0,6994,0,0,4651997611,0,0,0,0,0,0,-2034,0,0
4653040611,0,0,0,0,0,0,223,0,0,4653117611,0,0,0,0,0,0,597,0,0
4654160611,0,0,0,0,0,0,266,0,0,4654237611,0,0,0,0,0,0,637,0,0
4655280611,0,0,0,0,0,0,292,0,0,4655357611,0,0,0,0,0,0,615,0,0
4656400611,0,0,0,0,0,0,215,0,0,4656477611,0,0,0,0,0,0,603,0,0
4657520611,0,0,0,0,0,0,267,0,0,4657597611,0,0,0,0,0,0,578,0,0
4658640611,0,0,0,0,0,0,244,0,0,4658717611,0,0,0,0,0,0,569,0,0
4659760611,0,0,0,0,0,0,265,0,0,4659837611,0,0,0,0,0,0,630,0,0
4660880611,0,0,0,0,0,0,257,0,0,4660957611,0,0,0,0,0,0,619,0,0
4662000611,0,0,0,0,0,0,6920,0,0,4662077611,0,0,0,0,0,0,-2027,0,0
4663120611,0,0,0,0,0,0,6959,0,0,4663197611,0,0,0,0,0,0,-2045,0,0
4664240611,0,0,0,0,0,0,6942,0,0,4664317611,0,0,0,0,0,0,-2060,0,0
4665360611,0,0,0,0,0,0,6939,0,0,4665437611,0,0,0,0,0,0,-1988,0,0
4666480611,0,0,0,0,0,0,7000,0,0,4666557611,0,0,0,0,0,0,-2001,0,0
4667600611,0,0,0,0,0,0,6975,0,0,4667677611,0,0,0,0,0,0,-2020,0,0
4668720611,0,0,0,0,0,0,6971,0,0,4668797611,0,0,0,0,0,0,-2023,0,0
4669840611,0,0,0,0,0,0,6965,0,0,4669917611,0,0,0,0,0,0,-1993,0,0
4670960611,0,0,0,0,0,0,246,0,0,4671037611,0,0,0,0,0,0,607,0,0
4672080611,0,0,0,0,0,0,222,0,0,4672157611,0,0,0,0,0,0,646,0,0
4673200611,0,0,0,0,0,0,265,0,0,4673277611,0,0,0,0,0,0,602,0,0
4674320611,0,0,0,0,0,0,276,0,0,4674397611,0,0,0,0,0,0,648,0,0
4675440611,0,0,0,0,0,0,257,0,0,4675517611,0,0,0,0,0,0,577,0,0
4676560611,0,0,0,0,0,0,272,0,0,4676637611,0,0,0,0,0,0,630,0,0
4677680611,0,0,0,0,0,0,261,0,0,4677757611,0,0,0,0,0,0,586,0,0
4678800611,0,0,0,0,0,0,194,0,0,4678877611,0,0,0,0,0,0,609,0,0
4679920611,0,0,0,0,0,0,6955,0,0,4679997611,0,0,0,0,0,0,-2013,0,0
4681040611,0,0,0,0,0,0,6958,0,0,4681117611,0,0,0,0,0,0,-1996,0,0
4682160611,0,0,0,0,0,0,6901,0,0,4682237611,0,0,0,0,0,0,-2021,0,0
4683280611,0,0,0,0,0,0,6958,0,0,4683357611,0,0,0,0,0,0,-2005,0,0
4684400611,0,0,0,0,0,0,6904,0,0,4684477611,0,0,0,0,0,0,-2016,0,0
4685520611,0,0,0,0,0,0,7000,0,0,4685597611,0,0,0,0,0,0,-2027,0,0
4686640611,0,0,0,0,0,0,6954,0,0,4686717611,0,0,0,0,0,0,-1951,0,0
4687760611,0,0,0,0,0,0,6913,0,0,4687837611,0,0,0,0,0,0,-2030,0,0
4688880611,0,0,0,0,0,0,222,0,0,4688957611,0,0,0,0,0,0,603,0,0
4690000611,0,0,0,0,0,0,214,0,0,4690077611,0,0,0,0,0,0,581,0,0
4691120611,0,0,0,0,0,0,253,0,0,4691197611,0,0,0,0,0,0,617,0,0
4692240611,0,0,0,0,0,0,250,0,0,4692317611,0,0,0,0,0,0,566,0,0
4693360611,0,0,0,0,0,0,197,0,0,4693437611,0,0,0,0,0,0,630,0,0
4694480611,0,0,0,0,0,0,221,0,0,4694557611,0,0,0,0,0,0,612,0,0
4695600611,0,0,0,0,0,0,248,0,0,4695677611,0,0,0,0,0,0,633,0,0
4696720611,0,0,0,0,0,0,258,0,0,4696797611,0,0,0,0,0,0,594,0,0
4697840611,0,0,0,0,0,0,6990,0,0,4697917611,0,0,0,0,0,0,-2032,0,0
4698960611,0,0,0,0,0,0,6998,0,0,4699037611,0,0,0,0,0,0,-2020,0,0
4700080611,0,0,0,0,0,0,6960,0,0,4700157611,0,0,0,0,0,0,-2063,0,0
4701200611,0,0,0,0,0,0,6979,0,0,4701277611,0,0,0,0,0,0,-2016,0,0
4702320611,0,0,0,0,0,0,6920,0,0,4702397611,0,0,0,0,0,0,-2032,0,0
4703440611,0,0,0,0,0,0,6950,0,0,4703517611,0,0,0,0,0,0,-2039,0,0
4704560611,0,0,0,0,0,0,6918,0,0,4704637611,0,0,0,0,0,0,-1998,0,0
4705680611,0,0,0,0,0,0,6981,0,0,4705757611,0,0,0,0,0,0,-1997,0,0
4706800611,0,0,0,0,0,0,237,0,0,4706877611,0,0,0,0,0,0,640,0,0
4707920611,0,0,0,0,0,0,251,0,0,4707997611,0,0,0,0,0,0,625,0,0
4709040611,0,0,0,0,0,0,239,0,0,4709117611,0,0,0,0,0,0,620,0,0
4710160611,0,0,0,0,0,0,236,0,0,4710237611,0,0,0,0,0,0,579,0,0
4711280611,0,0,0,0,0,0,227,0,0,4711357611,0,0,0,0,0,0,607,0,0
4712400611,0,0,0,0,0,0,218,0,0,4712477611,0,0,0,0,0,0,622,0,0
4713520611,0,0,0,0,0,0,246,0,0,4713597611,0,0,0,0,0,0,618,0,0
4714640611,0,0,0,0,0,0,288,0,0,4714717611,0,0,0,0,0,0,650,0,0
4715760611,0,0,0,0,0,0,6950,0,0,4715837611,0,0,0,0,0,0,-2076,0,0
4716880611,0,0,0,0,0,0,6968,0,0,4716957611,0,0,0,0,0,0,-2043,0,0
4718000611,0,0,0,0,0,0,6989,0,0,4718077611,0,0,0,0,0,0,-2011,0,0
4719120611,0,0,0,0,0,0,6964,0,0,4719197611,0,0,0,0,0,0,-2033,0,0
4720240611,0,0,0,0,0,0,6980,0,0,4720317611,0,0,0,0,0,0,-1992,0,0
4721360611,0,0,0,0,0,0,6963,0,0,4721437611,0,0,0,0,0,0,-2055,0,0
4722480611,0,0,0,0,0,0,6935,0,0,4722557611,0,0,0,0,0,0,-1995,0,0
4723600611,0,0,0,0,0,0,6954,0,0,4723677611,0,0,0,0,0,0,-2019,0,0
4724720611,0,0,0,0,0,0,227,0,0,4724797611,0,0,0,0,0,0,657,0,0
4725840611,0,0,0,0,0,0,255,0,0,4725917611,0,0,0,0,0,0,611,0,0
4726960611,0,0,0,0,0,0,249,0,0,4727037611,0,0,0,0,0,0,598,0,0
4728080611,0,0,0,0,0,0,241,0,0,4728157611,0,0,0,0,0,0,661,0,0
4729200611,0,0,0,0,0,0,263,0,0,4729277611,0,0,0,0,0,0,593,0,0
4730320611,0,0,0,0,0,0,250,0,0,4730397611,0,0,0,0,0,0,612,0,0
4731440611,0,0,0,0,0,0,280,0,0,4731517611,0,0,0,0,0,0,589,0,0
4732560611,0,0,0,0,0,0,245,0,0,4732637611,0,0,0,0,0,0,589,0,0
4733680611,0,0,0,0,0,0,6962,0,0,4733757611,0,0,0,0,0,0,-2054,0,0
4734800611,0,0,0,0,0,0,7004,0,0,4734877611,0,0,0,0,0,0,-2006,0,0
4735920611,0,0,0,0,0,0,6981,0,0,4735997611,0,0,0,0,0,0,-2072,0,0
4737040611,0,0,0,0,0,0,6936,0,0,4737117611,0,0,0,0,0,0,-2050,0,0
4738160611,0,0,0,0,0,0,7032,0,0,4738237611,0,0,0,0,0,0,-2032,0,0
4739280611,0,0,0,0,0,0,6946,0,0,4739357611,0,0,0,0,0,0,-2025,0,0
4740400611,0,0,0,0,0,0,6973,0,0,4740477611,0,0,0,0,0,0,-1994,0,0
4741520611,0,0,0,0,0,0,6887,0,0,4741597611,0,0,0,0,0,0,-2004,0,0
4742640611,0,0,0,0,0,0,278,0,0,4742717611,0,0,0,0,0,0,570,0,0
4743760611,0,0,0,0,0,0,242,0,0,4743837611,0,0,0,0,0,0,631,0,0
4744880611,0,0,0,0,0,0,217,0,0,4744957611,0,0,0,0,0,0,600,0,0
4746000611,0,0,0,0,0,0,259,0,0,4746077611,0,0,0,0,0,0,579,0,0
4747120611,0,0,0,0,0,0,249,0,0,4747197611,0,0,0,0,0,0,620,0,0
4748240611,0,0,0,0,0,0,245,0,0,4748317611,0,0,0,0,0,0,654,0,0
4749360611,0,0,0,0,0,0,218,0,0,4749437611,0,0,0,0,0,0,582,0,0
4750480611,0,0,0,0,0,0,275,0,0,4750557611,0,0,0,0,0,0,614,0,0
4751600611,0,0,0,0,0,0,6948,0,0,4751677611,0,0,0,0,0,0,-2025,0,0
4752720611,0,0,0,0,0,0,6959,0,0,4752797611,0,0,0,0,0,0,-2016,0,0
4753840611,0,0,0,0,0,0,6927,0,0,4753917611,0,0,0,0,0,0,-2045,0,0
4754960611,0,0,0,0,0,0,6990,0,0,4755037611,0,0,0,0,0,0,-2037,0,0
4756080611,0,0,0,0,0,0,6940,0,0,4756157611,0,0,0,0,0,0,-2024,0,0
4757200611,0,0,0,0,0,0,6972,0,0,4757277611,0,0,0,0,0,0,-2033,0,0
4758320611,0,0,0,0,0,0,6969,0,0,4758397611,0,0,0,0,0,0,-2079,0,0
4759440611,0,0,0,0,0,0,6940,0,0,4759517611,0,0,0,0,0,0,-1998,0,0
4760560611,0,0,0,0,0,0,295,0,0,4760637611,0,0,0,0,0,0,591,0,0
4761680611,0,0,0,0,0,0,261,0,0,4761757611,0,0,0,0,0,0,591,0,0
4762800611,0,0,0,0,0,0,241,0,0,4762877611,0,0,0,0,0,0,593,0,0
4763920611,0,0,0,0,0,0,218,0,0,4763997611,0,0,0,0,0,0,592,0,0
4765040611,0,0,0,0,0,0,228,0,0,4765117611,0,0,0,0,0,0,633,0,0
4766160611,0,0,0,0,0,0,257,0,0,4766237611,0,0,0,0,0,0,556,0,0
4767280611,0,0,0,0,0,0,239,0,0,4767357611,0,0,0,0,0,0,613,0,0
4768400611,0,0,0,0,0,0,205,0,0,4768477611,0,0,0,0,0,0,557,0,0
4769520611,0,0,0,0,0,0,6980,0,0,4769597611,0,0,0,0,0,0,-2012,0,0
4770640611,0,0,0,0,0,0,6968,0,0,4770717611,0,0,0,0,0,0,-2028,0,0
4771760611,0,0,0,0,0,0,6921,0,0,4771837611,0,0,0,0,0,0,-2053,0,0
4772880611,0,0,0,0,0,0,6982,0,0,4772957611,0,0,0,0,0,0,-2029,0,0
4774000611,0,0,0,0,0,0,6956,0,0,4774077611,0,0,0,0,0,0,-2050,0,0
4775120611,0,0,0,0,0,0,6990,0,0,4775197611,0,0,0,0,0,0,-2045,0,0
4776240611,0,0,0,0,0,0,6961,0,0,4776317611,0,0,0,0,0,0,-2031,0,0
4777360611,0,0,0,0,0,0,6961,0,0,4777437611,0,0,0,0,0,0,-2021,0,0
4778480611,0,0,0,0,0,0,223,0,0,4778557611,0,0,0,0,0,0,619,0,0
4779600611,0,0,0,0,0,0,225,0,0,4779677611,0,0,0,0,0,0,601,0,0
4780720611,0,0,0,0,0,0,237,0,0,4780797611,0,0,0,0,0,0,593,0,0
4781840611,0,0,0,0,0,0,202,0,0,4781917611,0,0,0,0,0,0,632,0,0
4782960611,0,0,0,0,0,0,230,0,0,4783037611,0,0,0,0,0,0,580,0,0
4784080611,0,0,0,0,0,0,275,0,0,4784157611,0,0,0,0,0,0,610,0,0
4785200611,0,0,0,0,0,0,236,0,0,4785277611,0,0,0,0,0,0,583,0,0
4786320611,0,0,0,0,0,0,239,0,0,4786397611,0,0,0,0,0,0,648,0,0
4787440611,0,0,0,0,0,0,6982,0,0,4787517611,0,0,0,0,0,0,-2046,0,0
4788560611,0,0,0,0,0,0,7013,0,0,4788637611,0,0,0,0,0,0,-2052,0,0
4789680611,0,0,0,0,0,0,6938,0,0,4789757611,0,0,0,0,0,0,-2041,0,0
4790800611,0,0,0,0,0,0,6993,0,0,4790877611,0,0,0,0,0,0,-2031,0,0
4791920611,0,0,0,0,0,0,6966,0,0,4791997611,0,0,0,0,0,0,-2024,0,0
4793040611,0,0,0,0,0,0,6967,0,0,4793117611,0,0,0,0,0,0,-2028,0,0
4794160611,0,0,0,0,0,0,6957,0,0,4794237611,0,0,0,0,0,0,-2035,0,0
4795280611,0,0,0,0,0,0,6985,0,0,4795357611,0,0,0,0,0,0,-2004,0,0
4796400611,0,0,0,0,0,0,229,0,0,4796477611,0,0,0,0,0,0,560,0,0
4797520611,0,0,0,0,0,0,235,0,0,4797597611,0,0,0,0,0,0,607,0,0
4798640611,0,0,0,0,0,0,259,0,0,4798717611,0,0,0,0,0,0,569,0,0
4799760611,0,0,0,0,0,0,231,0,0,4799837611,0,0,0,0,0,0,600,0,0
4800880611,0,0,0,0,0,0,235,0,0,4800957611,0,0,0,0,0,0,575,0,0
4802000611,0,0,0,0,0,0,232,0,0,4802077611,0,0,0,0,0,0,628,0,0
4803120611,0,0,0,0,0,0,248,0,0,4803197611,0,0,0,0,0,0,589,0,0
4804240611,0,0,0,0,0,0,214,0,0,4804317611,0,0,0,0,0,0,588,0,0
4805360611,0,0,0,0,0,0,6978,0,0,4805437611,0,0,0,0,0,0,-2048,0,0
4806480611,0,0,0,0,0,0,6982,0,0,4806557611,0,0,0,0,0,0,-1977,0,0
4807600611,0,0,0,0,0,0,6962,0,0,4807677611,0,0,0,0,0,0,-1999,0,0
4808720611,0,0,0,0,0,0,6955,0,0,4808797611,0,0,0,0,0,0,-2014,0,0
4809840611,0,0,0,0,0,0,6979,0,0,4809917611,0,0,0,0,0,0,-2038,0,0
4810960611,0,0,0,0,0,0,6985,0,0,4811037611,0,0,0,0,0,0,-2046,0,0
4812080611,0,0,0,0,0,0,6921,0,0,4812157611,0,0,0,0,0,0,-2042,0,0
4813200611,0,0,0,0,0,0,6988,0,0,4813277611,0,0,0,0,0,0,-2032,0,0
4814320611,0,0,0,0,0,0,223,0,0,4814397611,0,0,0,0,0,0,634,0,0
4815440611,0,0,0,0,0,0,206,0,0,4815517611,0,0,0,0,0,0,636,0,0
4816560611,0,0,0,0,0,0,199,0,0,4816637611,0,0,0,0,0,0,581,0,0
4817680611,0,0,0,0,0,0,232,0,0,4817757611,0,0,0,0,0,0,649,0,0
4818800611,0,0,0,0,0,0,274,0,0,4818877611,0,0,0,0,0,0,585,0,0
4819920611,0,0,0,0,0,0,219,0,0,4819997611,0,0,0,0,0,0,572,0,0
4821040611,0,0,0,0,0,0,239,0,0,4821117611,0,0,0,0,0,0,630,0,0
4822160611,0,0,0,0,0,0,224,0,0,4822237611,0,0,0,0,0,0,634,0,0
4823280611,0,0,0,0,0,0,6981,0,0,4823357611,0,0,0,0,0,0,-2061,0,0
4824400611,0,0,0,0,0,0,6956,0,0,4824477611,0,0,0,0,0,0,-2008,0,0
4825520611,0,0,0,0,0,0,6939,0,0,4825597611,0,0,0,0,0,0,-2045,0,0
4826640611,0,0,0,0,0,0,6982,0,0,4826717611,0,0,0,0,0,0,-2067,0,0
4827760611,0,0,0,0,0,0,6962,0,0,4827837611,0,0,0,0,0,0,-2032,0,0
4828880611,0,0,0,0,0,0,7022,0,0,4828957611,0,0,0,0,0,0,-2028,0,0
4830000611,0,0,0,0,0,0,6962,0,0,4830077611,0,0,0,0,0,0,-2030,0,0
4831120611,0,0,0,0,0,0,6962,0,0,4831197611,0,0,0,0,0,0,-2028,0,0
4832240611,0,0,0,0,0,0,221,0,0,4832317611,0,0,0,0,0,0,659,0,0
4833360611,0,0,0,0,0,0,248,0,0,4833437611,0,0,0,0,0,0,595,0,0
4834480611,0,0,0,0,0,0,248,0,0,4834557611,0,0,0,0,0,0,602,0,0
4835600611,0,0,0,0,0,0,245,0,0,4835677611,0,0,0,0,0,0,575,0,0
4836720611,0,0,0,0,0,0,213,0,0,4836797611,0,0,0,0,0,0,611,0,0
4837840611,0,0,0,0,0,0,236,0,0,4837917611,0,0,0,0,0,0,565,0,0
4838960611,0,0,0,0,0,0,231,0,0,4839037611,0,0,0,0,0,0,617,0,0
4840080611,0,0,0,0,0,0,304,0,0,4840157611,0,0,0,0,0,0,604,0,0
4841200611,0,0,0,0,0,0,6979,0,0,4841277611,0,0,0,0,0,0,-2048,0,0
4842320611,0,0,0,0,0,0,6988,0,0,4842397611,0,0,0,0,0,0,-2010,0,0
4843440611,0,0,0,0,0,0,6945,0,0,4843517611,0,0,0,0,0,0,-1990,0,0
4844560611,0,0,0,0,0,0,6968,0,0,4844637611,0,0,0,0,0,0,-2010,0,0
4845680611,0,0,0,0,0,0,6935,0,0,4845757611,0,0,0,0,0,0,-2020,0,0
4846800611,0,0,0,0,0,0,6943,0,0,4846877611,0,0,0,0,0,0,-2028,0,0
4847920611,0,0,0,0,0,0,6958,0,0,4847997611,0,0,0,0,0,0,-1994,0,0
4849040611,0,0,0,0,0,0,7034,0,0,4849117611,0,0,0,0,0,0,-2061,0,0
4850160611,0,0,0,0,0,0,231,0,0,4850237611,0,0,0,0,0,0,593,0,0
4851280611,0,0,0,0,0,0,234,0,0,4851357611,0,0,0,0,0,0,581,0,0
4852400611,0,0,0,0,0,0,211,0,0,4852477611,0,0,0,0,0,0,541,0,0
4853520611,0,0,0,0,0,0,241,0,0,4853597611,0,0,0,0,0,0,641,0,0
4854640611,0,0,0,0,0,0,280,0,0,4854717611,0,0,0,0,0,0,613,0,0
4855760611,0,0,0,0,0,0,248,0,0,4855837611,0,0,0,0,0,0,591,0,0
4856880611,0,0,0,0,0,0,266,0,0,4856957611,0,0,0,0,0,0,598,0,0
4858000611,0,0,0,0,0,0,263,0,0,4858077611,0,0,0,0,0,0,579,0,0
4859120611,0,0,0,0,0,0,6943,0,0,4859197611,0,0,0,0,0,0,-1978,0,0
4860240611,0,0,0,0,0,0,6967,0,0,4860317611,0,0,0,0,0,0,-1985,0,0
4861360611,0,0,0,0,0,0,6968,0,0,4861437611,0,0,0,0,0,0,-2012,0,0
4862480611,0,0,0,0,0,0,6970,0,0,4862557611,0,0,0,0,0,0,-1966,0,0
4863600611,0,0,0,0,0,0,6968,0,0,4863677611,0,0,0,0,0,0,-2032,0,0
4864720611,0,0,0,0,0,0,6966,0,0,4864797611,0,0,0,0,0,0,-1998,0,0
4865840611,0,0,0,0,0,0,6976,0,0,4865917611,0,0,0,0,0,0,-2013,0,0
4866960611,0,0,0,0,0,0,7002,0,0,4867037611,0,0,0,0,0,0,-2001,0,0
4868080611,0,0,0,0,0,0,229,0,0,4868157611,0,0,0,0,0,0,627,0,0
4869200611,0,0,0,0,0,0,249,0,0,4869277611,0,0,0,0,0,0,578,0,0
4870320611,0,0,0,0,0,0,242,0,0,4870397611,0,0,0,0,0,0,620,0,0
4871440611,0,0,0,0,0,0,197,0,0,4871517611,0,0,0,0,0,0,593,0,0
4872560611,0,0,0,0,0,0,272,0,0,4872637611,0,0,0,0,0,0,607,0,0
4873680611,0,0,0,0,0,0,243,0,0,4873757611,0,0,0,0,0,0,620,0,0
4874800611,0,0,0,0,0,0,183,0,0,4874877611,0,0,0,0,0,0,576,0,0
4875920611,0,0,0,0,0,0,197,0,0,4875997611,0,0,0,0,0,0,605,0,0
4877040611,0,0,0,0,0,0,6990,0,0,4877117611,0,0,0,0,0,0,-2007,0,0
4878160611,0,0,0,0,0,0,6941,0,0,4878237611,0,0,0,0,0,0,-2015,0,0
4879280611,0,0,0,0,0,0,6981,0,0,4879357611,0,0,0,0,0,0,-2000,0,0
4880400611,0,0,0,0,0,0,6928,0,0,4880477611,0,0,0,0,0,0,-2010,0,0
4881520611,0,0,0,0,0,0,6924,0,0,4881597611,0,0,0,0,0,0,-1968,0,0
4882640611,0,0,0,0,0,0,6950,0,0,4882717611,0,0,0,0,0,0,-2036,0,0
4883760611,0,0,0,0,0,0,6953,0,0,4883837611,0,0,0,0,0,0,-2015,0,0
4884880611,0,0,0,0,0,0,7001,0,0,4884957611,0,0,0,0,0,0,-2015,0,0
4886000611,0,0,0,0,0,0,246,0,0,4886077611,0,0,0,0,0,0,599,0,0
4887120611,0,0,0,0,0,0,221,0,0,4887197611,0,0,0,0,0,0,614,0,0
4888240611,0,0,0,0,0,0,211,0,0,4888317611,0,0,0,0,0,0,664,0,0
4889360611,0,0,0,0,0,0,251,0,0,4889437611,0,0,0,0,0,0,619,0,0
4890480611,0,0,0,0,0,0,252,0,0,4890557611,0,0,0,0,0,0,570,0,0
4891600611,0,0,0,0,0,0,228,0,0,4891677611,0,0,0,0,0,0,590,0,0
4892720611,0,0,0,0,0,0,250,0,0,4892797611,0,0,0,0,0,0,586,0,0
4893840611,0,0,0,0,0,0,295,0,0,4893917611,0,0,0,0,0,0,616,0,0
4894960611,0,0,0,0,0,0,6962,0,0,4895037611,0,0,0,0,0,0,-2032,0,0
4896080611,0,0,0,0,0,0,6911,0,0,4896157611,0,0,0,0,0,0,-2001,0,0
4897200611,0,0,0,0,0,0,6994,0,0,4897277611,0,0,0,0,0,0,-2022,0,0
4898320611,0,0,0,0,0,0,6925,0,0,4898397611,0,0,0,0,0,0,-2026,0,0
4899440611,0,0,0,0,0,0,6950,0,0,4899517611,0,0,0,0,0,0,-2020,0,0
4900560611,0,0,0,0,0,0,6972,0,0,4900637611,0,0,0,0,0,0,-2037,0,0
4901680611,0,0,0,0,0,0,6944,0,0,4901757611,0,0,0,0,0,0,-1982,0,0
4902800611,0,0,0,0,0,0,7005,0,0,4902877611,0,0,0,0,0,0,-2005,0,0
4903920611,0,0,0,0,0,0,240,0,0,4903997611,0,0,0,0,0,0,604,0,0
4905040611,0,0,0,0,0,0,253,0,0,4905117611,0,0,0,0,0,0,535,0,0
4906160611,0,0,0,0,0,0,243,0,0,4906237611,0,0,0,0,0,0,605,0,0
4907280611,0,0,0,0,0,0,229,0,0,4907357611,0,0,0,0,0,0,628,0,0
4908400611,0,0,0,0,0,0,251,0,0,4908477611,0,0,0,0,0,0,569,0,0
4909520611,0,0,0,0,0,0,250,0,0,4909597611,0,0,0,0,0,0,607,0,0
4910640611,0,0,0,0,0,0,216,0,0,4910717611,0,0,0,0,0,0,575,0,0
4911760611,0,0,0,0,0,0,191,0,0,4911837611,0,0,0,0,0,0,593,0,0
4912880611,0,0,0,0,0,0,6953,0,0,4912957611,0,0,0,0,0,0,-2007,0,0
4914000611,0,0,0,0,0,0,6959,0,0,4914077611,0,0,0,0,0,0,-2006,0,0
4915120611,0,0,0,0,0,0,6973,0,0,4915197611,0,0,0,0,0,0,-2046,0,0
4916240611,0,0,0,0,0,0,6967,0,0,4916317611,0,0,0,0,0,0,-2026,0,0
4917360611,0,0,0,0,0,0,6871,0,0,4917437611,0,0,0,0,0,0,-2015,0,0
4918480611,0,0,0,0,0,0,6942,0,0,4918557611,0,0,0,0,0,0,-2041,0,0
4919600611,0,0,0,0,0,0,6942,0,0,4919677611,0,0,0,0,0,0,-2055,0,0
4920720611,0,0,0,0,0,0,6919,0,0,4920797611,0,0,0,0,0,0,-2014,0,0
4921840611,0,0,0,0,0,0,233,0,0,4921917611,0,0,0,0,0,0,627,0,0
4922960611,0,0,0,0,0,0,233,0,0,4923037611,0,0,0,0,0,0,592,0,0
4924080611,0,0,0,0,0,0,251,0,0,4924157611,0,0,0,0,0,0,582,0,0
4925200611,0,0,0,0,0,0,281,0,0,4925277611,0,0,0,0,0,0,579,0,0
4926320611,0,0,0,0,0,0,256,0,0,4926397611,0,0,0,0,0,0,585,0,0
4927440611,0,0,0,0,0,0,225,0,0,4927517611,0,0,0,0,0,0,628,0,0
4928560611,0,0,0,0,0,0,204,0,0,4928637611,0,0,0,0,0,0,600,0,0
4929680611,0,0,0,0,0,0,279,0,0,4929757611,0,0,0,0,0,0,607,0,0
4930800611,0,0,0,0,0,0,6943,0,0,4930877611,0,0,0,0,0,0,-2027,0,0
4931920611,0,0,0,0,0,0,6984,0,0,4931997611,0,0,0,0,0,0,-1999,0,0
4933040611,0,0,0,0,0,0,6970,0,0,4933117611,0,0,0,0,0,0,-2026,0,0
4934160611,0,0,0,0,0,0,6924,0,0,4934237611,0,0,0,0,0,0,-1990,0,0
4935280611,0,0,0,0,0,0,6961,0,0,4935357611,0,0,0,0,0,0,-1998,0,0
4936400611,0,0,0,0,0,0,6971,0,0,4936477611,0,0,0,0,0,0,-1957,0,0
4937520611,0,0,0,0,0,0,6978,0,0,4937597611,0,0,0,0,0,0,-1995,0,0
4938640611,0,0,0,0,0,0,6961,0,0,4938717611,0,0,0,0,0,0,-1970,0,0
4939760611,0,0,0,0,0,0,243,0,0,4939837611,0,0,0,0,0,0,624,0,0
4940880611,0,0,0,0,0,0,234,0,0,4940957611,0,0,0,0,0,0,611,0,0
4942000611,0,0,0,0,0,0,251,0,0,4942077611,0,0,0,0,0,0,550,0,0
4943120611,0,0,0,0,0,0,230,0,0,4943197611,0,0,0,0,0,0,593,0,0
4944240611,0,0,0,0,0,0,241,0,0,4944317611,0,0,0,0,0,0,590,0,0
4945360611,0,0,0,0,0,0,218,0,0,4945437611,0,0,0,0,0,0,587,0,0
4946480611,0,0,0,0,0,0,248,0,0,4946557611,0,0,0,0,0,0,630,0,0
4947600611,0,0,0,0,0,0,248,0,0,4947677611,0,0,0,0,0,0,625,0,0
4948720611,0,0,0,0,0,0,6948,0,0,4948797611,0,0,0,0,0,0,-2037,0,0
4949840611,0,0,0,0,0,0,6984,0,0,4949917611,0,0,0,0,0,0,-1998,0,0
4950960611,0,0,0,0,0,0,6943,0,0,4951037611,0,0,0,0,0,0,-2051,0,0
4952080611,0,0,0,0,0,0,6965,0,0,4952157611,0,0,0,0,0,0,-2004,0,0
4953200611,0,0,0,0,0,0,6970,0,0,4953277611,0,0,0,0,0,0,-2018,0,0
4954320611,0,0,0,0,0,0,6953,0,0,4954397611,0,0,0,0,0,0,-1986,0,0
4955440611,0,0,0,0,0,0,6953,0,0,4955517611,0,0,0,0,0,0,-2022,0,0
4956560611,0,0,0,0,0,0,6953,0,0,4956637611,0,0,0,0,0,0,-2024,0,0
4957680611,0,0,0,0,0,0,251,0,0,4957757611,0,0,0,0,0,0,618,0,0
4958800611,0,0,0,0,0,0,187,0,0,4958877611,0,0,0,0,0,0,607,0,0
4959920611,0,0,0,0,0,0,234,0,0,4959997611,0,0,0,0,0,0,618,0,0
4961040611,0,0,0,0,0,0,240,0,0,4961117611,0,0,0,0,0,0,592,0,0
4962160611,0,0,0,0,0,0,226,0,0,4962237611,0,0,0,0,0,0,572,0,0
4963280611,0,0,0,0,0,0,224,0,0,4963357611,0,0,0,0,0,0,611,0,0
4964400611,0,0,0,0,0,0,246,0,0,4964477611,0,0,0,0,0,0,610,0,0
4965520611,0,0,0,0,0,0,266,0,0,4965597611,0,0,0,0,0,0,575,0,0
4966640611,0,0,0,0,0,0,6966,0,0,4966717611,0,0,0,0,0,0,-1990,0,0
4967760611,0,0,0,0,0,0,6947,0,0,4967837611,0,0,0,0,0,0,-1986,0,0
4968880611,0,0,0,0,0,0,6972,0,0,4968957611,0,0,0,0,0,0,-1994,0,0
4970000611,0,0,0,0,0,0,6963,0,0,4970077611,0,0,0,0,0,0,-1987,0,0
4971120611,0,0,0,0,0,0,6972,0,0,4971197611,0,0,0,0,0,0,-2017,0,0
4972240611,0,0,0,0,0,0,6953,0,0,4972317611,0,0,0,0,0,0,-2036,0,0
4973360611,0,0,0,0,0,0,6976,0,0,4973437611,0,0,0,0,0,0,-2018,0,0
4974480611,0,0,0,0,0,0,6969,0,0,4974557611,0,0,0,0,0,0,-1980,0,0
4975600611,0,0,0,0,0,0,213,0,0,4975677611,0,0,0,0,0,0,590,0,0
4976720611,0,0,0,0,0,0,209,0,0,4976797611,0,0,0,0,0,0,574,0,0
4977840611,0,0,0,0,0,0,236,0,0,4977917611,0,0,0,0,0,0,573,0,0
4978960611,0,0,0,0,0,0,245,0,0,4979037611,0,0,0,0,0,0,621,0,0
4980080611,0,0,0,0,0,0,262,0,0,4980157611,0,0,0,0,0,0,589,0,0
4981200611,0,0,0,0,0,0,281,0,0,4981277611,0,0,0,0,0,0,634,0,0
4982320611,0,0,0,0,0,0,261,0,0,4982397611,0,0,0,0,0,0,628,0,0
4983440611,0,0,0,0,0,0,258,0,0,4983517611,0,0,0,0,0,0,586,0,0
4984560611,0,0,0,0,0,0,6921,0,0,4984637611,0,0,0,0,0,0,-2045,0,0
4985680611,0,0,0,0,0,0,6942,0,0,4985757611,0,0,0,0,0,0,-1993,0,0
4986800611,0,0,0,0,0,0,6965,0,0,4986877611,0,0,0,0,0,0,-1999,0,0
4987920611,0,0,0,0,0,0,6928,0,0,4987997611,0,0,0,0,0,0,-2058,0,0
4989040611,0,0,0,0,0,0,6962,0,0,4989117611,0,0,0,0,0,0,-2036,0,0
4990160611,0,0,0,0,0,0,6932,0,0,4990237611,0,0,0,0,0,0,-2006,0,0
4991280611,0,0,0,0,0,0,7001,0,0,4991357611,0,0,0,0,0,0,-2008,0,0
4992400611,0,0,0,0,0,0,6943,0,0,4992477611,0,0,0,0,0,0,-2009,0,0
4993520611,0,0,0,0,0,0,278,0,0,4993597611,0,0,0,0,0,0,615,0,0
4994640611,0,0,0,0,0,0,243,0,0,4994717611,0,0,0,0,0,0,578,0,0
4995760611,0,0,0,0,0,0,266,0,0,4995837611,0,0,0,0,0,0,595,0,0
4996880611,0,0,0,0,0,0,205,0,0,4996957611,0,0,0,0,0,0,589,0,0
4998000611,0,0,0,0,0,0,237,0,0,4998077611,0,0,0,0,0,0,601,0,0
4999120611,0,0,0,0,0,0,192,0,0,4999197611,0,0,0,0,0,0,574,0,0
5000240611,0,0,0,0,0,0,245,0,0,5000317611,0,0,0,0,0,0,622,0,0
5001360611,0,0,0,0,0,0,278,0,0,5001437611,0,0,0,0,0,0,608,0,0
5002480611,0,0,0,0,0,0,6860,0,0,5002557611,0,0,0,0,0,0,-2022,0,0
5003600611,0,0,0,0,0,0,6944,0,0,5003677611,0,0,0,0,0,0,-2025,0,0
5004720611,0,0,0,0,0,0,6946,0,0,5004797611,0,0,0,0,0,0,-2013,0,0
5005840611,0,0,0,0,0,0,6934,0,0,5005917611,0,0,0,0,0,0,-2003,0,0
5006960611,0,0,0,0,0,0,6937,0,0,5007037611,0,0,0,0,0,0,-1973,0,0
5008080611,0,0,0,0,0,0,6954,0,0,5008157611,0,0,0,0,0,0,-2060,0,0
5009200611,0,0,0,0,0,0,6968,0,0,5009277611,0,0,0,0,0,0,-2012,0,0
5010320611,0,0,0,0,0,0,6958,0,0,5010397611,0,0,0,0,0,0,-2009,0,0
5011440611,0,0,0,0,0,0,283,0,0,5011517611,0,0,0,0,0,0,579,0,0
5012560611,0,0,0,0,0,0,225,0,0,5012637611,0,0,0,0,0,0,613,0,0
5013680611,0,0,0,0,0,0,249,0,0,5013757611,0,0,0,0,0,0,610,0,0
5014800611,0,0,0,0,0,0,259,0,0,5014877611,0,0,0,0,0,0,592,0,0
5015920611,0,0,0,0,0,0,241,0,0,5015997611,0,0,0,0,0,0,603,0,0
5017040611,0,0,0,0,0,0,226,0,0,5017117611,0,0,0,0,0,0,626,0,0
5018160611,0,0,0,0,0,0,243,0,0,5018237611,0,0,0,0,0,0,645,0,0
5019280611,0,0,0,0,0,0,247,0,0,5019357611,0,0,0,0,0,0,630,0,0
5020400611,0,0,0,0,0,0,6775,0,0,5020477611,0,0,0,0,0,0,-2010,0,0
5021520611,0,0,0,0,0,0,6961,0,0,5021597611,0,0,0,0,0,0,-2015,0,0
5022640611,0,0,0,0,0,0,6978,0,0,5022717611,0,0,0,0,0,0,-1992,0,0
5023760611,0,0,0,0,0,0,6932,0,0,5023837611,0,0,0,0,0,0,-2029,0,0
5024880611,0,0,0,0,0,0,6911,0,0,5024957611,0,0,0,0,0,0,-2041,0,0
5026000611,0,0,0,0,0,0,6950,0,0,5026077611,0,0,0,0,0,0,-2013,0,0
5027120611,0,0,0,0,0,0,6966,0,0,5027197611,0,0,0,0,0,0,-2031,0,0
5028240611,0,0,0,0,0,0,6957,0,0,5028317611,0,0,0,0,0,0,-2010,0,0
5029360611,0,0,0,0,0,0,269,0,0,5029437611,0,0,0,0,0,0,587,0,0
5030480611,0,0,0,0,0,0,233,0,0,5030557611,0,0,0,0,0,0,622,0,0
5031600611,0,0,0,0,0,0,272,0,0,5031677611,0,0,0,0,0,0,665,0,0
5032720611,0,0,0,0,0,0,261,0,0,5032797611,0,0,0,0,0,0,554,0,0
5033840611,0,0,0,0,0,0,280,0,0,5033917611,0,0,0,0,0,0,607,0,0
5034960611,0,0,0,0,0,0,245,0,0,5035037611,0,0,0,0,0,0,644,0,0
5036080611,0,0,0,0,0,0,211,0,0,5036157611,0,0,0,0,0,0,615,0,0
5037200611,0,0,0,0,0,0,265,0,0,5037277611,0,0,0,0,0,0,556,0,0
5038320611,0,0,0,0,0,0,6651,0,0,5038397611,0,0,0,0,0,0,-2028,0,0
5039440611,0,0,0,0,0,0,6983,0,0,5039517611,0,0,0,0,0,0,-1970,0,0
5040560611,0,0,0,0,0,0,6945,0,0,5040637611,0,0,0,0,0,0,-2017,0,0
5041680611,0,0,0,0,0,0,6966,0,0,5041757611,0,0,0,0,0,0,-2022,0,0
5042800611,0,0,0,0,0,0,6984,0,0,5042877611,0,0,0,0,0,0,-2006,0,0
5043920611,0,0,0,0,0,0,6986,0,0,5043997611,0,0,0,0,0,0,-2034,0,0
5045040611,0,0,0,0,0,0,6975,0,0,5045117611,0,0,0,0,0,0,-2031,0,0
5046160611,0,0,0,0,0,0,6953,0,0,5046237611,0,0,0,0,0,0,-1980,0,0
5047280611,0,0,0,0,0,0,280,0,0,5047357611,0,0,0,0,0,0,613,0,0
5048400611,0,0,0,0,0,0,256,0,0,5048477611,0,0,0,0,0,0,664,0,0
5049520611,0,0,0,0,0,0,253,0,0,5049597611,0,0,0,0,0,0,568,0,0
5050640611,0,0,0,0,0,0,242,0,0,5050717611,0,0,0,0,0,0,620,0,0
5051760611,0,0,0,0,0,0,190,0,0,5051837611,0,0,0,0,0,0,621,0,0
5052880611,0,0,0,0,0,0,238,0,0,5052957611,0,0,0,0,0,0,601,0,0
5054000611,0,0,0,0,0,0,248,0,0,5054077611,0,0,0,0,0,0,634,0,0
5055120611,0,0,0,0,0,0,261,0,0,5055197611,0,0,0,0,0,0,610,0,0
5056240611,0,0,0,0,0,0,6348,0,0,5056317611,0,0,0,0,0,0,-1916,0,0
5057360611,0,0,0,0,0,0,6947,0,0,5057437611,0,0,0,0,0,0,-2000,0,0
5058480611,0,0,0,0,0,0,6999,0,0,5058557611,0,0,0,0,0,0,-2040,0,0
5059600611,0,0,0,0,0,0,6951,0,0,5059677611,0,0,0,0,0,0,-1959,0,0
5060720611,0,0,0,0,0,0,6905,0,0,5060797611,0,0,0,0,0,0,-2014,0,0
5061840611,0,0,0,0,0,0,6981,0,0,5061917611,0,0,0,0,0,0,-2019,0,0
5062960611,0,0,0,0,0,0,6946,0,0,5063037611,0,0,0,0,0,0,-1989,0,0
5064080611,0,0,0,0,0,0,6947,0,0,5064157611,0,0,0,0,0,0,-2019,0,0
5065200611,0,0,0,0,0,0,382,0,0,5065277611,0,0,0,0,0,0,578,0,0
5066320611,0,0,0,0,0,0,226,0,0,5066397611,0,0,0,0,0,0,579,0,0
5067440611,0,0,0,0,0,0,251,0,0,5067517611,0,0,0,0,0,0,609,0,0
5068560611,0,0,0,0,0,0,241,0,0,5068637611,0,0,0,0,0,0,614,0,0
5069680611,0,0,0,0,0,0,240,0,0,5069757611,0,0,0,0,0,0,619,0,0
5070800611,0,0,0,0,0,0,259,0,0,5070877611,0,0,0,0,0,0,588,0,0
5071920611,0,0,0,0,0,0,190,0,0,5071997611,0,0,0,0,0,0,555,0,0
5073040611,0,0,0,0,0,0,288,0,0,5073117611,0,0,0,0,0,0,592,0,0
5074160611,0,0,0,0,0,0,5660,0,0,5074237611,0,0,0,0,0,0,-1950,0,0
5075280611,0,0,0,0,0,0,6941,0,0,5075357611,0,0,0,0,0,0,-2021,0,0
5076400611,0,0,0,0,0,0,6946,0,0,5076477611,0,0,0,0,0,0,-2008,0,0
5077520611,0,0,0,0,0,0,6946,0,0,5077597611,0,0,0,0,0,0,-2002,0,0
5078640611,0,0,0,0,0,0,6936,0,0,5078717611,0,0,0,0,0,0,-1993,0,0
5079760611,0,0,0,0,0,0,6924,0,0,5079837611,0,0,0,0,0,0,-1994,0,0
5080880611,0,0,0,0,0,0,6962,0,0,5080957611,0,0,0,0,0,0,-2015,0,0
5082000611,0,0,0,0,0,0,6950,0,0,5082077611,0,0,0,0,0,0,-2007,0,0
5083120611,0,0,0,0,0,0,957,0,0,5083197611,0,0,0,0,0,0,590,0,0
5084240611,0,0,0,0,0,0,228,0,0,5084317611,0,0,0,0,0,0,638,0,0
5085360611,0,0,0,0,0,0,260,0,0,5085437611,0,0,0,0,0,0,559,0,0
5086480611,0,0,0,0,0,0,221,0,0,5086557611,0,0,0,0,0,0,609,0,0
5087600611,0,0,0,0,0,0,251,0,0,5087677611,0,0,0,0,0,0,607,0,0
5088720611,0,0,0,0,0,0,216,0,0,5088797611,0,0,0,0,0,0,604,0,0
5089840611,0,0,0,0,0,0,251,0,0,5089917611,0,0,0,0,0,0,657,0,0
5090960611,0,0,0,0,0,0,262,0,0,5091037611,0,0,0,0,0,0,604,0,0
5092080611,0,0,0,0,0,0,4351,0,0,5092157611,0,0,0,0,0,0,-1874,0,0
5093200611,0,0,0,0,0,0,6939,0,0,5093277611,0,0,0,0,0,0,-1965,0,0
5094320611,0,0,0,0,0,0,6995,0,0,5094397611,0,0,0,0,0,0,-2040,0,0
5095440611,0,0,0,0,0,0,6985,0,0,5095517611,0,0,0,0,0,0,-2009,0,0
5096560611,0,0,0,0,0,0,6936,0,0,5096637611,0,0,0,0,0,0,-2043,0,0
5097680611,0,0,0,0,0,0,6911,0,0,5097757611,0,0,0,0,0,0,-2028,0,0
5098800611,0,0,0,0,0,0,6947,0,0,5098877611,0,0,0,0,0,0,-2019,0,0
5099920611,0,0,0,0,0,0,6946,0,0,5099997611,0,0,0,0,0,0,-2026,0,0
5101040611,0,0,0,0,0,0,3506,0,0,5101117611,0,0,0,0,0,0,615,0,0
5102160611,0,0,0,0,0,0,275,0,0,5102237611,0,0,0,0,0,0,606,0,0
5103280611,0,0,0,0,0,0,210,0,0,5103357611,0,0,0,0,0,0,630,0,0
5104400611,0,0,0,0,0,0,258,0,0,5104477611,0,0,0,0,0,0,609,0,0
5105520611,0,0,0,0,0,0,228,0,0,5105597611,0,0,0,0,0,0,642,0,0
5106640611,0,0,0,0,0,0,229,0,0,5106717611,0,0,0,0,0,0,653,0,0
5107760611,0,0,0,0,0,0,225,0,0,5107837611,0,0,0,0,0,0,600,0,0
5108880611,0,0,0,0,0,0,201,0,0,5108957611,0,0,0,0,0,0,610,0,0
5110000611,0,0,0,0,0,0,1263,0,0,5110077611,0,0,0,0,0,0,-1669,0,0
5111120611,0,0,0,0,0,0,6968,0,0,5111197611,0,0,0,0,0,0,-2038,0,0
5112240611,0,0,0,0,0,0,6953,0,0,5112317611,0,0,0,0,0,0,-2055,0,0
5113360611,0,0,0,0,0,0,6993,0,0,5113437611,0,0,0,0,0,0,-1992,0,0
5114480611,0,0,0,0,0,0,6949,0,0,5114557611,0,0,0,0,0,0,-2074,0,0
5115600611,0,0,0,0,0,0,6950,0,0,5115677611,0,0,0,0,0,0,-1999,0,0
5116720611,0,0,0,0,0,0,6943,0,0,5116797611,0,0,0,0,0,0,-2002,0,0
5117840611,0,0,0,0,0,0,6984,0,0,5117917611,0,0,0,0,0,0,-1998,0,0
5118960611,0,0,0,0,0,0,6915,0,0,5119037611,0,0,0,0,0,0,524,0,0
5120080611,0,0,0,0,0,0,278,0,0,5120157611,0,0,0,0,0,0,627,0,0
5121200611,0,0,0,0,0,0,237,0,0,5121277611,0,0,0,0,0,0,553,0,0
5122320611,0,0,0,0,0,0,231,0,0,5122397611,0,0,0,0,0,0,620,0,0
5123440611,0,0,0,0,0,0,287,0,0,5123517611,0,0,0,0,0,0,584,0,0
5124560611,0,0,0,0,0,0,222,0,0,5124637611,0,0,0,0,0,0,591,0,0
5125680611,0,0,0,0,0,0,227,0,0,5125757611,0,0,0,0,0,0,628,0,0
5126800611,0,0,0,0,0,0,246,0,0,5126877611,0,0,0,0,0,0,620,0,0
5127920611,0,0,0,0,0,0,241,0,0,5127997611,0,0,0,0,0,0,-1379,0,0
5129040611,0,0,0,0,0,0,6950,0,0,5129117611,0,0,0,0,0,0,-2020,0,0
5130160611,0,0,0,0,0,0,6952,0,0,5130237611,0,0,0,0,0,0,-2040,0,0
5131280611,0,0,0,0,0,0,6970,0,0,5131357611,0,0,0,0,0,0,-2012,0,0
5132400611,0,0,0,0,0,0,6967,0,0,5132477611,0,0,0,0,0,0,-1994,0,0
5133520611,0,0,0,0,0,0,6938,0,0,5133597611,0,0,0,0,0,0,-1978,0,0
5134640611,0,0,0,0,0,0,6893,0,0,5134717611,0,0,0,0,0,0,-2008,0,0
5135760611,0,0,0,0,0,0,6989,0,0,5135837611,0,0,0,0,0,0,-1991,0,0
5136880611,0,0,0,0,0,0,6968,0,0,5136957611,0,0,0,0,0,0,-11,0,0
5138000611,0,0,0,0,0,0,223,0,0,5138077611,0,0,0,0,0,0,638,0,0
5139120611,0,0,0,0,0,0,215,0,0,5139197611,0,0,0,0,0,0,610,0,0
5140240611,0,0,0,0,0,0,234,0,0,5140317611,0,0,0,0,0,0,578,0,0
5141360611,0,0,0,0,0,0,233,0,0,5141437611,0,0,0,0,0,0,574,0,0
5142480611,0,0,0,0,0,0,281,0,0,5142557611,0,0,0,0,0,0,629,0,0
5143600611,0,0,0,0,0,0,234,0,0,5143677611,0,0,0,0,0,0,611,0,0
5144720611,0,0,0,0,0,0,228,0,0,5144797611,0,0,0,0,0,0,628,0,0
5145840611,0,0,0,0,0,0,211,0,0,5145917611,0,0,0,0,0,0,599,0,0
5146960611,0,0,0,0,0,0,220,0,0,5147037611,0,0,0,0,0,0,598,0,0
5148080611,0,0,0,0,0,0,252,0,0,5148157611,0,0,0,0,0,0,596,0,0
5149200611,0,0,0,0,0,0,238,0,0,5149277611,0,0,0,0,0,0,583,0,0
5150320611,0,0,0,0,0,0,226,0,0,5150397611,0,0,0,0,0,0,650,0,0
5151440611,0,0,0,0,0,0,246,0,0,5151517611,0,0,0,0,0,0,606,0,0
5152560611,0,0,0,0,0,0,286,0,0,5152637611,0,0,0,0,0,0,643,0,0
5153680611,0,0,0,0,0,0,258,0,0,5153757611,0,0,0,0,0,0,641,0,0
5154800611,0,0,0,0,0,0,249,0,0,5154877611,0,0,0,0,0,0,617,0,0
5155920611,0,0,0,0,0,0,223,0,0,5155997611,0,0,0,0,0,0,630,0,0
5157040611,0,0,0,0,0,0,187,0,0,5157117611,0,0,0,0,0,0,622,0,0
5158160611,0,0,0,0,0,0,205,0,0,5158237611,0,0,0,0,0,0,635,0,0
5159280611,0,0,0,0,0,0,226,0,0,5159357611,0,0,0,0,0,0,591,0,0
5160400611,0,0,0,0,0,0,248,0,0,5160477611,0,0,0,0,0,0,591,0,0
5161520611,0,0,0,0,0,0,231,0,0,5161597611,0,0,0,0,0,0,598,0,0
5162640611,0,0,0,0,0,0,230,0,0,5162717611,0,0,0,0,0,0,609,0,0
5163760611,0,0,0,0,0,0,228,0,0,5163837611,0,0,0,0,0,0,568,0,0
5164880611,0,0,0,0,0,0,267,0,0,5164957611,0,0,0,0,0,0,588,0,0
5166000611,0,0,0,0,0,0,228,0,0,5166077611,0,0,0,0,0,0,637,0,0
5167120611,0,0,0,0,0,0,251,0,0,5167197611,0,0,0,0,0,0,609,0,0
5168240611,0,0,0,0,0,0,191,0,0,5168317611,0,0,0,0,0,0,603,0,0
5169360611,0,0,0,0,0,0,239,0,0,5169437611,0,0,0,0,0,0,590,0,0
5170480611,0,0,0,0,0,0,197,0,0,5170557611,0,0,0,0,0,0,598,0,0
5171600611,0,0,0,0,0,0,238,0,0,5171677611,0,0,0,0,0,0,544,0,0
5172720611,0,0,0,0,0,0,247,0,0,5172797611,0,0,0,0,0,0,607,0,0
5173840611,0,0,0,0,0,0,223,0,0,5173917611,0,0,0,0,0,0,635,0,0
5174960611,0,0,0,0,0,0,221,0,0,5175037611,0,0,0,0,0,0,610,0,0
5176080611,0,0,0,0,0,0,294,0,0,5176157611,0,0,0,0,0,0,627,0,0
5177200611,0,0,0,0,0,0,232,0,0,5177277611,0,0,0,0,0,0,610,0,0
5178320611,0,0,0,0,0,0,235,0,0,5178397611,0,0,0,0,0,0,612,0,0
5179440611,0,0,0,0,0,0,273,0,0,5179517611,0,0,0,0,0,0,602,0,0
5180560611,0,0,0,0,0,0,218,0,0,5180637611,0,0,0,0,0,0,619,0,0
5181680611,0,0,0,0,0,0,251,0,0,5181757611,0,0,0,0,0,0,649,0,0
5182800611,0,0,0,0,0,0,250,0,0,5182877611,0,0,0,0,0,0,586,0,0
5183920611,0,0,0,0,0,0,221,0,0,5183997611,0,0,0,0,0,0,608,0,0
5185040611,0,0,0,0,0,0,231,0,0,5185117611,0,0,0,0,0,0,611,0,0
5186160611,0,0,0,0,0,0,218,0,0,5186237611,0,0,0,0,0,0,593,0,0
5187280611,0,0,0,0,0,0,235,0,0,5187357611,0,0,0,0,0,0,622,0,0
5188400611,0,0,0,0,0,0,235,0,0,5188477611,0,0,0,0,0,0,627,0,0
5189520611,0,0,0,0,0,0,237,0,0,5189597611,0,0,0,0,0,0,583,0,0
5190640611,0,0,0,0,0,0,251,0,0,5190717611,0,0,0,0,0,0,603,0,0
5191760611,0,0,0,0,0,0,219,0,0,5191837611,0,0,0,0,0,0,590,0,0
5192880611,0,0,0,0,0,0,243,0,0,5192957611,0,0,0,0,0,0,644,0,0
5194000611,0,0,0,0,0,0,230,0,0,5194077611,0,0,0,0,0,0,595,0,0
5195120611,0,0,0,0,0,0,242,0,0,5195197611,0,0,0,0,0,0,560,0,0
5196240611,0,0,0,0,0,0,280,0,0,5196317611,0,0,0,0,0,0,638,0,0
5197360611,0,0,0,0,0,0,285,0,0,5197437611,0,0,0,0,0,0,610,0,0
5198480611,0,0,0,0,0,0,227,0,0,5198557611,0,0,0,0,0,0,637,0,0
5199600611,0,0,0,0,0,0,233,0,0,5199677611,0,0,0,0,0,0,623,0,0
5200720611,0,0,0,0,0,0,241,0,0,5200797611,0,0,0,0,0,0,604,0,0
5201840611,0,0,0,0,0,0,235,0,0,5201917611,0,0,0,0,0,0,632,0,0
5202960611,0,0,0,0,0,0,233,0,0,5203037611,0,0,0,0,0,0,616,0,0
5204080611,0,0,0,0,0,0,262,0,0,5204157611,0,0,0,0,0,0,595,0,0
5205200611,0,0,0,0,0,0,238,0,0,5205277611,0,0,0,0,0,0,625,0,0
5206320611,0,0,0,0,0,0,269,0,0,5206397611,0,0,0,0,0,0,582,0,0
5207440611,0,0,0,0,0,0,247,0,0,5207517611,0,0,0,0,0,0,598,0,0
5208560611,0,0,0,0,0,0,247,0,0,5208637611,0,0,0,0,0,0,630,0,0
5209680611,0,0,0,0,0,0,228,0,0,5209757611,0,0,0,0,0,0,583,0,0
5210800611,0,0,0,0,0,0,234,0,0,5210877611,0,0,0,0,0,0,582,0,0
5211920611,0,0,0,0,0,0,240,0,0,5211997611,0,0,0,0,0,0,562,0,0
5213040611,0,0,0,0,0,0,218,0,0,5213117611,0,0,0,0,0,0,588,0,0
5214160611,0,0,0,0,0,0,238,0,0,5214237611,0,0,0,0,0,0,590,0,0
5215280611,0,0,0,0,0,0,249,0,0,5215357611,0,0,0,0,0,0,585,0,0
5216400611,0,0,0,0,0,0,254,0,0,5216477611,0,0,0,0,0,0,585,0,0
5217520611,0,0,0,0,0,0,233,0,0,5217597611,0,0,0,0,0,0,620,0,0
5218640611,0,0,0,0,0,0,259,0,0,5218717611,0,0,0,0,0,0,576,0,0
5219760611,0,0,0,0,0,0,223,0,0,5219837611,0,0,0,0,0,0,596,0,0
5220880611,0,0,0,0,0,0,222,0,0,5220957611,0,0,0,0,0,0,596,0,0
5222000611,0,0,0,0,0,0,210,0,0,5222077611,0,0,0,0,0,0,589,0,0
5223120611,0,0,0,0,0,0,243,0,0,5223197611,0,0,0,0,0,0,629,0,0
5224240611,0,0,0,0,0,0,229,0,0,5224317611,0,0,0,0,0,0,597,0,0
5225360611,0,0,0,0,0,0,224,0,0,5225437611,0,0,0,0,0,0,598,0,0
5226480611,0,0,0,0,0,0,323,0,0,5226557611,0,0,0,0,0,0,597,0,0
5227600611,0,0,0,0,0,0,217,0,0,5227677611,0,0,0,0,0,0,594,0,0
5228720611,0,0,0,0,0,0,235,0,0,5228797611,0,0,0,0,0,0,628,0,0
5229840611,0,0,0,0,0,0,239,0,0,5229917611,0,0,0,0,0,0,596,0,0
5230960611,0,0,0,0,0,0,227,0,0,5231037611,0,0,0,0,0,0,619,0,0
5232080611,0,0,0,0,0,0,191,0,0,5232157611,0,0,0,0,0,0,645,0,0
5233200611,0,0,0,0,0,0,225,0,0,5233277611,0,0,0,0,0,0,580,0,0
5234320611,0,0,0,0,0,0,253,0,0,5234397611,0,0,0,0,0,0,618,0,0
5235440611,0,0,0,0,0,0,304,0,0,5235517611,0,0,0,0,0,0,563,0,0
5236560611,0,0,0,0,0,0,235,0,0,5236637611,0,0,0,0,0,0,639,0,0
5237680611,0,0,0,0,0,0,216,0,0,5237757611,0,0,0,0,0,0,570,0,0
5238800611,0,0,0,0,0,0,223,0,0,5238877611,0,0,0,0,0,0,608,0,0
5239920611,0,0,0,0,0,0,231,0,0,5239997611,0,0,0,0,0,0,574,0,0
5241040611,0,0,0,0,0,0,230,0,0,5241117611,0,0,0,0,0,0,601,0,0
5242160611,0,0,0,0,0,0,233,0,0,5242237611,0,0,0,0,0,0,566,0,0
5243280611,0,0,0,0,0,0,275,0,0,5243357611,0,0,0,0,0,0,563,0,0
5244400611,0,0,0,0,0,0,258,0,0,5244477611,0,0,0,0,0,0,624,0,0
5245520611,0,0,0,0,0,0,216,0,0,5245597611,0,0,0,0,0,0,636,0,0
5246640611,0,0,0,0,0,0,247,0,0,5246717611,0,0,0,0,0,0,620,0,0
5247760611,0,0,0,0,0,0,252,0,0,5247837611,0,0,0,0,0,0,599,0,0
5248880611,0,0,0,0,0,0,266,0,0,5248957611,0,0,0,0,0,0,576,0,0
5250000611,0,0,0,0,0,0,275,0,0,5250077611,0,0,0,0,0,0,611,0,0
5251120611,0,0,0,0,0,0,248,0,0,5251197611,0,0,0,0,0,0,642,0,0
5252240611,0,0,0,0,0,0,223,0,0,5252317611,0,0,0,0,0,0,595,0,0
5253360611,0,0,0,0,0,0,216,0,0,5253437611,0,0,0,0,0,0,655,0,0
5254480611,0,0,0,0,0,0,252,0,0,5254557611,0,0,0,0,0,0,623,0,0
5255600611,0,0,0,0,0,0,230,0,0,5255677611,0,0,0,0,0,0,594,0,0
5256720611,0,0,0,0,0,0,221,0,0,5256797611,0,0,0,0,0,0,618,0,0
5257840611,0,0,0,0,0,0,246,0,0,5257917611,0,0,0,0,0,0,632,0,0
5258960611,0,0,0,0,0,0,208,0,0,5259037611,0,0,0,0,0,0,-1601,0,0
5260080611,0,0,0,0,0,0,6936,0,0,5260157611,0,0,0,0,0,0,-2004,0,0
5261200611,0,0,0,0,0,0,6946,0,0,5261277611,0,0,0,0,0,0,-2012,0,0
5262320611,0,0,0,0,0,0,6937,0,0,5262397611,0,0,0,0,0,0,-2013,0,0
5263440611,0,0,0,0,0,0,6965,0,0,5263517611,0,0,0,0,0,0,-1982,0,0
5264560611,0,0,0,0,0,0,6943,0,0,5264637611,0,0,0,0,0,0,-2038,0,0
5265680611,0,0,0,0,0,0,7000,0,0,5265757611,0,0,0,0,0,0,-2022,0,0
5266800611,0,0,0,0,0,0,7004,0,0,5266877611,0,0,0,0,0,0,-2047,0,0
5267920611,0,0,0,0,0,0,6978,0,0,5267997611,0,0,0,0,0,0,474,0,0
5269040611,0,0,0,0,0,0,258,0,0,5269117611,0,0,0,0,0,0,586,0,0
5270160611,0,0,0,0,0,0,246,0,0,5270237611,0,0,0,0,0,0,595,0,0
5271280611,0,0,0,0,0,0,269,0,0,5271357611,0,0,0,0,0,0,620,0,0
5272400611,0,0,0,0,0,0,247,0,0,5272477611,0,0,0,0,0,0,644,0,0
5273520611,0,0,0,0,0,0,261,0,0,5273597611,0,0,0,0,0,0,600,0,0
5274640611,0,0,0,0,0,0,249,0,0,5274717611,0,0,0,0,0,0,656,0,0
5275760611,0,0,0,0,0,0,228,0,0,5275837611,0,0,0,0,0,0,626,0,0
5276880611,0,0,0,0,0,0,248,0,0,5276957611,0,0,0,0,0,0,-1405,0,0
5278000611,0,0,0,0,0,0,6987,0,0,5278077611,0,0,0,0,0,0,-2026,0,0
5279120611,0,0,0,0,0,0,6970,0,0,5279197611,0,0,0,0,0,0,-2041,0,0
5280240611,0,0,0,0,0,0,6980,0,0,5280317611,0,0,0,0,0,0,-2031,0,0
5281360611,0,0,0,0,0,0,6986,0,0,5281437611,0,0,0,0,0,0,-1974,0,0
5282480611,0,0,0,0,0,0,6956,0,0,5282557611,0,0,0,0,0,0,-2020,0,0
5283600611,0,0,0,0,0,0,6962,0,0,5283677611,0,0,0,0,0,0,-1985,0,0
5284720611,0,0,0,0,0,0,6955,0,0,5284797611,0,0,0,0,0,0,-2048,0,0
5285840611,0,0,0,0,0,0,6988,0,0,5285917611,0,0,0,0,0,0,97,0,0
5286960611,0,0,0,0,0,0,228,0,0,5287037611,0,0,0,0,0,0,578,0,0
5288080611,0,0,0,0,0,0,201,0,0,5288157611,0,0,0,0,0,0,570,0,0
5289200611,0,0,0,0,0,0,269,0,0,5289277611,0,0,0,0,0,0,585,0,0
5290320611,0,0,0,0,0,0,218,0,0,5290397611,0,0,0,0,0,0,587,0,0
5291440611,0,0,0,0,0,0,225,0,0,5291517611,0,0,0,0,0,0,676,0,0
5292560611,0,0,0,0,0,0,261,0,0,5292637611,0,0,0,0,0,0,597,0,0
5293680611,0,0,0,0,0,0,262,0,0,5293757611,0,0,0,0,0,0,630,0,0
5294800611,0,0,0,0,0,0,241,0,0,5294877611,0,0,0,0,0,0,-790,0,0
5295920611,0,0,0,0,0,0,7036,0,0,5295997611,0,0,0,0,0,0,-2044,0,0
5297040611,0,0,0,0,0,0,6963,0,0,5297117611,0,0,0,0,0,0,-2045,0,0
5298160611,0,0,0,0,0,0,6969,0,0,5298237611,0,0,0,0,0,0,-2018,0,0
5299280611,0,0,0,0,0,0,6979,0,0,5299357611,0,0,0,0,0,0,-2039,0,0
5300400611,0,0,0,0,0,0,6980,0,0,5300477611,0,0,0,0,0,0,-2027,0,0
5301520611,0,0,0,0,0,0,6967,0,0,5301597611,0,0,0,0,0,0,-2023,0,0
5302640611,0,0,0,0,0,0,6974,0,0,5302717611,0,0,0,0,0,0,-2042,0,0
5303760611,0,0,0,0,0,0,6975,0,0,5303837611,0,0,0,0,0,0,-1070,0,0
5304880611,0,0,0,0,0,0,250,0,0,5304957611,0,0,0,0,0,0,573,0,0
5306000611,0,0,0,0,0,0,218,0,0,5306077611,0,0,0,0,0,0,588,0,0
5307120611,0,0,0,0,0,0,244,0,0,5307197611,0,0,0,0,0,0,598,0,0
5308240611,0,0,0,0,0,0,273,0,0,5308317611,0,0,0,0,0,0,596,0,0
5309360611,0,0,0,0,0,0,254,0,0,5309437611,0,0,0,0,0,0,565,0,0
5310480611,0,0,0,0,0,0,256,0,0,5310557611,0,0,0,0,0,0,632,0,0
5311600611,0,0,0,0,0,0,249,0,0,5311677611,0,0,0,0,0,0,583,0,0
5312720611,0,0,0,0,0,0,271,0,0,5312797611,0,0,0,0,0,0,533,0,0
5313840611,0,0,0,0,0,0,6967,0,0,5313917611,0,0,0,0,0,0,-2012,0,0
5314960611,0,0,0,0,0,0,6962,0,0,5315037611,0,0,0,0,0,0,-2000,0,0
5316080611,0,0,0,0,0,0,6961,0,0,5316157611,0,0,0,0,0,0,-2069,0,0
5317200611,0,0,0,0,0,0,6966,0,0,5317277611,0,0,0,0,0,0,-2020,0,0
5318320611,0,0,0,0,0,0,6969,0,0,5318397611,0,0,0,0,0,0,-2001,0,0
5319440611,0,0,0,0,0,0,7007,0,0,5319517611,0,0,0,0,0,0,-1997,0,0
5320560611,0,0,0,0,0,0,6934,0,0,5320637611,0,0,0,0,0,0,-2031,0,0
5321680611,0,0,0,0,0,0,6937,0,0,5321757611,0,0,0,0,0,0,-2038,0,0
5322800611,0,0,0,0,0,0,259,0,0,5322877611,0,0,0,0,0,0,576,0,0
5323920611,0,0,0,0,0,0,223,0,0,5323997611,0,0,0,0,0,0,641,0,0
5325040611,0,0,0,0,0,0,243,0,0,5325117611,0,0,0,0,0,0,609,0,0
5326160611,0,0,0,0,0,0,263,0,0,5326237611,0,0,0,0,0,0,633,0,0
5327280611,0,0,0,0,0,0,255,0,0,5327357611,0,0,0,0,0,0,619,0,0
5328400611,0,0,0,0,0,0,236,0,0,5328477611,0,0,0,0,0,0,635,0,0
5329520611,0,0,0,0,0,0,247,0,0,5329597611,0,0,0,0,0,0,575,0,0
5330640611,0,0,0,0,0,0,225,0,0,5330717611,0,0,0,0,0,0,615,0,0
5331760611,0,0,0,0,0,0,6985,0,0,5331837611,0,0,0,0,0,0,-2039,0,0
5332880611,0,0,0,0,0,0,6985,0,0,5332957611,0,0,0,0,0,0,-2108,0,0
5334000611,0,0,0,0,0,0,6930,0,0,5334077611,0,0,0,0,0,0,-2024,0,0
5335120611,0,0,0,0,0,0,6946,0,0,5335197611,0,0,0,0,0,0,-2010,0,0
5336240611,0,0,0,0,0,0,6954,0,0,5336317611,0,0,0,0,0,0,-2028,0,0
5337360611,0,0,0,0,0,0,6957,0,0,5337437611,0,0,0,0,0,0,-1988,0,0
5338480611,0,0,0,0,0,0,6954,0,0,5338557611,0,0,0,0,0,0,-2027,0,0
5339600611,0,0,0,0,0,0,6953,0,0,5339677611,0,0,0,0,0,0,-2010,0,0
5340720611,0,0,0,0,0,0,249,0,0,5340797611,0,0,0,0,0,0,597,0,0
5341840611,0,0,0,0,0,0,215,0,0,5341917611,0,0,0,0,0,0,638,0,0
5342960611,0,0,0,0,0,0,228,0,0,5343037611,0,0,0,0,0,0,583,0,0
5344080611,0,0,0,0,0,0,272,0,0,5344157611,0,0,0,0,0,0,591,0,0
5345200611,0,0,0,0,0,0,227,0,0,5345277611,0,0,0,0,0,0,614,0,0
5346320611,0,0,0,0,0,0,229,0,0,5346397611,0,0,0,0,0,0,614,0,0
5347440611,0,0,0,0,0,0,273,0,0,5347517611,0,0,0,0,0,0,608,0,0
5348560611,0,0,0,0,0,0,229,0,0,5348637611,0,0,0,0,0,0,604,0,0
5349680611,0,0,0,0,0,0,6943,0,0,5349757611,0,0,0,0,0,0,-2076,0,0
5350800611,0,0,0,0,0,0,7000,0,0,5350877611,0,0,0,0,0,0,-1989,0,0
5351920611,0,0,0,0,0,0,6972,0,0,5351997611,0,0,0,0,0,0,-2012,0,0
5353040611,0,0,0,0,0,0,6973,0,0,5353117611,0,0,0,0,0,0,-2025,0,0
5354160611,0,0,0,0,0,0,6940,0,0,5354237611,0,0,0,0,0,0,-2036,0,0
5355280611,0,0,0,0,0,0,6989,0,0,5355357611,0,0,0,0,0,0,-2022,0,0
5356400611,0,0,0,0,0,0,6944,0,0,5356477611,0,0,0,0,0,0,-2057,0,0
5357520611,0,0,0,0,0,0,6967,0,0,5357597611,0,0,0,0,0,0,-2024,0,0
5358640611,0,0,0,0,0,0,233,0,0,5358717611,0,0,0,0,0,0,577,0,0
5359760611,0,0,0,0,0,0,217,0,0,5359837611,0,0,0,0,0,0,596,0,0
5360880611,0,0,0,0,0,0,219,0,0,5360957611,0,0,0,0,0,0,607,0,0
5362000611,0,0,0,0,0,0,263,0,0,5362077611,0,0,0,0,0,0,574,0,0
5363120611,0,0,0,0,0,0,238,0,0,5363197611,0,0,0,0,0,0,609,0,0
5364240611,0,0,0,0,0,0,205,0,0,5364317611,0,0,0,0,0,0,601,0,0
5365360611,0,0,0,0,0,0,229,0,0,5365437611,0,0,0,0,0,0,595,0,0
5366480611,0,0,0,0,0,0,223,0,0,5366557611,0,0,0,0,0,0,620,0,0
5367600611,0,0,0,0,0,0,6987,0,0,5367677611,0,0,0,0,0,0,-2023,0,0
5368720611,0,0,0,0,0,0,6977,0,0,5368797611,0,0,0,0,0,0,-2015,0,0
5369840611,0,0,0,0,0,0,6978,0,0,5369917611,0,0,0,0,0,0,-2009,0,0
5370960611,0,0,0,0,0,0,6986,0,0,5371037611,0,0,0,0,0,0,-1988,0,0
5372080611,0,0,0,0,0,0,6952,0,0,5372157611,0,0,0,0,0,0,-2012,0,0
5373200611,0,0,0,0,0,0,6973,0,0,5373277611,0,0,0,0,0,0,-1996,0,0
5374320611,0,0,0,0,0,0,6946,0,0,5374397611,0,0,0,0,0,0,-2005,0,0
5375440611,0,0,0,0,0,0,6950,0,0,5375517611,0,0,0,0,0,0,-2018,0,0
5376560611,0,0,0,0,0,0,264,0,0,5376637611,0,0,0,0,0,0,597,0,0
5377680611,0,0,0,0,0,0,219,0,0,5377757611,0,0,0,0,0,0,601,0,0
5378800611,0,0,0,0,0,0,253,0,0,5378877611,0,0,0,0,0,0,629,0,0
5379920611,0,0,0,0,0,0,244,0,0,5379997611,0,0,0,0,0,0,573,0,0
5381040611,0,0,0,0,0,0,243,0,0,5381117611,0,0,0,0,0,0,558,0,0
5382160611,0,0,0,0,0,0,235,0,0,5382237611,0,0,0,0,0,0,584,0,0
5383280611,0,0,0,0,0,0,257,0,0,5383357611,0,0,0,0,0,0,589,0,0
5384400611,0,0,0,0,0,0,237,0,0,5384477611,0,0,0,0,0,0,619,0,0
5385520611,0,0,0,0,0,0,6954,0,0,5385597611,0,0,0,0,0,0,-2055,0,0
5386640611,0,0,0,0,0,0,6984,0,0,5386717611,0,0,0,0,0,0,-1950,0,0
5387760611,0,0,0,0,0,0,6947,0,0,5387837611,0,0,0,0,0,0,-2010,0,0
5388880611,0,0,0,0,0,0,6967,0,0,5388957611,0,0,0,0,0,0,-2033,0,0
5390000611,0,0,0,0,0,0,6978,0,0,5390077611,0,0,0,0,0,0,-2060,0,0
5391120611,0,0,0,0,0,0,7001,0,0,5391197611,0,0,0,0,0,0,-2002,0,0
5392240611,0,0,0,0,0,0,6957,0,0,5392317611,0,0,0,0,0,0,-2027,0,0
5393360611,0,0,0,0,0,0,6956,0,0,5393437611,0,0,0,0,0,0,-2000,0,0
5394480611,0,0,0,0,0,0,263,0,0,5394557611,0,0,0,0,0,0,616,0,0
5395600611,0,0,0,0,0,0,245,0,0,5395677611,0,0,0,0,0,0,627,0,0
5396720611,0,0,0,0,0,0,254,0,0,5396797611,0,0,0,0,0,0,589,0,0
5397840611,0,0,0,0,0,0,223,0,0,5397917611,0,0,0,0,0,0,608,0,0
5398960611,0,0,0,0,0,0,286,0,0,5399037611,0,0,0,0,0,0,619,0,0
5400080611,0,0,0,0,0,0,202,0,0,5400157611,0,0,0,0,0,0,596,0,0
5401200611,0,0,0,0,0,0,224,0,0,5401277611,0,0,0,0,0,0,641,0,0
5402320611,0,0,0,0,0,0,234,0,0,5402397611,0,0,0,0,0,0,604,0,0
5403440611,0,0,0,0,0,0,6967,0,0,5403517611,0,0,0,0,0,0,-2040,0,0
5404560611,0,0,0,0,0,0,6944,0,0,5404637611,0,0,0,0,0,0,-2055,0,0
5405680611,0,0,0,0,0,0,6955,0,0,5405757611,0,0,0,0,0,0,-2016,0,0
5406800611,0,0,0,0,0,0,6954,0,0,5406877611,0,0,0,0,0,0,-2059,0,0
5407920611,0,0,0,0,0,0,6932,0,0,5407997611,0,0,0,0,0,0,-2012,0,0
5409040611,0,0,0,0,0,0,6969,0,0,5409117611,0,0,0,0,0,0,-2010,0,0
5410160611,0,0,0,0,0,0,6947,0,0,5410237611,0,0,0,0,0,0,-2017,0,0
5411280611,0,0,0,0,0,0,6936,0,0,5411357611,0,0,0,0,0,0,-1978,0,0
5412400611,0,0,0,0,0,0,260,0,0,5412477611,0,0,0,0,0,0,603,0,0
5413520611,0,0,0,0,0,0,227,0,0,5413597611,0,0,0,0,0,0,610,0,0
5414640611,0,0,0,0,0,0,218,0,0,5414717611,0,0,0,0,0,0,611,0,0
5415760611,0,0,0,0,0,0,222,0,0,5415837611,0,0,0,0,0,0,600,0,0
5416880611,0,0,0,0,0,0,251,0,0,5416957611,0,0,0,0,0,0,653,0,0
5418000611,0,0,0,0,0,0,247,0,0,5418077611,0,0,0,0,0,0,598,0,0
5419120611,0,0,0,0,0,0,273,0,0,5419197611,0,0,0,0,0,0,669,0,0
5420240611,0,0,0,0,0,0,257,0,0,5420317611,0,0,0,0,0,0,623,0,0
5421360611,0,0,0,0,0,0,6974,0,0,5421437611,0,0,0,0,0,0,-2037,0,0
5422480611,0,0,0,0,0,0,6979,0,0,5422557611,0,0,0,0,0,0,-2022,0,0
5423600611,0,0,0,0,0,0,6972,0,0,5423677611,0,0,0,0,0,0,-2002,0,0
5424720611,0,0,0,0,0,0,6980,0,0,5424797611,0,0,0,0,0,0,-2052,0,0
5425840611,0,0,0,0,0,0,6980,0,0,5425917611,0,0,0,0,0,0,-1999,0,0
5426960611,0,0,0,0,0,0,6913,0,0,5427037611,0,0,0,0,0,0,-2007,0,0
5428080611,0,0,0,0,0,0,6978,0,0,5428157611,0,0,0,0,0,0,-2049,0,0
5429200611,0,0,0,0,0,0,6948,0,0,5429277611,0,0,0,0,0,0,-2022,0,0
5430320611,0,0,0,0,0,0,288,0,0,5430397611,0,0,0,0,0,0,609,0,0
5431440611,0,0,0,0,0,0,209,0,0,5431517611,0,0,0,0,0,0,609,0,0
5432560611,0,0,0,0,0,0,209,0,0,5432637611,0,0,0,0,0,0,616,0,0
5433680611,0,0,0,0,0,0,227,0,0,5433757611,0,0,0,0,0,0,591,0,0
5434800611,0,0,0,0,0,0,289,0,0,5434877611,0,0,0,0,0,0,655,0,0
5435920611,0,0,0,0,0,0,202,0,0,5435997611,0,0,0,0,0,0,562,0,0
5437040611,0,0,0,0,0,0,275,0,0,5437117611,0,0,0,0,0,0,595,0,0
5438160611,0,0,0,0,0,0,241,0,0,5438237611,0,0,0,0,0,0,582,0,0
5439280611,0,0,0,0,0,0,6949,0,0,5439357611,0,0,0,0,0,0,-2043,0,0
5440400611,0,0,0,0,0,0,6977,0,0,5440477611,0,0,0,0,0,0,-2029,0,0
5441520611,0,0,0,0,0,0,6950,0,0,5441597611,0,0,0,0,0,0,-2011,0,0
5442640611,0,0,0,0,0,0,7002,0,0,5442717611,0,0,0,0,0,0,-2060,0,0
5443760611,0,0,0,0,0,0,6938,0,0,5443837611,0,0,0,0,0,0,-2043,0,0
5444880611,0,0,0,0,0,0,6972,0,0,5444957611,0,0,0,0,0,0,-2042,0,0
5446000611,0,0,0,0,0,0,6916,0,0,5446077611,0,0,0,0,0,0,-1973,0,0
5447120611,0,0,0,0,0,0,6951,0,0,5447197611,0,0,0,0,0,0,-1997,0,0
5448240611,0,0,0,0,0,0,253,0,0,5448317611,0,0,0,0,0,0,585,0,0
5449360611,0,0,0,0,0,0,260,0,0,5449437611,0,0,0,0,0,0,602,0,0
5450480611,0,0,0,0,0,0,221,0,0,5450557611,0,0,0,0,0,0,624,0,0
5451600611,0,0,0,0,0,0,256,0,0,5451677611,0,0,0,0,0,0,609,0,0
5452720611,0,0,0,0,0,0,263,0,0,5452797611,0,0,0,0,0,0,608,0,0
5453840611,0,0,0,0,0,0,251,0,0,5453917611,0,0,0,0,0,0,600,0,0
5454960611,0,0,0,0,0,0,174,0,0,5455037611,0,0,0,0,0,0,566,0,0
5456080611,0,0,0,0,0,0,201,0,0,5456157611,0,0,0,0,0,0,587,0,0
5457200611,0,0,0,0,0,0,6969,0,0,5457277611,0,0,0,0,0,0,-2033,0,0
5458320611,0,0,0,0,0,0,6968,0,0,5458397611,0,0,0,0,0,0,-2024,0,0
5459440611,0,0,0,0,0,0,6956,0,0,5459517611,0,0,0,0,0,0,-2005,0,0
5460560611,0,0,0,0,0,0,6955,0,0,5460637611,0,0,0,0,0,0,-2024,0,0
5461680611,0,0,0,0,0,0,6959,0,0,5461757611,0,0,0,0,0,0,-2025,0,0
5462800611,0,0,0,0,0,0,6972,0,0,5462877611,0,0,0,0,0,0,-1988,0,0
5463920611,0,0,0,0,0,0,6962,0,0,5463997611,0,0,0,0,0,0,-1973,0,0
5465040611,0,0,0,0,0,0,6926,0,0,5465117611,0,0,0,0,0,0,-2051,0,0
5466160611,0,0,0,0,0,0,258,0,0,5466237611,0,0,0,0,0,0,567,0,0
5467280611,0,0,0,0,0,0,266,0,0,5467357611,0,0,0,0,0,0,613,0,0
5468400611,0,0,0,0,0,0,195,0,0,5468477611,0,0,0,0,0,0,592,0,0
5469520611,0,0,0,0,0,0,278,0,0,5469597611,0,0,0,0,0,0,644,0,0
5470640611,0,0,0,0,0,0,236,0,0,5470717611,0,0,0,0,0,0,599,0,0
5471760611,0,0,0,0,0,0,217,0,0,5471837611,0,0,0,0,0,0,580,0,0
5472880611,0,0,0,0,0,0,244,0,0,5472957611,0,0,0,0,0,0,634,0,0
5474000611,0,0,0,0,0,0,238,0,0,5474077611,0,0,0,0,0,0,629,0,0
5475120611,0,0,0,0,0,0,6969,0,0,5475197611,0,0,0,0,0,0,-2042,0,0
5476240611,0,0,0,0,0,0,6937,0,0,5476317611,0,0,0,0,0,0,-2033,0,0
5477360611,0,0,0,0,0,0,6921,0,0,5477437611,0,0,0,0,0,0,-2029,0,0
5478480611,0,0,0,0,0,0,6979,0,0,5478557611,0,0,0,0,0,0,-2025,0,0
5479600611,0,0,0,0,0,0,6967,0,0,5479677611,0,0,0,0,0,0,-1986,0,0
5480720611,0,0,0,0,0,0,6946,0,0,5480797611,0,0,0,0,0,0,-2012,0,0
5481840611,0,0,0,0,0,0,6929,0,0,5481917611,0,0,0,0,0,0,-2045,0,0
5482960611,0,0,0,0,0,0,7001,0,0,5483037611,0,0,0,0,0,0,-1994,0,0
5484080611,0,0,0,0,0,0,253,0,0,5484157611,0,0,0,0,0,0,596,0,0
5485200611,0,0,0,0,0,0,234,0,0,5485277611,0,0,0,0,0,0,595,0,0
5486320611,0,0,0,0,0,0,236,0,0,5486397611,0,0,0,0,0,0,603,0,0
5487440611,0,0,0,0,0,0,250,0,0,5487517611,0,0,0,0,0,0,585,0,0
5488560611,0,0,0,0,0,0,254,0,0,5488637611,0,0,0,0,0,0,578,0,0
5489680611,0,0,0,0,0,0,206,0,0,5489757611,0,0,0,0,0,0,600,0,0
5490800611,0,0,0,0,0,0,263,0,0,5490877611,0,0,0,0,0,0,576,0,0
5491920611,0,0,0,0,0,0,235,0,0,5491997611,0,0,0,0,0,0,616,0,0
5493040611,0,0,0,0,0,0,6966,0,0,5493117611,0,0,0,0,0,0,-2028,0,0
5494160611,0,0,0,0,0,0,6911,0,0,5494237611,0,0,0,0,0,0,-1995,0,0
5495280611,0,0,0,0,0,0,6958,0,0,5495357611,0,0,0,0,0,0,-2049,0,0
5496400611,0,0,0,0,0,0,6914,0,0,5496477611,0,0,0,0,0,0,-2008,0,0
5497520611,0,0,0,0,0,0,6969,0,0,5497597611,0,0,0,0,0,0,-2055,0,0
5498640611,0,0,0,0,0,0,6948,0,0,5498717611,0,0,0,0,0,0,-2037,0,0
5499760611,0,0,0,0,0,0,6926,0,0,5499837611,0,0,0,0,0,0,-1990,0,0
5500880611,0,0,0,0,0,0,6919,0,0,5500957611,0,0,0,0,0,0,-2008,0,0
5502000611,0,0,0,0,0,0,241,0,0,5502077611,0,0,0,0,0,0,626,0,0
5503120611,0,0,0,0,0,0,247,0,0,5503197611,0,0,0,0,0,0,592,0,0
5504240611,0,0,0,0,0,0,287,0,0,5504317611,0,0,0,0,0,0,643,0,0
5505360611,0,0,0,0,0,0,197,0,0,5505437611,0,0,0,0,0,0,623,0,0
5506480611,0,0,0,0,0,0,227,0,0,5506557611,0,0,0,0,0,0,590,0,0
5507600611,0,0,0,0,0,0,263,0,0,5507677611,0,0,0,0,0,0,607,0,0
5508720611,0,0,0,0,0,0,206,0,0,5508797611,0,0,0,0,0,0,579,0,0
5509840611,0,0,0,0,0,0,249,0,0,5509917611,0,0,0,0,0,0,576,0,0
5510960611,0,0,0,0,0,0,6979,0,0,5511037611,0,0,0,0,0,0,-2039,0,0
5512080611,0,0,0,0,0,0,6918,0,0,5512157611,0,0,0,0,0,0,-2035,0,0
5513200611,0,0,0,0,0,0,6940,0,0,5513277611,0,0,0,0,0,0,-2014,0,0
5514320611,0,0,0,0,0,0,6953,0,0,5514397611,0,0,0,0,0,0,-2056,0,0
5515440611,0,0,0,0,0,0,6964,0,0,5515517611,0,0,0,0,0,0,-2020,0,0
5516560611,0,0,0,0,0,0,6971,0,0,5516637611,0,0,0,0,0,0,-2028,0,0
5517680611,0,0,0,0,0,0,6943,0,0,5517757611,0,0,0,0,0,0,-2043,0,0
5518800611,0,0,0,0,0,0,6968,0,0,5518877611,0,0,0,0,0,0,-2026,0,0
5519920611,0,0,0,0,0,0,236,0,0,5519997611,0,0,0,0,0,0,655,0,0
5521040611,0,0,0,0,0,0,260,0,0,5521117611,0,0,0,0,0,0,604,0,0
5522160611,0,0,0,0,0,0,261,0,0,5522237611,0,0,0,0,0,0,617,0,0
5523280611,0,0,0,0,0,0,263,0,0,5523357611,0,0,0,0,0,0,624,0,0
5524400611,0,0,0,0,0,0,212,0,0,5524477611,0,0,0,0,0,0,636,0,0
5525520611,0,0,0,0,0,0,189,0,0,5525597611,0,0,0,0,0,0,612,0,0
5526640611,0,0,0,0,0,0,273,0,0,5526717611,0,0,0,0,0,0,589,0,0
5527760611,0,0,0,0,0,0,239,0,0,5527837611,0,0,0,0,0,0,588,0,0
5528880611,0,0,0,0,0,0,6941,0,0,5528957611,0,0,0,0,0,0,-2023,0,0
5530000611,0,0,0,0,0,0,6924,0,0,5530077611,0,0,0,0,0,0,-2019,0,0
5531120611,0,0,0,0,0,0,6931,0,0,5531197611,0,0,0,0,0,0,-2000,0,0
5532240611,0,0,0,0,0,0,6974,0,0,5532317611,0,0,0,0,0,0,-2003,0,0
5533360611,0,0,0,0,0,0,6959,0,0,5533437611,0,0,0,0,0,0,-2054,0,0
5534480611,0,0,0,0,0,0,6933,0,0,5534557611,0,0,0,0,0,0,-2060,0,0
5535600611,0,0,0,0,0,0,6968,0,0,5535677611,0,0,0,0,0,0,-1998,0,0
5536720611,0,0,0,0,0,0,6952,0,0,5536797611,0,0,0,0,0,0,-1967,0,0
5537840611,0,0,0,0,0,0,256,0,0,5537917611,0,0,0,0,0,0,592,0,0
5538960611,0,0,0,0,0,0,289,0,0,5539037611,0,0,0,0,0,0,587,0,0
5540080611,0,0,0,0,0,0,229,0,0,5540157611,0,0,0,0,0,0,590,0,0
5541200611,0,0,0,0,0,0,225,0,0,5541277611,0,0,0,0,0,0,585,0,0
5542320611,0,0,0,0,0,0,215,0,0,5542397611,0,0,0,0,0,0,572,0,0
5543440611,0,0,0,0,0,0,242,0,0,5543517611,0,0,0,0,0,0,572,0,0
5544560611,0,0,0,0,0,0,216,0,0,5544637611,0,0,0,0,0,0,581,0,0
5545680611,0,0,0,0,0,0,265,0,0,5545757611,0,0,0,0,0,0,597,0,0
5546800611,0,0,0,0,0,0,6943,0,0,5546877611,0,0,0,0,0,0,-2037,0,0
5547920611,0,0,0,0,0,0,6973,0,0,5547997611,0,0,0,0,0,0,-2029,0,0
5549040611,0,0,0,0,0,0,6960,0,0,5549117611,0,0,0,0,0,0,-2003,0,0
5550160611,0,0,0,0,0,0,6944,0,0,5550237611,0,0,0,0,0,0,-1996,0,0
5551280611,0,0,0,0,0,0,6962,0,0,5551357611,0,0,0,0,0,0,-2023,0,0
5552400611,0,0,0,0,0,0,6979,0,0,5552477611,0,0,0,0,0,0,-2074,0,0
5553520611,0,0,0,0,0,0,6957,0,0,5553597611,0,0,0,0,0,0,-2015,0,0
5554640611,0,0,0,0,0,0,6983,0,0,5554717611,0,0,0,0,0,0,-2040,0,0
5555760611,0,0,0,0,0,0,227,0,0,5555837611,0,0,0,0,0,0,600,0,0
5556880611,0,0,0,0,0,0,249,0,0,5556957611,0,0,0,0,0,0,615,0,0
5558000611,0,0,0,0,0,0,240,0,0,5558077611,0,0,0,0,0,0,621,0,0
5559120611,0,0,0,0,0,0,215,0,0,5559197611,0,0,0,0,0,0,585,0,0
5560240611,0,0,0,0,0,0,252,0,0,5560317611,0,0,0,0,0,0,567,0,0
5561360611,0,0,0,0,0,0,236,0,0,5561437611,0,0,0,0,0,0,590,0,0
5562480611,0,0,0,0,0,0,191,0,0,5562557611,0,0,0,0,0,0,593,0,0
5563600611,0,0,0,0,0,0,260,0,0,5563677611,0,0,0,0,0,0,612,0,0
5564720611,0,0,0,0,0,0,6973,0,0,5564797611,0,0,0,0,0,0,-1960,0,0
5565840611,0,0,0,0,0,0,6938,0,0,5565917611,0,0,0,0,0,0,-2005,0,0
5566960611,0,0,0,0,0,0,6928,0,0,5567037611,0,0,0,0,0,0,-1964,0,0
5568080611,0,0,0,0,0,0,6963,0,0,5568157611,0,0,0,0,0,0,-1997,0,0
5569200611,0,0,0,0,0,0,6959,0,0,5569277611,0,0,0,0,0,0,-2033,0,0
5570320611,0,0,0,0,0,0,6939,0,0,5570397611,0,0,0,0,0,0,-2043,0,0
5571440611,0,0,0,0,0,0,6998,0,0,5571517611,0,0,0,0,0,0,-1956,0,0
5572560611,0,0,0,0,0,0,6972,0,0,5572637611,0,0,0,0,0,0,-2054,0,0
5573680611,0,0,0,0,0,0,214,0,0,5573757611,0,0,0,0,0,0,659,0,0
5574800611,0,0,0,0,0,0,234,0,0,5574877611,0,0,0,0,0,0,612,0,0
5575920611,0,0,0,0,0,0,266,0,0,5575997611,0,0,0,0,0,0,602,0,0
5577040611,0,0,0,0,0,0,239,0,0,5577117611,0,0,0,0,0,0,623,0,0
5578160611,0,0,0,0,0,0,277,0,0,5578237611,0,0,0,0,0,0,625,0,0
5579280611,0,0,0,0,0,0,237,0,0,5579357611,0,0,0,0,0,0,591,0,0
5580400611,0,0,0,0,0,0,245,0,0,5580477611,0,0,0,0,0,0,592,0,0
5581520611,0,0,0,0,0,0,221,0,0,5581597611,0,0,0,0,0,0,585,0,0
5582640611,0,0,0,0,0,0,6984,0,0,5582717611,0,0,0,0,0,0,-2007,0,0
5583760611,0,0,0,0,0,0,6972,0,0,5583837611,0,0,0,0,0,0,-1988,0,0
5584880611,0,0,0,0,0,0,6958,0,0,5584957611,0,0,0,0,0,0,-1991,0,0
5586000611,0,0,0,0,0,0,6942,0,0,5586077611,0,0,0,0,0,0,-2000,0,0
5587120611,0,0,0,0,0,0,6978,0,0,5587197611,0,0,0,0,0,0,-2077,0,0
5588240611,0,0,0,0,0,0,6937,0,0,5588317611,0,0,0,0,0,0,-2001,0,0
5589360611,0,0,0,0,0,0,6944,0,0,5589437611,0,0,0,0,0,0,-2003,0,0
5590480611,0,0,0,0,0,0,6937,0,0,5590557611,0,0,0,0,0,0,-2043,0,0
5591600611,0,0,0,0,0,0,199,0,0,5591677611,0,0,0,0,0,0,636,0,0
5592720611,0,0,0,0,0,0,229,0,0,5592797611,0,0,0,0,0,0,628,0,0
5593840611,0,0,0,0,0,0,277,0,0,5593917611,0,0,0,0,0,0,608,0,0
5594960611,0,0,0,0,0,0,229,0,0,5595037611,0,0,0,0,0,0,612,0,0
5596080611,0,0,0,0,0,0,241,0,0,5596157611,0,0,0,0,0,0,620,0,0
5597200611,0,0,0,0,0,0,202,0,0,5597277611,0,0,0,0,0,0,640,0,0
5598320611,0,0,0,0,0,0,264,0,0,5598397611,0,0,0,0,0,0,524,0,0
5599440611,0,0,0,0,0,0,208,0,0,5599517611,0,0,0,0,0,0,622,0,0
5600560611,0,0,0,0,0,0,6968,0,0,5600637611,0,0,0,0,0,0,-2027,0,0
5601680611,0,0,0,0,0,0,6994,0,0,5601757611,0,0,0,0,0,0,-2028,0,0
5602800611,0,0,0,0,0,0,6953,0,0,5602877611,0,0,0,0,0,0,-2031,0,0
5603920611,0,0,0,0,0,0,6921,0,0,5603997611,0,0,0,0,0,0,-2028,0,0
5605040611,0,0,0,0,0,0,6997,0,0,5605117611,0,0,0,0,0,0,-2001,0,0
5606160611,0,0,0,0,0,0,6951,0,0,5606237611,0,0,0,0,0,0,-2037,0,0
5607280611,0,0,0,0,0,0,6964,0,0,5607357611,0,0,0,0,0,0,-2020,0,0
5608400611,0,0,0,0,0,0,6943,0,0,5608477611,0,0,0,0,0,0,-2007,0,0
5609520611,0,0,0,0,0,0,238,0,0,5609597611,0,0,0,0,0,0,632,0,0
5610640611,0,0,0,0,0,0,262,0,0,5610717611,0,0,0,0,0,0,637,0,0
5611760611,0,0,0,0,0,0,231,0,0,5611837611,0,0,0,0,0,0,621,0,0
5612880611,0,0,0,0,0,0,256,0,0,5612957611,0,0,0,0,0,0,583,0,0
5614000611,0,0,0,0,0,0,239,0,0,5614077611,0,0,0,0,0,0,598,0,0
5615120611,0,0,0,0,0,0,256,0,0,5615197611,0,0,0,0,0,0,606,0,0
5616240611,0,0,0,0,0,0,248,0,0,5616317611,0,0,0,0,0,0,640,0,0
5617360611,0,0,0,0,0,0,243,0,0,5617437611,0,0,0,0,0,0,613,0,0
5618480611,0,0,0,0,0,0,6950,0,0,5618557611,0,0,0,0,0,0,-2064,0,0
5619600611,0,0,0,0,0,0,6965,0,0,5619677611,0,0,0,0,0,0,-2027,0,0
5620720611,0,0,0,0,0,0,6926,0,0,5620797611,0,0,0,0,0,0,-2028,0,0
5621840611,0,0,0,0,0,0,6963,0,0,5621917611,0,0,0,0,0,0,-2029,0,0
5622960611,0,0,0,0,0,0,6961,0,0,5623037611,0,0,0,0,0,0,-2026,0,0
5624080611,0,0,0,0,0,0,6946,0,0,5624157611,0,0,0,0,0,0,-2038,0,0
5625200611,0,0,0,0,0,0,6954,0,0,5625277611,0,0,0,0,0,0,-1992,0,0
5626320611,0,0,0,0,0,0,6949,0,0,5626397611,0,0,0,0,0,0,-2005,0,0
5627440611,0,0,0,0,0,0,206,0,0,5627517611,0,0,0,0,0,0,576,0,0
5628560611,0,0,0,0,0,0,212,0,0,5628637611,0,0,0,0,0,0,630,0,0
5629680611,0,0,0,0,0,0,201,0,0,5629757611,0,0,0,0,0,0,586,0,0
5630800611,0,0,0,0,0,0,211,0,0,5630877611,0,0,0,0,0,0,619,0,0
5631920611,0,0,0,0,0,0,233,0,0,5631997611,0,0,0,0,0,0,572,0,0
5633040611,0,0,0,0,0,0,240,0,0,5633117611,0,0,0,0,0,0,598,0,0
5634160611,0,0,0,0,0,0,279,0,0,5634237611,0,0,0,0,0,0,638,0,0
5635280611,0,0,0,0,0,0,252,0,0,5635357611,0,0,0,0,0,0,610,0,0
5636400611,0,0,0,0,0,0,6920,0,0,5636477611,0,0,0,0,0,0,-2007,0,0
5637520611,0,0,0,0,0,0,6966,0,0,5637597611,0,0,0,0,0,0,-2016,0,0
5638640611,0,0,0,0,0,0,6923,0,0,5638717611,0,0,0,0,0,0,-2001,0,0
5639760611,0,0,0,0,0,0,6934,0,0,5639837611,0,0,0,0,0,0,-1988,0,0
5640880611,0,0,0,0,0,0,6932,0,0,5640957611,0,0,0,0,0,0,-2010,0,0
5642000611,0,0,0,0,0,0,6954,0,0,5642077611,0,0,0,0,0,0,-2005,0,0
5643120611,0,0,0,0,0,0,6917,0,0,5643197611,0,0,0,0,0,0,-2047,0,0
5644240611,0,0,0,0,0,0,6938,0,0,5644317611,0,0,0,0,0,0,-2036,0,0
5645360611,0,0,0,0,0,0,260,0,0,5645437611,0,0,0,0,0,0,586,0,0
5646480611,0,0,0,0,0,0,187,0,0,5646557611,0,0,0,0,0,0,576,0,0
5647600611,0,0,0,0,0,0,243,0,0,5647677611,0,0,0,0,0,0,592,0,0
5648720611,0,0,0,0,0,0,211,0,0,5648797611,0,0,0,0,0,0,650,0,0
5649840611,0,0,0,0,0,0,246,0,0,5649917611,0,0,0,0,0,0,612,0,0
5650960611,0,0,0,0,0,0,183,0,0,5651037611,0,0,0,0,0,0,606,0,0
5652080611,0,0,0,0,0,0,215,0,0,5652157611,0,0,0,0,0,0,612,0,0
5653200611,0,0,0,0,0,0,178,0,0,5653277611,0,0,0,0,0,0,595,0,0
5654320611,0,0,0,0,0,0,6928,0,0,5654397611,0,0,0,0,0,0,-2034,0,0
5655440611,0,0,0,0,0,0,6908,0,0,5655517611,0,0,0,0,0,0,-2026,0,0
5656560611,0,0,0,0,0,0,6926,0,0,5656637611,0,0,0,0,0,0,-2031,0,0
5657680611,0,0,0,0,0,0,6898,0,0,5657757611,0,0,0,0,0,0,-1980,0,0
5658800611,0,0,0,0,0,0,6922,0,0,5658877611,0,0,0,0,0,0,-2019,0,0
5659920611,0,0,0,0,0,0,6966,0,0,5659997611,0,0,0,0,0,0,-2037,0,0
5661040611,0,0,0,0,0,0,6941,0,0,5661117611,0,0,0,0,0,0,-2001,0,0
5662160611,0,0,0,0,0,0,6970,0,0,5662237611,0,0,0,0,0,0,-2020,0,0
5663280611,0,0,0,0,0,0,243,0,0,5663357611,0,0,0,0,0,0,605,0,0
5664400611,0,0,0,0,0,0,213,0,0,5664477611,0,0,0,0,0,0,569,0,0
5665520611,0,0,0,0,0,0,234,0,0,5665597611,0,0,0,0,0,0,632,0,0
5666640611,0,0,0,0,0,0,234,0,0,5666717611,0,0,0,0,0,0,628,0,0
5667760611,0,0,0,0,0,0,204,0,0,5667837611,0,0,0,0,0,0,597,0,0
5668880611,0,0,0,0,0,0,251,0,0,5668957611,0,0,0,0,0,0,591,0,0
5670000611,0,0,0,0,0,0,270,0,0,5670077611,0,0,0,0,0,0,617,0,0
5671120611,0,0,0,0,0,0,246,0,0,5671197611,0,0,0,0,0,0,646,0,0
5672240611,0,0,0,0,0,0,6958,0,0,5672317611,0,0,0,0,0,0,-2023,0,0
5673360611,0,0,0,0,0,0,6969,0,0,5673437611,0,0,0,0,0,0,-1989,0,0
5674480611,0,0,0,0,0,0,7022,0,0,5674557611,0,0,0,0,0,0,-1988,0,0
5675600611,0,0,0,0,0,0,7005,0,0,5675677611,0,0,0,0,0,0,-2025,0,0
5676720611,0,0,0,0,0,0,6954,0,0,5676797611,0,0,0,0,0,0,-2051,0,0
5677840611,0,0,0,0,0,0,6935,0,0,5677917611,0,0,0,0,0,0,-2032,0,0
5678960611,0,0,0,0,0,0,6936,0,0,5679037611,0,0,0,0,0,0,-1987,0,0
5680080611,0,0,0,0,0,0,6969,0,0,5680157611,0,0,0,0,0,0,-2031,0,0
5681200611,0,0,0,0,0,0,278,0,0,5681277611,0,0,0,0,0,0,619,0,0
5682320611,0,0,0,0,0,0,222,0,0,5682397611,0,0,0,0,0,0,625,0,0
5683440611,0,0,0,0,0,0,268,0,0,5683517611,0,0,0,0,0,0,596,0,0
5684560611,0,0,0,0,0,0,213,0,0,5684637611,0,0,0,0,0,0,573,0,0
5685680611,0,0,0,0,0,0,219,0,0,5685757611,0,0,0,0,0,0,569,0,0
5686800611,0,0,0,0,0,0,237,0,0,5686877611,0,0,0,0,0,0,593,0,0
5687920611,0,0,0,0,0,0,256,0,0,5687997611,0,0,0,0,0,0,628,0,0
5689040611,0,0,0,0,0,0,284,0,0,5689117611,0,0,0,0,0,0,575,0,0
5690160611,0,0,0,0,0,0,6890,0,0,5690237611,0,0,0,0,0,0,-2006,0,0
5691280611,0,0,0,0,0,0,6994,0,0,5691357611,0,0,0,0,0,0,-2031,0,0
5692400611,0,0,0,0,0,0,6950,0,0,5692477611,0,0,0,0,0,0,-2004,0,0
5693520611,0,0,0,0,0,0,6957,0,0,5693597611,0,0,0,0,0,0,-2033,0,0
5694640611,0,0,0,0,0,0,6983,0,0,5694717611,0,0,0,0,0,0,-2003,0,0
5695760611,0,0,0,0,0,0,6971,0,0,5695837611,0,0,0,0,0,0,-1999,0,0
5696880611,0,0,0,0,0,0,6951,0,0,5696957611,0,0,0,0,0,0,-2013,0,0
5698000611,0,0,0,0,0,0,6963,0,0,5698077611,0,0,0,0,0,0,-2028,0,0
5699120611,0,0,0,0,0,0,236,0,0,5699197611,0,0,0,0,0,0,591,0,0
5700240611,0,0,0,0,0,0,251,0,0,5700317611,0,0,0,0,0,0,635,0,0
5701360611,0,0,0,0,0,0,246,0,0,5701437611,0,0,0,0,0,0,608,0,0
5702480611,0,0,0,0,0,0,260,0,0,5702557611,0,0,0,0,0,0,593,0,0
5703600611,0,0,0,0,0,0,212,0,0,5703677611,0,0,0,0,0,0,575,0,0
5704720611,0,0,0,0,0,0,265,0,0,5704797611,0,0,0,0,0,0,602,0,0
5705840611,0,0,0,0,0,0,226,0,0,5705917611,0,0,0,0,0,0,627,0,0
5706960611,0,0,0,0,0,0,237,0,0,5707037611,0,0,0,0,0,0,616,0,0
5708080611,0,0,0,0,0,0,6931,0,0,5708157611,0,0,0,0,0,0,-2016,0,0
5709200611,0,0,0,0,0,0,6962,0,0,5709277611,0,0,0,0,0,0,-2032,0,0
5710320611,0,0,0,0,0,0,6980,0,0,5710397611,0,0,0,0,0,0,-2023,0,0
5711440611,0,0,0,0,0,0,6966,0,0,5711517611,0,0,0,0,0,0,-2028,0,0
5712560611,0,0,0,0,0,0,6940,0,0,5712637611,0,0,0,0,0,0,-1990,0,0
5713680611,0,0,0,0,0,0,6932,0,0,5713757611,0,0,0,0,0,0,-1986,0,0
5714800611,0,0,0,0,0,0,6928,0,0,5714877611,0,0,0,0,0,0,-1966,0,0
5715920611,0,0,0,0,0,0,6934,0,0,5715997611,0,0,0,0,0,0,-1995,0,0
5717040611,0,0,0,0,0,0,223,0,0,5717117611,0,0,0,0,0,0,628,0,0
5718160611,0,0,0,0,0,0,219,0,0,5718237611,0,0,0,0,0,0,585,0,0
5719280611,0,0,0,0,0,0,224,0,0,5719357611,0,0,0,0,0,0,587,0,0
5720400611,0,0,0,0,0,0,240,0,0,5720477611,0,0,0,0,0,0,638,0,0
5721520611,0,0,0,0,0,0,229,0,0,5721597611,0,0,0,0,0,0,592,0,0
5722640611,0,0,0,0,0,0,256,0,0,5722717611,0,0,0,0,0,0,583,0,0
5723760611,0,0,0,0,0,0,229,0,0,5723837611,0,0,0,0,0,0,614,0,0
5724880611,0,0,0,0,0,0,258,0,0,5724957611,0,0,0,0,0,0,587,0,0
5726000611,0,0,0,0,0,0,6910,0,0,5726077611,0,0,0,0,0,0,-2011,0,0
5727120611,0,0,0,0,0,0,6942,0,0,5727197611,0,0,0,0,0,0,-2007,0,0
5728240611,0,0,0,0,0,0,6943,0,0,5728317611,0,0,0,0,0,0,-2036,0,0
5729360611,0,0,0,0,0,0,6994,0,0,5729437611,0,0,0,0,0,0,-2012,0,0
5730480611,0,0,0,0,0,0,6959,0,0,5730557611,0,0,0,0,0,0,-2028,0,0
5731600611,0,0,0,0,0,0,6920,0,0,5731677611,0,0,0,0,0,0,-1978,0,0
5732720611,0,0,0,0,0,0,6987,0,0,5732797611,0,0,0,0,0,0,-2047,0,0
5733840611,0,0,0,0,0,0,6971,0,0,5733917611,0,0,0,0,0,0,-2032,0,0
5734960611,0,0,0,0,0,0,201,0,0,5735037611,0,0,0,0,0,0,612,0,0
5736080611,0,0,0,0,0,0,210,0,0,5736157611,0,0,0,0,0,0,601,0,0
5737200611,0,0,0,0,0,0,245,0,0,5737277611,0,0,0,0,0,0,636,0,0
5738320611,0,0,0,0,0,0,185,0,0,5738397611,0,0,0,0,0,0,627,0,0
5739440611,0,0,0,0,0,0,232,0,0,5739517611,0,0,0,0,0,0,603,0,0
5740560611,0,0,0,0,0,0,237,0,0,5740637611,0,0,0,0,0,0,606,0,0
5741680611,0,0,0,0,0,0,207,0,0,5741757611,0,0,0,0,0,0,638,0,0
5742800611,0,0,0,0,0,0,270,0,0,5742877611,0,0,0,0,0,0,633,0,0
5743920611,0,0,0,0,0,0,6894,0,0,5743997611,0,0,0,0,0,0,-2049,0,0
5745040611,0,0,0,0,0,0,6949,0,0,5745117611,0,0,0,0,0,0,-2015,0,0
5746160611,0,0,0,0,0,0,6922,0,0,5746237611,0,0,0,0,0,0,-1993,0,0
5747280611,0,0,0,0,0,0,6981,0,0,5747357611,0,0,0,0,0,0,-1989,0,0
5748400611,0,0,0,0,0,0,6899,0,0,5748477611,0,0,0,0,0,0,-2007,0,0
5749520611,0,0,0,0,0,0,6945,0,0,5749597611,0,0,0,0,0,0,-2013,0,0
5750640611,0,0,0,0,0,0,6969,0,0,5750717611,0,0,0,0,0,0,-2031,0,0
5751760611,0,0,0,0,0,0,6930,0,0,5751837611,0,0,0,0,0,0,-2028,0,0
5752880611,0,0,0,0,0,0,266,0,0,5752957611,0,0,0,0,0,0,598,0,0
5754000611,0,0,0,0,0,0,276,0,0,5754077611,0,0,0,0,0,0,614,0,0
5755120611,0,0,0,0,0,0,225,0,0,5755197611,0,0,0,0,0,0,612,0,0
5756240611,0,0,0,0,0,0,220,0,0,5756317611,0,0,0,0,0,0,625,0,0
5757360611,0,0,0,0,0,0,239,0,0,5757437611,0,0,0,0,0,0,657,0,0
5758480611,0,0,0,0,0,0,275,0,0,5758557611,0,0,0,0,0,0,634,0,0
5759600611,0,0,0,0,0,0,215,0,0,5759677611,0,0,0,0,0,0,636,0,0
5760720611,0,0,0,0,0,0,247,0,0,5760797611,0,0,0,0,0,0,631,0,0
5761840611,0,0,0,0,0,0,6939,0,0,5761917611,0,0,0,0,0,0,-1999,0,0
5762960611,0,0,0,0,0,0,6995,0,0,5763037611,0,0,0,0,0,0,-2010,0,0
5764080611,0,0,0,0,0,0,6942,0,0,5764157611,0,0,0,0,0,0,-2012,0,0
5765200611,0,0,0,0,0,0,6896,0,0,5765277611,0,0,0,0,0,0,-1987,0,0
5766320611,0,0,0,0,0,0,6998,0,0,5766397611,0,0,0,0,0,0,-1993,0,0
5767440611,0,0,0,0,0,0,6963,0,0,5767517611,0,0,0,0,0,0,-1990,0,0
5768560611,0,0,0,0,0,0,6938,0,0,5768637611,0,0,0,0,0,0,-2027,0,0
5769680611,0,0,0,0,0,0,6945,0,0,5769757611,0,0,0,0,0,0,-2025,0,0
5770800611,0,0,0,0,0,0,201,0,0,5770877611,0,0,0,0,0,0,600,0,0
5771920611,0,0,0,0,0,0,202,0,0,5771997611,0,0,0,0,0,0,624,0,0
5773040611,0,0,0,0,0,0,226,0,0,5773117611,0,0,0,0,0,0,603,0,0
5774160611,0,0,0,0,0,0,246,0,0,5774237611,0,0,0,0,0,0,633,0,0
5775280611,0,0,0,0,0,0,256,0,0,5775357611,0,0,0,0,0,0,608,0,0
5776400611,0,0,0,0,0,0,228,0,0,5776477611,0,0,0,0,0,0,587,0,0
5777520611,0,0,0,0,0,0,247,0,0,5777597611,0,0,0,0,0,0,622,0,0
5778640611,0,0,0,0,0,0,243,0,0,5778717611,0,0,0,0,0,0,586,0,0
5779760611,0,0,0,0,0,0,6972,0,0,5779837611,0,0,0,0,0,0,-2001,0,0
5780880611,0,0,0,0,0,0,6963,0,0,5780957611,0,0,0,0,0,0,-2009,0,0
5782000611,0,0,0,0,0,0,6926,0,0,5782077611,0,0,0,0,0,0,-1997,0,0
5783120611,0,0,0,0,0,0,6936,0,0,5783197611,0,0,0,0,0,0,-1997,0,0
5784240611,0,0,0,0,0,0,6936,0,0,5784317611,0,0,0,0,0,0,-1990,0,0
5785360611,0,0,0,0,0,0,6920,0,0,5785437611,0,0,0,0,0,0,-1990,0,0
5786480611,0,0,0,0,0,0,6939,0,0,5786557611,0,0,0,0,0,0,-1976,0,0
5787600611,0,0,0,0,0,0,7008,0,0,5787677611,0,0,0,0,0,0,-2022,0,0
5788720611,0,0,0,0,0,0,223,0,0,5788797611,0,0,0,0,0,0,593,0,0
5789840611,0,0,0,0,0,0,237,0,0,5789917611,0,0,0,0,0,0,659,0,0
5790960611,0,0,0,0,0,0,216,0,0,5791037611,0,0,0,0,0,0,635,0,0
5792080611,0,0,0,0,0,0,196,0,0,5792157611,0,0,0,0,0,0,615,0,0
5793200611,0,0,0,0,0,0,279,0,0,5793277611,0,0,0,0,0,0,608,0,0
5794320611,0,0,0,0,0,0,296,0,0,5794397611,0,0,0,0,0,0,616,0,0
5795440611,0,0,0,0,0,0,270,0,0,5795517611,0,0,0,0,0,0,632,0,0
5796560611,0,0,0,0,0,0,223,0,0,5796637611,0,0,0,0,0,0,617,0,0
5797680611,0,0,0,0,0,0,6928,0,0,5797757611,0,0,0,0,0,0,-1987,0,0
5798800611,0,0,0,0,0,0,6925,0,0,5798877611,0,0,0,0,0,0,-2039,0,0
5799920611,0,0,0,0,0,0,6963,0,0,5799997611,0,0,0,0,0,0,-1950,0,0
5801040611,0,0,0,0,0,0,6937,0,0,5801117611,0,0,0,0,0,0,-2018,0,0
5802160611,0,0,0,0,0,0,6942,0,0,5802237611,0,0,0,0,0,0,-2014,0,0
5803280611,0,0,0,0,0,0,6940,0,0,5803357611,0,0,0,0,0,0,-2006,0,0
5804400611,0,0,0,0,0,0,6957,0,0,5804477611,0,0,0,0,0,0,-1969,0,0
5805520611,0,0,0,0,0,0,6948,0,0,5805597611,0,0,0,0,0,0,-2066,0,0
5806640611,0,0,0,0,0,0,226,0,0,5806717611,0,0,0,0,0,0,586,0,0
5807760611,0,0,0,0,0,0,247,0,0,5807837611,0,0,0,0,0,0,611,0,0
5808880611,0,0,0,0,0,0,233,0,0,5808957611,0,0,0,0,0,0,642,0,0
5810000611,0,0,0,0,0,0,263,0,0,5810077611,0,0,0,0,0,0,579,0,0
5811120611,0,0,0,0,0,0,274,0,0,5811197611,0,0,0,0,0,0,583,0,0
5812240611,0,0,0,0,0,0,238,0,0,5812317611,0,0,0,0,0,0,583,0,0
5813360611,0,0,0,0,0,0,247,0,0,5813437611,0,0,0,0,0,0,633,0,0
5814480611,0,0,0,0,0,0,203,0,0,5814557611,0,0,0,0,0,0,622,0,0
5815600611,0,0,0,0,0,0,6926,0,0,5815677611,0,0,0,0,0,0,-2021,0,0
5816720611,0,0,0,0,0,0,6946,0,0,5816797611,0,0,0,0,0,0,-1962,0,0
5817840611,0,0,0,0,0,0,6947,0,0,5817917611,0,0,0,0,0,0,-1955,0,0
5818960611,0,0,0,0,0,0,6942,0,0,5819037611,0,0,0,0,0,0,-2012,0,0
5820080611,0,0,0,0,0,0,6983,0,0,5820157611,0,0,0,0,0,0,-2005,0,0
5821200611,0,0,0,0,0,0,6981,0,0,5821277611,0,0,0,0,0,0,-1995,0,0
5822320611,0,0,0,0,0,0,6980,0,0,5822397611,0,0,0,0,0,0,-2004,0,0
5823440611,0,0,0,0,0,0,6945,0,0,5823517611,0,0,0,0,0,0,-2011,0,0
5824560611,0,0,0,0,0,0,154,0,0,5824637611,0,0,0,0,0,0,586,0,0
5825680611,0,0,0,0,0,0,225,0,0,5825757611,0,0,0,0,0,0,600,0,0
5826800611,0,0,0,0,0,0,253,0,0,5826877611,0,0,0,0,0,0,606,0,0
5827920611,0,0,0,0,0,0,223,0,0,5827997611,0,0,0,0,0,0,585,0,0
5829040611,0,0,0,0,0,0,261,0,0,5829117611,0,0,0,0,0,0,605,0,0
5830160611,0,0,0,0,0,0,248,0,0,5830237611,0,0,0,0,0,0,626,0,0
5831280611,0,0,0,0,0,0,209,0,0,5831357611,0,0,0,0,0,0,552,0,0
5832400611,0,0,0,0,0,0,228,0,0,5832477611,0,0,0,0,0,0,560,0,0
5833520611,0,0,0,0,0,0,6920,0,0,5833597611,0,0,0,0,0,0,-2031,0,0
5834640611,0,0,0,0,0,0,6929,0,0,5834717611,0,0,0,0,0,0,-1988,0,0
5835760611,0,0,0,0,0,0,7015,0,0,5835837611,0,0,0,0,0,0,-2005,0,0
5836880611,0,0,0,0,0,0,6982,0,0,5836957611,0,0,0,0,0,0,-2016,0,0
5838000611,0,0,0,0,0,0,6924,0,0,5838077611,0,0,0,0,0,0,-2026,0,0
5839120611,0,0,0,0,0,0,6937,0,0,5839197611,0,0,0,0,0,0,-2001,0,0
5840240611,0,0,0,0,0,0,6937,0,0,5840317611,0,0,0,0,0,0,-2000,0,0
5841360611,0,0,0,0,0,0,6998,0,0,5841437611,0,0,0,0,0,0,-2046,0,0
5842480611,0,0,0,0,0,0,238,0,0,5842557611,0,0,0,0,0,0,621,0,0
5843600611,0,0,0,0,0,0,257,0,0,5843677611,0,0,0,0,0,0,594,0,0
5844720611,0,0,0,0,0,0,248,0,0,5844797611,0,0,0,0,0,0,607,0,0
5845840611,0,0,0,0,0,0,191,0,0,5845917611,0,0,0,0,0,0,647,0,0
5846960611,0,0,0,0,0,0,261,0,0,5847037611,0,0,0,0,0,0,539,0,0
5848080611,0,0,0,0,0,0,233,0,0,5848157611,0,0,0,0,0,0,617,0,0
5849200611,0,0,0,0,0,0,218,0,0,5849277611,0,0,0,0,0,0,628,0,0
5850320611,0,0,0,0,0,0,251,0,0,5850397611,0,0,0,0,0,0,603,0,0
5851440611,0,0,0,0,0,0,6874,0,0,5851517611,0,0,0,0,0,0,-2001,0,0
5852560611,0,0,0,0,0,0,6992,0,0,5852637611,0,0,0,0,0,0,-2043,0,0
5853680611,0,0,0,0,0,0,6985,0,0,5853757611,0,0,0,0,0,0,-2060,0,0
5854800611,0,0,0,0,0,0,6945,0,0,5854877611,0,0,0,0,0,0,-2000,0,0
5855920611,0,0,0,0,0,0,6926,0,0,5855997611,0,0,0,0,0,0,-1983,0,0
5857040611,0,0,0,0,0,0,6959,0,0,5857117611,0,0,0,0,0,0,-2047,0,0
5858160611,0,0,0,0,0,0,6922,0,0,5858237611,0,0,0,0,0,0,-2038,0,0
5859280611,0,0,0,0,0,0,6946,0,0,5859357611,0,0,0,0,0,0,-2018,0,0
5860400611,0,0,0,0,0,0,261,0,0,5860477611,0,0,0,0,0,0,601,0,0
5861520611,0,0,0,0,0,0,227,0,0,5861597611,0,0,0,0,0,0,585,0,0
5862640611,0,0,0,0,0,0,235,0,0,5862717611,0,0,0,0,0,0,616,0,0
5863760611,0,0,0,0,0,0,203,0,0,5863837611,0,0,0,0,0,0,587,0,0
5864880611,0,0,0,0,0,0,240,0,0,5864957611,0,0,0,0,0,0,584,0,0
5866000611,0,0,0,0,0,0,205,0,0,5866077611,0,0,0,0,0,0,613,0,0
5867120611,0,0,0,0,0,0,203,0,0,5867197611,0,0,0,0,0,0,627,0,0
5868240611,0,0,0,0,0,0,209,0,0,5868317611,0,0,0,0,0,0,643,0,0
5869360611,0,0,0,0,0,0,6866,0,0,5869437611,0,0,0,0,0,0,-2021,0,0
5870480611,0,0,0,0,0,0,7001,0,0,5870557611,0,0,0,0,0,0,-1976,0,0
5871600611,0,0,0,0,0,0,6942,0,0,5871677611,0,0,0,0,0,0,-2016,0,0
5872720611,0,0,0,0,0,0,6975,0,0,5872797611,0,0,0,0,0,0,-2042,0,0
5873840611,0,0,0,0,0,0,6971,0,0,5873917611,0,0,0,0,0,0,-2018,0,0
5874960611,0,0,0,0,0,0,6974,0,0,5875037611,0,0,0,0,0,0,-2021,0,0
5876080611,0,0,0,0,0,0,6904,0,0,5876157611,0,0,0,0,0,0,-2016,0,0
5877200611,0,0,0,0,0,0,6940,0,0,5877277611,0,0,0,0,0,0,-2018,0,0
5878320611,0,0,0,0,0,0,268,0,0,5878397611,0,0,0,0,0,0,556,0,0
5879440611,0,0,0,0,0,0,219,0,0,5879517611,0,0,0,0,0,0,595,0,0
5880560611,0,0,0,0,0,0,255,0,0,5880637611,0,0,0,0,0,0,597,0,0
5881680611,0,0,0,0,0,0,250,0,0,5881757611,0,0,0,0,0,0,575,0,0
5882800611,0,0,0,0,0,0,270,0,0,5882877611,0,0,0,0,0,0,632,0,0
5883920611,0,0,0,0,0,0,242,0,0,5883997611,0,0,0,0,0,0,668,0,0
5885040611,0,0,0,0,0,0,250,0,0,5885117611,0,0,0,0,0,0,662,0,0
5886160611,0,0,0,0,0,0,229,0,0,5886237611,0,0,0,0,0,0,603,0,0
5887280611,0,0,0,0,0,0,6801,0,0,5887357611,0,0,0,0,0,0,-2001,0,0
5888400611,0,0,0,0,0,0,6930,0,0,5888477611,0,0,0,0,0,0,-2022,0,0
5889520611,0,0,0,0,0,0,6946,0,0,5889597611,0,0,0,0,0,0,-2020,0,0
5890640611,0,0,0,0,0,0,7015,0,0,5890717611,0,0,0,0,0,0,-2029,0,0
5891760611,0,0,0,0,0,0,6963,0,0,5891837611,0,0,0,0,0,0,-1991,0,0
5892880611,0,0,0,0,0,0,6959,0,0,5892957611,0,0,0,0,0,0,-2012,0,0
5894000611,0,0,0,0,0,0,6969,0,0,5894077611,0,0,0,0,0,0,-2018,0,0
5895120611,0,0,0,0,0,0,7003,0,0,5895197611,0,0,0,0,0,0,-2027,0,0
5896240611,0,0,0,0,0,0,294,0,0,5896317611,0,0,0,0,0,0,589,0,0
5897360611,0,0,0,0,0,0,264,0,0,5897437611,0,0,0,0,0,0,593,0,0
5898480611,0,0,0,0,0,0,233,0,0,5898557611,0,0,0,0,0,0,556,0,0
5899600611,0,0,0,0,0,0,243,0,0,5899677611,0,0,0,0,0,0,627,0,0
5900720611,0,0,0,0,0,0,219,0,0,5900797611,0,0,0,0,0,0,598,0,0
5901840611,0,0,0,0,0,0,199,0,0,5901917611,0,0,0,0,0,0,611,0,0
5902960611,0,0,0,0,0,0,238,0,0,5903037611,0,0,0,0,0,0,658,0,0
5904080611,0,0,0,0,0,0,241,0,0,5904157611,0,0,0,0,0,0,607,0,0
5905200611,0,0,0,0,0,0,6652,0,0,5905277611,0,0,0,0,0,0,-1996,0,0
5906320611,0,0,0,0,0,0,6937,0,0,5906397611,0,0,0,0,0,0,-2043,0,0
5907440611,0,0,0,0,0,0,6944,0,0,5907517611,0,0,0,0,0,0,-2042,0,0
5908560611,0,0,0,0,0,0,6950,0,0,5908637611,0,0,0,0,0,0,-2042,0,0
5909680611,0,0,0,0,0,0,6930,0,0,5909757611,0,0,0,0,0,0,-1991,0,0
5910800611,0,0,0,0,0,0,6925,0,0,5910877611,0,0,0,0,0,0,-2037,0,0
5911920611,0,0,0,0,0,0,6960,0,0,5911997611,0,0,0,0,0,0,-2011,0,0
5913040611,0,0,0,0,0,0,6962,0,0,5913117611,0,0,0,0,0,0,-2045,0,0
5914160611,0,0,0,0,0,0,266,0,0,5914237611,0,0,0,0,0,0,638,0,0
5915280611,0,0,0,0,0,0,248,0,0,5915357611,0,0,0,0,0,0,594,0,0
5916400611,0,0,0,0,0,0,260,0,0,5916477611,0,0,0,0,0,0,614,0,0
5917520611,0,0,0,0,0,0,230,0,0,5917597611,0,0,0,0,0,0,603,0,0
5918640611,0,0,0,0,0,0,227,0,0,5918717611,0,0,0,0,0,0,580,0,0
5919760611,0,0,0,0,0,0,279,0,0,5919837611,0,0,0,0,0,0,592,0,0
5920880611,0,0,0,0,0,0,236,0,0,5920957611,0,0,0,0,0,0,596,0,0
5922000611,0,0,0,0,0,0,259,0,0,5922077611,0,0,0,0,0,0,575,0,0
5923120611,0,0,0,0,0,0,6416,0,0,5923197611,0,0,0,0,0,0,-1974,0,0
5924240611,0,0,0,0,0,0,6953,0,0,5924317611,0,0,0,0,0,0,-2022,0,0
5925360611,0,0,0,0,0,0,6946,0,0,5925437611,0,0,0,0,0,0,-1964,0,0
5926480611,0,0,0,0,0,0,6909,0,0,5926557611,0,0,0,0,0,0,-1996,0,0
5927600611,0,0,0,0,0,0,6919,0,0,5927677611,0,0,0,0,0,0,-1985,0,0
5928720611,0,0,0,0,0,0,6945,0,0,5928797611,0,0,0,0,0,0,-2015,0,0
5929840611,0,0,0,0,0,0,6944,0,0,5929917611,0,0,0,0,0,0,-1991,0,0
5930960611,0,0,0,0,0,0,6967,0,0,5931037611,0,0,0,0,0,0,-2041,0,0
5932080611,0,0,0,0,0,0,355,0,0,5932157611,0,0,0,0,0,0,617,0,0
5933200611,0,0,0,0,0,0,221,0,0,5933277611,0,0,0,0,0,0,559,0,0
5934320611,0,0,0,0,0,0,241,0,0,5934397611,0,0,0,0,0,0,624,0,0
5935440611,0,0,0,0,0,0,219,0,0,5935517611,0,0,0,0,0,0,581,0,0
5936560611,0,0,0,0,0,0,257,0,0,5936637611,0,0,0,0,0,0,572,0,0
5937680611,0,0,0,0,0,0,233,0,0,5937757611,0,0,0,0,0,0,631,0,0
5938800611,0,0,0,0,0,0,229,0,0,5938877611,0,0,0,0,0,0,607,0,0
5939920611,0,0,0,0,0,0,273,0,0,5939997611,0,0,0,0,0,0,625,0,0
5941040611,0,0,0,0,0,0,5785,0,0,5941117611,0,0,0,0,0,0,-1891,0,0
5942160611,0,0,0,0,0,0,6973,0,0,5942237611,0,0,0,0,0,0,-1987,0,0
5943280611,0,0,0,0,0,0,6940,0,0,5943357611,0,0,0,0,0,0,-2039,0,0
5944400611,0,0,0,0,0,0,6960,0,0,5944477611,0,0,0,0,0,0,-2004,0,0
5945520611,0,0,0,0,0,0,6934,0,0,5945597611,0,0,0,0,0,0,-2046,0,0
5946640611,0,0,0,0,0,0,6914,0,0,5946717611,0,0,0,0,0,0,-2012,0,0
5947760611,0,0,0,0,0,0,6944,0,0,5947837611,0,0,0,0,0,0,-1999,0,0
5948880611,0,0,0,0,0,0,6955,0,0,5948957611,0,0,0,0,0,0,-1996,0,0
5950000611,0,0,0,0,0,0,845,0,0,5950077611,0,0,0,0,0,0,593,0,0
5951120611,0,0,0,0,0,0,239,0,0,5951197611,0,0,0,0,0,0,620,0,0
5952240611,0,0,0,0,0,0,192,0,0,5952317611,0,0,0,0,0,0,597,0,0
5953360611,0,0,0,0,0,0,225,0,0,5953437611,0,0,0,0,0,0,642,0,0
5954480611,0,0,0,0,0,0,217,0,0,5954557611,0,0,0,0,0,0,604,0,0
5955600611,0,0,0,0,0,0,217,0,0,5955677611,0,0,0,0,0,0,587,0,0
5956720611,0,0,0,0,0,0,238,0,0,5956797611,0,0,0,0,0,0,610,0,0
5957840611,0,0,0,0,0,0,233,0,0,5957917611,0,0,0,0,0,0,639,0,0
5958960611,0,0,0,0,0,0,4516,0,0,5959037611,0,0,0,0,0,0,-1878,0,0
5960080611,0,0,0,0,0,0,6953,0,0,5960157611,0,0,0,0,0,0,-2036,0,0
5961200611,0,0,0,0,0,0,6970,0,0,5961277611,0,0,0,0,0,0,-2048,0,0
5962320611,0,0,0,0,0,0,6998,0,0,5962397611,0,0,0,0,0,0,-1976,0,0
5963440611,0,0,0,0,0,0,6982,0,0,5963517611,0,0,0,0,0,0,-2014,0,0
5964560611,0,0,0,0,0,0,6930,0,0,5964637611,0,0,0,0,0,0,-2023,0,0
5965680611,0,0,0,0,0,0,6963,0,0,5965757611,0,0,0,0,0,0,-2004,0,0
5966800611,0,0,0,0,0,0,6963,0,0,5966877611,0,0,0,0,0,0,-1992,0,0
5967920611,0,0,0,0,0,0,3137,0,0,5967997611,0,0,0,0,0,0,564,0,0
5969040611,0,0,0,0,0,0,251,0,0,5969117611,0,0,0,0,0,0,558,0,0
5970160611,0,0,0,0,0,0,227,0,0,5970237611,0,0,0,0,0,0,602,0,0
5971280611,0,0,0,0,0,0,245,0,0,5971357611,0,0,0,0,0,0,612,0,0
5972400611,0,0,0,0,0,0,203,0,0,5972477611,0,0,0,0,0,0,566,0,0
5973520611,0,0,0,0,0,0,250,0,0,5973597611,0,0,0,0,0,0,594,0,0
5974640611,0,0,0,0,0,0,252,0,0,5974717611,0,0,0,0,0,0,598,0,0
5975760611,0,0,0,0,0,0,222,0,0,5975837611,0,0,0,0,0,0,591,0,0
5976880611,0,0,0,0,0,0,1745,0,0,5976957611,0,0,0,0,0,0,-1731,0,0
5978000611,0,0,0,0,0,0,6944,0,0,5978077611,0,0,0,0,0,0,-1963,0,0
5979120611,0,0,0,0,0,0,6965,0,0,5979197611,0,0,0,0,0,0,-2027,0,0
5980240611,0,0,0,0,0,0,6952,0,0,5980317611,0,0,0,0,0,0,-2035,0,0
5981360611,0,0,0,0,0,0,6942,0,0,5981437611,0,0,0,0,0,0,-2012,0,0
5982480611,0,0,0,0,0,0,6955,0,0,5982557611,0,0,0,0,0,0,-2055,0,0
5983600611,0,0,0,0,0,0,6920,0,0,5983677611,0,0,0,0,0,0,-1981,0,0
5984720611,0,0,0,0,0,0,6974,0,0,5984797611,0,0,0,0,0,0,-1981,0,0
5985840611,0,0,0,0,0,0,6960,0,0,5985917611,0,0,0,0,0,0,560,0,0
5986960611,0,0,0,0,0,0,219,0,0,5987037611,0,0,0,0,0,0,556,0,0
5988080611,0,0,0,0,0,0,232,0,0,5988157611,0,0,0,0,0,0,572,0,0
5989200611,0,0,0,0,0,0,246,0,0,5989277611,0,0,0,0,0,0,622,0,0
5990320611,0,0,0,0,0,0,261,0,0,5990397611,0,0,0,0,0,0,607,0,0
5991440611,0,0,0,0,0,0,257,0,0,5991517611,0,0,0,0,0,0,606,0,0
5992560611,0,0,0,0,0,0,242,0,0,5992637611,0,0,0,0,0,0,613,0,0
5993680611,0,0,0,0,0,0,247,0,0,5993757611,0,0,0,0,0,0,612,0,0
5994800611,0,0,0,0,0,0,251,0,0,5994877611,0,0,0,0,0,0,-1420,0,0
5995920611,0,0,0,0,0,0,6922,0,0,5995997611,0,0,0,0,0,0,-2001,0,0
5997040611,0,0,0,0,0,0,6971,0,0,5997117611,0,0,0,0,0,0,-2019,0,0
5998160611,0,0,0,0,0,0,6932,0,0,5998237611,0,0,0,0,0,0,-2002,0,0
5999280611,0,0,0,0,0,0,6956,0,0,5999357611,0,0,0,0,0,0,-1985,0,0
6000400611,0,0,0,0,0,0,6961,0,0,6000477611,0,0,0,0,0,0,-2032,0,0
6001520611,0,0,0,0,0,0,6944,0,0,6001597611,0,0,0,0,0,0,-2012,0,0
6002640611,0,0,0,0,0,0,6941,0,0,6002717611,0,0,0,0,0,0,-2048,0,0
6003760611,0,0,0,0,0,0,6961,0,0,6003837611,0,0,0,0,0,0,120,0,0
6004880611,0,0,0,0,0,0,251,0,0,6004957611,0,0,0,0,0,0,655,0,0
6006000611,0,0,0,0,0,0,243,0,0,6006077611,0,0,0,0,0,0,603,0,0
6007120611,0,0,0,0,0,0,239,0,0,6007197611,0,0,0,0,0,0,577,0,0
6008240611,0,0,0,0,0,0,247,0,0,6008317611,0,0,0,0,0,0,640,0,0
6009360611,0,0,0,0,0,0,239,0,0,6009437611,0,0,0,0,0,0,589,0,0
6010480611,0,0,0,0,0,0,216,0,0,6010557611,0,0,0,0,0,0,637,0,0
6011600611,0,0,0,0,0,0,225,0,0,6011677611,0,0,0,0,0,0,582,0,0
6012720611,0,0,0,0,0,0,218,0,0,6012797611,0,0,0,0,0,0,565,0,0
6013840611,0,0,0,0,0,0,254,0,0,6013917611,0,0,0,0,0,0,591,0,0
6014960611,0,0,0,0,0,0,222,0,0,6015037611,0,0,0,0,0,0,646,0,0
6016080611,0,0,0,0,0,0,199,0,0,6016157611,0,0,0,0,0,0,612,0,0
6017200611,0,0,0,0,0,0,223,0,0,6017277611,0,0,0,0,0,0,605,0,0
6018320611,0,0,0,0,0,0,249,0,0,6018397611,0,0,0,0,0,0,602,0,0
6019440611,0,0,0,0,0,0,221,0,0,6019517611,0,0,0,0,0,0,611,0,0
6020560611,0,0,0,0,0,0,246,0,0,6020637611,0,0,0,0,0,0,612,0,0
6021680611,0,0,0,0,0,0,218,0,0,6021757611,0,0,0,0,0,0,611,0,0
6022800611,0,0,0,0,0,0,221,0,0,6022877611,0,0,0,0,0,0,633,0,0
6023920611,0,0,0,0,0,0,268,0,0,6023997611,0,0,0,0,0,0,599,0,0
6025040611,0,0,0,0,0,0,232,0,0,6025117611,0,0,0,0,0,0,598,0,0
6026160611,0,0,0,0,0,0,228,0,0,6026237611,0,0,0,0,0,0,551,0,0
6027280611,0,0,0,0,0,0,241,0,0,6027357611,0,0,0,0,0,0,598,0,0
6028400611,0,0,0,0,0,0,252,0,0,6028477611,0,0,0,0,0,0,611,0,0
6029520611,0,0,0,0,0,0,213,0,0,6029597611,0,0,0,0,0,0,582,0,0
6030640611,0,0,0,0,0,0,245,0,0,6030717611,0,0,0,0,0,0,627,0,0
6031760611,0,0,0,0,0,0,268,0,0,6031837611,0,0,0,0,0,0,640,0,0
6032880611,0,0,0,0,0,0,264,0,0,6032957611,0,0,0,0,0,0,557,0,0
6034000611,0,0,0,0,0,0,253,0,0,6034077611,0,0,0,0,0,0,607,0,0
6035120611,0,0,0,0,0,0,234,0,0,6035197611,0,0,0,0,0,0,601,0,0
6036240611,0,0,0,0,0,0,241,0,0,6036317611,0,0,0,0,0,0,580,0,0
6037360611,0,0,0,0,0,0,293,0,0,6037437611,0,0,0,0,0,0,599,0,0
6038480611,0,0,0,0,0,0,270,0,0,6038557611,0,0,0,0,0,0,630,0,0
6039600611,0,0,0,0,0,0,266,0,0,6039677611,0,0,0,0,0,0,577,0,0
6040720611,0,0,0,0,0,0,245,0,0,6040797611,0,0,0,0,0,0,614,0,0
6041840611,0,0,0,0,0,0,227,0,0,6041917611,0,0,0,0,0,0,605,0,0
6042960611,0,0,0,0,0,0,225,0,0,6043037611,0,0,0,0,0,0,630,0,0
6044080611,0,0,0,0,0,0,279,0,0,6044157611,0,0,0,0,0,0,618,0,0
6045200611,0,0,0,0,0,0,285,0,0,6045277611,0,0,0,0,0,0,641,0,0
6046320611,0,0,0,0,0,0,240,0,0,6046397611,0,0,0,0,0,0,613,0,0
6047440611,0,0,0,0,0,0,241,0,0,6047517611,0,0,0,0,0,0,642,0,0
6048560611,0,0,0,0,0,0,277,0,0,6048637611,0,0,0,0,0,0,620,0,0
6049680611,0,0,0,0,0,0,244,0,0,6049757611,0,0,0,0,0,0,615,0,0
6050800611,0,0,0,0,0,0,241,0,0,6050877611,0,0,0,0,0,0,643,0,0
6051920611,0,0,0,0,0,0,243,0,0,6051997611,0,0,0,0,0,0,594,0,0
6053040611,0,0,0,0,0,0,218,0,0,6053117611,0,0,0,0,0,0,597,0,0
6054160611,0,0,0,0,0,0,226,0,0,6054237611,0,0,0,0,0,0,618,0,0
6055280611,0,0,0,0,0,0,278,0,0,6055357611,0,0,0,0,0,0,590,0,0
6056400611,0,0,0,0,0,0,233,0,0,6056477611,0,0,0,0,0,0,637,0,0
6057520611,0,0,0,0,0,0,207,0,0,6057597611,0,0,0,0,0,0,589,0,0
6058640611,0,0,0,0,0,0,253,0,0,6058717611,0,0,0,0,0,0,596,0,0
6059760611,0,0,0,0,0,0,259,0,0,6059837611,0,0,0,0,0,0,587,0,0
6060880611,0,0,0,0,0,0,230,0,0,6060957611,0,0,0,0,0,0,598,0,0
6062000611,0,0,0,0,0,0,264,0,0,6062077611,0,0,0,0,0,0,595,0,0
6063120611,0,0,0,0,0,0,259,0,0,6063197611,0,0,0,0,0,0,596,0,0
6064240611,0,0,0,0,0,0,259,0,0,6064317611,0,0,0,0,0,0,583,0,0
6065360611,0,0,0,0,0,0,208,0,0,6065437611,0,0,0,0,0,0,549,0,0
6066480611,0,0,0,0,0,0,247,0,0,6066557611,0,0,0,0,0,0,586,0,0
6067600611,0,0,0,0,0,0,219,0,0,6067677611,0,0,0,0,0,0,638,0,0
6068720611,0,0,0,0,0,0,232,0,0,6068797611,0,0,0,0,0,0,624,0,0
6069840611,0,0,0,0,0,0,255,0,0,6069917611,0,0,0,0,0,0,599,0,0
6070960611,0,0,0,0,0,0,226,0,0,6071037611,0,0,0,0,0,0,671,0,0
6072080611,0,0,0,0,0,0,247,0,0,6072157611,0,0,0,0,0,0,624,0,0
6073200611,0,0,0,0,0,0,215,0,0,6073277611,0,0,0,0,0,0,592,0,0
6074320611,0,0,0,0,0,0,228,0,0,6074397611,0,0,0,0,0,0,631,0,0
6075440611,0,0,0,0,0,0,229,0,0,6075517611,0,0,0,0,0,0,599,0,0
6076560611,0,0,0,0,0,0,239,0,0,6076637611,0,0,0,0,0,0,588,0,0
6077680611,0,0,0,0,0,0,217,0,0,6077757611,0,0,0,0,0,0,626,0,0
6078800611,0,0,0,0,0,0,267,0,0,6078877611,0,0,0,0,0,0,637,0,0
6079920611,0,0,0,0,0,0,255,0,0,6079997611,0,0,0,0,0,0,599,0,0
6081040611,0,0,0,0,0,0,260,0,0,6081117611,0,0,0,0,0,0,587,0,0
6082160611,0,0,0,0,0,0,211,0,0,6082237611,0,0,0,0,0,0,610,0,0
6083280611,0,0,0,0,0,0,244,0,0,6083357611,0,0,0,0,0,0,612,0,0
6084400611,0,0,0,0,0,0,244,0,0,6084477611,0,0,0,0,0,0,609,0,0
6085520611,0,0,0,0,0,0,268,0,0,6085597611,0,0,0,0,0,0,574,0,0
6086640611,0,0,0,0,0,0,260,0,0,6086717611,0,0,0,0,0,0,624,0,0
6087760611,0,0,0,0,0,0,191,0,0,6087837611,0,0,0,0,0,0,595,0,0
6088880611,0,0,0,0,0,0,274,0,0,6088957611,0,0,0,0,0,0,592,0,0
6090000611,0,0,0,0,0,0,220,0,0,6090077611,0,0,0,0,0,0,650,0,0
6091120611,0,0,0,0,0,0,247,0,0,6091197611,0,0,0,0,0,0,607,0,0
6092240611,0,0,0,0,0,0,232,0,0,6092317611,0,0,0,0,0,0,636,0,0
6093360611,0,0,0,0,0,0,255,0,0,6093437611,0,0,0,0,0,0,647,0,0
6094480611,0,0,0,0,0,0,237,0,0,6094557611,0,0,0,0,0,0,641,0,0
6095600611,0,0,0,0,0,0,264,0,0,6095677611,0,0,0,0,0,0,653,0,0
6096720611,0,0,0,0,0,0,199,0,0,6096797611,0,0,0,0,0,0,644,0,0
6097840611,0,0,0,0,0,0,253,0,0,6097917611,0,0,0,0,0,0,580,0,0
6098960611,0,0,0,0,0,0,231,0,0,6099037611,0,0,0,0,0,0,580,0,0
6100080611,0,0,0,0,0,0,241,0,0,6100157611,0,0,0,0,0,0,666,0,0
6101200611,0,0,0,0,0,0,251,0,0,6101277611,0,0,0,0,0,0,621,0,0
6102320611,0,0,0,0,0,0,245,0,0,6102397611,0,0,0,0,0,0,655,0,0
6103440611,0,0,0,0,0,0,239,0,0,6103517611,0,0,0,0,0,0,592,0,0
6104560611,0,0,0,0,0,0,247,0,0,6104637611,0,0,0,0,0,0,630,0,0
6105680611,0,0,0,0,0,0,232,0,0,6105757611,0,0,0,0,0,0,622,0,0
6106800611,0,0,0,0,0,0,251,0,0,6106877611,0,0,0,0,0,0,610,0,0
6107920611,0,0,0,0,0,0,282,0,0,6107997611,0,0,0,0,0,0,551,0,0
6109040611,0,0,0,0,0,0,213,0,0,6109117611,0,0,0,0,0,0,580,0,0
6110160611,0,0,0,0,0,0,227,0,0,6110237611,0,0,0,0,0,0,616,0,0
6111280611,0,0,0,0,0,0,279,0,0,6111357611,0,0,0,0,0,0,632,0,0
6112400611,0,0,0,0,0,0,223,0,0,6112477611,0,0,0,0,0,0,588,0,0
6113520611,0,0,0,0,0,0,281,0,0,6113597611,0,0,0,0,0,0,628,0,0
6114640611,0,0,0,0,0,0,252,0,0,6114717611,0,0,0,0,0,0,603,0,0
6115760611,0,0,0,0,0,0,231,0,0,6115837611,0,0,0,0,0,0,655,0,0
6116880611,0,0,0,0,0,0,234,0,0,6116957611,0,0,0,0,0,0,604,0,0
6118000611,0,0,0,0,0,0,272,0,0,6118077611,0,0,0,0,0,0,607,0,0
6119120611,0,0,0,0,0,0,235,0,0,6119197611,0,0,0,0,0,0,580,0,0
6120240611,0,0,0,0,0,0,224,0,0,6120317611,0,0,0,0,0,0,652,0,0
6121360611,0,0,0,0,0,0,220,0,0,6121437611,0,0,0,0,0,0,591,0,0
6122480611,0,0,0,0,0,0,244,0,0,6122557611,0,0,0,0,0,0,607,0,0
6123600611,0,0,0,0,0,0,256,0,0,6123677611,0,0,0,0,0,0,587,0,0
6124720611,0,0,0,0,0,0,207,0,0,6124797611,0,0,0,0,0,0,619,0,0
6125840611,0,0,0,0,0,0,229,0,0,6125917611,0,0,0,0,0,0,-1680,0,0
6126960611,0,0,0,0,0,0,6961,0,0,6127037611,0,0,0,0,0,0,-1951,0,0
6128080611,0,0,0,0,0,0,6979,0,0,6128157611,0,0,0,0,0,0,-2049,0,0
6129200611,0,0,0,0,0,0,6999,0,0,6129277611,0,0,0,0,0,0,-2047,0,0
6130320611,0,0,0,0,0,0,6929,0,0,6130397611,0,0,0,0,0,0,-2030,0,0
6131440611,0,0,0,0,0,0,6974,0,0,6131517611,0,0,0,0,0,0,-2021,0,0
6132560611,0,0,0,0,0,0,6962,0,0,6132637611,0,0,0,0,0,0,-1989,0,0
6133680611,0,0,0,0,0,0,6947,0,0,6133757611,0,0,0,0,0,0,-2040,0,0
6134800611,0,0,0,0,0,0,6945,0,0,6134877611,0,0,0,0,0,0,557,0,0
6135920611,0,0,0,0,0,0,248,0,0,6135997611,0,0,0,0,0,0,646,0,0
6137040611,0,0,0,0,0,0,236,0,0,6137117611,0,0,0,0,0,0,645,0,0
6138160611,0,0,0,0,0,0,234,0,0,6138237611,0,0,0,0,0,0,580,0,0
6139280611,0,0,0,0,0,0,235,0,0,6139357611,0,0,0,0,0,0,643,0,0
6140400611,0,0,0,0,0,0,279,0,0,6140477611,0,0,0,0,0,0,605,0,0
6141520611,0,0,0,0,0,0,226,0,0,6141597611,0,0,0,0,0,0,652,0,0
6142640611,0,0,0,0,0,0,273,0,0,6142717611,0,0,0,0,0,0,589,0,0
6143760611,0,0,0,0,0,0,324,0,0,6143837611,0,0,0,0,0,0,-1438,0,0
6144880611,0,0,0,0,0,0,6974,0,0,6144957611,0,0,0,0,0,0,-2033,0,0
6146000611,0,0,0,0,0,0,6969,0,0,6146077611,0,0,0,0,0,0,-2018,0,0
6147120611,0,0,0,0,0,0,6960,0,0,6147197611,0,0,0,0,0,0,-1988,0,0
6148240611,0,0,0,0,0,0,6975,0,0,6148317611,0,0,0,0,0,0,-2012,0,0
6149360611,0,0,0,0,0,0,6957,0,0,6149437611,0,0,0,0,0,0,-2035,0,0
6150480611,0,0,0,0,0,0,6951,0,0,6150557611,0,0,0,0,0,0,-1991,0,0
6151600611,0,0,0,0,0,0,6963,0,0,6151677611,0,0,0,0,0,0,-2032,0,0
6152720611,0,0,0,0,0,0,6985,0,0,6152797611,0,0,0,0,0,0,198,0,0
6153840611,0,0,0,0,0,0,298,0,0,6153917611,0,0,0,0,0,0,611,0,0
6154960611,0,0,0,0,0,0,203,0,0,6155037611,0,0,0,0,0,0,582,0,0
6156080611,0,0,0,0,0,0,262,0,0,6156157611,0,0,0,0,0,0,643,0,0
6157200611,0,0,0,0,0,0,270,0,0,6157277611,0,0,0,0,0,0,602,0,0
6158320611,0,0,0,0,0,0,215,0,0,6158397611,0,0,0,0,0,0,583,0,0
6159440611,0,0,0,0,0,0,258,0,0,6159517611,0,0,0,0,0,0,610,0,0
6160560611,0,0,0,0,0,0,223,0,0,6160637611,0,0,0,0,0,0,586,0,0
6161680611,0,0,0,0,0,0,245,0,0,6161757611,0,0,0,0,0,0,-862,0,0
6162800611,0,0,0,0,0,0,6885,0,0,6162877611,0,0,0,0,0,0,-2026,0,0
6163920611,0,0,0,0,0,0,6982,0,0,6163997611,0,0,0,0,0,0,-2019,0,0
6165040611,0,0,0,0,0,0,6960,0,0,6165117611,0,0,0,0,0,0,-2014,0,0
6166160611,0,0,0,0,0,0,6973,0,0,6166237611,0,0,0,0,0,0,-2001,0,0
6167280611,0,0,0,0,0,0,6972,0,0,6167357611,0,0,0,0,0,0,-2002,0,0
6168400611,0,0,0,0,0,0,6907,0,0,6168477611,0,0,0,0,0,0,-2019,0,0
6169520611,0,0,0,0,0,0,6935,0,0,6169597611,0,0,0,0,0,0,-1967,0,0
6170640611,0,0,0,0,0,0,6955,0,0,6170717611,0,0,0,0,0,0,-899,0,0
6171760611,0,0,0,0,0,0,214,0,0,6171837611,0,0,0,0,0,0,614,0,0
6172880611,0,0,0,0,0,0,243,0,0,6172957611,0,0,0,0,0,0,651,0,0
6174000611,0,0,0,0,0,0,221,0,0,6174077611,0,0,0,0,0,0,647,0,0
6175120611,0,0,0,0,0,0,262,0,0,6175197611,0,0,0,0,0,0,651,0,0
6176240611,0,0,0,0,0,0,254,0,0,6176317611,0,0,0,0,0,0,623,0,0
6177360611,0,0,0,0,0,0,197,0,0,6177437611,0,0,0,0,0,0,599,0,0
6178480611,0,0,0,0,0,0,242,0,0,6178557611,0,0,0,0,0,0,626,0,0
6179600611,0,0,0,0,0,0,189,0,0,6179677611,0,0,0,0,0,0,462,0,0
6180720611,0,0,0,0,0,0,7005,0,0,6180797611,0,0,0,0,0,0,-1972,0,0
6181840611,0,0,0,0,0,0,6959,0,0,6181917611,0,0,0,0,0,0,-2019,0,0
6182960611,0,0,0,0,0,0,6943,0,0,6183037611,0,0,0,0,0,0,-2034,0,0
6184080611,0,0,0,0,0,0,6927,0,0,6184157611,0,0,0,0,0,0,-1952,0,0
6185200611,0,0,0,0,0,0,6961,0,0,6185277611,0,0,0,0,0,0,-2007,0,0
6186320611,0,0,0,0,0,0,6948,0,0,6186397611,0,0,0,0,0,0,-1979,0,0
6187440611,0,0,0,0,0,0,6983,0,0,6187517611,0,0,0,0,0,0,-1974,0,0
6188560611,0,0,0,0,0,0,6919,0,0,6188637611,0,0,0,0,0,0,-2078,0,0
6189680611,0,0,0,0,0,0,213,0,0,6189757611,0,0,0,0,0,0,598,0,0
6190800611,0,0,0,0,0,0,251,0,0,6190877611,0,0,0,0,0,0,582,0,0
6191920611,0,0,0,0,0,0,268,0,0,6191997611,0,0,0,0,0,0,658,0,0
6193040611,0,0,0,0,0,0,210,0,0,6193117611,0,0,0,0,0,0,635,0,0
6194160611,0,0,0,0,0,0,250,0,0,6194237611,0,0,0,0,0,0,631,0,0
6195280611,0,0,0,0,0,0,217,0,0,6195357611,0,0,0,0,0,0,610,0,0
6196400611,0,0,0,0,0,0,229,0,0,6196477611,0,0,0,0,0,0,640,0,0
6197520611,0,0,0,0,0,0,238,0,0,6197597611,0,0,0,0,0,0,603,0,0
6198640611,0,0,0,0,0,0,6944,0,0,6198717611,0,0,0,0,0,0,-1995,0,0
6199760611,0,0,0,0,0,0,6916,0,0,6199837611,0,0,0,0,0,0,-2017,0,0
6200880611,0,0,0,0,0,0,6940,0,0,6200957611,0,0,0,0,0,0,-1983,0,0
6202000611,0,0,0,0,0,0,6996,0,0,6202077611,0,0,0,0,0,0,-2025,0,0
6203120611,0,0,0,0,0,0,6943,0,0,6203197611,0,0,0,0,0,0,-2052,0,0
6204240611,0,0,0,0,0,0,6963,0,0,6204317611,0,0,0,0,0,0,-2016,0,0
6205360611,0,0,0,0,0,0,6973,0,0,6205437611,0,0,0,0,0,0,-2055,0,0
6206480611,0,0,0,0,0,0,6942,0,0,6206557611,0,0,0,0,0,0,-1978,0,0
6207600611,0,0,0,0,0,0,265,0,0,6207677611,0,0,0,0,0,0,598,0,0
6208720611,0,0,0,0,0,0,223,0,0,6208797611,0,0,0,0,0,0,604,0,0
6209840611,0,0,0,0,0,0,269,0,0,6209917611,0,0,0,0,0,0,591,0,0
6210960611,0,0,0,0,0,0,286,0,0,6211037611,0,0,0,0,0,0,629,0,0
6212080611,0,0,0,0,0,0,270,0,0,6212157611,0,0,0,0,0,0,645,0,0
6213200611,0,0,0,0,0,0,233,0,0,6213277611,0,0,0,0,0,0,642,0,0
6214320611,0,0,0,0,0,0,197,0,0,6214397611,0,0,0,0,0,0,578,0,0
6215440611,0,0,0,0,0,0,241,0,0,6215517611,0,0,0,0,0,0,604,0,0
6216560611,0,0,0,0,0,0,6973,0,0,6216637611,0,0,0,0,0,0,-2005,0,0
6217680611,0,0,0,0,0,0,6978,0,0,6217757611,0,0,0,0,0,0,-2059,0,0
6218800611,0,0,0,0,0,0,6935,0,0,6218877611,0,0,0,0,0,0,-1969,0,0
6219920611,0,0,0,0,0,0,6963,0,0,6219997611,0,0,0,0,0,0,-1981,0,0
6221040611,0,0,0,0,0,0,6958,0,0,6221117611,0,0,0,0,0,0,-2023,0,0
6222160611,0,0,0,0,0,0,6956,0,0,6222237611,0,0,0,0,0,0,-1991,0,0
6223280611,0,0,0,0,0,0,6984,0,0,6223357611,0,0,0,0,0,0,-2082,0,0
6224400611,0,0,0,0,0,0,6951,0,0,6224477611,0,0,0,0,0,0,-2032,0,0
6225520611,0,0,0,0,0,0,261,0,0,6225597611,0,0,0,0,0,0,645,0,0
6226640611,0,0,0,0,0,0,237,0,0,6226717611,0,0,0,0,0,0,641,0,0
6227760611,0,0,0,0,0,0,222,0,0,6227837611,0,0,0,0,0,0,608,0,0
6228880611,0,0,0,0,0,0,217,0,0,6228957611,0,0,0,0,0,0,581,0,0
6230000611,0,0,0,0,0,0,306,0,0,6230077611,0,0,0,0,0,0,612,0,0
6231120611,0,0,0,0,0,0,254,0,0,6231197611,0,0,0,0,0,0,636,0,0
6232240611,0,0,0,0,0,0,204,0,0,6232317611,0,0,0,0,0,0,624,0,0
6233360611,0,0,0,0,0,0,287,0,0,6233437611,0,0,0,0,0,0,609,0,0
6234480611,0,0,0,0,0,0,6970,0,0,6234557611,0,0,0,0,0,0,-1982,0,0
6235600611,0,0,0,0,0,0,6989,0,0,6235677611,0,0,0,0,0,0,-1988,0,0
6236720611,0,0,0,0,0,0,6933,0,0,6236797611,0,0,0,0,0,0,-1995,0,0
6237840611,0,0,0,0,0,0,7006,0,0,6237917611,0,0,0,0,0,0,-1988,0,0
6238960611,0,0,0,0,0,0,6964,0,0,6239037611,0,0,0,0,0,0,-2001,0,0
6240080611,0,0,0,0,0,0,6995,0,0,6240157611,0,0,0,0,0,0,-2023,0,0
6241200611,0,0,0,0,0,0,6935,0,0,6241277611,0,0,0,0,0,0,-2022,0,0
6242320611,0,0,0,0,0,0,6943,0,0,6242397611,0,0,0,0,0,0,-2019,0,0
6243440611,0,0,0,0,0,0,239,0,0,6243517611,0,0,0,0,0,0,620,0,0
6244560611,0,0,0,0,0,0,233,0,0,6244637611,0,0,0,0,0,0,606,0,0
6245680611,0,0,0,0,0,0,256,0,0,6245757611,0,0,0,0,0,0,619,0,0
6246800611,0,0,0,0,0,0,180,0,0,6246877611,0,0,0,0,0,0,613,0,0
6247920611,0,0,0,0,0,0,233,0,0,6247997611,0,0,0,0,0,0,626,0,0
6249040611,0,0,0,0,0,0,245,0,0,6249117611,0,0,0,0,0,0,590,0,0
6250160611,0,0,0,0,0,0,238,0,0,6250237611,0,0,0,0,0,0,578,0,0
6251280611,0,0,0,0,0,0,268,0,0,6251357611,0,0,0,0,0,0,608,0,0
6252400611,0,0,0,0,0,0,6937,0,0,6252477611,0,0,0,0,0,0,-2031,0,0
6253520611,0,0,0,0,0,0,6940,0,0,6253597611,0,0,0,0,0,0,-2036,0,0
6254640611,0,0,0,0,0,0,6936,0,0,6254717611,0,0,0,0,0,0,-1967,0,0
6255760611,0,0,0,0,0,0,6966,0,0,6255837611,0,0,0,0,0,0,-2009,0,0
6256880611,0,0,0,0,0,0,6948,0,0,6256957611,0,0,0,0,0,0,-1998,0,0
6258000611,0,0,0,0,0,0,6989,0,0,6258077611,0,0,0,0,0,0,-2011,0,0
6259120611,0,0,0,0,0,0,6952,0,0,6259197611,0,0,0,0,0,0,-2003,0,0
6260240611,0,0,0,0,0,0,6920,0,0,6260317611,0,0,0,0,0,0,-1977,0,0
6261360611,0,0,0,0,0,0,231,0,0,6261437611,0,0,0,0,0,0,578,0,0
6262480611,0,0,0,0,0,0,282,0,0,6262557611,0,0,0,0,0,0,651,0,0
6263600611,0,0,0,0,0,0,191,0,0,6263677611,0,0,0,0,0,0,636,0,0
6264720611,0,0,0,0,0,0,259,0,0,6264797611,0,0,0,0,0,0,606,0,0
6265840611,0,0,0,0,0,0,238,0,0,6265917611,0,0,0,0,0,0,597,0,0
6266960611,0,0,0,0,0,0,247,0,0,6267037611,0,0,0,0,0,0,605,0,0
6268080611,0,0,0,0,0,0,219,0,0,6268157611,0,0,0,0,0,0,609,0,0
6269200611,0,0,0,0,0,0,214,0,0,6269277611,0,0,0,0,0,0,594,0,0
6270320611,0,0,0,0,0,0,6966,0,0,6270397611,0,0,0,0,0,0,-1997,0,0
6271440611,0,0,0,0,0,0,6913,0,0,6271517611,0,0,0,0,0,0,-2027,0,0
6272560611,0,0,0,0,0,0,6974,0,0,6272637611,0,0,0,0,0,0,-1949,0,0
6273680611,0,0,0,0,0,0,6998,0,0,6273757611,0,0,0,0,0,0,-1975,0,0
6274800611,0,0,0,0,0,0,6965,0,0,6274877611,0,0,0,0,0,0,-2015,0,0
6275920611,0,0,0,0,0,0,6988,0,0,6275997611,0,0,0,0,0,0,-2014,0,0
6277040611,0,0,0,0,0,0,6992,0,0,6277117611,0,0,0,0,0,0,-2022,0,0
6278160611,0,0,0,0,0,0,6981,0,0,6278237611,0,0,0,0,0,0,-2018,0,0
6279280611,0,0,0,0,0,0,206,0,0,6279357611,0,0,0,0,0,0,571,0,0
6280400611,0,0,0,0,0,0,201,0,0,6280477611,0,0,0,0,0,0,615,0,0
6281520611,0,0,0,0,0,0,248,0,0,6281597611,0,0,0,0,0,0,577,0,0
6282640611,0,0,0,0,0,0,203,0,0,6282717611,0,0,0,0,0,0,603,0,0
6283760611,0,0,0,0,0,0,235,0,0,6283837611,0,0,0,0,0,0,641,0,0
6284880611,0,0,0,0,0,0,205,0,0,6284957611,0,0,0,0,0,0,632,0,0
6286000611,0,0,0,0,0,0,223,0,0,6286077611,0,0,0,0,0,0,598,0,0
6287120611,0,0,0,0,0,0,267,0,0,6287197611,0,0,0,0,0,0,617,0,0
6288240611,0,0,0,0,0,0,6981,0,0,6288317611,0,0,0,0,0,0,-1996,0,0
6289360611,0,0,0,0,0,0,6924,0,0,6289437611,0,0,0,0,0,0,-1993,0,0
6290480611,0,0,0,0,0,0,6969,0,0,6290557611,0,0,0,0,0,0,-1935,0,0
6291600611,0,0,0,0,0,0,6967,0,0,6291677611,0,0,0,0,0,0,-2040,0,0
6292720611,0,0,0,0,0,0,6950,0,0,6292797611,0,0,0,0,0,0,-2014,0,0
6293840611,0,0,0,0,0,0,7003,0,0,6293917611,0,0,0,0,0,0,-2026,0,0
6294960611,0,0,0,0,0,0,6922,0,0,6295037611,0,0,0,0,0,0,-2014,0,0
6296080611,0,0,0,0,0,0,6919,0,0,6296157611,0,0,0,0,0,0,-2005,0,0
6297200611,0,0,0,0,0,0,243,0,0,6297277611,0,0,0,0,0,0,637,0,0
6298320611,0,0,0,0,0,0,275,0,0,6298397611,0,0,0,0,0,0,576,0,0
6299440611,0,0,0,0,0,0,289,0,0,6299517611,0,0,0,0,0,0,627,0,0
6300560611,0,0,0,0,0,0,231,0,0,6300637611,0,0,0,0,0,0,600,0,0
6301680611,0,0,0,0,0,0,187,0,0,6301757611,0,0,0,0,0,0,602,0,0
6302800611,0,0,0,0,0,0,224,0,0,6302877611,0,0,0,0,0,0,552,0,0
6303920611,0,0,0,0,0,0,227,0,0,6303997611,0,0,0,0,0,0,580,0,0
6305040611,0,0,0,0,0,0,236,0,0,6305117611,0,0,0,0,0,0,591,0,0
6306160611,0,0,0,0,0,0,6928,0,0,6306237611,0,0,0,0,0,0,-1983,0,0
6307280611,0,0,0,0,0,0,6946,0,0,6307357611,0,0,0,0,0,0,-1997,0,0
6308400611,0,0,0,0,0,0,6968,0,0,6308477611,0,0,0,0,0,0,-2021,0,0
6309520611,0,0,0,0,0,0,6945,0,0,6309597611,0,0,0,0,0,0,-2016,0,0
6310640611,0,0,0,0,0,0,6990,0,0,6310717611,0,0,0,0,0,0,-2036,0,0
6311760611,0,0,0,0,0,0,6961,0,0,6311837611,0,0,0,0,0,0,-2043,0,0
6312880611,0,0,0,0,0,0,6963,0,0,6312957611,0,0,0,0,0,0,-2014,0,0
6314000611,0,0,0,0,0,0,6979,0,0,6314077611,0,0,0,0,0,0,-1996,0,0
6315120611,0,0,0,0,0,0,239,0,0,6315197611,0,0,0,0,0,0,596,0,0
6316240611,0,0,0,0,0,0,211,0,0,6316317611,0,0,0,0,0,0,646,0,0
6317360611,0,0,0,0,0,0,257,0,0,6317437611,0,0,0,0,0,0,617,0,0
6318480611,0,0,0,0,0,0,242,0,0,6318557611,0,0,0,0,0,0,619,0,0
6319600611,0,0,0,0,0,0,247,0,0,6319677611,0,0,0,0,0,0,585,0,0
6320720611,0,0,0,0,0,0,268,0,0,6320797611,0,0,0,0,0,0,585,0,0
6321840611,0,0,0,0,0,0,241,0,0,6321917611,0,0,0,0,0,0,586,0,0
6322960611,0,0,0,0,0,0,261,0,0,6323037611,0,0,0,0,0,0,646,0,0
6324080611,0,0,0,0,0,0,6903,0,0,6324157611,0,0,0,0,0,0,-2023,0,0
6325200611,0,0,0,0,0,0,6983,0,0,6325277611,0,0,0,0,0,0,-2024,0,0
6326320611,0,0,0,0,0,0,6986,0,0,6326397611,0,0,0,0,0,0,-2024,0,0
6327440611,0,0,0,0,0,0,6947,0,0,6327517611,0,0,0,0,0,0,-2031,0,0
6328560611,0,0,0,0,0,0,6959,0,0,6328637611,0,0,0,0,0,0,-2019,0,0
6329680611,0,0,0,0,0,0,6974,0,0,6329757611,0,0,0,0,0,0,-2043,0,0
6330800611,0,0,0,0,0,0,6967,0,0,6330877611,0,0,0,0,0,0,-2024,0,0
6331920611,0,0,0,0,0,0,6950,0,0,6331997611,0,0,0,0,0,0,-2025,0,0
6333040611,0,0,0,0,0,0,252,0,0,6333117611,0,0,0,0,0,0,584,0,0
6334160611,0,0,0,0,0,0,209,0,0,6334237611,0,0,0,0,0,0,601,0,0
6335280611,0,0,0,0,0,0,224,0,0,6335357611,0,0,0,0,0,0,603,0,0
6336400611,0,0,0,0,0,0,238,0,0,6336477611,0,0,0,0,0,0,596,0,0
6337520611,0,0,0,0,0,0,247,0,0,6337597611,0,0,0,0,0,0,595,0,0
6338640611,0,0,0,0,0,0,259,0,0,6338717611,0,0,0,0,0,0,588,0,0
6339760611,0,0,0,0,0,0,205,0,0,6339837611,0,0,0,0,0,0,598,0,0
6340880611,0,0,0,0,0,0,256,0,0,6340957611,0,0,0,0,0,0,612,0,0
6342000611,0,0,0,0,0,0,6937,0,0,6342077611,0,0,0,0,0,0,-2019,0,0
6343120611,0,0,0,0,0,0,6944,0,0,6343197611,0,0,0,0,0,0,-2043,0,0
6344240611,0,0,0,0,0,0,6939,0,0,6344317611,0,0,0,0,0,0,-1992,0,0
6345360611,0,0,0,0,0,0,6975,0,0,6345437611,0,0,0,0,0,0,-2002,0,0
6346480611,0,0,0,0,0,0,6945,0,0,6346557611,0,0,0,0,0,0,-2042,0,0
6347600611,0,0,0,0,0,0,6989,0,0,6347677611,0,0,0,0,0,0,-2026,0,0
6348720611,0,0,0,0,0,0,6963,0,0,6348797611,0,0,0,0,0,0,-2008,0,0
6349840611,0,0,0,0,0,0,6946,0,0,6349917611,0,0,0,0,0,0,-2071,0,0
6350960611,0,0,0,0,0,0,243,0,0,6351037611,0,0,0,0,0,0,636,0,0
6352080611,0,0,0,0,0,0,233,0,0,6352157611,0,0,0,0,0,0,604,0,0
6353200611,0,0,0,0,0,0,221,0,0,6353277611,0,0,0,0,0,0,606,0,0
6354320611,0,0,0,0,0,0,253,0,0,6354397611,0,0,0,0,0,0,623,0,0
6355440611,0,0,0,0,0,0,216,0,0,6355517611,0,0,0,0,0,0,637,0,0
6356560611,0,0,0,0,0,0,280,0,0,6356637611,0,0,0,0,0,0,591,0,0
6357680611,0,0,0,0,0,0,223,0,0,6357757611,0,0,0,0,0,0,602,0,0
6358800611,0,0,0,0,0,0,268,0,0,6358877611,0,0,0,0,0,0,575,0,0
6359920611,0,0,0,0,0,0,6958,0,0,6359997611,0,0,0,0,0,0,-1994,0,0
6361040611,0,0,0,0,0,0,6939,0,0,6361117611,0,0,0,0,0,0,-2013,0,0
6362160611,0,0,0,0,0,0,6910,0,0,6362237611,0,0,0,0,0,0,-2025,0,0
6363280611,0,0,0,0,0,0,6962,0,0,6363357611,0,0,0,0,0,0,-1960,0,0
6364400611,0,0,0,0,0,0,7004,0,0,6364477611,0,0,0,0,0,0,-1987,0,0
6365520611,0,0,0,0,0,0,6974,0,0,6365597611,0,0,0,0,0,0,-2016,0,0
6366640611,0,0,0,0,0,0,6963,0,0,6366717611,0,0,0,0,0,0,-2017,0,0
6367760611,0,0,0,0,0,0,6950,0,0,6367837611,0,0,0,0,0,0,-1994,0,0
6368880611,0,0,0,0,0,0,249,0,0,6368957611,0,0,0,0,0,0,600,0,0
6370000611,0,0,0,0,0,0,254,0,0,6370077611,0,0,0,0,0,0,596,0,0
6371120611,0,0,0,0,0,0,210,0,0,6371197611,0,0,0,0,0,0,611,0,0
6372240611,0,0,0,0,0,0,238,0,0,6372317611,0,0,0,0,0,0,628,0,0
6373360611,0,0,0,0,0,0,231,0,0,6373437611,0,0,0,0,0,0,585,0,0
6374480611,0,0,0,0,0,0,268,0,0,6374557611,0,0,0,0,0,0,590,0,0
6375600611,0,0,0,0,0,0,208,0,0,6375677611,0,0,0,0,0,0,601,0,0
6376720611,0,0,0,0,0,0,260,0,0,6376797611,0,0,0,0,0,0,598,0,0
6377840611,0,0,0,0,0,0,6952,0,0,6377917611,0,0,0,0,0,0,-2021,0,0
6378960611,0,0,0,0,0,0,6958,0,0,6379037611,0,0,0,0,0,0,-2010,0,0
6380080611,0,0,0,0,0,0,6952,0,0,6380157611,0,0,0,0,0,0,-2004,0,0
6381200611,0,0,0,0,0,0,6961,0,0,6381277611,0,0,0,0,0,0,-2027,0,0
6382320611,0,0,0,0,0,0,6951,0,0,6382397611,0,0,0,0,0,0,-1993,0,0
6383440611,0,0,0,0,0,0,6938,0,0,6383517611,0,0,0,0,0,0,-1984,0,0
6384560611,0,0,0,0,0,0,6958,0,0,6384637611,0,0,0,0,0,0,-2012,0,0
6385680611,0,0,0,0,0,0,6993,0,0,6385757611,0,0,0,0,0,0,-2000,0,0
6386800611,0,0,0,0,0,0,238,0,0,6386877611,0,0,0,0,0,0,581,0,0
6387920611,0,0,0,0,0,0,215,0,0,6387997611,0,0,0,0,0,0,588,0,0
6389040611,0,0,0,0,0,0,223,0,0,6389117611,0,0,0,0,0,0,600,0,0
6390160611,0,0,0,0,0,0,261,0,0,6390237611,0,0,0,0,0,0,581,0,0
6391280611,0,0,0,0,0,0,268,0,0,6391357611,0,0,0,0,0,0,631,0,0
6392400611,0,0,0,0,0,0,201,0,0,6392477611,0,0,0,0,0,0,584,0,0
6393520611,0,0,0,0,0,0,245,0,0,6393597611,0,0,0,0,0,0,591,0,0
6394640611,0,0,0,0,0,0,245,0,0,6394717611,0,0,0,0,0,0,580,0,0
6395760611,0,0,0,0,0,0,6951,0,0,6395837611,0,0,0,0,0,0,-1996,0,0
6396880611,0,0,0,0,0,0,6930,0,0,6396957611,0,0,0,0,0,0,-2010,0,0
6398000611,0,0,0,0,0,0,6979,0,0,6398077611,0,0,0,0,0,0,-1974,0,0
6399120611,0,0,0,0,0,0,6914,0,0,6399197611,0,0,0,0,0,0,-1972,0,0
6400240611,0,0,0,0,0,0,6966,0,0,6400317611,0,0,0,0,0,0,-1984,0,0
6401360611,0,0,0,0,0,0,6925,0,0,6401437611,0,0,0,0,0,0,-2033,0,0
6402480611,0,0,0,0,0,0,6971,0,0,6402557611,0,0,0,0,0,0,-2018,0,0
6403600611,0,0,0,0,0,0,6983,0,0,6403677611,0,0,0,0,0,0,-2035,0,0
6404720611,0,0,0,0,0,0,238,0,0,6404797611,0,0,0,0,0,0,640,0,0
6405840611,0,0,0,0,0,0,215,0,0,6405917611,0,0,0,0,0,0,639,0,0
6406960611,0,0,0,0,0,0,277,0,0,6407037611,0,0,0,0,0,0,549,0,0
6408080611,0,0,0,0,0,0,230,0,0,6408157611,0,0,0,0,0,0,601,0,0
6409200611,0,0,0,0,0,0,272,0,0,6409277611,0,0,0,0,0,0,617,0,0
6410320611,0,0,0,0,0,0,223,0,0,6410397611,0,0,0,0,0,0,622,0,0
6411440611,0,0,0,0,0,0,238,0,0,6411517611,0,0,0,0,0,0,604,0,0
6412560611,0,0,0,0,0,0,274,0,0,6412637611,0,0,0,0,0,0,569,0,0
6413680611,0,0,0,0,0,0,6949,0,0,6413757611,0,0,0,0,0,0,-2063,0,0
6414800611,0,0,0,0,0,0,6952,0,0,6414877611,0,0,0,0,0,0,-2025,0,0
6415920611,0,0,0,0,0,0,6959,0,0,6415997611,0,0,0,0,0,0,-2010,0,0
6417040611,0,0,0,0,0,0,6931,0,0,6417117611,0,0,0,0,0,0,-2018,0,0
6418160611,0,0,0,0,0,0,6970,0,0,6418237611,0,0,0,0,0,0,-2080,0,0
6419280611,0,0,0,0,0,0,6945,0,0,6419357611,0,0,0,0,0,0,-2057,0,0
6420400611,0,0,0,0,0,0,6968,0,0,6420477611,0,0,0,0,0,0,-2062,0,0
6421520611,0,0,0,0,0,0,6916,0,0,6421597611,0,0,0,0,0,0,-2018,0,0
6422640611,0,0,0,0,0,0,279,0,0,6422717611,0,0,0,0,0,0,641,0,0
6423760611,0,0,0,0,0,0,213,0,0,6423837611,0,0,0,0,0,0,579,0,0
6424880611,0,0,0,0,0,0,224,0,0,6424957611,0,0,0,0,0,0,616,0,0
6426000611,0,0,0,0,0,0,227,0,0,6426077611,0,0,0,0,0,0,572,0,0
6427120611,0,0,0,0,0,0,220,0,0,6427197611,0,0,0,0,0,0,608,0,0
6428240611,0,0,0,0,0,0,245,0,0,6428317611,0,0,0,0,0,0,627,0,0
6429360611,0,0,0,0,0,0,277,0,0,6429437611,0,0,0,0,0,0,610,0,0
6430480611,0,0,0,0,0,0,250,0,0,6430557611,0,0,0,0,0,0,594,0,0
6431600611,0,0,0,0,0,0,6904,0,0,6431677611,0,0,0,0,0,0,-1968,0,0
6432720611,0,0,0,0,0,0,6966,0,0,6432797611,0,0,0,0,0,0,-2011,0,0
6433840611,0,0,0,0,0,0,6951,0,0,6433917611,0,0,0,0,0,0,-1987,0,0
6434960611,0,0,0,0,0,0,6967,0,0,6435037611,0,0,0,0,0,0,-2022,0,0
6436080611,0,0,0,0,0,0,6939,0,0,6436157611,0,0,0,0,0,0,-2032,0,0
6437200611,0,0,0,0,0,0,6932,0,0,6437277611,0,0,0,0,0,0,-1988,0,0
6438320611,0,0,0,0,0,0,6914,0,0,6438397611,0,0,0,0,0,0,-2054,0,0
6439440611,0,0,0,0,0,0,6955,0,0,6439517611,0,0,0,0,0,0,-1994,0,0
6440560611,0,0,0,0,0,0,266,0,0,6440637611,0,0,0,0,0,0,663,0,0
6441680611,0,0,0,0,0,0,272,0,0,6441757611,0,0,0,0,0,0,562,0,0
6442800611,0,0,0,0,0,0,251,0,0,6442877611,0,0,0,0,0,0,606,0,0
6443920611,0,0,0,0,0,0,235,0,0,6443997611,0,0,0,0,0,0,609,0,0
6445040611,0,0,0,0,0,0,219,0,0,6445117611,0,0,0,0,0,0,621,0,0
6446160611,0,0,0,0,0,0,246,0,0,6446237611,0,0,0,0,0,0,571,0,0
6447280611,0,0,0,0,0,0,217,0,0,6447357611,0,0,0,0,0,0,580,0,0
6448400611,0,0,0,0,0,0,227,0,0,6448477611,0,0,0,0,0,0,609,0,0
6449520611,0,0,0,0,0,0,6938,0,0,6449597611,0,0,0,0,0,0,-1992,0,0
6450640611,0,0,0,0,0,0,6962,0,0,6450717611,0,0,0,0,0,0,-2019,0,0
6451760611,0,0,0,0,0,0,6937,0,0,6451837611,0,0,0,0,0,0,-2005,0,0
6452880611,0,0,0,0,0,0,6906,0,0,6452957611,0,0,0,0,0,0,-2018,0,0
6454000611,0,0,0,0,0,0,6954,0,0,6454077611,0,0,0,0,0,0,-2015,0,0
6455120611,0,0,0,0,0,0,6971,0,0,6455197611,0,0,0,0,0,0,-2029,0,0
6456240611,0,0,0,0,0,0,6948,0,0,6456317611,0,0,0,0,0,0,-1975,0,0
6457360611,0,0,0,0,0,0,6959,0,0,6457437611,0,0,0,0,0,0,-2003,0,0
6458480611,0,0,0,0,0,0,251,0,0,6458557611,0,0,0,0,0,0,597,0,0
6459600611,0,0,0,0,0,0,209,0,0,6459677611,0,0,0,0,0,0,600,0,0
6460720611,0,0,0,0,0,0,238,0,0,6460797611,0,0,0,0,0,0,607,0,0
6461840611,0,0,0,0,0,0,281,0,0,6461917611,0,0,0,0,0,0,585,0,0
6462960611,0,0,0,0,0,0,222,0,0,6463037611,0,0,0,0,0,0,620,0,0
6464080611,0,0,0,0,0,0,225,0,0,6464157611,0,0,0,0,0,0,620,0,0
6465200611,0,0,0,0,0,0,249,0,0,6465277611,0,0,0,0,0,0,608,0,0
6466320611,0,0,0,0,0,0,228,0,0,6466397611,0,0,0,0,0,0,605,0,0
6467440611,0,0,0,0,0,0,6935,0,0,6467517611,0,0,0,0,0,0,-2015,0,0
6468560611,0,0,0,0,0,0,6963,0,0,6468637611,0,0,0,0,0,0,-1994,0,0
6469680611,0,0,0,0,0,0,6929,0,0,6469757611,0,0,0,0,0,0,-1987,0,0
6470800611,0,0,0,0,0,0,6929,0,0,6470877611,0,0,0,0,0,0,-1991,0,0
6471920611,0,0,0,0,0,0,6960,0,0,6471997611,0,0,0,0,0,0,-1975,0,0
6473040611,0,0,0,0,0,0,6948,0,0,6473117611,0,0,0,0,0,0,-1992,0,0
6474160611,0,0,0,0,0,0,6893,0,0,6474237611,0,0,0,0,0,0,-2021,0,0
6475280611,0,0,0,0,0,0,6951,0,0,6475357611,0,0,0,0,0,0,-2019,0,0
6476400611,0,0,0,0,0,0,227,0,0,6476477611,0,0,0,0,0,0,617,0,0
6477520611,0,0,0,0,0,0,284,0,0,6477597611,0,0,0,0,0,0,583,0,0
6478640611,0,0,0,0,0,0,242,0,0,6478717611,0,0,0,0,0,0,601,0,0
6479760611,0,0,0,0,0,0,203,0,0,6479837611,0,0,0,0,0,0,557,0,0
6480880611,0,0,0,0,0,0,279,0,0,6480957611,0,0,0,0,0,0,602,0,0
6482000611,0,0,0,0,0,0,235,0,0,6482077611,0,0,0,0,0,0,558,0,0
6483120611,0,0,0,0,0,0,215,0,0,6483197611,0,0,0,0,0,0,616,0,0
6484240611,0,0,0,0,0,0,213,0,0,6484317611,0,0,0,0,0,0,593,0,0
6485360611,0,0,0,0,0,0,6956,0,0,6485437611,0,0,0,0,0,0,-2017,0,0
6486480611,0,0,0,0,0,0,6930,0,0,6486557611,0,0,0,0,0,0,-2037,0,0
6487600611,0,0,0,0,0,0,6950,0,0,6487677611,0,0,0,0,0,0,-2016,0,0
6488720611,0,0,0,0,0,0,6957,0,0,6488797611,0,0,0,0,0,0,-1993,0,0
6489840611,0,0,0,0,0,0,6929,0,0,6489917611,0,0,0,0,0,0,-1976,0,0
6490960611,0,0,0,0,0,0,7015,0,0,6491037611,0,0,0,0,0,0,-2009,0,0
6492080611,0,0,0,0,0,0,6948,0,0,6492157611,0,0,0,0,0,0,-2014,0,0
6493200611,0,0,0,0,0,0,6965,0,0,6493277611,0,0,0,0,0,0,-2010,0,0
6494320611,0,0,0,0,0,0,257,0,0,6494397611,0,0,0,0,0,0,597,0,0
6495440611,0,0,0,0,0,0,242,0,0,6495517611,0,0,0,0,0,0,573,0,0
6496560611,0,0,0,0,0,0,206,0,0,6496637611,0,0,0,0,0,0,623,0,0
6497680611,0,0,0,0,0,0,252,0,0,6497757611,0,0,0,0,0,0,626,0,0
6498800611,0,0,0,0,0,0,247,0,0,6498877611,0,0,0,0,0,0,549,0,0
6499920611,0,0,0,0,0,0,214,0,0,6499997611,0,0,0,0,0,0,592,0,0
6501040611,0,0,0,0,0,0,221,0,0,6501117611,0,0,0,0,0,0,587,0,0
6502160611,0,0,0,0,0,0,207,0,0,6502237611,0,0,0,0,0,0,591,0,0
6503280611,0,0,0,0,0,0,6915,0,0,6503357611,0,0,0,0,0,0,-2005,0,0
6504400611,0,0,0,0,0,0,6959,0,0,6504477611,0,0,0,0,0,0,-1993,0,0
6505520611,0,0,0,0,0,0,6949,0,0,6505597611,0,0,0,0,0,0,-1976,0,0
6506640611,0,0,0,0,0,0,6919,0,0,6506717611,0,0,0,0,0,0,-2032,0,0
6507760611,0,0,0,0,0,0,6945,0,0,6507837611,0,0,0,0,0,0,-1993,0,0
6508880611,0,0,0,0,0,0,6937,0,0,6508957611,0,0,0,0,0,0,-1981,0,0
6510000611,0,0,0,0,0,0,6968,0,0,6510077611,0,0,0,0,0,0,-2010,0,0
6511120611,0,0,0,0,0,0,6974,0,0,6511197611,0,0,0,0,0,0,-2002,0,0
6512240611,0,0,0,0,0,0,183,0,0,6512317611,0,0,0,0,0,0,586,0,0
6513360611,0,0,0,0,0,0,251,0,0,6513437611,0,0,0,0,0,0,624,0,0
6514480611,0,0,0,0,0,0,251,0,0,6514557611,0,0,0,0,0,0,642,0,0
6515600611,0,0,0,0,0,0,243,0,0,6515677611,0,0,0,0,0,0,601,0,0
6516720611,0,0,0,0,0,0,234,0,0,6516797611,0,0,0,0,0,0,612,0,0
6517840611,0,0,0,0,0,0,232,0,0,6517917611,0,0,0,0,0,0,588,0,0
6518960611,0,0,0,0,0,0,232,0,0,6519037611,0,0,0,0,0,0,631,0,0
6520080611,0,0,0,0,0,0,244,0,0,6520157611,0,0,0,0,0,0,596,0,0
6521200611,0,0,0,0,0,0,6952,0,0,6521277611,0,0,0,0,0,0,-2001,0,0
6522320611,0,0,0,0,0,0,6945,0,0,6522397611,0,0,0,0,0,0,-2047,0,0
6523440611,0,0,0,0,0,0,6944,0,0,6523517611,0,0,0,0,0,0,-1986,0,0
6524560611,0,0,0,0,0,0,6964,0,0,6524637611,0,0,0,0,0,0,-2015,0,0
6525680611,0,0,0,0,0,0,6910,0,0,6525757611,0,0,0,0,0,0,-1988,0,0
6526800611,0,0,0,0,0,0,6921,0,0,6526877611,0,0,0,0,0,0,-1977,0,0
6527920611,0,0,0,0,0,0,6911,0,0,6527997611,0,0,0,0,0,0,-1943,0,0
6529040611,0,0,0,0,0,0,6997,0,0,6529117611,0,0,0,0,0,0,-2000,0,0
6530160611,0,0,0,0,0,0,255,0,0,6530237611,0,0,0,0,0,0,629,0,0
6531280611,0,0,0,0,0,0,256,0,0,6531357611,0,0,0,0,0,0,596,0,0
6532400611,0,0,0,0,0,0,256,0,0,6532477611,0,0,0,0,0,0,636,0,0
6533520611,0,0,0,0,0,0,194,0,0,6533597611,0,0,0,0,0,0,594,0,0
6534640611,0,0,0,0,0,0,259,0,0,6534717611,0,0,0,0,0,0,639,0,0
6535760611,0,0,0,0,0,0,241,0,0,6535837611,0,0,0,0,0,0,601,0,0
6536880611,0,0,0,0,0,0,265,0,0,6536957611,0,0,0,0,0,0,637,0,0
6538000611,0,0,0,0,0,0,232,0,0,6538077611,0,0,0,0,0,0,620,0,0
6539120611,0,0,0,0,0,0,6979,0,0,6539197611,0,0,0,0,0,0,-2061,0,0
6540240611,0,0,0,0,0,0,6916,0,0,6540317611,0,0,0,0,0,0,-2018,0,0
6541360611,0,0,0,0,0,0,6954,0,0,6541437611,0,0,0,0,0,0,-2029,0,0
6542480611,0,0,0,0,0,0,6934,0,0,6542557611,0,0,0,0,0,0,-2020,0,0
6543600611,0,0,0,0,0,0,6979,0,0,6543677611,0,0,0,0,0,0,-2037,0,0
6544720611,0,0,0,0,0,0,6989,0,0,6544797611,0,0,0,0,0,0,-2013,0,0
6545840611,0,0,0,0,0,0,6931,0,0,6545917611,0,0,0,0,0,0,-1997,0,0
6546960611,0,0,0,0,0,0,6938,0,0,6547037611,0,0,0,0,0,0,-2070,0,0
6548080611,0,0,0,0,0,0,238,0,0,6548157611,0,0,0,0,0,0,563,0,0
6549200611,0,0,0,0,0,0,225,0,0,6549277611,0,0,0,0,0,0,597,0,0
6550320611,0,0,0,0,0,0,211,0,0,6550397611,0,0,0,0,0,0,601,0,0
6551440611,0,0,0,0,0,0,244,0,0,6551517611,0,0,0,0,0,0,608,0,0
6552560611,0,0,0,0,0,0,226,0,0,6552637611,0,0,0,0,0,0,635,0,0
6553680611,0,0,0,0,0,0,235,0,0,6553757611,0,0,0,0,0,0,614,0,0
6554800611,0,0,0,0,0,0,244,0,0,6554877611,0,0,0,0,0,0,608,0,0
6555920611,0,0,0,0,0,0,230,0,0,6555997611,0,0,0,0,0,0,625,0,0
6557040611,0,0,0,0,0,0,6965,0,0,6557117611,0,0,0,0,0,0,-1986,0,0
6558160611,0,0,0,0,0,0,6955,0,0,6558237611,0,0,0,0,0,0,-1960,0,0
6559280611,0,0,0,0,0,0,6911,0,0,6559357611,0,0,0,0,0,0,-2046,0,0
6560400611,0,0,0,0,0,0,6955,0,0,6560477611,0,0,0,0,0,0,-1996,0,0
6561520611,0,0,0,0,0,0,6910,0,0,6561597611,0,0,0,0,0,0,-2017,0,0
6562640611,0,0,0,0,0,0,6933,0,0,6562717611,0,0,0,0,0,0,-2012,0,0
6563760611,0,0,0,0,0,0,6931,0,0,6563837611,0,0,0,0,0,0,-2031,0,0
6564880611,0,0,0,0,0,0,6948,0,0,6564957611,0,0,0,0,0,0,-2000,0,0
6566000611,0,0,0,0,0,0,236,0,0,6566077611,0,0,0,0,0,0,574,0,0
6567120611,0,0,0,0,0,0,262,0,0,6567197611,0,0,0,0,0,0,645,0,0
6568240611,0,0,0,0,0,0,223,0,0,6568317611,0,0,0,0,0,0,608,0,0
6569360611,0,0,0,0,0,0,266,0,0,6569437611,0,0,0,0,0,0,582,0,0
6570480611,0,0,0,0,0,0,244,0,0,6570557611,0,0,0,0,0,0,658,0,0
6571600611,0,0,0,0,0,0,219,0,0,6571677611,0,0,0,0,0,0,646,0,0
6572720611,0,0,0,0,0,0,252,0,0,6572797611,0,0,0,0,0,0,611,0,0
6573840611,0,0,0,0,0,0,210,0,0,6573917611,0,0,0,0,0,0,605,0,0
6574960611,0,0,0,0,0,0,6967,0,0,6575037611,0,0,0,0,0,0,-2006,0,0
6576080611,0,0,0,0,0,0,6954,0,0,6576157611,0,0,0,0,0,0,-2022,0,0
6577200611,0,0,0,0,0,0,6949,0,0,6577277611,0,0,0,0,0,0,-2020,0,0
6578320611,0,0,0,0,0,0,6946,0,0,6578397611,0,0,0,0,0,0,-2009,0,0
6579440611,0,0,0,0,0,0,6983,0,0,6579517611,0,0,0,0,0,0,-2035,0,0
6580560611,0,0,0,0,0,0,6897,0,0,6580637611,0,0,0,0,0,0,-2022,0,0
6581680611,0,0,0,0,0,0,6929,0,0,6581757611,0,0,0,0,0,0,-1996,0,0
6582800611,0,0,0,0,0,0,6947,0,0,6582877611,0,0,0,0,0,0,-1990,0,0
6583920611,0,0,0,0,0,0,220,0,0,6583997611,0,0,0,0,0,0,631,0,0
6585040611,0,0,0,0,0,0,249,0,0,6585117611,0,0,0,0,0,0,554,0,0
6586160611,0,0,0,0,0,0,218,0,0,6586237611,0,0,0,0,0,0,614,0,0
6587280611,0,0,0,0,0,0,271,0,0,6587357611,0,0,0,0,0,0,587,0,0
6588400611,0,0,0,0,0,0,250,0,0,6588477611,0,0,0,0,0,0,642,0,0
6589520611,0,0,0,0,0,0,247,0,0,6589597611,0,0,0,0,0,0,651,0,0
6590640611,0,0,0,0,0,0,204,0,0,6590717611,0,0,0,0,0,0,595,0,0
6591760611,0,0,0,0,0,0,259,0,0,6591837611,0,0,0,0,0,0,644,0,0
6592880611,0,0,0,0,0,0,6973,0,0,6592957611,0,0,0,0,0,0,-2004,0,0
6594000611,0,0,0,0,0,0,6944,0,0,6594077611,0,0,0,0,0,0,-2033,0,0
6595120611,0,0,0,0,0,0,6932,0,0,6595197611,0,0,0,0,0,0,-1958,0,0
6596240611,0,0,0,0,0,0,6966,0,0,6596317611,0,0,0,0,0,0,-2039,0,0
6597360611,0,0,0,0,0,0,6930,0,0,6597437611,0,0,0,0,0,0,-2047,0,0
6598480611,0,0,0,0,0,0,6950,0,0,6598557611,0,0,0,0,0,0,-1998,0,0
6599600611,0,0,0,0,0,0,6956,0,0,6599677611,0,0,0,0,0,0,-2008,0,0
6600720611,0,0,0,0,0,0,6957,0,0,6600797611,0,0,0,0,0,0,-2007,0,0
6601840611,0,0,0,0,0,0,255,0,0,6601917611,0,0,0,0,0,0,647,0,0
6602960611,0,0,0,0,0,0,228,0,0,6603037611,0,0,0,0,0,0,588,0,0
6604080611,0,0,0,0,0,0,247,0,0,6604157611,0,0,0,0,0,0,633,0,0
6605200611,0,0,0,0,0,0,252,0,0,6605277611,0,0,0,0,0,0,636,0,0
6606320611,0,0,0,0,0,0,225,0,0,6606397611,0,0,0,0,0,0,618,0,0
6607440611,0,0,0,0,0,0,228,0,0,6607517611,0,0,0,0,0,0,619,0,0
6608560611,0,0,0,0,0,0,281,0,0,6608637611,0,0,0,0,0,0,650,0,0
6609680611,0,0,0,0,0,0,225,0,0,6609757611,0,0,0,0,0,0,629,0,0
6610800611,0,0,0,0,0,0,6940,0,0,6610877611,0,0,0,0,0,0,-2056,0,0
6611920611,0,0,0,0,0,0,6971,0,0,6611997611,0,0,0,0,0,0,-1998,0,0
6613040611,0,0,0,0,0,0,6926,0,0,6613117611,0,0,0,0,0,0,-2011,0,0
6614160611,0,0,0,0,0,0,6939,0,0,6614237611,0,0,0,0,0,0,-2016,0,0
6615280611,0,0,0,0,0,0,6945,0,0,6615357611,0,0,0,0,0,0,-1988,0,0
6616400611,0,0,0,0,0,0,6960,0,0,6616477611,0,0,0,0,0,0,-1996,0,0
6617520611,0,0,0,0,0,0,6949,0,0,6617597611,0,0,0,0,0,0,-2013,0,0
6618640611,0,0,0,0,0,0,6916,0,0,6618717611,0,0,0,0,0,0,-2004,0,0
6619760611,0,0,0,0,0,0,246,0,0,6619837611,0,0,0,0,0,0,569,0,0
6620880611,0,0,0,0,0,0,236,0,0,6620957611,0,0,0,0,0,0,577,0,0
6622000611,0,0,0,0,0,0,238,0,0,6622077611,0,0,0,0,0,0,612,0,0
6623120611,0,0,0,0,0,0,249,0,0,6623197611,0,0,0,0,0,0,630,0,0
6624240611,0,0,0,0,0,0,273,0,0,6624317611,0,0,0,0,0,0,569,0,0
6625360611,0,0,0,0,0,0,242,0,0,6625437611,0,0,0,0,0,0,584,0,0
6626480611,0,0,0,0,0,0,239,0,0,6626557611,0,0,0,0,0,0,591,0,0
6627600611,0,0,0,0,0,0,249,0,0,6627677611,0,0,0,0,0,0,632,0,0
6628720611,0,0,0,0,0,0,6975,0,0,6628797611,0,0,0,0,0,0,-2017,0,0
6629840611,0,0,0,0,0,0,6951,0,0,6629917611,0,0,0,0,0,0,-1995,0,0
6630960611,0,0,0,0,0,0,6933,0,0,6631037611,0,0,0,0,0,0,-2031,0,0
6632080611,0,0,0,0,0,0,6925,0,0,6632157611,0,0,0,0,0,0,-1991,0,0
6633200611,0,0,0,0,0,0,6926,0,0,6633277611,0,0,0,0,0,0,-2039,0,0
6634320611,0,0,0,0,0,0,6957,0,0,6634397611,0,0,0,0,0,0,-1964,0,0
6635440611,0,0,0,0,0,0,6952,0,0,6635517611,0,0,0,0,0,0,-2009,0,0
6636560611,0,0,0,0,0,0,6955,0,0,6636637611,0,0,0,0,0,0,-2020,0,0
6637680611,0,0,0,0,0,0,236,0,0,6637757611,0,0,0,0,0,0,586,0,0
6638800611,0,0,0,0,0,0,199,0,0,6638877611,0,0,0,0,0,0,616,0,0
6639920611,0,0,0,0,0,0,274,0,0,6639997611,0,0,0,0,0,0,601,0,0
6641040611,0,0,0,0,0,0,223,0,0,6641117611,0,0,0,0,0,0,626,0,0
6642160611,0,0,0,0,0,0,223,0,0,6642237611,0,0,0,0,0,0,605,0,0
6643280611,0,0,0,0,0,0,238,0,0,6643357611,0,0,0,0,0,0,603,0,0
6644400611,0,0,0,0,0,0,222,0,0,6644477611,0,0,0,0,0,0,601,0,0
6645520611,0,0,0,0,0,0,208,0,0,6645597611,0,0,0,0,0,0,552,0,0
6646640611,0,0,0,0,0,0,6902,0,0,6646717611,0,0,0,0,0,0,-1981,0,0
6647760611,0,0,0,0,0,0,6937,0,0,6647837611,0,0,0,0,0,0,-2010,0,0
6648880611,0,0,0,0,0,0,6918,0,0,6648957611,0,0,0,0,0,0,-2030,0,0
6650000611,0,0,0,0,0,0,6953,0,0,6650077611,0,0,0,0,0,0,-2033,0,0
6651120611,0,0,0,0,0,0,6948,0,0,6651197611,0,0,0,0,0,0,-2042,0,0
6652240611,0,0,0,0,0,0,6917,0,0,6652317611,0,0,0,0,0,0,-2043,0,0
6653360611,0,0,0,0,0,0,6963,0,0,6653437611,0,0,0,0,0,0,-2004,0,0
6654480611,0,0,0,0,0,0,6980,0,0,6654557611,0,0,0,0,0,0,-1983,0,0
6655600611,0,0,0,0,0,0,219,0,0,6655677611,0,0,0,0,0,0,594,0,0
6656720611,0,0,0,0,0,0,273,0,0,6656797611,0,0,0,0,0,0,629,0,0
6657840611,0,0,0,0,0,0,241,0,0,6657917611,0,0,0,0,0,0,668,0,0
6658960611,0,0,0,0,0,0,259,0,0,6659037611,0,0,0,0,0,0,571,0,0
6660080611,0,0,0,0,0,0,258,0,0,6660157611,0,0,0,0,0,0,573,0,0
6661200611,0,0,0,0,0,0,237,0,0,6661277611,0,0,0,0,0,0,606,0,0
6662320611,0,0,0,0,0,0,194,0,0,6662397611,0,0,0,0,0,0,608,0,0
6663440611,0,0,0,0,0,0,199,0,0,6663517611,0,0,0,0,0,0,606,0,0
6664560611,0,0,0,0,0,0,6920,0,0,6664637611,0,0,0,0,0,0,-1981,0,0
6665680611,0,0,0,0,0,0,6991,0,0,6665757611,0,0,0,0,0,0,-1994,0,0
6666800611,0,0,0,0,0,0,6922,0,0,6666877611,0,0,0,0,0,0,-2020,0,0
6667920611,0,0,0,0,0,0,6947,0,0,6667997611,0,0,0,0,0,0,-2028,0,0
6669040611,0,0,0,0,0,0,6928,0,0,6669117611,0,0,0,0,0,0,-1996,0,0
6670160611,0,0,0,0,0,0,6968,0,0,6670237611,0,0,0,0,0,0,-2028,0,0
6671280611,0,0,0,0,0,0,6974,0,0,6671357611,0,0,0,0,0,0,-2016,0,0
6672400611,0,0,0,0,0,0,6938,0,0,6672477611,0,0,0,0,0,0,-2002,0,0
6673520611,0,0,0,0,0,0,219,0,0,6673597611,0,0,0,0,0,0,593,0,0
6674640611,0,0,0,0,0,0,232,0,0,6674717611,0,0,0,0,0,0,630,0,0
6675760611,0,0,0,0,0,0,199,0,0,6675837611,0,0,0,0,0,0,612,0,0
6676880611,0,0,0,0,0,0,214,0,0,6676957611,0,0,0,0,0,0,608,0,0
6678000611,0,0,0,0,0,0,230,0,0,6678077611,0,0,0,0,0,0,625,0,0
6679120611,0,0,0,0,0,0,233,0,0,6679197611,0,0,0,0,0,0,591,0,0
6680240611,0,0,0,0,0,0,233,0,0,6680317611,0,0,0,0,0,0,604,0,0
6681360611,0,0,0,0,0,0,203,0,0,6681437611,0,0,0,0,0,0,592,0,0
6682480611,0,0,0,0,0,0,6948,0,0,6682557611,0,0,0,0,0,0,-2025,0,0
6683600611,0,0,0,0,0,0,6957,0,0,6683677611,0,0,0,0,0,0,-1984,0,0
6684720611,0,0,0,0,0,0,6936,0,0,6684797611,0,0,0,0,0,0,-2011,0,0
6685840611,0,0,0,0,0,0,6893,0,0,6685917611,0,0,0,0,0,0,-1993,0,0
6686960611,0,0,0,0,0,0,7004,0,0,6687037611,0,0,0,0,0,0,-2012,0,0
6688080611,0,0,0,0,0,0,6907,0,0,6688157611,0,0,0,0,0,0,-1992,0,0
6689200611,0,0,0,0,0,0,6957,0,0,6689277611,0,0,0,0,0,0,-1998,0,0
6690320611,0,0,0,0,0,0,6917,0,0,6690397611,0,0,0,0,0,0,-1995,0,0
6691440611,0,0,0,0,0,0,246,0,0,6691517611,0,0,0,0,0,0,577,0,0
6692560611,0,0,0,0,0,0,263,0,0,6692637611,0,0,0,0,0,0,608,0,0
6693680611,0,0,0,0,0,0,252,0,0,6693757611,0,0,0,0,0,0,550,0,0
6694800611,0,0,0,0,0,0,246,0,0,6694877611,0,0,0,0,0,0,612,0,0
6695920611,0,0,0,0,0,0,252,0,0,6695997611,0,0,0,0,0,0,614,0,0
6697040611,0,0,0,0,0,0,291,0,0,6697117611,0,0,0,0,0,0,616,0,0
6698160611,0,0,0,0,0,0,291,0,0,6698237611,0,0,0,0,0,0,616,0,0
6699280611,0,0,0,0,0,0,266,0,0,6699357611,0,0,0,0,0,0,617,0,0
6700400611,0,0,0,0,0,0,6960,0,0,6700477611,0,0,0,0,0,0,-2036,0,0
6701520611,0,0,0,0,0,0,6964,0,0,6701597611,0,0,0,0,0,0,-2012,0,0
6702640611,0,0,0,0,0,0,6948,0,0,6702717611,0,0,0,0,0,0,-2018,0,0
6703760611,0,0,0,0,0,0,6954,0,0,6703837611,0,0,0,0,0,0,-2020,0,0
6704880611,0,0,0,0,0,0,6976,0,0,6704957611,0,0,0,0,0,0,-2013,0,0
6706000611,0,0,0,0,0,0,6957,0,0,6706077611,0,0,0,0,0,0,-1995,0,0
6707120611,0,0,0,0,0,0,6914,0,0,6707197611,0,0,0,0,0,0,-2028,0,0
6708240611,0,0,0,0,0,0,6943,0,0,6708317611,0,0,0,0,0,0,-2022,0,0
6709360611,0,0,0,0,0,0,265,0,0,6709437611,0,0,0,0,0,0,592,0,0
6710480611,0,0,0,0,0,0,223,0,0,6710557611,0,0,0,0,0,0,622,0,0
6711600611,0,0,0,0,0,0,206,0,0,6711677611,0,0,0,0,0,0,574,0,0
6712720611,0,0,0,0,0,0,244,0,0,6712797611,0,0,0,0,0,0,584,0,0
6713840611,0,0,0,0,0,0,235,0,0,6713917611,0,0,0,0,0,0,580,0,0
6714960611,0,0,0,0,0,0,293,0,0,6715037611,0,0,0,0,0,0,646,0,0
6716080611,0,0,0,0,0,0,250,0,0,6716157611,0,0,0,0,0,0,625,0,0
6717200611,0,0,0,0,0,0,255,0,0,6717277611,0,0,0,0,0,0,633,0,0
6718320611,0,0,0,0,0,0,6936,0,0,6718397611,0,0,0,0,0,0,-2023,0,0
6719440611,0,0,0,0,0,0,7012,0,0,6719517611,0,0,0,0,0,0,-2006,0,0
6720560611,0,0,0,0,0,0,6935,0,0,6720637611,0,0,0,0,0,0,-1980,0,0
6721680611,0,0,0,0,0,0,6934,0,0,6721757611,0,0,0,0,0,0,-2006,0,0
6722800611,0,0,0,0,0,0,6937,0,0,6722877611,0,0,0,0,0,0,-2005,0,0
6723920611,0,0,0,0,0,0,6952,0,0,6723997611,0,0,0,0,0,0,-2002,0,0
6725040611,0,0,0,0,0,0,6945,0,0,6725117611,0,0,0,0,0,0,-2024,0,0
6726160611,0,0,0,0,0,0,6964,0,0,6726237611,0,0,0,0,0,0,-2025,0,0
6727280611,0,0,0,0,0,0,227,0,0,6727357611,0,0,0,0,0,0,607,0,0
6728400611,0,0,0,0,0,0,280,0,0,6728477611,0,0,0,0,0,0,605,0,0
6729520611,0,0,0,0,0,0,216,0,0,6729597611,0,0,0,0,0,0,625,0,0
6730640611,0,0,0,0,0,0,233,0,0,6730717611,0,0,0,0,0,0,579,0,0
6731760611,0,0,0,0,0,0,264,0,0,6731837611,0,0,0,0,0,0,587,0,0
6732880611,0,0,0,0,0,0,203,0,0,6732957611,0,0,0,0,0,0,598,0,0
6734000611,0,0,0,0,0,0,230,0,0,6734077611,0,0,0,0,0,0,647,0,0
6735120611,0,0,0,0,0,0,255,0,0,6735197611,0,0,0,0,0,0,623,0,0
6736240611,0,0,0,0,0,0,6905,0,0,6736317611,0,0,0,0,0,0,-2024,0,0
6737360611,0,0,0,0,0,0,6952,0,0,6737437611,0,0,0,0,0,0,-2022,0,0
6738480611,0,0,0,0,0,0,6911,0,0,6738557611,0,0,0,0,0,0,-2042,0,0
6739600611,0,0,0,0,0,0,6944,0,0,6739677611,0,0,0,0,0,0,-1989,0,0
6740720611,0,0,0,0,0,0,6936,0,0,6740797611,0,0,0,0,0,0,-1975,0,0
6741840611,0,0,0,0,0,0,6991,0,0,6741917611,0,0,0,0,0,0,-2038,0,0
6742960611,0,0,0,0,0,0,6931,0,0,6743037611,0,0,0,0,0,0,-2006,0,0
6744080611,0,0,0,0,0,0,6946,0,0,6744157611,0,0,0,0,0,0,-1998,0,0
6745200611,0,0,0,0,0,0,246,0,0,6745277611,0,0,0,0,0,0,645,0,0
6746320611,0,0,0,0,0,0,229,0,0,6746397611,0,0,0,0,0,0,611,0,0
6747440611,0,0,0,0,0,0,235,0,0,6747517611,0,0,0,0,0,0,650,0,0
6748560611,0,0,0,0,0,0,199,0,0,6748637611,0,0,0,0,0,0,625,0,0
6749680611,0,0,0,0,0,0,259,0,0,6749757611,0,0,0,0,0,0,588,0,0
6750800611,0,0,0,0,0,0,170,0,0,6750877611,0,0,0,0,0,0,637,0,0
6751920611,0,0,0,0,0,0,235,0,0,6751997611,0,0,0,0,0,0,616,0,0
6753040611,0,0,0,0,0,0,238,0,0,6753117611,0,0,0,0,0,0,608,0,0
6754160611,0,0,0,0,0,0,6817,0,0,6754237611,0,0,0,0,0,0,-1985,0,0
6755280611,0,0,0,0,0,0,6955,0,0,6755357611,0,0,0,0,0,0,-1947,0,0
6756400611,0,0,0,0,0,0,6883,0,0,6756477611,0,0,0,0,0,0,-1969,0,0
6757520611,0,0,0,0,0,0,6901,0,0,6757597611,0,0,0,0,0,0,-1948,0,0
6758640611,0,0,0,0,0,0,6917,0,0,6758717611,0,0,0,0,0,0,-2014,0,0
6759760611,0,0,0,0,0,0,6952,0,0,6759837611,0,0,0,0,0,0,-2009,0,0
6760880611,0,0,0,0,0,0,6959,0,0,6760957611,0,0,0,0,0,0,-2014,0,0
6762000611,0,0,0,0,0,0,6983,0,0,6762077611,0,0,0,0,0,0,-2017,0,0
6763120611,0,0,0,0,0,0,268,0,0,6763197611,0,0,0,0,0,0,575,0,0
6764240611,0,0,0,0,0,0,247,0,0,6764317611,0,0,0,0,0,0,620,0,0
6765360611,0,0,0,0,0,0,242,0,0,6765437611,0,0,0,0,0,0,603,0,0
6766480611,0,0,0,0,0,0,217,0,0,6766557611,0,0,0,0,0,0,601,0,0
6767600611,0,0,0,0,0,0,261,0,0,6767677611,0,0,0,0,0,0,662,0,0
6768720611,0,0,0,0,0,0,191,0,0,6768797611,0,0,0,0,0,0,633,0,0
6769840611,0,0,0,0,0,0,245,0,0,6769917611,0,0,0,0,0,0,611,0,0
6770960611,0,0,0,0,0,0,235,0,0,6771037611,0,0,0,0,0,0,619,0,0
6772080611,0,0,0,0,0,0,6634,0,0,6772157611,0,0,0,0,0,0,-1990,0,0
6773200611,0,0,0,0,0,0,6892,0,0,6773277611,0,0,0,0,0,0,-2040,0,0
6774320611,0,0,0,0,0,0,6930,0,0,6774397611,0,0,0,0,0,0,-1970,0,0
6775440611,0,0,0,0,0,0,6961,0,0,6775517611,0,0,0,0,0,0,-2015,0,0
6776560611,0,0,0,0,0,0,6933,0,0,6776637611,0,0,0,0,0,0,-2056,0,0
6777680611,0,0,0,0,0,0,6928,0,0,6777757611,0,0,0,0,0,0,-2013,0,0
6778800611,0,0,0,0,0,0,6917,0,0,6778877611,0,0,0,0,0,0,-1993,0,0
6779920611,0,0,0,0,0,0,6965,0,0,6779997611,0,0,0,0,0,0,-2015,0,0
6781040611,0,0,0,0,0,0,259,0,0,6781117611,0,0,0,0,0,0,596,0,0
6782160611,0,0,0,0,0,0,263,0,0,6782237611,0,0,0,0,0,0,640,0,0
6783280611,0,0,0,0,0,0,228,0,0,6783357611,0,0,0,0,0,0,613,0,0
6784400611,0,0,0,0,0,0,207,0,0,6784477611,0,0,0,0,0,0,581,0,0
6785520611,0,0,0,0,0,0,239,0,0,6785597611,0,0,0,0,0,0,597,0,0
6786640611,0,0,0,0,0,0,224,0,0,6786717611,0,0,0,0,0,0,582,0,0
6787760611,0,0,0,0,0,0,217,0,0,6787837611,0,0,0,0,0,0,616,0,0
6788880611,0,0,0,0,0,0,287,0,0,6788957611,0,0,0,0,0,0,594,0,0
6790000611,0,0,0,0,0,0,6422,0,0,6790077611,0,0,0,0,0,0,-1974,0,0
6791120611,0,0,0,0,0,0,6915,0,0,6791197611,0,0,0,0,0,0,-2014,0,0
6792240611,0,0,0,0,0,0,6937,0,0,6792317611,0,0,0,0,0,0,-1999,0,0
6793360611,0,0,0,0,0,0,6950,0,0,6793437611,0,0,0,0,0,0,-1988,0,0
6794480611,0,0,0,0,0,0,6938,0,0,6794557611,0,0,0,0,0,0,-1970,0,0
6795600611,0,0,0,0,0,0,6950,0,0,6795677611,0,0,0,0,0,0,-1953,0,0
6796720611,0,0,0,0,0,0,6940,0,0,6796797611,0,0,0,0,0,0,-2020,0,0
6797840611,0,0,0,0,0,0,6963,0,0,6797917611,0,0,0,0,0,0,-1977,0,0
6798960611,0,0,0,0,0,0,359,0,0,6799037611,0,0,0,0,0,0,622,0,0
6800080611,0,0,0,0,0,0,211,0,0,6800157611,0,0,0,0,0,0,625,0,0
6801200611,0,0,0,0,0,0,223,0,0,6801277611,0,0,0,0,0,0,571,0,0
6802320611,0,0,0,0,0,0,202,0,0,6802397611,0,0,0,0,0,0,628,0,0
6803440611,0,0,0,0,0,0,251,0,0,6803517611,0,0,0,0,0,0,592,0,0
6804560611,0,0,0,0,0,0,254,0,0,6804637611,0,0,0,0,0,0,628,0,0
6805680611,0,0,0,0,0,0,215,0,0,6805757611,0,0,0,0,0,0,597,0,0
6806800611,0,0,0,0,0,0,231,0,0,6806877611,0,0,0,0,0,0,595,0,0
6807920611,0,0,0,0,0,0,5876,0,0,6807997611,0,0,0,0,0,0,-1931,0,0
6809040611,0,0,0,0,0,0,6954,0,0,6809117611,0,0,0,0,0,0,-1995,0,0
6810160611,0,0,0,0,0,0,6930,0,0,6810237611,0,0,0,0,0,0,-2002,0,0
6811280611,0,0,0,0,0,0,6924,0,0,6811357611,0,0,0,0,0,0,-1995,0,0
6812400611,0,0,0,0,0,0,6948,0,0,6812477611,0,0,0,0,0,0,-2012,0,0
6813520611,0,0,0,0,0,0,6963,0,0,6813597611,0,0,0,0,0,0,-1960,0,0
6814640611,0,0,0,0,0,0,6957,0,0,6814717611,0,0,0,0,0,0,-1968,0,0
6815760611,0,0,0,0,0,0,6925,0,0,6815837611,0,0,0,0,0,0,-1956,0,0
6816880611,0,0,0,0,0,0,735,0,0,6816957611,0,0,0,0,0,0,590,0,0
6818000611,0,0,0,0,0,0,215,0,0,6818077611,0,0,0,0,0,0,586,0,0
6819120611,0,0,0,0,0,0,226,0,0,6819197611,0,0,0,0,0,0,620,0,0
6820240611,0,0,0,0,0,0,268,0,0,6820317611,0,0,0,0,0,0,637,0,0
6821360611,0,0,0,0,0,0,254,0,0,6821437611,0,0,0,0,0,0,587,0,0
6822480611,0,0,0,0,0,0,205,0,0,6822557611,0,0,0,0,0,0,605,0,0
6823600611,0,0,0,0,0,0,258,0,0,6823677611,0,0,0,0,0,0,601,0,0
6824720611,0,0,0,0,0,0,245,0,0,6824797611,0,0,0,0,0,0,571,0,0
6825840611,0,0,0,0,0,0,4654,0,0,6825917611,0,0,0,0,0,0,-1826,0,0
6826960611,0,0,0,0,0,0,6910,0,0,6827037611,0,0,0,0,0,0,-2033,0,0
6828080611,0,0,0,0,0,0,6977,0,0,6828157611,0,0,0,0,0,0,-2028,0,0
6829200611,0,0,0,0,0,0,6932,0,0,6829277611,0,0,0,0,0,0,-2012,0,0
6830320611,0,0,0,0,0,0,6918,0,0,6830397611,0,0,0,0,0,0,-2005,0,0
6831440611,0,0,0,0,0,0,6989,0,0,6831517611,0,0,0,0,0,0,-2019,0,0
6832560611,0,0,0,0,0,0,6918,0,0,6832637611,0,0,0,0,0,0,-1946,0,0
6833680611,0,0,0,0,0,0,6918,0,0,6833757611,0,0,0,0,0,0,-1993,0,0
6834800611,0,0,0,0,0,0,2786,0,0,6834877611,0,0,0,0,0,0,604,0,0
6835920611,0,0,0,0,0,0,225,0,0,6835997611,0,0,0,0,0,0,568,0,0
6837040611,0,0,0,0,0,0,209,0,0,6837117611,0,0,0,0,0,0,649,0,0
6838160611,0,0,0,0,0,0,241,0,0,6838237611,0,0,0,0,0,0,648,0,0
6839280611,0,0,0,0,0,0,245,0,0,6839357611,0,0,0,0,0,0,628,0,0
6840400611,0,0,0,0,0,0,241,0,0,6840477611,0,0,0,0,0,0,624,0,0
6841520611,0,0,0,0,0,0,225,0,0,6841597611,0,0,0,0,0,0,615,0,0
6842640611,0,0,0,0,0,0,199,0,0,6842717611,0,0,0,0,0,0,595,0,0
6843760611,0,0,0,0,0,0,2057,0,0,6843837611,0,0,0,0,0,0,-1740,0,0
6844880611,0,0,0,0,0,0,6923,0,0,6844957611,0,0,0,0,0,0,-1986,0,0
6846000611,0,0,0,0,0,0,6884,0,0,6846077611,0,0,0,0,0,0,-2049,0,0
6847120611,0,0,0,0,0,0,6909,0,0,6847197611,0,0,0,0,0,0,-2010,0,0
6848240611,0,0,0,0,0,0,6937,0,0,6848317611,0,0,0,0,0,0,-2033,0,0
6849360611,0,0,0,0,0,0,6921,0,0,6849437611,0,0,0,0,0,0,-2039,0,0
6850480611,0,0,0,0,0,0,6917,0,0,6850557611,0,0,0,0,0,0,-2025,0,0
6851600611,0,0,0,0,0,0,7005,0,0,6851677611,0,0,0,0,0,0,-2010,0,0
6852720611,0,0,0,0,0,0,6896,0,0,6852797611,0,0,0,0,0,0,527,0,0
6853840611,0,0,0,0,0,0,264,0,0,6853917611,0,0,0,0,0,0,614,0,0
6854960611,0,0,0,0,0,0,234,0,0,6855037611,0,0,0,0,0,0,577,0,0
6856080611,0,0,0,0,0,0,233,0,0,6856157611,0,0,0,0,0,0,587,0,0
6857200611,0,0,0,0,0,0,214,0,0,6857277611,0,0,0,0,0,0,625,0,0
6858320611,0,0,0,0,0,0,261,0,0,6858397611,0,0,0,0,0,0,583,0,0
6859440611,0,0,0,0,0,0,217,0,0,6859517611,0,0,0,0,0,0,586,0,0
6860560611,0,0,0,0,0,0,186,0,0,6860637611,0,0,0,0,0,0,647,0,0
6861680611,0,0,0,0,0,0,250,0,0,6861757611,0,0,0,0,0,0,-1447,0,0
6862800611,0,0,0,0,0,0,6940,0,0,6862877611,0,0,0,0,0,0,-1949,0,0
6863920611,0,0,0,0,0,0,6970,0,0,6863997611,0,0,0,0,0,0,-2006,0,0
6865040611,0,0,0,0,0,0,6947,0,0,6865117611,0,0,0,0,0,0,-2027,0,0
6866160611,0,0,0,0,0,0,6972,0,0,6866237611,0,0,0,0,0,0,-2043,0,0
6867280611,0,0,0,0,0,0,6925,0,0,6867357611,0,0,0,0,0,0,-1988,0,0
6868400611,0,0,0,0,0,0,6923,0,0,6868477611,0,0,0,0,0,0,-2020,0,0
6869520611,0,0,0,0,0,0,6940,0,0,6869597611,0,0,0,0,0,0,-1982,0,0
6870640611,0,0,0,0,0,0,6946,0,0,6870717611,0,0,0,0,0,0,220,0,0
6871760611,0,0,0,0,0,0,206,0,0,6871837611,0,0,0,0,0,0,640,0,0
6872880611,0,0,0,0,0,0,191,0,0,6872957611,0,0,0,0,0,0,620,0,0
6874000611,0,0,0,0,0,0,249,0,0,6874077611,0,0,0,0,0,0,592,0,0
6875120611,0,0,0,0,0,0,242,0,0,6875197611,0,0,0,0,0,0,602,0,0
6876240611,0,0,0,0,0,0,223,0,0,6876317611,0,0,0,0,0,0,619,0,0
6877360611,0,0,0,0,0,0,269,0,0,6877437611,0,0,0,0,0,0,577,0,0
6878480611,0,0,0,0,0,0,182,0,0,6878557611,0,0,0,0,0,0,642,0,0
6879600611,0,0,0,0,0,0,249,0,0,6879677611,0,0,0,0,0,0,623,0,0
6880720611,0,0,0,0,0,0,294,0,0,6880797611,0,0,0,0,0,0,591,0,0
6881840611,0,0,0,0,0,0,271,0,0,6881917611,0,0,0,0,0,0,602,0,0
6882960611,0,0,0,0,0,0,209,0,0,6883037611,0,0,0,0,0,0,629,0,0
6884080611,0,0,0,0,0,0,214,0,0,6884157611,0,0,0,0,0,0,615,0,0
6885200611,0,0,0,0,0,0,239,0,0,6885277611,0,0,0,0,0,0,599,0,0
6886320611,0,0,0,0,0,0,249,0,0,6886397611,0,0,0,0,0,0,617,0,0
6887440611,0,0,0,0,0,0,249,0,0,6887517611,0,0,0,0,0,0,598,0,0
6888560611,0,0,0,0,0,0,224,0,0,6888637611,0,0,0,0,0,0,606,0,0
6889680611,0,0,0,0,0,0,187,0,0,6889757611,0,0,0,0,0,0,612,0,0
6890800611,0,0,0,0,0,0,228,0,0,6890877611,0,0,0,0,0,0,604,0,0
6891920611,0,0,0,0,0,0,284,0,0,6891997611,0,0,0,0,0,0,591,0,0
6893040611,0,0,0,0,0,0,251,0,0,6893117611,0,0,0,0,0,0,574,0,0
6894160611,0,0,0,0,0,0,255,0,0,6894237611,0,0,0,0,0,0,604,0,0
6895280611,0,0,0,0,0,0,218,0,0,6895357611,0,0,0,0,0,0,567,0,0
6896400611,0,0,0,0,0,0,310,0,0,6896477611,0,0,0,0,0,0,564,0,0
6897520611,0,0,0,0,0,0,223,0,0,6897597611,0,0,0,0,0,0,628,0,0
6898640611,0,0,0,0,0,0,244,0,0,6898717611,0,0,0,0,0,0,603,0,0
6899760611,0,0,0,0,0,0,262,0,0,6899837611,0,0,0,0,0,0,602,0,0
6900880611,0,0,0,0,0,0,229,0,0,6900957611,0,0,0,0,0,0,572,0,0
6902000611,0,0,0,0,0,0,219,0,0,6902077611,0,0,0,0,0,0,602,0,0
6903120611,0,0,0,0,0,0,218,0,0,6903197611,0,0,0,0,0,0,633,0,0
6904240611,0,0,0,0,0,0,213,0,0,6904317611,0,0,0,0,0,0,611,0,0
6905360611,0,0,0,0,0,0,275,0,0,6905437611,0,0,0,0,0,0,622,0,0
6906480611,0,0,0,0,0,0,273,0,0,6906557611,0,0,0,0,0,0,635,0,0
6907600611,0,0,0,0,0,0,212,0,0,6907677611,0,0,0,0,0,0,591,0,0
6908720611,0,0,0,0,0,0,271,0,0,6908797611,0,0,0,0,0,0,614,0,0
6909840611,0,0,0,0,0,0,225,0,0,6909917611,0,0,0,0,0,0,585,0,0
6910960611,0,0,0,0,0,0,241,0,0,6911037611,0,0,0,0,0,0,579,0,0
6912080611,0,0,0,0,0,0,228,0,0,6912157611,0,0,0,0,0,0,588,0,0
6913200611,0,0,0,0,0,0,243,0,0,6913277611,0,0,0,0,0,0,607,0,0
6914320611,0,0,0,0,0,0,235,0,0,6914397611,0,0,0,0,0,0,621,0,0
6915440611,0,0,0,0,0,0,229,0,0,6915517611,0,0,0,0,0,0,610,0,0
6916560611,0,0,0,0,0,0,239,0,0,6916637611,0,0,0,0,0,0,621,0,0
6917680611,0,0,0,0,0,0,216,0,0,6917757611,0,0,0,0,0,0,585,0,0
6918800611,0,0,0,0,0,0,278,0,0,6918877611,0,0,0,0,0,0,630,0,0
6919920611,0,0,0,0,0,0,231,0,0,6919997611,0,0,0,0,0,0,591,0,0
6921040611,0,0,0,0,0,0,242,0,0,6921117611,0,0,0,0,0,0,645,0,0
6922160611,0,0,0,0,0,0,230,0,0,6922237611,0,0,0,0,0,0,619,0,0
6923280611,0,0,0,0,0,0,251,0,0,6923357611,0,0,0,0,0,0,602,0,0
6924400611,0,0,0,0,0,0,214,0,0,6924477611,0,0,0,0,0,0,602,0,0
6925520611,0,0,0,0,0,0,235,0,0,6925597611,0,0,0,0,0,0,572,0,0
6926640611,0,0,0,0,0,0,266,0,0,6926717611,0,0,0,0,0,0,594,0,0
6927760611,0,0,0,0,0,0,267,0,0,6927837611,0,0,0,0,0,0,597,0,0
6928880611,0,0,0,0,0,0,227,0,0,6928957611,0,0,0,0,0,0,607,0,0
6930000611,0,0,0,0,0,0,253,0,0,6930077611,0,0,0,0,0,0,609,0,0
6931120611,0,0,0,0,0,0,249,0,0,6931197611,0,0,0,0,0,0,605,0,0
6932240611,0,0,0,0,0,0,227,0,0,6932317611,0,0,0,0,0,0,598,0,0
6933360611,0,0,0,0,0,0,302,0,0,6933437611,0,0,0,0,0,0,605,0,0
6934480611,0,0,0,0,0,0,216,0,0,6934557611,0,0,0,0,0,0,603,0,0
6935600611,0,0,0,0,0,0,255,0,0,6935677611,0,0,0,0,0,0,584,0,0
6936720611,0,0,0,0,0,0,219,0,0,6936797611,0,0,0,0,0,0,562,0,0
6937840611,0,0,0,0,0,0,267,0,0,6937917611,0,0,0,0,0,0,625,0,0
6938960611,0,0,0,0,0,0,245,0,0,6939037611,0,0,0,0,0,0,632,0,0
6940080611,0,0,0,0,0,0,260,0,0,6940157611,0,0,0,0,0,0,633,0,0
6941200611,0,0,0,0,0,0,238,0,0,6941277611,0,0,0,0,0,0,640,0,0
6942320611,0,0,0,0,0,0,230,0,0,6942397611,0,0,0,0,0,0,571,0,0
6943440611,0,0,0,0,0,0,277,0,0,6943517611,0,0,0,0,0,0,618,0,0
6944560611,0,0,0,0,0,0,254,0,0,6944637611,0,0,0,0,0,0,608,0,0
6945680611,0,0,0,0,0,0,245,0,0,6945757611,0,0,0,0,0,0,598,0,0
6946800611,0,0,0,0,0,0,283,0,0,6946877611,0,0,0,0,0,0,561,0,0
6947920611,0,0,0,0,0,0,283,0,0,6947997611,0,0,0,0,0,0,615,0,0
6949040611,0,0,0,0,0,0,267,0,0,6949117611,0,0,0,0,0,0,626,0,0
6950160611,0,0,0,0,0,0,234,0,0,6950237611,0,0,0,0,0,0,562,0,0
6951280611,0,0,0,0,0,0,273,0,0,6951357611,0,0,0,0,0,0,602,0,0
6952400611,0,0,0,0,0,0,208,0,0,6952477611,0,0,0,0,0,0,660,0,0
6953520611,0,0,0,0,0,0,265,0,0,6953597611,0,0,0,0,0,0,627,0,0
6954640611,0,0,0,0,0,0,262,0,0,6954717611,0,0,0,0,0,0,616,0,0
6955760611,0,0,0,0,0,0,235,0,0,6955837611,0,0,0,0,0,0,640,0,0
6956880611,0,0,0,0,0,0,260,0,0,6956957611,0,0,0,0,0,0,609,0,0
6958000611,0,0,0,0,0,0,245,0,0,6958077611,0,0,0,0,0,0,612,0,0
6959120611,0,0,0,0,0,0,223,0,0,6959197611,0,0,0,0,0,0,616,0,0
6960240611,0,0,0,0,0,0,238,0,0,6960317611,0,0,0,0,0,0,598,0,0
6961360611,0,0,0,0,0,0,241,0,0,6961437611,0,0,0,0,0,0,606,0,0
6962480611,0,0,0,0,0,0,258,0,0,6962557611,0,0,0,0,0,0,620,0,0
6963600611,0,0,0,0,0,0,213,0,0,6963677611,0,0,0,0,0,0,621,0,0
6964720611,0,0,0,0,0,0,261,0,0,6964797611,0,0,0,0,0,0,619,0,0
6965840611,0,0,0,0,0,0,216,0,0,6965917611,0,0,0,0,0,0,618,0,0
6966960611,0,0,0,0,0,0,229,0,0,6967037611,0,0,0,0,0,0,610,0,0
6968080611,0,0,0,0,0,0,264,0,0,6968157611,0,0,0,0,0,0,614,0,0
6969200611,0,0,0,0,0,0,259,0,0,6969277611,0,0,0,0,0,0,602,0,0
6970320611,0,0,0,0,0,0,260,0,0,6970397611,0,0,0,0,0,0,619,0,0
6971440611,0,0,0,0,0,0,211,0,0,6971517611,0,0,0,0,0,0,608,0,0
6972560611,0,0,0,0,0,0,232,0,0,6972637611,0,0,0,0,0,0,579,0,0
6973680611,0,0,0,0,0,0,264,0,0,6973757611,0,0,0,0,0,0,570,0,0
6974800611,0,0,0,0,0,0,288,0,0,6974877611,0,0,0,0,0,0,593,0,0
6975920611,0,0,0,0,0,0,222,0,0,6975997611,0,0,0,0,0,0,631,0,0
6977040611,0,0,0,0,0,0,225,0,0,6977117611,0,0,0,0,0,0,597,0,0
6978160611,0,0,0,0,0,0,221,0,0,6978237611,0,0,0,0,0,0,587,0,0
6979280611,0,0,0,0,0,0,260,0,0,6979357611,0,0,0,0,0,0,553,0,0
6980400611,0,0,0,0,0,0,276,0,0,6980477611,0,0,0,0,0,0,623,0,0
6981520611,0,0,0,0,0,0,217,0,0,6981597611,0,0,0,0,0,0,629,0,0
6982640611,0,0,0,0,0,0,264,0,0,6982717611,0,0,0,0,0,0,603,0,0
6983760611,0,0,0,0,0,0,251,0,0,6983837611,0,0,0,0,0,0,587,0,0
6984880611,0,0,0,0,0,0,246,0,0,6984957611,0,0,0,0,0,0,618,0,0
6986000611,0,0,0,0,0,0,244,0,0,6986077611,0,0,0,0,0,0,615,0,0
6987120611,0,0,0,0,0,0,232,0,0,6987197611,0,0,0,0,0,0,583,0,0
6988240611,0,0,0,0,0,0,220,0,0,6988317611,0,0,0,0,0,0,614,0,0
6989360611,0,0,0,0,0,0,222,0,0,6989437611,0,0,0,0,0,0,611,0,0
6990480611,0,0,0,0,0,0,209,0,0,6990557611,0,0,0,0,0,0,588,0,0
6991600611,0,0,0,0,0,0,262,0,0,6991677611,0,0,0,0,0,0,588,0,0
6992720611,0,0,0,0,0,0,305,0,0,6992797611,0,0,0,0,0,0,-1632,0,0
6993840611,0,0,0,0,0,0,6974,0,0,6993917611,0,0,0,0,0,0,-2076,0,0
6994960611,0,0,0,0,0,0,6960,0,0,6995037611,0,0,0,0,0,0,-2011,0,0
6996080611,0,0,0,0,0,0,6953,0,0,6996157611,0,0,0,0,0,0,-2041,0,0
6997200611,0,0,0,0,0,0,6916,0,0,6997277611,0,0,0,0,0,0,-2019,0,0
6998320611,0,0,0,0,0,0,6954,0,0,6998397611,0,0,0,0,0,0,-2013,0,0
6999440611,0,0,0,0,0,0,6963,0,0,6999517611,0,0,0,0,0,0,-1992,0,0
7000560611,0,0,0,0,0,0,6952,0,0,7000637611,0,0,0,0,0,0,-1973,0,0
7001680611,0,0,0,0,0,0,6837,0,0,7001757611,0,0,0,0,0,0,535,0,0
7002800611,0,0,0,0,0,0,213,0,0,7002877611,0,0,0,0,0,0,586,0,0
7003920611,0,0,0,0,0,0,213,0,0,7003997611,0,0,0,0,0,0,612,0,0
7005040611,0,0,0,0,0,0,251,0,0,7005117611,0,0,0,0,0,0,621,0,0
7006160611,0,0,0,0,0,0,250,0,0,7006237611,0,0,0,0,0,0,601,0,0
7007280611,0,0,0,0,0,0,260,0,0,7007357611,0,0,0,0,0,0,664,0,0
7008400611,0,0,0,0,0,0,238,0,0,7008477611,0,0,0,0,0,0,646,0,0
7009520611,0,0,0,0,0,0,249,0,0,7009597611,0,0,0,0,0,0,635,0,0
7010640611,0,0,0,0,0,0,289,0,0,7010717611,0,0,0,0,0,0,-1524,0,0
7011760611,0,0,0,0,0,0,6979,0,0,7011837611,0,0,0,0,0,0,-2020,0,0
7012880611,0,0,0,0,0,0,6911,0,0,7012957611,0,0,0,0,0,0,-2044,0,0
7014000611,0,0,0,0,0,0,6959,0,0,7014077611,0,0,0,0,0,0,-1979,0,0
7015120611,0,0,0,0,0,0,6941,0,0,7015197611,0,0,0,0,0,0,-2025,0,0
7016240611,0,0,0,0,0,0,6961,0,0,7016317611,0,0,0,0,0,0,-1980,0,0
7017360611,0,0,0,0,0,0,6972,0,0,7017437611,0,0,0,0,0,0,-2031,0,0
7018480611,0,0,0,0,0,0,6968,0,0,7018557611,0,0,0,0,0,0,-1984,0,0
7019600611,0,0,0,0,0,0,6941,0,0,7019677611,0,0,0,0,0,0,256,0,0
7020720611,0,0,0,0,0,0,244,0,0,7020797611,0,0,0,0,0,0,629,0,0
7021840611,0,0,0,0,0,0,205,0,0,7021917611,0,0,0,0,0,0,608,0,0
7022960611,0,0,0,0,0,0,238,0,0,7023037611,0,0,0,0,0,0,604,0,0
7024080611,0,0,0,0,0,0,235,0,0,7024157611,0,0,0,0,0,0,601,0,0
7025200611,0,0,0,0,0,0,209,0,0,7025277611,0,0,0,0,0,0,603,0,0
7026320611,0,0,0,0,0,0,211,0,0,7026397611,0,0,0,0,0,0,588,0,0
7027440611,0,0,0,0,0,0,214,0,0,7027517611,0,0,0,0,0,0,585,0,0
7028560611,0,0,0,0,0,0,255,0,0,7028637611,0,0,0,0,0,0,-906,0,0
7029680611,0,0,0,0,0,0,6932,0,0,7029757611,0,0,0,0,0,0,-2025,0,0
7030800611,0,0,0,0,0,0,6945,0,0,7030877611,0,0,0,0,0,0,-2065,0,0
7031920611,0,0,0,0,0,0,6940,0,0,7031997611,0,0,0,0,0,0,-1987,0,0
7033040611,0,0,0,0,0,0,6954,0,0,7033117611,0,0,0,0,0,0,-1993,0,0
7034160611,0,0,0,0,0,0,6960,0,0,7034237611,0,0,0,0,0,0,-2008,0,0
7035280611,0,0,0,0,0,0,6953,0,0,7035357611,0,0,0,0,0,0,-2009,0,0
7036400611,0,0,0,0,0,0,6962,0,0,7036477611,0,0,0,0,0,0,-2021,0,0
7037520611,0,0,0,0,0,0,6955,0,0,7037597611,0,0,0,0,0,0,-788,0,0
7038640611,0,0,0,0,0,0,248,0,0,7038717611,0,0,0,0,0,0,617,0,0
7039760611,0,0,0,0,0,0,257,0,0,7039837611,0,0,0,0,0,0,654,0,0
7040880611,0,0,0,0,0,0,268,0,0,7040957611,0,0,0,0,0,0,581,0,0
7042000611,0,0,0,0,0,0,228,0,0,7042077611,0,0,0,0,0,0,570,0,0
7043120611,0,0,0,0,0,0,230,0,0,7043197611,0,0,0,0,0,0,632,0,0
7044240611,0,0,0,0,0,0,262,0,0,7044317611,0,0,0,0,0,0,624,0,0
7045360611,0,0,0,0,0,0,257,0,0,7045437611,0,0,0,0,0,0,614,0,0
7046480611,0,0,0,0,0,0,266,0,0,7046557611,0,0,0,0,0,0,253,0,0
7047600611,0,0,0,0,0,0,6981,0,0,7047677611,0,0,0,0,0,0,-1977,0,0
7048720611,0,0,0,0,0,0,6979,0,0,7048797611,0,0,0,0,0,0,-2015,0,0
7049840611,0,0,0,0,0,0,6909,0,0,7049917611,0,0,0,0,0,0,-2018,0,0
7050960611,0,0,0,0,0,0,6955,0,0,7051037611,0,0,0,0,0,0,-1953,0,0
7052080611,0,0,0,0,0,0,6925,0,0,7052157611,0,0,0,0,0,0,-1989,0,0
7053200611,0,0,0,0,0,0,6938,0,0,7053277611,0,0,0,0,0,0,-1993,0,0
7054320611,0,0,0,0,0,0,6937,0,0,7054397611,0,0,0,0,0,0,-2004,0,0
7055440611,0,0,0,0,0,0,6925,0,0,7055517611,0,0,0,0,0,0,-1989,0,0
7056560611,0,0,0,0,0,0,193,0,0,7056637611,0,0,0,0,0,0,607,0,0
7057680611,0,0,0,0,0,0,234,0,0,7057757611,0,0,0,0,0,0,600,0,0
7058800611,0,0,0,0,0,0,251,0,0,7058877611,0,0,0,0,0,0,615,0,0
7059920611,0,0,0,0,0,0,233,0,0,7059997611,0,0,0,0,0,0,614,0,0
7061040611,0,0,0,0,0,0,254,0,0,7061117611,0,0,0,0,0,0,617,0,0
7062160611,0,0,0,0,0,0,247,0,0,7062237611,0,0,0,0,0,0,584,0,0
7063280611,0,0,0,0,0,0,252,0,0,7063357611,0,0,0,0,0,0,583,0,0
7064400611,0,0,0,0,0,0,250,0,0,7064477611,0,0,0,0,0,0,579,0,0
7065520611,0,0,0,0,0,0,6942,0,0,7065597611,0,0,0,0,0,0,-1969,0,0
7066640611,0,0,0,0,0,0,6941,0,0,7066717611,0,0,0,0,0,0,-2049,0,0
7067760611,0,0,0,0,0,0,6955,0,0,7067837611,0,0,0,0,0,0,-2029,0,0
7068880611,0,0,0,0,0,0,7010,0,0,7068957611,0,0,0,0,0,0,-1994,0,0
7070000611,0,0,0,0,0,0,6984,0,0,7070077611,0,0,0,0,0,0,-2033,0,0
7071120611,0,0,0,0,0,0,6939,0,0,7071197611,0,0,0,0,0,0,-2007,0,0
7072240611,0,0,0,0,0,0,6965,0,0,7072317611,0,0,0,0,0,0,-2002,0,0
7073360611,0,0,0,0,0,0,6998,0,0,7073437611,0,0,0,0,0,0,-2043,0,0
7074480611,0,0,0,0,0,0,231,0,0,7074557611,0,0,0,0,0,0,595,0,0
7075600611,0,0,0,0,0,0,275,0,0,7075677611,0,0,0,0,0,0,590,0,0
7076720611,0,0,0,0,0,0,209,0,0,7076797611,0,0,0,0,0,0,595,0,0
7077840611,0,0,0,0,0,0,236,0,0,7077917611,0,0,0,0,0,0,613,0,0
7078960611,0,0,0,0,0,0,270,0,0,7079037611,0,0,0,0,0,0,616,0,0
7080080611,0,0,0,0,0,0,262,0,0,7080157611,0,0,0,0,0,0,617,0,0
7081200611,0,0,0,0,0,0,222,0,0,7081277611,0,0,0,0,0,0,625,0,0
7082320611,0,0,0,0,0,0,296,0,0,7082397611,0,0,0,0,0,0,604,0,0
7083440611,0,0,0,0,0,0,6943,0,0,7083517611,0,0,0,0,0,0,-2011,0,0
7084560611,0,0,0,0,0,0,6939,0,0,7084637611,0,0,0,0,0,0,-2013,0,0
7085680611,0,0,0,0,0,0,6957,0,0,7085757611,0,0,0,0,0,0,-2017,0,0
7086800611,0,0,0,0,0,0,6953,0,0,7086877611,0,0,0,0,0,0,-2001,0,0
7087920611,0,0,0,0,0,0,6931,0,0,7087997611,0,0,0,0,0,0,-2039,0,0
7089040611,0,0,0,0,0,0,6973,0,0,7089117611,0,0,0,0,0,0,-1978,0,0
7090160611,0,0,0,0,0,0,6937,0,0,7090237611,0,0,0,0,0,0,-2009,0,0
7091280611,0,0,0,0,0,0,6916,0,0,7091357611,0,0,0,0,0,0,-2028,0,0
7092400611,0,0,0,0,0,0,289,0,0,7092477611,0,0,0,0,0,0,598,0,0
7093520611,0,0,0,0,0,0,296,0,0,7093597611,0,0,0,0,0,0,616,0,0
7094640611,0,0,0,0,0,0,226,0,0,7094717611,0,0,0,0,0,0,648,0,0
7095760611,0,0,0,0,0,0,227,0,0,7095837611,0,0,0,0,0,0,582,0,0
7096880611,0,0,0,0,0,0,260,0,0,7096957611,0,0,0,0,0,0,598,0,0
7098000611,0,0,0,0,0,0,219,0,0,7098077611,0,0,0,0,0,0,538,0,0
7099120611,0,0,0,0,0,0,225,0,0,7099197611,0,0,0,0,0,0,622,0,0
7100240611,0,0,0,0,0,0,233,0,0,7100317611,0,0,0,0,0,0,612,0,0
7101360611,0,0,0,0,0,0,6976,0,0,7101437611,0,0,0,0,0,0,-1992,0,0
7102480611,0,0,0,0,0,0,6953,0,0,7102557611,0,0,0,0,0,0,-2017,0,0
7103600611,0,0,0,0,0,0,6966,0,0,7103677611,0,0,0,0,0,0,-2048,0,0
7104720611,0,0,0,0,0,0,6981,0,0,7104797611,0,0,0,0,0,0,-2003,0,0
7105840611,0,0,0,0,0,0,6960,0,0,7105917611,0,0,0,0,0,0,-2033,0,0
7106960611,0,0,0,0,0,0,6959,0,0,7107037611,0,0,0,0,0,0,-2001,0,0
7108080611,0,0,0,0,0,0,6944,0,0,7108157611,0,0,0,0,0,0,-2033,0,0
7109200611,0,0,0,0,0,0,6939,0,0,7109277611,0,0,0,0,0,0,-2034,0,0
7110320611,0,0,0,0,0,0,254,0,0,7110397611,0,0,0,0,0,0,599,0,0
7111440611,0,0,0,0,0,0,237,0,0,7111517611,0,0,0,0,0,0,619,0,0
7112560611,0,0,0,0,0,0,236,0,0,7112637611,0,0,0,0,0,0,549,0,0
7113680611,0,0,0,0,0,0,215,0,0,7113757611,0,0,0,0,0,0,590,0,0
7114800611,0,0,0,0,0,0,209,0,0,7114877611,0,0,0,0,0,0,651,0,0
7115920611,0,0,0,0,0,0,247,0,0,7115997611,0,0,0,0,0,0,627,0,0
7117040611,0,0,0,0,0,0,213,0,0,7117117611,0,0,0,0,0,0,601,0,0
7118160611,0,0,0,0,0,0,235,0,0,7118237611,0,0,0,0,0,0,583,0,0
7119280611,0,0,0,0,0,0,6952,0,0,7119357611,0,0,0,0,0,0,-1991,0,0
7120400611,0,0,0,0,0,0,6987,0,0,7120477611,0,0,0,0,0,0,-2012,0,0
7121520611,0,0,0,0,0,0,6969,0,0,7121597611,0,0,0,0,0,0,-1986,0,0
7122640611,0,0,0,0,0,0,6920,0,0,7122717611,0,0,0,0,0,0,-2060,0,0
7123760611,0,0,0,0,0,0,6953,0,0,7123837611,0,0,0,0,0,0,-2027,0,0
7124880611,0,0,0,0,0,0,6940,0,0,7124957611,0,0,0,0,0,0,-2016,0,0
7126000611,0,0,0,0,0,0,6942,0,0,7126077611,0,0,0,0,0,0,-2029,0,0
7127120611,0,0,0,0,0,0,6961,0,0,7127197611,0,0,0,0,0,0,-1983,0,0
7128240611,0,0,0,0,0,0,212,0,0,7128317611,0,0,0,0,0,0,609,0,0
7129360611,0,0,0,0,0,0,236,0,0,7129437611,0,0,0,0,0,0,607,0,0
7130480611,0,0,0,0,0,0,240,0,0,7130557611,0,0,0,0,0,0,647,0,0
7131600611,0,0,0,0,0,0,225,0,0,7131677611,0,0,0,0,0,0,593,0,0
7132720611,0,0,0,0,0,0,220,0,0,7132797611,0,0,0,0,0,0,636,0,0
7133840611,0,0,0,0,0,0,231,0,0,7133917611,0,0,0,0,0,0,633,0,0
7134960611,0,0,0,0,0,0,249,0,0,7135037611,0,0,0,0,0,0,634,0,0
7136080611,0,0,0,0,0,0,243,0,0,7136157611,0,0,0,0,0,0,614,0,0
7137200611,0,0,0,0,0,0,6936,0,0,7137277611,0,0,0,0,0,0,-2020,0,0
7138320611,0,0,0,0,0,0,6976,0,0,7138397611,0,0,0,0,0,0,-1995,0,0
7139440611,0,0,0,0,0,0,6970,0,0,7139517611,0,0,0,0,0,0,-2018,0,0
7140560611,0,0,0,0,0,0,6957,0,0,7140637611,0,0,0,0,0,0,-2034,0,0
7141680611,0,0,0,0,0,0,6946,0,0,7141757611,0,0,0,0,0,0,-1989,0,0
7142800611,0,0,0,0,0,0,6963,0,0,7142877611,0,0,0,0,0,0,-1988,0,0
7143920611,0,0,0,0,0,0,6955,0,0,7143997611,0,0,0,0,0,0,-1997,0,0
7145040611,0,0,0,0,0,0,6966,0,0,7145117611,0,0,0,0,0,0,-2028,0,0
7146160611,0,0,0,0,0,0,272,0,0,7146237611,0,0,0,0,0,0,624,0,0
7147280611,0,0,0,0,0,0,218,0,0,7147357611,0,0,0,0,0,0,618,0,0
7148400611,0,0,0,0,0,0,236,0,0,7148477611,0,0,0,0,0,0,630,0,0
7149520611,0,0,0,0,0,0,291,0,0,7149597611,0,0,0,0,0,0,635,0,0
7150640611,0,0,0,0,0,0,231,0,0,7150717611,0,0,0,0,0,0,576,0,0
7151760611,0,0,0,0,0,0,255,0,0,7151837611,0,0,0,0,0,0,606,0,0
7152880611,0,0,0,0,0,0,260,0,0,7152957611,0,0,0,0,0,0,601,0,0
7154000611,0,0,0,0,0,0,175,0,0,7154077611,0,0,0,0,0,0,633,0,0
7155120611,0,0,0,0,0,0,6915,0,0,7155197611,0,0,0,0,0,0,-2019,0,0
7156240611,0,0,0,0,0,0,6954,0,0,7156317611,0,0,0,0,0,0,-2028,0,0
7157360611,0,0,0,0,0,0,6936,0,0,7157437611,0,0,0,0,0,0,-1950,0,0
7158480611,0,0,0,0,0,0,6964,0,0,7158557611,0,0,0,0,0,0,-2036,0,0
7159600611,0,0,0,0,0,0,6918,0,0,7159677611,0,0,0,0,0,0,-2000,0,0
7160720611,0,0,0,0,0,0,6954,0,0,7160797611,0,0,0,0,0,0,-2007,0,0
7161840611,0,0,0,0,0,0,6915,0,0,7161917611,0,0,0,0,0,0,-2022,0,0
7162960611,0,0,0,0,0,0,6964,0,0,7163037611,0,0,0,0,0,0,-2015,0,0
7164080611,0,0,0,0,0,0,246,0,0,7164157611,0,0,0,0,0,0,584,0,0
7165200611,0,0,0,0,0,0,242,0,0,7165277611,0,0,0,0,0,0,550,0,0
7166320611,0,0,0,0,0,0,215,0,0,7166397611,0,0,0,0,0,0,575,0,0
7167440611,0,0,0,0,0,0,212,0,0,7167517611,0,0,0,0,0,0,631,0,0
7168560611,0,0,0,0,0,0,248,0,0,7168637611,0,0,0,0,0,0,593,0,0
7169680611,0,0,0,0,0,0,214,0,0,7169757611,0,0,0,0,0,0,627,0,0
7170800611,0,0,0,0,0,0,223,0,0,7170877611,0,0,0,0,0,0,590,0,0
7171920611,0,0,0,0,0,0,225,0,0,7171997611,0,0,0,0,0,0,629,0,0
7173040611,0,0,0,0,0,0,7012,0,0,7173117611,0,0,0,0,0,0,-2011,0,0
7174160611,0,0,0,0,0,0,6922,0,0,7174237611,0,0,0,0,0,0,-2006,0,0
7175280611,0,0,0,0,0,0,6929,0,0,7175357611,0,0,0,0,0,0,-2008,0,0
7176400611,0,0,0,0,0,0,7001,0,0,7176477611,0,0,0,0,0,0,-1972,0,0
7177520611,0,0,0,0,0,0,6951,0,0,7177597611,0,0,0,0,0,0,-2012,0,0
7178640611,0,0,0,0,0,0,6907,0,0,7178717611,0,0,0,0,0,0,-1995,0,0
7179760611,0,0,0,0,0,0,6959,0,0,7179837611,0,0,0,0,0,0,-2009,0,0
7180880611,0,0,0,0,0,0,6963,0,0,7180957611,0,0,0,0,0,0,-1994,0,0
7182000611,0,0,0,0,0,0,226,0,0,7182077611,0,0,0,0,0,0,565,0,0
7183120611,0,0,0,0,0,0,230,0,0,7183197611,0,0,0,0,0,0,581,0,0
7184240611,0,0,0,0,0,0,248,0,0,7184317611,0,0,0,0,0,0,629,0,0
7185360611,0,0,0,0,0,0,235,0,0,7185437611,0,0,0,0,0,0,633,0,0
7186480611,0,0,0,0,0,0,249,0,0,7186557611,0,0,0,0,0,0,595,0,0
7187600611,0,0,0,0,0,0,244,0,0,7187677611,0,0,0,0,0,0,603,0,0
7188720611,0,0,0,0,0,0,262,0,0,7188797611,0,0,0,0,0,0,661,0,0
7189840611,0,0,0,0,0,0,202,0,0,7189917611,0,0,0,0,0,0,591,0,0
7190960611,0,0,0,0,0,0,6915,0,0,7191037611,0,0,0,0,0,0,-1978,0,0
7192080611,0,0,0,0,0,0,6965,0,0,7192157611,0,0,0,0,0,0,-2024,0,0
7193200611,0,0,0,0,0,0,6925,0,0,7193277611,0,0,0,0,0,0,-1999,0,0
7194320611,0,0,0,0,0,0,6958,0,0,7194397611,0,0,0,0,0,0,-1987,0,0
7195440611,0,0,0,0,0,0,6960,0,0,7195517611,0,0,0,0,0,0,-1989,0,0
7196560611,0,0,0,0,0,0,6893,0,0,7196637611,0,0,0,0,0,0,-2010,0,0
7197680611,0,0,0,0,0,0,6936,0,0,7197757611,0,0,0,0,0,0,-2000,0,0
7198800611,0,0,0,0,0,0,6922,0,0,7198877611,0,0,0,0,0,0,-1996,0,0
7199920611,0,0,0,0,0,0,242,0,0,7199997611,0,0,0,0,0,0,592,0,0
7201040611,0,0,0,0,0,0,243,0,0,7201117611,0,0,0,0,0,0,607,0,0
7202160611,0,0,0,0,0,0,226,0,0,7202237611,0,0,0,0,0,0,611,0,0
7203280611,0,0,0,0,0,0,251,0,0,7203357611,0,0,0,0,0,0,603,0,0
7204400611,0,0,0,0,0,0,251,0,0,7204477611,0,0,0,0,0,0,595,0,0
7205520611,0,0,0,0,0,0,275,0,0,7205597611,0,0,0,0,0,0,594,0,0
7206640611,0,0,0,0,0,0,249,0,0,7206717611,0,0,0,0,0,0,623,0,0
7207760611,0,0,0,0,0,0,248,0,0,7207837611,0,0,0,0,0,0,615,0,0
7208880611,0,0,0,0,0,0,6976,0,0,7208957611,0,0,0,0,0,0,-2000,0,0
7210000611,0,0,0,0,0,0,6950,0,0,7210077611,0,0,0,0,0,0,-1979,0,0
7211120611,0,0,0,0,0,0,6979,0,0,7211197611,0,0,0,0,0,0,-2051,0,0
7212240611,0,0,0,0,0,0,6934,0,0,7212317611,0,0,0,0,0,0,-2008,0,0
7213360611,0,0,0,0,0,0,6925,0,0,7213437611,0,0,0,0,0,0,-1981,0,0
7214480611,0,0,0,0,0,0,6922,0,0,7214557611,0,0,0,0,0,0,-2034,0,0
7215600611,0,0,0,0,0,0,6891,0,0,7215677611,0,0,0,0,0,0,-1965,0,0
7216720611,0,0,0,0,0,0,6931,0,0,7216797611,0,0,0,0,0,0,-2015,0,0
7217840611,0,0,0,0,0,0,251,0,0,7217917611,0,0,0,0,0,0,606,0,0
7218960611,0,0,0,0,0,0,246,0,0,7219037611,0,0,0,0,0,0,578,0,0
7220080611,0,0,0,0,0,0,223,0,0,7220157611,0,0,0,0,0,0,553,0,0
7221200611,0,0,0,0,0,0,236,0,0,7221277611,0,0,0,0,0,0,568,0,0
7222320611,0,0,0,0,0,0,209,0,0,7222397611,0,0,0,0,0,0,613,0,0
7223440611,0,0,0,0,0,0,243,0,0,7223517611,0,0,0,0,0,0,622,0,0
7224560611,0,0,0,0,0,0,275,0,0,7224637611,0,0,0,0,0,0,621,0,0
7225680611,0,0,0,0,0,0,246,0,0,7225757611,0,0,0,0,0,0,616,0,0
7226800611,0,0,0,0,0,0,6971,0,0,7226877611,0,0,0,0,0,0,-1974,0,0
7227920611,0,0,0,0,0,0,6916,0,0,7227997611,0,0,0,0,0,0,-2020,0,0
7229040611,0,0,0,0,0,0,6945,0,0,7229117611,0,0,0,0,0,0,-2035,0,0
7230160611,0,0,0,0,0,0,6983,0,0,7230237611,0,0,0,0,0,0,-1994,0,0
7231280611,0,0,0,0,0,0,6923,0,0,7231357611,0,0,0,0,0,0,-1988,0,0
7232400611,0,0,0,0,0,0,6951,0,0,7232477611,0,0,0,0,0,0,-2037,0,0
7233520611,0,0,0,0,0,0,6947,0,0,7233597611,0,0,0,0,0,0,-1980,0,0
7234640611,0,0,0,0,0,0,6932,0,0,7234717611,0,0,0,0,0,0,-1990,0,0
7235760611,0,0,0,0,0,0,283,0,0,7235837611,0,0,0,0,0,0,629,0,0
7236880611,0,0,0,0,0,0,279,0,0,7236957611,0,0,0,0,0,0,604,0,0
7238000611,0,0,0,0,0,0,224,0,0,7238077611,0,0,0,0,0,0,563,0,0
7239120611,0,0,0,0,0,0,180,0,0,7239197611,0,0,0,0,0,0,620,0,0
7240240611,0,0,0,0,0,0,256,0,0,7240317611,0,0,0,0,0,0,568,0,0
7241360611,0,0,0,0,0,0,283,0,0,7241437611,0,0,0,0,0,0,651,0,0
7242480611,0,0,0,0,0,0,271,0,0,7242557611,0,0,0,0,0,0,567,0,0
7243600611,0,0,0,0,0,0,223,0,0,7243677611,0,0,0,0,0,0,540,0,0
7244720611,0,0,0,0,0,0,6970,0,0,7244797611,0,0,0,0,0,0,-1999,0,0
7245840611,0,0,0,0,0,0,6940,0,0,7245917611,0,0,0,0,0,0,-2015,0,0
7246960611,0,0,0,0,0,0,6992,0,0,7247037611,0,0,0,0,0,0,-2037,0,0
7248080611,0,0,0,0,0,0,6939,0,0,7248157611,0,0,0,0,0,0,-2040,0,0
7249200611,0,0,0,0,0,0,6918,0,0,7249277611,0,0,0,0,0,0,-1996,0,0
7250320611,0,0,0,0,0,0,6925,0,0,7250397611,0,0,0,0,0,0,-1990,0,0
7251440611,0,0,0,0,0,0,6949,0,0,7251517611,0,0,0,0,0,0,-2009,0,0
7252560611,0,0,0,0,0,0,6904,0,0,7252637611,0,0,0,0,0,0,-1937,0,0
7253680611,0,0,0,0,0,0,266,0,0,7253757611,0,0,0,0,0,0,619,0,0
7254800611,0,0,0,0,0,0,211,0,0,7254877611,0,0,0,0,0,0,608,0,0
7255920611,0,0,0,0,0,0,262,0,0,7255997611,0,0,0,0,0,0,620,0,0
7257040611,0,0,0,0,0,0,213,0,0,7257117611,0,0,0,0,0,0,583,0,0
7258160611,0,0,0,0,0,0,265,0,0,7258237611,0,0,0,0,0,0,579,0,0
7259280611,0,0,0,0,0,0,278,0,0,7259357611,0,0,0,0,0,0,637,0,0
7260400611,0,0,0,0,0,0,243,0,0,7260477611,0,0,0,0,0,0,605,0,0
7261520611,0,0,0,0,0,0,243,0,0,7261597611,0,0,0,0,0,0,666,0,0
7262640611,0,0,0,0,0,0,6977,0,0,7262717611,0,0,0,0,0,0,-2043,0,0
7263760611,0,0,0,0,0,0,6958,0,0,7263837611,0,0,0,0,0,0,-1981,0,0
7264880611,0,0,0,0,0,0,6949,0,0,7264957611,0,0,0,0,0,0,-1995,0,0
7266000611,0,0,0,0,0,0,6940,0,0,7266077611,0,0,0,0,0,0,-2011,0,0
7267120611,0,0,0,0,0,0,6960,0,0,7267197611,0,0,0,0,0,0,-1977,0,0
7268240611,0,0,0,0,0,0,6933,0,0,7268317611,0,0,0,0,0,0,-2000,0,0
7269360611,0,0,0,0,0,0,6920,0,0,7269437611,0,0,0,0,0,0,-1966,0,0
7270480611,0,0,0,0,0,0,6957,0,0,7270557611,0,0,0,0,0,0,-1941,0,0
7271600611,0,0,0,0,0,0,267,0,0,7271677611,0,0,0,0,0,0,616,0,0
7272720611,0,0,0,0,0,0,255,0,0,7272797611,0,0,0,0,0,0,595,0,0
7273840611,0,0,0,0,0,0,244,0,0,7273917611,0,0,0,0,0,0,617,0,0
7274960611,0,0,0,0,0,0,249,0,0,7275037611,0,0,0,0,0,0,566,0,0
7276080611,0,0,0,0,0,0,209,0,0,7276157611,0,0,0,0,0,0,605,0,0
7277200611,0,0,0,0,0,0,244,0,0,7277277611,0,0,0,0,0,0,610,0,0
7278320611,0,0,0,0,0,0,253,0,0,7278397611,0,0,0,0,0,0,628,0,0
7279440611,0,0,0,0,0,0,259,0,0,7279517611,0,0,0,0,0,0,590,0,0
7280560611,0,0,0,0,0,0,6942,0,0,7280637611,0,0,0,0,0,0,-2047,0,0
7281680611,0,0,0,0,0,0,6916,0,0,7281757611,0,0,0,0,0,0,-1996,0,0
7282800611,0,0,0,0,0,0,6900,0,0,7282877611,0,0,0,0,0,0,-1977,0,0
7283920611,0,0,0,0,0,0,6943,0,0,7283997611,0,0,0,0,0,0,-2043,0,0
7285040611,0,0,0,0,0,0,6941,0,0,7285117611,0,0,0,0,0,0,-1984,0,0
7286160611,0,0,0,0,0,0,6950,0,0,7286237611,0,0,0,0,0,0,-1979,0,0
7287280611,0,0,0,0,0,0,6930,0,0,7287357611,0,0,0,0,0,0,-2010,0,0
7288400611,0,0,0,0,0,0,6924,0,0,7288477611,0,0,0,0,0,0,-2021,0,0
7289520611,0,0,0,0,0,0,203,0,0,7289597611,0,0,0,0,0,0,625,0,0
7290640611,0,0,0,0,0,0,230,0,0,7290717611,0,0,0,0,0,0,606,0,0
7291760611,0,0,0,0,0,0,279,0,0,7291837611,0,0,0,0,0,0,600,0,0
7292880611,0,0,0,0,0,0,223,0,0,7292957611,0,0,0,0,0,0,647,0,0
7294000611,0,0,0,0,0,0,235,0,0,7294077611,0,0,0,0,0,0,584,0,0
7295120611,0,0,0,0,0,0,231,0,0,7295197611,0,0,0,0,0,0,618,0,0
7296240611,0,0,0,0,0,0,271,0,0,7296317611,0,0,0,0,0,0,627,0,0
7297360611,0,0,0,0,0,0,265,0,0,7297437611,0,0,0,0,0,0,636,0,0
7298480611,0,0,0,0,0,0,6940,0,0,7298557611,0,0,0,0,0,0,-2026,0,0
7299600611,0,0,0,0,0,0,6937,0,0,7299677611,0,0,0,0,0,0,-2043,0,0
7300720611,0,0,0,0,0,0,6889,0,0,7300797611,0,0,0,0,0,0,-2006,0,0
7301840611,0,0,0,0,0,0,6952,0,0,7301917611,0,0,0,0,0,0,-2041,0,0
7302960611,0,0,0,0,0,0,6905,0,0,7303037611,0,0,0,0,0,0,-2021,0,0
7304080611,0,0,0,0,0,0,6919,0,0,7304157611,0,0,0,0,0,0,-2030,0,0
7305200611,0,0,0,0,0,0,6934,0,0,7305277611,0,0,0,0,0,0,-2011,0,0
7306320611,0,0,0,0,0,0,6933,0,0,7306397611,0,0,0,0,0,0,-2019,0,0
7307440611,0,0,0,0,0,0,255,0,0,7307517611,0,0,0,0,0,0,634,0,0
7308560611,0,0,0,0,0,0,265,0,0,7308637611,0,0,0,0,0,0,607,0,0
7309680611,0,0,0,0,0,0,261,0,0,7309757611,0,0,0,0,0,0,599,0,0
7310800611,0,0,0,0,0,0,259,0,0,7310877611,0,0,0,0,0,0,593,0,0
7311920611,0,0,0,0,0,0,234,0,0,7311997611,0,0,0,0,0,0,632,0,0
7313040611,0,0,0,0,0,0,244,0,0,7313117611,0,0,0,0,0,0,656,0,0
7314160611,0,0,0,0,0,0,239,0,0,7314237611,0,0,0,0,0,0,631,0,0
7315280611,0,0,0,0,0,0,245,0,0,7315357611,0,0,0,0,0,0,636,0,0
7316400611,0,0,0,0,0,0,6955,0,0,7316477611,0,0,0,0,0,0,-1972,0,0
7317520611,0,0,0,0,0,0,6953,0,0,7317597611,0,0,0,0,0,0,-2018,0,0
7318640611,0,0,0,0,0,0,6916,0,0,7318717611,0,0,0,0,0,0,-2015,0,0
7319760611,0,0,0,0,0,0,6954,0,0,7319837611,0,0,0,0,0,0,-2001,0,0
7320880611,0,0,0,0,0,0,6914,0,0,7320957611,0,0,0,0,0,0,-1999,0,0
7322000611,0,0,0,0,0,0,6900,0,0,7322077611,0,0,0,0,0,0,-2046,0,0
7323120611,0,0,0,0,0,0,6961,0,0,7323197611,0,0,0,0,0,0,-2009,0,0
7324240611,0,0,0,0,0,0,6916,0,0,7324317611,0,0,0,0,0,0,-2006,0,0
7325360611,0,0,0,0,0,0,245,0,0,7325437611,0,0,0,0,0,0,648,0,0
7326480611,0,0,0,0,0,0,218,0,0,7326557611,0,0,0,0,0,0,622,0,0
7327600611,0,0,0,0,0,0,239,0,0,7327677611,0,0,0,0,0,0,610,0,0
7328720611,0,0,0,0,0,0,243,0,0,7328797611,0,0,0,0,0,0,580,0,0
7329840611,0,0,0,0,0,0,257,0,0,7329917611,0,0,0,0,0,0,602,0,0
7330960611,0,0,0,0,0,0,240,0,0,7331037611,0,0,0,0,0,0,584,0,0
7332080611,0,0,0,0,0,0,252,0,0,7332157611,0,0,0,0,0,0,626,0,0
7333200611,0,0,0,0,0,0,256,0,0,7333277611,0,0,0,0,0,0,631,0,0
7334320611,0,0,0,0,0,0,6945,0,0,7334397611,0,0,0,0,0,0,-2018,0,0
7335440611,0,0,0,0,0,0,6927,0,0,7335517611,0,0,0,0,0,0,-2003,0,0
7336560611,0,0,0,0,0,0,6922,0,0,7336637611,0,0,0,0,0,0,-2011,0,0
7337680611,0,0,0,0,0,0,6969,0,0,7337757611,0,0,0,0,0,0,-2025,0,0
7338800611,0,0,0,0,0,0,6942,0,0,7338877611,0,0,0,0,0,0,-1967,0,0
7339920611,0,0,0,0,0,0,6950,0,0,7339997611,0,0,0,0,0,0,-2020,0,0
7341040611,0,0,0,0,0,0,6953,0,0,7341117611,0,0,0,0,0,0,-1996,0,0
7342160611,0,0,0,0,0,0,6968,0,0,7342237611,0,0,0,0,0,0,-1989,0,0
7343280611,0,0,0,0,0,0,247,0,0,7343357611,0,0,0,0,0,0,627,0,0
7344400611,0,0,0,0,0,0,269,0,0,7344477611,0,0,0,0,0,0,625,0,0
7345520611,0,0,0,0,0,0,266,0,0,7345597611,0,0,0,0,0,0,651,0,0
7346640611,0,0,0,0,0,0,194,0,0,7346717611,0,0,0,0,0,0,582,0,0
7347760611,0,0,0,0,0,0,267,0,0,7347837611,0,0,0,0,0,0,654,0,0
7348880611,0,0,0,0,0,0,254,0,0,7348957611,0,0,0,0,0,0,655,0,0
7350000611,0,0,0,0,0,0,237,0,0,7350077611,0,0,0,0,0,0,656,0,0
7351120611,0,0,0,0,0,0,237,0,0,7351197611,0,0,0,0,0,0,604,0,0
7352240611,0,0,0,0,0,0,6967,0,0,7352317611,0,0,0,0,0,0,-1997,0,0
7353360611,0,0,0,0,0,0,6944,0,0,7353437611,0,0,0,0,0,0,-1986,0,0
7354480611,0,0,0,0,0,0,6970,0,0,7354557611,0,0,0,0,0,0,-2003,0,0
7355600611,0,0,0,0,0,0,6931,0,0,7355677611,0,0,0,0,0,0,-2007,0,0
7356720611,0,0,0,0,0,0,6944,0,0,7356797611,0,0,0,0,0,0,-2034,0,0
7357840611,0,0,0,0,0,0,6971,0,0,7357917611,0,0,0,0,0,0,-1998,0,0
7358960611,0,0,0,0,0,0,6966,0,0,7359037611,0,0,0,0,0,0,-1989,0,0
7360080611,0,0,0,0,0,0,6972,0,0,7360157611,0,0,0,0,0,0,-2039,0,0
7361200611,0,0,0,0,0,0,256,0,0,7361277611,0,0,0,0,0,0,577,0,0
7362320611,0,0,0,0,0,0,263,0,0,7362397611,0,0,0,0,0,0,636,0,0
7363440611,0,0,0,0,0,0,221,0,0,7363517611,0,0,0,0,0,0,640,0,0
7364560611,0,0,0,0,0,0,280,0,0,7364637611,0,0,0,0,0,0,616,0,0
7365680611,0,0,0,0,0,0,214,0,0,7365757611,0,0,0,0,0,0,593,0,0
7366800611,0,0,0,0,0,0,264,0,0,7366877611,0,0,0,0,0,0,592,0,0
7367920611,0,0,0,0,0,0,249,0,0,7367997611,0,0,0,0,0,0,638,0,0
7369040611,0,0,0,0,0,0,209,0,0,7369117611,0,0,0,0,0,0,606,0,0
7370160611,0,0,0,0,0,0,6952,0,0,7370237611,0,0,0,0,0,0,-1975,0,0
7371280611,0,0,0,0,0,0,6894,0,0,7371357611,0,0,0,0,0,0,-2017,0,0
7372400611,0,0,0,0,0,0,6939,0,0,7372477611,0,0,0,0,0,0,-2010,0,0
7373520611,0,0,0,0,0,0,6958,0,0,7373597611,0,0,0,0,0,0,-2017,0,0
7374640611,0,0,0,0,0,0,6946,0,0,7374717611,0,0,0,0,0,0,-1978,0,0
7375760611,0,0,0,0,0,0,6958,0,0,7375837611,0,0,0,0,0,0,-2021,0,0
7376880611,0,0,0,0,0,0,6968,0,0,7376957611,0,0,0,0,0,0,-2019,0,0
7378000611,0,0,0,0,0,0,6946,0,0,7378077611,0,0,0,0,0,0,-1981,0,0
7379120611,0,0,0,0,0,0,239,0,0,7379197611,0,0,0,0,0,0,625,0,0
7380240611,0,0,0,0,0,0,261,0,0,7380317611,0,0,0,0,0,0,638,0,0
7381360611,0,0,0,0,0,0,238,0,0,7381437611,0,0,0,0,0,0,608,0,0
7382480611,0,0,0,0,0,0,265,0,0,7382557611,0,0,0,0,0,0,625,0,0
7383600611,0,0,0,0,0,0,265,0,0,7383677611,0,0,0,0,0,0,585,0,0
7384720611,0,0,0,0,0,0,242,0,0,7384797611,0,0,0,0,0,0,588,0,0
7385840611,0,0,0,0,0,0,263,0,0,7385917611,0,0,0,0,0,0,608,0,0
7386960611,0,0,0,0,0,0,215,0,0,7387037611,0,0,0,0,0,0,618,0,0
7388080611,0,0,0,0,0,0,6932,0,0,7388157611,0,0,0,0,0,0,-2001,0,0
7389200611,0,0,0,0,0,0,6935,0,0,7389277611,0,0,0,0,0,0,-2024,0,0
7390320611,0,0,0,0,0,0,6980,0,0,7390397611,0,0,0,0,0,0,-1977,0,0
7391440611,0,0,0,0,0,0,6956,0,0,7391517611,0,0,0,0,0,0,-2037,0,0
7392560611,0,0,0,0,0,0,6948,0,0,7392637611,0,0,0,0,0,0,-1995,0,0
7393680611,0,0,0,0,0,0,6960,0,0,7393757611,0,0,0,0,0,0,-1990,0,0
7394800611,0,0,0,0,0,0,6945,0,0,7394877611,0,0,0,0,0,0,-1996,0,0
7395920611,0,0,0,0,0,0,6904,0,0,7395997611,0,0,0,0,0,0,-2022,0,0
7397040611,0,0,0,0,0,0,267,0,0,7397117611,0,0,0,0,0,0,614,0,0
7398160611,0,0,0,0,0,0,246,0,0,7398237611,0,0,0,0,0,0,624,0,0
7399280611,0,0,0,0,0,0,256,0,0,7399357611,0,0,0,0,0,0,616,0,0
7400400611,0,0,0,0,0,0,232,0,0,7400477611,0,0,0,0,0,0,596,0,0
7401520611,0,0,0,0,0,0,252,0,0,7401597611,0,0,0,0,0,0,595,0,0
7402640611,0,0,0,0,0,0,235,0,0,7402717611,0,0,0,0,0,0,627,0,0
7403760611,0,0,0,0,0,0,264,0,0,7403837611,0,0,0,0,0,0,591,0,0
7404880611,0,0,0,0,0,0,252,0,0,7404957611,0,0,0,0,0,0,628,0,0
7406000611,0,0,0,0,0,0,6981,0,0,7406077611,0,0,0,0,0,0,-2000,0,0
7407120611,0,0,0,0,0,0,6941,0,0,7407197611,0,0,0,0,0,0,-1946,0,0
7408240611,0,0,0,0,0,0,6970,0,0,7408317611,0,0,0,0,0,0,-2002,0,0
7409360611,0,0,0,0,0,0,6938,0,0,7409437611,0,0,0,0,0,0,-1987,0,0
7410480611,0,0,0,0,0,0,6969,0,0,7410557611,0,0,0,0,0,0,-2033,0,0
7411600611,0,0,0,0,0,0,6959,0,0,7411677611,0,0,0,0,0,0,-2018,0,0
7412720611,0,0,0,0,0,0,6961,0,0,7412797611,0,0,0,0,0,0,-1997,0,0
7413840611,0,0,0,0,0,0,6921,0,0,7413917611,0,0,0,0,0,0,-2025,0,0
7414960611,0,0,0,0,0,0,240,0,0,7415037611,0,0,0,0,0,0,647,0,0
7416080611,0,0,0,0,0,0,225,0,0,7416157611,0,0,0,0,0,0,589,0,0
7417200611,0,0,0,0,0,0,263,0,0,7417277611,0,0,0,0,0,0,594,0,0
7418320611,0,0,0,0,0,0,255,0,0,7418397611,0,0,0,0,0,0,591,0,0
7419440611,0,0,0,0,0,0,259,0,0,7419517611,0,0,0,0,0,0,623,0,0
7420560611,0,0,0,0,0,0,226,0,0,7420637611,0,0,0,0,0,0,594,0,0
7421680611,0,0,0,0,0,0,235,0,0,7421757611,0,0,0,0,0,0,559,0,0
7422800611,0,0,0,0,0,0,236,0,0,7422877611,0,0,0,0,0,0,567,0,0
7423920611,0,0,0,0,0,0,6935,0,0,7423997611,0,0,0,0,0,0,-2003,0,0
7425040611,0,0,0,0,0,0,6967,0,0,7425117611,0,0,0,0,0,0,-1993,0,0
7426160611,0,0,0,0,0,0,6963,0,0,7426237611,0,0,0,0,0,0,-2039,0,0
7427280611,0,0,0,0,0,0,6948,0,0,7427357611,0,0,0,0,0,0,-2018,0,0
7428400611,0,0,0,0,0,0,6962,0,0,7428477611,0,0,0,0,0,0,-2006,0,0
7429520611,0,0,0,0,0,0,6947,0,0,7429597611,0,0,0,0,0,0,-1976,0,0
7430640611,0,0,0,0,0,0,6939,0,0,7430717611,0,0,0,0,0,0,-1977,0,0
7431760611,0,0,0,0,0,0,6965,0,0,7431837611,0,0,0,0,0,0,-1981,0,0
7432880611,0,0,0,0,0,0,224,0,0,7432957611,0,0,0,0,0,0,610,0,0
7434000611,0,0,0,0,0,0,222,0,0,7434077611,0,0,0,0,0,0,600,0,0
7435120611,0,0,0,0,0,0,224,0,0,7435197611,0,0,0,0,0,0,613,0,0
7436240611,0,0,0,0,0,0,253,0,0,7436317611,0,0,0,0,0,0,637,0,0
7437360611,0,0,0,0,0,0,237,0,0,7437437611,0,0,0,0,0,0,576,0,0
7438480611,0,0,0,0,0,0,247,0,0,7438557611,0,0,0,0,0,0,605,0,0
7439600611,0,0,0,0,0,0,252,0,0,7439677611,0,0,0,0,0,0,567,0,0
7440720611,0,0,0,0,0,0,277,0,0,7440797611,0,0,0,0,0,0,586,0,0
7441840611,0,0,0,0,0,0,6905,0,0,7441917611,0,0,0,0,0,0,-1974,0,0
7442960611,0,0,0,0,0,0,6923,0,0,7443037611,0,0,0,0,0,0,-1988,0,0
7444080611,0,0,0,0,0,0,6954,0,0,7444157611,0,0,0,0,0,0,-2002,0,0
7445200611,0,0,0,0,0,0,6970,0,0,7445277611,0,0,0,0,0,0,-2059,0,0
7446320611,0,0,0,0,0,0,6936,0,0,7446397611,0,0,0,0,0,0,-2006,0,0
7447440611,0,0,0,0,0,0,6935,0,0,7447517611,0,0,0,0,0,0,-1995,0,0
7448560611,0,0,0,0,0,0,6933,0,0,7448637611,0,0,0,0,0,0,-2005,0,0
7449680611,0,0,0,0,0,0,6988,0,0,7449757611,0,0,0,0,0,0,-2029,0,0
7450800611,0,0,0,0,0,0,229,0,0,7450877611,0,0,0,0,0,0,593,0,0
7451920611,0,0,0,0,0,0,200,0,0,7451997611,0,0,0,0,0,0,603,0,0
7453040611,0,0,0,0,0,0,254,0,0,7453117611,0,0,0,0,0,0,542,0,0
7454160611,0,0,0,0,0,0,219,0,0,7454237611,0,0,0,0,0,0,598,0,0
7455280611,0,0,0,0,0,0,234,0,0,7455357611,0,0,0,0,0,0,620,0,0
7456400611,0,0,0,0,0,0,260,0,0,7456477611,0,0,0,0,0,0,612,0,0
7457520611,0,0,0,0,0,0,224,0,0,7457597611,0,0,0,0,0,0,604,0,0
7458640611,0,0,0,0,0,0,240,0,0,7458717611,0,0,0,0,0,0,586,0,0
7459760611,0,0,0,0,0,0,6975,0,0,7459837611,0,0,0,0,0,0,-1984,0,0
7460880611,0,0,0,0,0,0,6933,0,0,7460957611,0,0,0,0,0,0,-1976,0,0
7462000611,0,0,0,0,0,0,6962,0,0,7462077611,0,0,0,0,0,0,-2045,0,0
7463120611,0,0,0,0,0,0,6921,0,0,7463197611,0,0,0,0,0,0,-2008,0,0
7464240611,0,0,0,0,0,0,6909,0,0,7464317611,0,0,0,0,0,0,-1955,0,0
7465360611,0,0,0,0,0,0,6938,0,0,7465437611,0,0,0,0,0,0,-2020,0,0
7466480611,0,0,0,0,0,0,6949,0,0,7466557611,0,0,0,0,0,0,-1999,0,0
7467600611,0,0,0,0,0,0,6927,0,0,7467677611,0,0,0,0,0,0,-2010,0,0
7468720611,0,0,0,0,0,0,227,0,0,7468797611,0,0,0,0,0,0,623,0,0
7469840611,0,0,0,0,0,0,226,0,0,7469917611,0,0,0,0,0,0,658,0,0
7470960611,0,0,0,0,0,0,279,0,0,7471037611,0,0,0,0,0,0,622,0,0
7472080611,0,0,0,0,0,0,213,0,0,7472157611,0,0,0,0,0,0,612,0,0
7473200611,0,0,0,0,0,0,270,0,0,7473277611,0,0,0,0,0,0,612,0,0
7474320611,0,0,0,0,0,0,283,0,0,7474397611,0,0,0,0,0,0,628,0,0
7475440611,0,0,0,0,0,0,240,0,0,7475517611,0,0,0,0,0,0,614,0,0
7476560611,0,0,0,0,0,0,241,0,0,7476637611,0,0,0,0,0,0,584,0,0
7477680611,0,0,0,0,0,0,6924,0,0,7477757611,0,0,0,0,0,0,-1989,0,0
7478800611,0,0,0,0,0,0,6962,0,0,7478877611,0,0,0,0,0,0,-2036,0,0
7479920611,0,0,0,0,0,0,6908,0,0,7479997611,0,0,0,0,0,0,-2001,0,0
7481040611,0,0,0,0,0,0,6978,0,0,7481117611,0,0,0,0,0,0,-1984,0,0
7482160611,0,0,0,0,0,0,6923,0,0,7482237611,0,0,0,0,0,0,-2037,0,0
7483280611,0,0,0,0,0,0,6968,0,0,7483357611,0,0,0,0,0,0,-2023,0,0
7484400611,0,0,0,0,0,0,6908,0,0,7484477611,0,0,0,0,0,0,-2041,0,0
7485520611,0,0,0,0,0,0,6953,0,0,7485597611,0,0,0,0,0,0,-1988,0,0
7486640611,0,0,0,0,0,0,231,0,0,7486717611,0,0,0,0,0,0,632,0,0
7487760611,0,0,0,0,0,0,212,0,0,7487837611,0,0,0,0,0,0,642,0,0
7488880611,0,0,0,0,0,0,226,0,0,7488957611,0,0,0,0,0,0,629,0,0
7490000611,0,0,0,0,0,0,243,0,0,7490077611,0,0,0,0,0,0,599,0,0
7491120611,0,0,0,0,0,0,261,0,0,7491197611,0,0,0,0,0,0,629,0,0
7492240611,0,0,0,0,0,0,187,0,0,7492317611,0,0,0,0,0,0,635,0,0
7493360611,0,0,0,0,0,0,240,0,0,7493437611,0,0,0,0,0,0,631,0,0
7494480611,0,0,0,0,0,0,203,0,0,7494557611,0,0,0,0,0,0,585,0,0
7495600611,0,0,0,0,0,0,6925,0,0,7495677611,0,0,0,0,0,0,-2007,0,0
7496720611,0,0,0,0,0,0,6905,0,0,7496797611,0,0,0,0,0,0,-1978,0,0
7497840611,0,0,0,0,0,0,6925,0,0,7497917611,0,0,0,0,0,0,-2014,0,0
7498960611,0,0,0,0,0,0,6889,0,0,7499037611,0,0,0,0,0,0,-1963,0,0
7500080611,0,0,0,0,0,0,6917,0,0,7500157611,0,0,0,0,0,0,-1925,0,0
7501200611,0,0,0,0,0,0,6929,0,0,7501277611,0,0,0,0,0,0,-2037,0,0
7502320611,0,0,0,0,0,0,6927,0,0,7502397611,0,0,0,0,0,0,-2003,0,0
7503440611,0,0,0,0,0,0,6889,0,0,7503517611,0,0,0,0,0,0,-1976,0,0
7504560611,0,0,0,0,0,0,286,0,0,7504637611,0,0,0,0,0,0,602,0,0
7505680611,0,0,0,0,0,0,186,0,0,7505757611,0,0,0,0,0,0,583,0,0
7506800611,0,0,0,0,0,0,231,0,0,7506877611,0,0,0,0,0,0,598,0,0
7507920611,0,0,0,0,0,0,204,0,0,7507997611,0,0,0,0,0,0,594,0,0
7509040611,0,0,0,0,0,0,197,0,0,7509117611,0,0,0,0,0,0,580,0,0
7510160611,0,0,0,0,0,0,256,0,0,7510237611,0,0,0,0,0,0,560,0,0
7511280611,0,0,0,0,0,0,238,0,0,7511357611,0,0,0,0,0,0,617,0,0
7512400611,0,0,0,0,0,0,262,0,0,7512477611,0,0,0,0,0,0,616,0,0
7513520611,0,0,0,0,0,0,6952,0,0,7513597611,0,0,0,0,0,0,-1956,0,0
7514640611,0,0,0,0,0,0,6950,0,0,7514717611,0,0,0,0,0,0,-1948,0,0
7515760611,0,0,0,0,0,0,6933,0,0,7515837611,0,0,0,0,0,0,-2051,0,0
7516880611,0,0,0,0,0,0,6916,0,0,7516957611,0,0,0,0,0,0,-2020,0,0
7518000611,0,0,0,0,0,0,6895,0,0,7518077611,0,0,0,0,0,0,-1986,0,0
7519120611,0,0,0,0,0,0,6936,0,0,7519197611,0,0,0,0,0,0,-1990,0,0
7520240611,0,0,0,0,0,0,6967,0,0,7520317611,0,0,0,0,0,0,-1977,0,0
7521360611,0,0,0,0,0,0,6938,0,0,7521437611,0,0,0,0,0,0,-2010,0,0
7522480611,0,0,0,0,0,0,214,0,0,7522557611,0,0,0,0,0,0,586,0,0
7523600611,0,0,0,0,0,0,272,0,0,7523677611,0,0,0,0,0,0,618,0,0
7524720611,0,0,0,0,0,0,234,0,0,7524797611,0,0,0,0,0,0,602,0,0
7525840611,0,0,0,0,0,0,205,0,0,7525917611,0,0,0,0,0,0,580,0,0
7526960611,0,0,0,0,0,0,257,0,0,7527037611,0,0,0,0,0,0,604,0,0
7528080611,0,0,0,0,0,0,259,0,0,7528157611,0,0,0,0,0,0,592,0,0
7529200611,0,0,0,0,0,0,222,0,0,7529277611,0,0,0,0,0,0,594,0,0
7530320611,0,0,0,0,0,0,243,0,0,7530397611,0,0,0,0,0,0,623,0,0
7531440611,0,0,0,0,0,0,6917,0,0,7531517611,0,0,0,0,0,0,-2034,0,0
7532560611,0,0,0,0,0,0,6938,0,0,7532637611,0,0,0,0,0,0,-2009,0,0
7533680611,0,0,0,0,0,0,6933,0,0,7533757611,0,0,0,0,0,0,-2009,0,0
7534800611,0,0,0,0,0,0,6945,0,0,7534877611,0,0,0,0,0,0,-1992,0,0
7535920611,0,0,0,0,0,0,6896,0,0,7535997611,0,0,0,0,0,0,-2003,0,0
7537040611,0,0,0,0,0,0,6924,0,0,7537117611,0,0,0,0,0,0,-1976,0,0
7538160611,0,0,0,0,0,0,6990,0,0,7538237611,0,0,0,0,0,0,-1988,0,0
7539280611,0,0,0,0,0,0,6947,0,0,7539357611,0,0,0,0,0,0,-1995,0,0
7540400611,0,0,0,0,0,0,256,0,0,7540477611,0,0,0,0,0,0,608,0,0
7541520611,0,0,0,0,0,0,239,0,0,7541597611,0,0,0,0,0,0,593,0,0
7542640611,0,0,0,0,0,0,252,0,0,7542717611,0,0,0,0,0,0,602,0,0
7543760611,0,0,0,0,0,0,210,0,0,7543837611,0,0,0,0,0,0,639,0,0
7544880611,0,0,0,0,0,0,223,0,0,7544957611,0,0,0,0,0,0,636,0,0
7546000611,0,0,0,0,0,0,240,0,0,7546077611,0,0,0,0,0,0,581,0,0
7547120611,0,0,0,0,0,0,210,0,0,7547197611,0,0,0,0,0,0,598,0,0
7548240611,0,0,0,0,0,0,270,0,0,7548317611,0,0,0,0,0,0,630,0,0
7549360611,0,0,0,0,0,0,6964,0,0,7549437611,0,0,0,0,0,0,-1986,0,0
7550480611,0,0,0,0,0,0,6953,0,0,7550557611,0,0,0,0,0,0,-1992,0,0
7551600611,0,0,0,0,0,0,6920,0,0,7551677611,0,0,0,0,0,0,-1952,0,0
7552720611,0,0,0,0,0,0,6920,0,0,7552797611,0,0,0,0,0,0,-1985,0,0
7553840611,0,0,0,0,0,0,6909,0,0,7553917611,0,0,0,0,0,0,-1988,0,0
7554960611,0,0,0,0,0,0,6946,0,0,7555037611,0,0,0,0,0,0,-1995,0,0
7556080611,0,0,0,0,0,0,6894,0,0,7556157611,0,0,0,0,0,0,-1984,0,0
7557200611,0,0,0,0,0,0,6918,0,0,7557277611,0,0,0,0,0,0,-1983,0,0
7558320611,0,0,0,0,0,0,235,0,0,7558397611,0,0,0,0,0,0,604,0,0
7559440611,0,0,0,0,0,0,266,0,0,7559517611,0,0,0,0,0,0,621,0,0
7560560611,0,0,0,0,0,0,266,0,0,7560637611,0,0,0,0,0,0,565,0,0
7561680611,0,0,0,0,0,0,226,0,0,7561757611,0,0,0,0,0,0,609,0,0
7562800611,0,0,0,0,0,0,253,0,0,7562877611,0,0,0,0,0,0,633,0,0
7563920611,0,0,0,0,0,0,226,0,0,7563997611,0,0,0,0,0,0,638,0,0
7565040611,0,0,0,0,0,0,278,0,0,7565117611,0,0,0,0,0,0,650,0,0
7566160611,0,0,0,0,0,0,278,0,0,7566237611,0,0,0,0,0,0,548,0,0
7567280611,0,0,0,0,0,0,6977,0,0,7567357611,0,0,0,0,0,0,-2031,0,0
7568400611,0,0,0,0,0,0,6972,0,0,7568477611,0,0,0,0,0,0,-2054,0,0
7569520611,0,0,0,0,0,0,6968,0,0,7569597611,0,0,0,0,0,0,-2025,0,0
7570640611,0,0,0,0,0,0,6889,0,0,7570717611,0,0,0,0,0,0,-2029,0,0
7571760611,0,0,0,0,0,0,6952,0,0,7571837611,0,0,0,0,0,0,-2017,0,0
7572880611,0,0,0,0,0,0,6930,0,0,7572957611,0,0,0,0,0,0,-2035,0,0
7574000611,0,0,0,0,0,0,6949,0,0,7574077611,0,0,0,0,0,0,-1972,0,0
7575120611,0,0,0,0,0,0,6938,0,0,7575197611,0,0,0,0,0,0,-1999,0,0
7576240611,0,0,0,0,0,0,207,0,0,7576317611,0,0,0,0,0,0,607,0,0
7577360611,0,0,0,0,0,0,233,0,0,7577437611,0,0,0,0,0,0,602,0,0
7578480611,0,0,0,0,0,0,197,0,0,7578557611,0,0,0,0,0,0,618,0,0
7579600611,0,0,0,0,0,0,218,0,0,7579677611,0,0,0,0,0,0,605,0,0
7580720611,0,0,0,0,0,0,207,0,0,7580797611,0,0,0,0,0,0,572,0,0
7581840611,0,0,0,0,0,0,210,0,0,7581917611,0,0,0,0,0,0,595,0,0
7582960611,0,0,0,0,0,0,261,0,0,7583037611,0,0,0,0,0,0,626,0,0
7584080611,0,0,0,0,0,0,253,0,0,7584157611,0,0,0,0,0,0,606,0,0
7585200611,0,0,0,0,0,0,6938,0,0,7585277611,0,0,0,0,0,0,-1993,0,0
7586320611,0,0,0,0,0,0,6934,0,0,7586397611,0,0,0,0,0,0,-1999,0,0
7587440611,0,0,0,0,0,0,6911,0,0,7587517611,0,0,0,0,0,0,-2040,0,0
7588560611,0,0,0,0,0,0,6945,0,0,7588637611,0,0,0,0,0,0,-1981,0,0
7589680611,0,0,0,0,0,0,6944,0,0,7589757611,0,0,0,0,0,0,-2027,0,0
7590800611,0,0,0,0,0,0,6946,0,0,7590877611,0,0,0,0,0,0,-1989,0,0
7591920611,0,0,0,0,0,0,6939,0,0,7591997611,0,0,0,0,0,0,-2026,0,0
7593040611,0,0,0,0,0,0,6936,0,0,7593117611,0,0,0,0,0,0,-2008,0,0
7594160611,0,0,0,0,0,0,260,0,0,7594237611,0,0,0,0,0,0,632,0,0
7595280611,0,0,0,0,0,0,238,0,0,7595357611,0,0,0,0,0,0,608,0,0
7596400611,0,0,0,0,0,0,244,0,0,7596477611,0,0,0,0,0,0,601,0,0
7597520611,0,0,0,0,0,0,243,0,0,7597597611,0,0,0,0,0,0,601,0,0
7598640611,0,0,0,0,0,0,253,0,0,7598717611,0,0,0,0,0,0,617,0,0
7599760611,0,0,0,0,0,0,251,0,0,7599837611,0,0,0,0,0,0,584,0,0
7600880611,0,0,0,0,0,0,247,0,0,7600957611,0,0,0,0,0,0,587,0,0
7602000611,0,0,0,0,0,0,273,0,0,7602077611,0,0,0,0,0,0,600,0,0
7603120611,0,0,0,0,0,0,6903,0,0,7603197611,0,0,0,0,0,0,-1989,0,0
7604240611,0,0,0,0,0,0,6942,0,0,7604317611,0,0,0,0,0,0,-2009,0,0
7605360611,0,0,0,0,0,0,6907,0,0,7605437611,0,0,0,0,0,0,-2014,0,0
7606480611,0,0,0,0,0,0,6903,0,0,7606557611,0,0,0,0,0,0,-1957,0,0
7607600611,0,0,0,0,0,0,6959,0,0,7607677611,0,0,0,0,0,0,-2020,0,0
7608720611,0,0,0,0,0,0,6899,0,0,7608797611,0,0,0,0,0,0,-1947,0,0
7609840611,0,0,0,0,0,0,6909,0,0,7609917611,0,0,0,0,0,0,-2000,0,0
7610960611,0,0,0,0,0,0,6911,0,0,7611037611,0,0,0,0,0,0,-2029,0,0
7612080611,0,0,0,0,0,0,240,0,0,7612157611,0,0,0,0,0,0,650,0,0
7613200611,0,0,0,0,0,0,255,0,0,7613277611,0,0,0,0,0,0,609,0,0
7614320611,0,0,0,0,0,0,279,0,0,7614397611,0,0,0,0,0,0,594,0,0
7615440611,0,0,0,0,0,0,263,0,0,7615517611,0,0,0,0,0,0,621,0,0
7616560611,0,0,0,0,0,0,204,0,0,7616637611,0,0,0,0,0,0,657,0,0
7617680611,0,0,0,0,0,0,233,0,0,7617757611,0,0,0,0,0,0,656,0,0
7618800611,0,0,0,0,0,0,231,0,0,7618877611,0,0,0,0,0,0,579,0,0
7619920611,0,0,0,0,0,0,235,0,0,7619997611,0,0,0,0,0,0,633,0,0
7621040611,0,0,0,0,0,0,6791,0,0,7621117611,0,0,0,0,0,0,-1997,0,0
7622160611,0,0,0,0,0,0,6967,0,0,7622237611,0,0,0,0,0,0,-1947,0,0
7623280611,0,0,0,0,0,0,6949,0,0,7623357611,0,0,0,0,0,0,-2009,0,0
7624400611,0,0,0,0,0,0,6934,0,0,7624477611,0,0,0,0,0,0,-1995,0,0
7625520611,0,0,0,0,0,0,6943,0,0,7625597611,0,0,0,0,0,0,-1988,0,0
7626640611,0,0,0,0,0,0,6918,0,0,7626717611,0,0,0,0,0,0,-1983,0,0
7627760611,0,0,0,0,0,0,6902,0,0,7627837611,0,0,0,0,0,0,-2059,0,0
7628880611,0,0,0,0,0,0,6898,0,0,7628957611,0,0,0,0,0,0,-1994,0,0
7630000611,0,0,0,0,0,0,263,0,0,7630077611,0,0,0,0,0,0,599,0,0
7631120611,0,0,0,0,0,0,269,0,0,7631197611,0,0,0,0,0,0,584,0,0
7632240611,0,0,0,0,0,0,206,0,0,7632317611,0,0,0,0,0,0,634,0,0
7633360611,0,0,0,0,0,0,274,0,0,7633437611,0,0,0,0,0,0,628,0,0
7634480611,0,0,0,0,0,0,224,0,0,7634557611,0,0,0,0,0,0,588,0,0
7635600611,0,0,0,0,0,0,173,0,0,7635677611,0,0,0,0,0,0,576,0,0
7636720611,0,0,0,0,0,0,238,0,0,7636797611,0,0,0,0,0,0,617,0,0
7637840611,0,0,0,0,0,0,247,0,0,7637917611,0,0,0,0,0,0,566,0,0
7638960611,0,0,0,0,0,0,6651,0,0,7639037611,0,0,0,0,0,0,-1989,0,0
7640080611,0,0,0,0,0,0,6955,0,0,7640157611,0,0,0,0,0,0,-1972,0,0
7641200611,0,0,0,0,0,0,6957,0,0,7641277611,0,0,0,0,0,0,-2014,0,0
7642320611,0,0,0,0,0,0,6905,0,0,7642397611,0,0,0,0,0,0,-2003,0,0
7643440611,0,0,0,0,0,0,6941,0,0,7643517611,0,0,0,0,0,0,-1969,0,0
7644560611,0,0,0,0,0,0,6953,0,0,7644637611,0,0,0,0,0,0,-1967,0,0
7645680611,0,0,0,0,0,0,6938,0,0,7645757611,0,0,0,0,0,0,-1956,0,0
7646800611,0,0,0,0,0,0,6912,0,0,7646877611,0,0,0,0,0,0,-2014,0,0
7647920611,0,0,0,0,0,0,270,0,0,7647997611,0,0,0,0,0,0,667,0,0
7649040611,0,0,0,0,0,0,227,0,0,7649117611,0,0,0,0,0,0,588,0,0
7650160611,0,0,0,0,0,0,261,0,0,7650237611,0,0,0,0,0,0,592,0,0
7651280611,0,0,0,0,0,0,249,0,0,7651357611,0,0,0,0,0,0,586,0,0
7652400611,0,0,0,0,0,0,261,0,0,7652477611,0,0,0,0,0,0,601,0,0
7653520611,0,0,0,0,0,0,270,0,0,7653597611,0,0,0,0,0,0,628,0,0
7654640611,0,0,0,0,0,0,236,0,0,7654717611,0,0,0,0,0,0,657,0,0
7655760611,0,0,0,0,0,0,221,0,0,7655837611,0,0,0,0,0,0,600,0,0
7656880611,0,0,0,0,0,0,6405,0,0,7656957611,0,0,0,0,0,0,-1974,0,0
7658000611,0,0,0,0,0,0,6840,0,0,7658077611,0,0,0,0,0,0,-2030,0,0
7659120611,0,0,0,0,0,0,6961,0,0,7659197611,0,0,0,0,0,0,-2036,0,0
7660240611,0,0,0,0,0,0,6951,0,0,7660317611,0,0,0,0,0,0,-2037,0,0
7661360611,0,0,0,0,0,0,6913,0,0,7661437611,0,0,0,0,0,0,-1976,0,0
7662480611,0,0,0,0,0,0,6961,0,0,7662557611,0,0,0,0,0,0,-1996,0,0
7663600611,0,0,0,0,0,0,6982,0,0,7663677611,0,0,0,0,0,0,-1972,0,0
7664720611,0,0,0,0,0,0,6944,0,0,7664797611,0,0,0,0,0,0,-2018,0,0
7665840611,0,0,0,0,0,0,331,0,0,7665917611,0,0,0,0,0,0,603,0,0
7666960611,0,0,0,0,0,0,265,0,0,7667037611,0,0,0,0,0,0,599,0,0
7668080611,0,0,0,0,0,0,202,0,0,7668157611,0,0,0,0,0,0,611,0,0
7669200611,0,0,0,0,0,0,243,0,0,7669277611,0,0,0,0,0,0,619,0,0
7670320611,0,0,0,0,0,0,242,0,0,7670397611,0,0,0,0,0,0,604,0,0
7671440611,0,0,0,0,0,0,253,0,0,7671517611,0,0,0,0,0,0,584,0,0
7672560611,0,0,0,0,0,0,241,0,0,7672637611,0,0,0,0,0,0,585,0,0
7673680611,0,0,0,0,0,0,254,0,0,7673757611,0,0,0,0,0,0,612,0,0
7674800611,0,0,0,0,0,0,5925,0,0,7674877611,0,0,0,0,0,0,-1915,0,0
7675920611,0,0,0,0,0,0,6909,0,0,7675997611,0,0,0,0,0,0,-1998,0,0
7677040611,0,0,0,0,0,0,6916,0,0,7677117611,0,0,0,0,0,0,-1961,0,0
7678160611,0,0,0,0,0,0,6966,0,0,7678237611,0,0,0,0,0,0,-2021,0,0
7679280611,0,0,0,0,0,0,6899,0,0,7679357611,0,0,0,0,0,0,-1974,0,0
7680400611,0,0,0,0,0,0,6945,0,0,7680477611,0,0,0,0,0,0,-2021,0,0
7681520611,0,0,0,0,0,0,6978,0,0,7681597611,0,0,0,0,0,0,-1993,0,0
7682640611,0,0,0,0,0,0,6949,0,0,7682717611,0,0,0,0,0,0,-2058,0,0
7683760611,0,0,0,0,0,0,615,0,0,7683837611,0,0,0,0,0,0,592,0,0
7684880611,0,0,0,0,0,0,260,0,0,7684957611,0,0,0,0,0,0,614,0,0
7686000611,0,0,0,0,0,0,273,0,0,7686077611,0,0,0,0,0,0,617,0,0
7687120611,0,0,0,0,0,0,237,0,0,7687197611,0,0,0,0,0,0,623,0,0
7688240611,0,0,0,0,0,0,217,0,0,7688317611,0,0,0,0,0,0,594,0,0
7689360611,0,0,0,0,0,0,235,0,0,7689437611,0,0,0,0,0,0,646,0,0
7690480611,0,0,0,0,0,0,247,0,0,7690557611,0,0,0,0,0,0,598,0,0
7691600611,0,0,0,0,0,0,266,0,0,7691677611,0,0,0,0,0,0,585,0,0
7692720611,0,0,0,0,0,0,4836,0,0,7692797611,0,0,0,0,0,0,-1899,0,0
7693840611,0,0,0,0,0,0,6932,0,0,7693917611,0,0,0,0,0,0,-2032,0,0
7694960611,0,0,0,0,0,0,6959,0,0,7695037611,0,0,0,0,0,0,-2000,0,0
7696080611,0,0,0,0,0,0,6936,0,0,7696157611,0,0,0,0,0,0,-1974,0,0
7697200611,0,0,0,0,0,0,6935,0,0,7697277611,0,0,0,0,0,0,-2030,0,0
7698320611,0,0,0,0,0,0,6946,0,0,7698397611,0,0,0,0,0,0,-2005,0,0
7699440611,0,0,0,0,0,0,6943,0,0,7699517611,0,0,0,0,0,0,-1982,0,0
7700560611,0,0,0,0,0,0,6944,0,0,7700637611,0,0,0,0,0,0,-2053,0,0
7701680611,0,0,0,0,0,0,2490,0,0,7701757611,0,0,0,0,0,0,592,0,0
7702800611,0,0,0,0,0,0,258,0,0,7702877611,0,0,0,0,0,0,616,0,0
7703920611,0,0,0,0,0,0,278,0,0,7703997611,0,0,0,0,0,0,600,0,0
7705040611,0,0,0,0,0,0,299,0,0,7705117611,0,0,0,0,0,0,626,0,0
7706160611,0,0,0,0,0,0,252,0,0,7706237611,0,0,0,0,0,0,624,0,0
7707280611,0,0,0,0,0,0,215,0,0,7707357611,0,0,0,0,0,0,607,0,0
7708400611,0,0,0,0,0,0,253,0,0,7708477611,0,0,0,0,0,0,641,0,0
7709520611,0,0,0,0,0,0,221,0,0,7709597611,0,0,0,0,0,0,589,0,0
7710640611,0,0,0,0,0,0,2415,0,0,7710717611,0,0,0,0,0,0,-1755,0,0
7711760611,0,0,0,0,0,0,6943,0,0,7711837611,0,0,0,0,0,0,-2012,0,0
7712880611,0,0,0,0,0,0,6920,0,0,7712957611,0,0,0,0,0,0,-1995,0,0
7714000611,0,0,0,0,0,0,6950,0,0,7714077611,0,0,0,0,0,0,-2023,0,0
7715120611,0,0,0,0,0,0,6954,0,0,7715197611,0,0,0,0,0,0,-2019,0,0
7716240611,0,0,0,0,0,0,6957,0,0,7716317611,0,0,0,0,0,0,-1994,0,0
7717360611,0,0,0,0,0,0,6944,0,0,7717437611,0,0,0,0,0,0,-2004,0,0
7718480611,0,0,0,0,0,0,6916,0,0,7718557611,0,0,0,0,0,0,-1990,0,0
7719600611,0,0,0,0,0,0,6831,0,0,7719677611,0,0,0,0,0,0,540,0,0
7720720611,0,0,0,0,0,0,211,0,0,7720797611,0,0,0,0,0,0,659,0,0
7721840611,0,0,0,0,0,0,275,0,0,7721917611,0,0,0,0,0,0,611,0,0
7722960611,0,0,0,0,0,0,265,0,0,7723037611,0,0,0,0,0,0,613,0,0
7724080611,0,0,0,0,0,0,242,0,0,7724157611,0,0,0,0,0,0,563,0,0
7725200611,0,0,0,0,0,0,207,0,0,7725277611,0,0,0,0,0,0,641,0,0
7726320611,0,0,0,0,0,0,278,0,0,7726397611,0,0,0,0,0,0,570,0,0
7727440611,0,0,0,0,0,0,217,0,0,7727517611,0,0,0,0,0,0,588,0,0
7728560611,0,0,0,0,0,0,245,0,0,7728637611,0,0,0,0,0,0,-1421,0,0
7729680611,0,0,0,0,0,0,6912,0,0,7729757611,0,0,0,0,0,0,-2002,0,0
7730800611,0,0,0,0,0,0,6941,0,0,7730877611,0,0,0,0,0,0,-2001,0,0
7731920611,0,0,0,0,0,0,6900,0,0,7731997611,0,0,0,0,0,0,-2007,0,0
7733040611,0,0,0,0,0,0,6972,0,0,7733117611,0,0,0,0,0,0,-1992,0,0
7734160611,0,0,0,0,0,0,6937,0,0,7734237611,0,0,0,0,0,0,-2005,0,0
7735280611,0,0,0,0,0,0,6933,0,0,7735357611,0,0,0,0,0,0,-2024,0,0
7736400611,0,0,0,0,0,0,6897,0,0,7736477611,0,0,0,0,0,0,-1974,0,0
7737520611,0,0,0,0,0,0,6931,0,0,7737597611,0,0,0,0,0,0,235,0,0
7738640611,0,0,0,0,0,0,255,0,0,7738717611,0,0,0,0,0,0,632,0,0
7739760611,0,0,0,0,0,0,273,0,0,7739837611,0,0,0,0,0,0,584,0,0
7740880611,0,0,0,0,0,0,248,0,0,7740957611,0,0,0,0,0,0,610,0,0
7742000611,0,0,0,0,0,0,240,0,0,7742077611,0,0,0,0,0,0,576,0,0
7743120611,0,0,0,0,0,0,261,0,0,7743197611,0,0,0,0,0,0,606,0,0
7744240611,0,0,0,0,0,0,226,0,0,7744317611,0,0,0,0,0,0,589,0,0
7745360611,0,0,0,0,0,0,247,0,0,7745437611,0,0,0,0,0,0,616,0,0
7746480611,0,0,0,0,0,0,255,0,0,7746557611,0,0,0,0,0,0,621,0,0
7747600611,0,0,0,0,0,0,209,0,0,7747677611,0,0,0,0,0,0,579,0,0
7748720611,0,0,0,0,0,0,250,0,0,7748797611,0,0,0,0,0,0,629,0,0
7749840611,0,0,0,0,0,0,225,0,0,7749917611,0,0,0,0,0,0,643,0,0
7750960611,0,0,0,0,0,0,268,0,0,7751037611,0,0,0,0,0,0,591,0,0
7752080611,0,0,0,0,0,0,220,0,0,7752157611,0,0,0,0,0,0,606,0,0
7753200611,0,0,0,0,0,0,213,0,0,7753277611,0,0,0,0,0,0,606,0,0
7754320611,0,0,0,0,0,0,211,0,0,7754397611,0,0,0,0,0,0,596,0,0
7755440611,0,0,0,0,0,0,227,0,0,7755517611,0,0,0,0,0,0,602,0,0
7756560611,0,0,0,0,0,0,206,0,0,7756637611,0,0,0,0,0,0,598,0,0
7757680611,0,0,0,0,0,0,203,0,0,7757757611,0,0,0,0,0,0,611,0,0
7758800611,0,0,0,0,0,0,269,0,0,7758877611,0,0,0,0,0,0,598,0,0
7759920611,0,0,0,0,0,0,267,0,0,7759997611,0,0,0,0,0,0,576,0,0
7761040611,0,0,0,0,0,0,244,0,0,7761117611,0,0,0,0,0,0,608,0,0
7762160611,0,0,0,0,0,0,228,0,0,7762237611,0,0,0,0,0,0,575,0,0
7763280611,0,0,0,0,0,0,259,0,0,7763357611,0,0,0,0,0,0,611,0,0
7764400611,0,0,0,0,0,0,209,0,0,7764477611,0,0,0,0,0,0,621,0,0
7765520611,0,0,0,0,0,0,246,0,0,7765597611,0,0,0,0,0,0,610,0,0
7766640611,0,0,0,0,0,0,243,0,0,7766717611,0,0,0,0,0,0,617,0,0
7767760611,0,0,0,0,0,0,260,0,0,7767837611,0,0,0,0,0,0,617,0,0
7768880611,0,0,0,0,0,0,209,0,0,7768957611,0,0,0,0,0,0,596,0,0
7770000611,0,0,0,0,0,0,247,0,0,7770077611,0,0,0,0,0,0,602,0,0
7771120611,0,0,0,0,0,0,231,0,0,7771197611,0,0,0,0,0,0,594,0,0
7772240611,0,0,0,0,0,0,264,0,0,7772317611,0,0,0,0,0,0,554,0,0
7773360611,0,0,0,0,0,0,245,0,0,7773437611,0,0,0,0,0,0,614,0,0
7774480611,0,0,0,0,0,0,310,0,0,7774557611,0,0,0,0,0,0,585,0,0
7775600611,0,0,0,0,0,0,236,0,0,7775677611,0,0,0,0,0,0,621,0,0
7776720611,0,0,0,0,0,0,243,0,0,7776797611,0,0,0,0,0,0,646,0,0
7777840611,0,0,0,0,0,0,243,0,0,7777917611,0,0,0,0,0,0,647,0,0
7778960611,0,0,0,0,0,0,257,0,0,7779037611,0,0,0,0,0,0,583,0,0
7780080611,0,0,0,0,0,0,252,0,0,7780157611,0,0,0,0,0,0,593,0,0
7781200611,0,0,0,0,0,0,259,0,0,7781277611,0,0,0,0,0,0,584,0,0
7782320611,0,0,0,0,0,0,232,0,0,7782397611,0,0,0,0,0,0,629,0,0
7783440611,0,0,0,0,0,0,234,0,0,7783517611,0,0,0,0,0,0,594,0,0
7784560611,0,0,0,0,0,0,221,0,0,7784637611,0,0,0,0,0,0,640,0,0
7785680611,0,0,0,0,0,0,247,0,0,7785757611,0,0,0,0,0,0,592,0,0
7786800611,0,0,0,0,0,0,268,0,0,7786877611,0,0,0,0,0,0,615,0,0
7787920611,0,0,0,0,0,0,255,0,0,7787997611,0,0,0,0,0,0,603,0,0
7789040611,0,0,0,0,0,0,209,0,0,7789117611,0,0,0,0,0,0,624,0,0
7790160611,0,0,0,0,0,0,231,0,0,7790237611,0,0,0,0,0,0,596,0,0
7791280611,0,0,0,0,0,0,223,0,0,7791357611,0,0,0,0,0,0,596,0,0
7792400611,0,0,0,0,0,0,236,0,0,7792477611,0,0,0,0,0,0,596,0,0
7793520611,0,0,0,0,0,0,248,0,0,7793597611,0,0,0,0,0,0,561,0,0
7794640611,0,0,0,0,0,0,280,0,0,7794717611,0,0,0,0,0,0,594,0,0
7795760611,0,0,0,0,0,0,267,0,0,7795837611,0,0,0,0,0,0,614,0,0
7796880611,0,0,0,0,0,0,264,0,0,7796957611,0,0,0,0,0,0,576,0,0
7798000611,0,0,0,0,0,0,268,0,0,7798077611,0,0,0,0,0,0,619,0,0
7799120611,0,0,0,0,0,0,209,0,0,7799197611,0,0,0,0,0,0,635,0,0
7800240611,0,0,0,0,0,0,228,0,0,7800317611,0,0,0,0,0,0,605,0,0
7801360611,0,0,0,0,0,0,248,0,0,7801437611,0,0,0,0,0,0,625,0,0
7802480611,0,0,0,0,0,0,243,0,0,7802557611,0,0,0,0,0,0,596,0,0
7803600611,0,0,0,0,0,0,244,0,0,7803677611,0,0,0,0,0,0,630,0,0
7804720611,0,0,0,0,0,0,245,0,0,7804797611,0,0,0,0,0,0,630,0,0
7805840611,0,0,0,0,0,0,211,0,0,7805917611,0,0,0,0,0,0,600,0,0
7806960611,0,0,0,0,0,0,253,0,0,7807037611,0,0,0,0,0,0,589,0,0
7808080611,0,0,0,0,0,0,200,0,0,7808157611,0,0,0,0,0,0,553,0,0
7809200611,0,0,0,0,0,0,243,0,0,7809277611,0,0,0,0,0,0,618,0,0
7810320611,0,0,0,0,0,0,229,0,0,7810397611,0,0,0,0,0,0,599,0,0
7811440611,0,0,0,0,0,0,227,0,0,7811517611,0,0,0,0,0,0,618,0,0
7812560611,0,0,0,0,0,0,233,0,0,7812637611,0,0,0,0,0,0,634,0,0
7813680611,0,0,0,0,0,0,188,0,0,7813757611,0,0,0,0,0,0,636,0,0
7814800611,0,0,0,0,0,0,253,0,0,7814877611,0,0,0,0,0,0,625,0,0
7815920611,0,0,0,0,0,0,244,0,0,7815997611,0,0,0,0,0,0,634,0,0
7817040611,0,0,0,0,0,0,250,0,0,7817117611,0,0,0,0,0,0,589,0,0
7818160611,0,0,0,0,0,0,196,0,0,7818237611,0,0,0,0,0,0,605,0,0
7819280611,0,0,0,0,0,0,274,0,0,7819357611,0,0,0,0,0,0,638,0,0
7820400611,0,0,0,0,0,0,243,0,0,7820477611,0,0,0,0,0,0,557,0,0
7821520611,0,0,0,0,0,0,257,0,0,7821597611,0,0,0,0,0,0,605,0,0
7822640611,0,0,0,0,0,0,217,0,0,7822717611,0,0,0,0,0,0,594,0,0
7823760611,0,0,0,0,0,0,221,0,0,7823837611,0,0,0,0,0,0,581,0,0
7824880611,0,0,0,0,0,0,274,0,0,7824957611,0,0,0,0,0,0,604,0,0
7826000611,0,0,0,0,0,0,241,0,0,7826077611,0,0,0,0,0,0,628,0,0
7827120611,0,0,0,0,0,0,273,0,0,7827197611,0,0,0,0,0,0,620,0,0
7828240611,0,0,0,0,0,0,209,0,0,7828317611,0,0,0,0,0,0,592,0,0
7829360611,0,0,0,0,0,0,244,0,0,7829437611,0,0,0,0,0,0,588,0,0
7830480611,0,0,0,0,0,0,225,0,0,7830557611,0,0,0,0,0,0,615,0,0
7831600611,0,0,0,0,0,0,256,0,0,7831677611,0,0,0,0,0,0,586,0,0
7832720611,0,0,0,0,0,0,217,0,0,7832797611,0,0,0,0,0,0,603,0,0
7833840611,0,0,0,0,0,0,244,0,0,7833917611,0,0,0,0,0,0,604,0,0
7834960611,0,0,0,0,0,0,265,0,0,7835037611,0,0,0,0,0,0,601,0,0
7836080611,0,0,0,0,0,0,206,0,0,7836157611,0,0,0,0,0,0,588,0,0
7837200611,0,0,0,0,0,0,259,0,0,7837277611,0,0,0,0,0,0,618,0,0
7838320611,0,0,0,0,0,0,211,0,0,7838397611,0,0,0,0,0,0,610,0,0
7839440611,0,0,0,0,0,0,245,0,0,7839517611,0,0,0,0,0,0,622,0,0
7840560611,0,0,0,0,0,0,203,0,0,7840637611,0,0,0,0,0,0,605,0,0
7841680611,0,0,0,0,0,0,251,0,0,7841757611,0,0,0,0,0,0,578,0,0
7842800611,0,0,0,0,0,0,207,0,0,7842877611,0,0,0,0,0,0,639,0,0
7843920611,0,0,0,0,0,0,262,0,0,7843997611,0,0,0,0,0,0,592,0,0
7845040611,0,0,0,0,0,0,261,0,0,7845117611,0,0,0,0,0,0,629,0,0
7846160611,0,0,0,0,0,0,224,0,0,7846237611,0,0,0,0,0,0,584,0,0
7847280611,0,0,0,0,0,0,246,0,0,7847357611,0,0,0,0,0,0,626,0,0
7848400611,0,0,0,0,0,0,250,0,0,7848477611,0,0,0,0,0,0,581,0,0
7849520611,0,0,0,0,0,0,209,0,0,7849597611,0,0,0,0,0,0,596,0,0
7850640611,0,0,0,0,0,0,269,0,0,7850717611,0,0,0,0,0,0,601,0,0
7851760611,0,0,0,0,0,0,205,0,0,7851837611,0,0,0,0,0,0,620,0,0
7852880611,0,0,0,0,0,0,254,0,0,7852957611,0,0,0,0,0,0,616,0,0
7854000611,0,0,0,0,0,0,219,0,0,7854077611,0,0,0,0,0,0,605,0,0
7855120611,0,0,0,0,0,0,240,0,0,7855197611,0,0,0,0,0,0,651,0,0
7856240611,0,0,0,0,0,0,265,0,0,7856317611,0,0,0,0,0,0,568,0,0
7857360611,0,0,0,0,0,0,242,0,0,7857437611,0,0,0,0,0,0,615,0,0
7858480611,0,0,0,0,0,0,223,0,0,7858557611,0,0,0,0,0,0,621,0,0
7859600611,0,0,0,0,0,0,829,0,0,7859677611,0,0,0,0,0,0,-1700,0,0
7860720611,0,0,0,0,0,0,6907,0,0,7860797611,0,0,0,0,0,0,-2022,0,0
7861840611,0,0,0,0,0,0,6921,0,0,7861917611,0,0,0,0,0,0,-1997,0,0
7862960611,0,0,0,0,0,0,6975,0,0,7863037611,0,0,0,0,0,0,-1997,0,0
7864080611,0,0,0,0,0,0,6961,0,0,7864157611,0,0,0,0,0,0,-2034,0,0
7865200611,0,0,0,0,0,0,6944,0,0,7865277611,0,0,0,0,0,0,-1982,0,0
7866320611,0,0,0,0,0,0,6949,0,0,7866397611,0,0,0,0,0,0,-2021,0,0
7867440611,0,0,0,0,0,0,6970,0,0,7867517611,0,0,0,0,0,0,-2018,0,0
7868560611,0,0,0,0,0,0,6340,0,0,7868637611,0,0,0,0,0,0,589,0,0
7869680611,0,0,0,0,0,0,227,0,0,7869757611,0,0,0,0,0,0,629,0,0
7870800611,0,0,0,0,0,0,233,0,0,7870877611,0,0,0,0,0,0,625,0,0
7871920611,0,0,0,0,0,0,233,0,0,7871997611,0,0,0,0,0,0,612,0,0
7873040611,0,0,0,0,0,0,259,0,0,7873117611,0,0,0,0,0,0,595,0,0
7874160611,0,0,0,0,0,0,262,0,0,7874237611,0,0,0,0,0,0,633,0,0
7875280611,0,0,0,0,0,0,207,0,0,7875357611,0,0,0,0,0,0,641,0,0
7876400611,0,0,0,0,0,0,237,0,0,7876477611,0,0,0,0,0,0,583,0,0
7877520611,0,0,0,0,0,0,212,0,0,7877597611,0,0,0,0,0,0,-1528,0,0
7878640611,0,0,0,0,0,0,6898,0,0,7878717611,0,0,0,0,0,0,-1998,0,0
7879760611,0,0,0,0,0,0,6966,0,0,7879837611,0,0,0,0,0,0,-2048,0,0
7880880611,0,0,0,0,0,0,6927,0,0,7880957611,0,0,0,0,0,0,-2009,0,0
7882000611,0,0,0,0,0,0,6908,0,0,7882077611,0,0,0,0,0,0,-2002,0,0
7883120611,0,0,0,0,0,0,6987,0,0,7883197611,0,0,0,0,0,0,-1998,0,0
7884240611,0,0,0,0,0,0,6910,0,0,7884317611,0,0,0,0,0,0,-1984,0,0
7885360611,0,0,0,0,0,0,6956,0,0,7885437611,0,0,0,0,0,0,-2000,0,0
7886480611,0,0,0,0,0,0,6971,0,0,7886557611,0,0,0,0,0,0,294,0,0
7887600611,0,0,0,0,0,0,238,0,0,7887677611,0,0,0,0,0,0,639,0,0
7888720611,0,0,0,0,0,0,240,0,0,7888797611,0,0,0,0,0,0,593,0,0
7889840611,0,0,0,0,0,0,226,0,0,7889917611,0,0,0,0,0,0,618,0,0
7890960611,0,0,0,0,0,0,235,0,0,7891037611,0,0,0,0,0,0,601,0,0
7892080611,0,0,0,0,0,0,223,0,0,7892157611,0,0,0,0,0,0,545,0,0
7893200611,0,0,0,0,0,0,235,0,0,7893277611,0,0,0,0,0,0,617,0,0
7894320611,0,0,0,0,0,0,217,0,0,7894397611,0,0,0,0,0,0,613,0,0
7895440611,0,0,0,0,0,0,262,0,0,7895517611,0,0,0,0,0,0,-986,0,0
7896560611,0,0,0,0,0,0,6907,0,0,7896637611,0,0,0,0,0,0,-2006,0,0
7897680611,0,0,0,0,0,0,6902,0,0,7897757611,0,0,0,0,0,0,-2030,0,0
7898800611,0,0,0,0,0,0,6957,0,0,7898877611,0,0,0,0,0,0,-2010,0,0
7899920611,0,0,0,0,0,0,6934,0,0,7899997611,0,0,0,0,0,0,-1993,0,0
7901040611,0,0,0,0,0,0,6948,0,0,7901117611,0,0,0,0,0,0,-2029,0,0
7902160611,0,0,0,0,0,0,6897,0,0,7902237611,0,0,0,0,0,0,-1980,0,0
7903280611,0,0,0,0,0,0,6972,0,0,7903357611,0,0,0,0,0,0,-2023,0,0
7904400611,0,0,0,0,0,0,6947,0,0,7904477611,0,0,0,0,0,0,-582,0,0
7905520611,0,0,0,0,0,0,244,0,0,7905597611,0,0,0,0,0,0,619,0,0
7906640611,0,0,0,0,0,0,257,0,0,7906717611,0,0,0,0,0,0,620,0,0
7907760611,0,0,0,0,0,0,247,0,0,7907837611,0,0,0,0,0,0,631,0,0
7908880611,0,0,0,0,0,0,262,0,0,7908957611,0,0,0,0,0,0,588,0,0
7910000611,0,0,0,0,0,0,221,0,0,7910077611,0,0,0,0,0,0,591,0,0
7911120611,0,0,0,0,0,0,215,0,0,7911197611,0,0,0,0,0,0,566,0,0
7912240611,0,0,0,0,0,0,255,0,0,7912317611,0,0,0,0,0,0,627,0,0
7913360611,0,0,0,0,0,0,217,0,0,7913437611,0,0,0,0,0,0,130,0,0
7914480611,0,0,0,0,0,0,6953,0,0,7914557611,0,0,0,0,0,0,-2016,0,0
7915600611,0,0,0,0,0,0,6974,0,0,7915677611,0,0,0,0,0,0,-2039,0,0
7916720611,0,0,0,0,0,0,6916,0,0,7916797611,0,0,0,0,0,0,-2034,0,0
7917840611,0,0,0,0,0,0,6910,0,0,7917917611,0,0,0,0,0,0,-2010,0,0
7918960611,0,0,0,0,0,0,6938,0,0,7919037611,0,0,0,0,0,0,-2017,0,0
7920080611,0,0,0,0,0,0,6969,0,0,7920157611,0,0,0,0,0,0,-2015,0,0
7921200611,0,0,0,0,0,0,6909,0,0,7921277611,0,0,0,0,0,0,-2038,0,0
7922320611,0,0,0,0,0,0,6934,0,0,7922397611,0,0,0,0,0,0,-2009,0,0
7923440611,0,0,0,0,0,0,249,0,0,7923517611,0,0,0,0,0,0,605,0,0
7924560611,0,0,0,0,0,0,214,0,0,7924637611,0,0,0,0,0,0,621,0,0
7925680611,0,0,0,0,0,0,238,0,0,7925757611,0,0,0,0,0,0,604,0,0
7926800611,0,0,0,0,0,0,239,0,0,7926877611,0,0,0,0,0,0,582,0,0
7927920611,0,0,0,0,0,0,257,0,0,7927997611,0,0,0,0,0,0,570,0,0
7929040611,0,0,0,0,0,0,240,0,0,7929117611,0,0,0,0,0,0,595,0,0
7930160611,0,0,0,0,0,0,263,0,0,7930237611,0,0,0,0,0,0,612,0,0
7931280611,0,0,0,0,0,0,203,0,0,7931357611,0,0,0,0,0,0,593,0,0
7932400611,0,0,0,0,0,0,6941,0,0,7932477611,0,0,0,0,0,0,-2037,0,0
7933520611,0,0,0,0,0,0,6944,0,0,7933597611,0,0,0,0,0,0,-1984,0,0
7934640611,0,0,0,0,0,0,6954,0,0,7934717611,0,0,0,0,0,0,-2021,0,0
7935760611,0,0,0,0,0,0,6949,0,0,7935837611,0,0,0,0,0,0,-2002,0,0
7936880611,0,0,0,0,0,0,6925,0,0,7936957611,0,0,0,0,0,0,-1976,0,0
7938000611,0,0,0,0,0,0,6924,0,0,7938077611,0,0,0,0,0,0,-2026,0,0
7939120611,0,0,0,0,0,0,6933,0,0,7939197611,0,0,0,0,0,0,-2044,0,0
7940240611,0,0,0,0,0,0,6989,0,0,7940317611,0,0,0,0,0,0,-2051,0,0
7941360611,0,0,0,0,0,0,269,0,0,7941437611,0,0,0,0,0,0,621,0,0
7942480611,0,0,0,0,0,0,226,0,0,7942557611,0,0,0,0,0,0,617,0,0
7943600611,0,0,0,0,0,0,220,0,0,7943677611,0,0,0,0,0,0,580,0,0
7944720611,0,0,0,0,0,0,255,0,0,7944797611,0,0,0,0,0,0,588,0,0
7945840611,0,0,0,0,0,0,198,0,0,7945917611,0,0,0,0,0,0,583,0,0
7946960611,0,0,0,0,0,0,247,0,0,7947037611,0,0,0,0,0,0,608,0,0
7948080611,0,0,0,0,0,0,265,0,0,7948157611,0,0,0,0,0,0,622,0,0
7949200611,0,0,0,0,0,0,279,0,0,7949277611,0,0,0,0,0,0,573,0,0
7950320611,0,0,0,0,0,0,6960,0,0,7950397611,0,0,0,0,0,0,-1990,0,0
7951440611,0,0,0,0,0,0,6944,0,0,7951517611,0,0,0,0,0,0,-2036,0,0
7952560611,0,0,0,0,0,0,6941,0,0,7952637611,0,0,0,0,0,0,-2039,0,0
7953680611,0,0,0,0,0,0,6951,0,0,7953757611,0,0,0,0,0,0,-2026,0,0
7954800611,0,0,0,0,0,0,6931,0,0,7954877611,0,0,0,0,0,0,-2024,0,0
7955920611,0,0,0,0,0,0,6957,0,0,7955997611,0,0,0,0,0,0,-2018,0,0
7957040611,0,0,0,0,0,0,6953,0,0,7957117611,0,0,0,0,0,0,-2002,0,0
7958160611,0,0,0,0,0,0,6963,0,0,7958237611,0,0,0,0,0,0,-1999,0,0
7959280611,0,0,0,0,0,0,285,0,0,7959357611,0,0,0,0,0,0,638,0,0
7960400611,0,0,0,0,0,0,222,0,0,7960477611,0,0,0,0,0,0,666,0,0
7961520611,0,0,0,0,0,0,255,0,0,7961597611,0,0,0,0,0,0,598,0,0
7962640611,0,0,0,0,0,0,172,0,0,7962717611,0,0,0,0,0,0,611,0,0
7963760611,0,0,0,0,0,0,258,0,0,7963837611,0,0,0,0,0,0,616,0,0
7964880611,0,0,0,0,0,0,242,0,0,7964957611,0,0,0,0,0,0,612,0,0
7966000611,0,0,0,0,0,0,261,0,0,7966077611,0,0,0,0,0,0,624,0,0
7967120611,0,0,0,0,0,0,263,0,0,7967197611,0,0,0,0,0,0,638,0,0
7968240611,0,0,0,0,0,0,6901,0,0,7968317611,0,0,0,0,0,0,-2029,0,0
7969360611,0,0,0,0,0,0,6943,0,0,7969437611,0,0,0,0,0,0,-1972,0,0
7970480611,0,0,0,0,0,0,6937,0,0,7970557611,0,0,0,0,0,0,-2038,0,0
7971600611,0,0,0,0,0,0,6964,0,0,7971677611,0,0,0,0,0,0,-1975,0,0
7972720611,0,0,0,0,0,0,6923,0,0,7972797611,0,0,0,0,0,0,-2042,0,0
7973840611,0,0,0,0,0,0,6940,0,0,7973917611,0,0,0,0,0,0,-2013,0,0
7974960611,0,0,0,0,0,0,6893,0,0,7975037611,0,0,0,0,0,0,-1994,0,0
7976080611,0,0,0,0,0,0,6897,0,0,7976157611,0,0,0,0,0,0,-2035,0,0
7977200611,0,0,0,0,0,0,225,0,0,7977277611,0,0,0,0,0,0,612,0,0
7978320611,0,0,0,0,0,0,265,0,0,7978397611,0,0,0,0,0,0,655,0,0
7979440611,0,0,0,0,0,0,202,0,0,7979517611,0,0,0,0,0,0,623,0,0
7980560611,0,0,0,0,0,0,257,0,0,7980637611,0,0,0,0,0,0,594,0,0
7981680611,0,0,0,0,0,0,252,0,0,7981757611,0,0,0,0,0,0,646,0,0
7982800611,0,0,0,0,0,0,218,0,0,7982877611,0,0,0,0,0,0,615,0,0
7983920611,0,0,0,0,0,0,252,0,0,7983997611,0,0,0,0,0,0,626,0,0
7985040611,0,0,0,0,0,0,216,0,0,7985117611,0,0,0,0,0,0,625,0,0
7986160611,0,0,0,0,0,0,6958,0,0,7986237611,0,0,0,0,0,0,-2045,0,0
7987280611,0,0,0,0,0,0,6955,0,0,7987357611,0,0,0,0,0,0,-2010,0,0
7988400611,0,0,0,0,0,0,6922,0,0,7988477611,0,0,0,0,0,0,-2057,0,0
7989520611,0,0,0,0,0,0,6918,0,0,7989597611,0,0,0,0,0,0,-1984,0,0
7990640611,0,0,0,0,0,0,6945,0,0,7990717611,0,0,0,0,0,0,-2005,0,0
7991760611,0,0,0,0,0,0,6916,0,0,7991837611,0,0,0,0,0,0,-2009,0,0
7992880611,0,0,0,0,0,0,6909,0,0,7992957611,0,0,0,0,0,0,-2007,0,0
7994000611,0,0,0,0,0,0,6950,0,0,7994077611,0,0,0,0,0,0,-2014,0,0
7995120611,0,0,0,0,0,0,229,0,0,7995197611,0,0,0,0,0,0,614,0,0
7996240611,0,0,0,0,0,0,254,0,0,7996317611,0,0,0,0,0,0,560,0,0
7997360611,0,0,0,0,0,0,255,0,0,7997437611,0,0,0,0,0,0,641,0,0
7998480611,0,0,0,0,0,0,231,0,0,7998557611,0,0,0,0,0,0,602,0,0
7999600611,0,0,0,0,0,0,210,0,0,7999677611,0,0,0,0,0,0,649,0,0
8000720611,0,0,0,0,0,0,249,0,0,8000797611,0,0,0,0,0,0,603,0,0
8001840611,0,0,0,0,0,0,301,0,0,8001917611,0,0,0,0,0,0,640,0,0
8002960611,0,0,0,0,0,0,259,0,0,8003037611,0,0,0,0,0,0,598,0,0
8004080611,0,0,0,0,0,0,6935,0,0,8004157611,0,0,0,0,0,0,-2027,0,0
8005200611,0,0,0,0,0,0,6932,0,0,8005277611,0,0,0,0,0,0,-2012,0,0
8006320611,0,0,0,0,0,0,6924,0,0,8006397611,0,0,0,0,0,0,-1991,0,0
8007440611,0,0,0,0,0,0,6908,0,0,8007517611,0,0,0,0,0,0,-2001,0,0
8008560611,0,0,0,0,0,0,6888,0,0,8008637611,0,0,0,0,0,0,-1992,0,0
8009680611,0,0,0,0,0,0,6931,0,0,8009757611,0,0,0,0,0,0,-1994,0,0
8010800611,0,0,0,0,0,0,6909,0,0,8010877611,0,0,0,0,0,0,-1971,0,0
8011920611,0,0,0,0,0,0,6925,0,0,8011997611,0,0,0,0,0,0,-2046,0,0
8013040611,0,0,0,0,0,0,244,0,0,8013117611,0,0,0,0,0,0,598,0,0
8014160611,0,0,0,0,0,0,205,0,0,8014237611,0,0,0,0,0,0,653,0,0
8015280611,0,0,0,0,0,0,268,0,0,8015357611,0,0,0,0,0,0,614,0,0
8016400611,0,0,0,0,0,0,201,0,0,8016477611,0,0,0,0,0,0,611,0,0
8017520611,0,0,0,0,0,0,246,0,0,8017597611,0,0,0,0,0,0,637,0,0
8018640611,0,0,0,0,0,0,208,0,0,8018717611,0,0,0,0,0,0,639,0,0
8019760611,0,0,0,0,0,0,245,0,0,8019837611,0,0,0,0,0,0,565,0,0
8020880611,0,0,0,0,0,0,269,0,0,8020957611,0,0,0,0,0,0,596,0,0
8022000611,0,0,0,0,0,0,6874,0,0,8022077611,0,0,0,0,0,0,-2024,0,0
8023120611,0,0,0,0,0,0,6925,0,0,8023197611,0,0,0,0,0,0,-1998,0,0
8024240611,0,0,0,0,0,0,6932,0,0,8024317611,0,0,0,0,0,0,-1963,0,0
8025360611,0,0,0,0,0,0,6978,0,0,8025437611,0,0,0,0,0,0,-1974,0,0
8026480611,0,0,0,0,0,0,6897,0,0,8026557611,0,0,0,0,0,0,-1983,0,0
8027600611,0,0,0,0,0,0,6936,0,0,8027677611,0,0,0,0,0,0,-2031,0,0
8028720611,0,0,0,0,0,0,6968,0,0,8028797611,0,0,0,0,0,0,-2045,0,0
8029840611,0,0,0,0,0,0,6921,0,0,8029917611,0,0,0,0,0,0,-2006,0,0
8030960611,0,0,0,0,0,0,240,0,0,8031037611,0,0,0,0,0,0,636,0,0
8032080611,0,0,0,0,0,0,239,0,0,8032157611,0,0,0,0,0,0,614,0,0
8033200611,0,0,0,0,0,0,190,0,0,8033277611,0,0,0,0,0,0,593,0,0
8034320611,0,0,0,0,0,0,233,0,0,8034397611,0,0,0,0,0,0,659,0,0
8035440611,0,0,0,0,0,0,258,0,0,8035517611,0,0,0,0,0,0,591,0,0
8036560611,0,0,0,0,0,0,259,0,0,8036637611,0,0,0,0,0,0,588,0,0
8037680611,0,0,0,0,0,0,271,0,0,8037757611,0,0,0,0,0,0,606,0,0
8038800611,0,0,0,0,0,0,233,0,0,8038877611,0,0,0,0,0,0,657,0,0
8039920611,0,0,0,0,0,0,6961,0,0,8039997611,0,0,0,0,0,0,-2017,0,0
8041040611,0,0,0,0,0,0,6960,0,0,8041117611,0,0,0,0,0,0,-2009,0,0
8042160611,0,0,0,0,0,0,6931,0,0,8042237611,0,0,0,0,0,0,-2029,0,0
8043280611,0,0,0,0,0,0,6969,0,0,8043357611,0,0,0,0,0,0,-1978,0,0
8044400611,0,0,0,0,0,0,6899,0,0,8044477611,0,0,0,0,0,0,-2049,0,0
8045520611,0,0,0,0,0,0,6957,0,0,8045597611,0,0,0,0,0,0,-1986,0,0
8046640611,0,0,0,0,0,0,6916,0,0,8046717611,0,0,0,0,0,0,-1975,0,0
8047760611,0,0,0,0,0,0,6964,0,0,8047837611,0,0,0,0,0,0,-2000,0,0
8048880611,0,0,0,0,0,0,219,0,0,8048957611,0,0,0,0,0,0,630,0,0
8050000611,0,0,0,0,0,0,235,0,0,8050077611,0,0,0,0,0,0,572,0,0
8051120611,0,0,0,0,0,0,167,0,0,8051197611,0,0,0,0,0,0,610,0,0
8052240611,0,0,0,0,0,0,207,0,0,8052317611,0,0,0,0,0,0,627,0,0
8053360611,0,0,0,0,0,0,218,0,0,8053437611,0,0,0,0,0,0,611,0,0
8054480611,0,0,0,0,0,0,254,0,0,8054557611,0,0,0,0,0,0,613,0,0
8055600611,0,0,0,0,0,0,222,0,0,8055677611,0,0,0,0,0,0,610,0,0
8056720611,0,0,0,0,0,0,232,0,0,8056797611,0,0,0,0,0,0,631,0,0
8057840611,0,0,0,0,0,0,6910,0,0,8057917611,0,0,0,0,0,0,-1990,0,0
8058960611,0,0,0,0,0,0,6919,0,0,8059037611,0,0,0,0,0,0,-1996,0,0
8060080611,0,0,0,0,0,0,6953,0,0,8060157611,0,0,0,0,0,0,-1990,0,0
8061200611,0,0,0,0,0,0,6917,0,0,8061277611,0,0,0,0,0,0,-2054,0,0
8062320611,0,0,0,0,0,0,6908,0,0,8062397611,0,0,0,0,0,0,-1996,0,0
8063440611,0,0,0,0,0,0,6933,0,0,8063517611,0,0,0,0,0,0,-1995,0,0
8064560611,0,0,0,0,0,0,6939,0,0,8064637611,0,0,0,0,0,0,-2008,0,0
8065680611,0,0,0,0,0,0,6920,0,0,8065757611,0,0,0,0,0,0,-2013,0,0
8066800611,0,0,0,0,0,0,214,0,0,8066877611,0,0,0,0,0,0,631,0,0
8067920611,0,0,0,0,0,0,200,0,0,8067997611,0,0,0,0,0,0,590,0,0
8069040611,0,0,0,0,0,0,257,0,0,8069117611,0,0,0,0,0,0,616,0,0
8070160611,0,0,0,0,0,0,239,0,0,8070237611,0,0,0,0,0,0,586,0,0
8071280611,0,0,0,0,0,0,254,0,0,8071357611,0,0,0,0,0,0,627,0,0
8072400611,0,0,0,0,0,0,222,0,0,8072477611,0,0,0,0,0,0,611,0,0
8073520611,0,0,0,0,0,0,215,0,0,8073597611,0,0,0,0,0,0,639,0,0
8074640611,0,0,0,0,0,0,259,0,0,8074717611,0,0,0,0,0,0,599,0,0
8075760611,0,0,0,0,0,0,6951,0,0,8075837611,0,0,0,0,0,0,-2020,0,0
8076880611,0,0,0,0,0,0,6888,0,0,8076957611,0,0,0,0,0,0,-2016,0,0
8078000611,0,0,0,0,0,0,6925,0,0,8078077611,0,0,0,0,0,0,-2034,0,0
8079120611,0,0,0,0,0,0,6896,0,0,8079197611,0,0,0,0,0,0,-2046,0,0
8080240611,0,0,0,0,0,0,6957,0,0,8080317611,0,0,0,0,0,0,-1999,0,0
8081360611,0,0,0,0,0,0,6954,0,0,8081437611,0,0,0,0,0,0,-2019,0,0
8082480611,0,0,0,0,0,0,6895,0,0,8082557611,0,0,0,0,0,0,-1975,0,0
8083600611,0,0,0,0,0,0,6942,0,0,8083677611,0,0,0,0,0,0,-2030,0,0
8084720611,0,0,0,0,0,0,248,0,0,8084797611,0,0,0,0,0,0,561,0,0
8085840611,0,0,0,0,0,0,251,0,0,8085917611,0,0,0,0,0,0,619,0,0
8086960611,0,0,0,0,0,0,236,0,0,8087037611,0,0,0,0,0,0,627,0,0
8088080611,0,0,0,0,0,0,233,0,0,8088157611,0,0,0,0,0,0,615,0,0
8089200611,0,0,0,0,0,0,227,0,0,8089277611,0,0,0,0,0,0,619,0,0
8090320611,0,0,0,0,0,0,253,0,0,8090397611,0,0,0,0,0,0,599,0,0
8091440611,0,0,0,0,0,0,214,0,0,8091517611,0,0,0,0,0,0,642,0,0
8092560611,0,0,0,0,0,0,221,0,0,8092637611,0,0,0,0,0,0,603,0,0
8093680611,0,0,0,0,0,0,6951,0,0,8093757611,0,0,0,0,0,0,-2030,0,0
8094800611,0,0,0,0,0,0,6929,0,0,8094877611,0,0,0,0,0,0,-1962,0,0
8095920611,0,0,0,0,0,0,6991,0,0,8095997611,0,0,0,0,0,0,-1980,0,0
8097040611,0,0,0,0,0,0,6902,0,0,8097117611,0,0,0,0,0,0,-2006,0,0
8098160611,0,0,0,0,0,0,6892,0,0,8098237611,0,0,0,0,0,0,-2001,0,0
8099280611,0,0,0,0,0,0,6924,0,0,8099357611,0,0,0,0,0,0,-2010,0,0
8100400611,0,0,0,0,0,0,6911,0,0,8100477611,0,0,0,0,0,0,-1988,0,0
8101520611,0,0,0,0,0,0,6877,0,0,8101597611,0,0,0,0,0,0,-1969,0,0
8102640611,0,0,0,0,0,0,229,0,0,8102717611,0,0,0,0,0,0,617,0,0
8103760611,0,0,0,0,0,0,253,0,0,8103837611,0,0,0,0,0,0,576,0,0
8104880611,0,0,0,0,0,0,238,0,0,8104957611,0,0,0,0,0,0,608,0,0
8106000611,0,0,0,0,0,0,276,0,0,8106077611,0,0,0,0,0,0,624,0,0
8107120611,0,0,0,0,0,0,259,0,0,8107197611,0,0,0,0,0,0,610,0,0
8108240611,0,0,0,0,0,0,224,0,0,8108317611,0,0,0,0,0,0,575,0,0
8109360611,0,0,0,0,0,0,249,0,0,8109437611,0,0,0,0,0,0,592,0,0
8110480611,0,0,0,0,0,0,229,0,0,8110557611,0,0,0,0,0,0,572,0,0
8111600611,0,0,0,0,0,0,6931,0,0,8111677611,0,0,0,0,0,0,-1976,0,0
8112720611,0,0,0,0,0,0,6907,0,0,8112797611,0,0,0,0,0,0,-2039,0,0
8113840611,0,0,0,0,0,0,6889,0,0,8113917611,0,0,0,0,0,0,-2012,0,0
8114960611,0,0,0,0,0,0,6930,0,0,8115037611,0,0,0,0,0,0,-1980,0,0
8116080611,0,0,0,0,0,0,6925,0,0,8116157611,0,0,0,0,0,0,-1984,0,0
8117200611,0,0,0,0,0,0,6929,0,0,8117277611,0,0,0,0,0,0,-2034,0,0
8118320611,0,0,0,0,0,0,6911,0,0,8118397611,0,0,0,0,0,0,-1960,0,0
8119440611,0,0,0,0,0,0,6921,0,0,8119517611,0,0,0,0,0,0,-2018,0,0
8120560611,0,0,0,0,0,0,242,0,0,8120637611,0,0,0,0,0,0,624,0,0
8121680611,0,0,0,0,0,0,227,0,0,8121757611,0,0,0,0,0,0,604,0,0
8122800611,0,0,0,0,0,0,252,0,0,8122877611,0,0,0,0,0,0,582,0,0
8123920611,0,0,0,0,0,0,249,0,0,8123997611,0,0,0,0,0,0,621,0,0
8125040611,0,0,0,0,0,0,205,0,0,8125117611,0,0,0,0,0,0,584,0,0
8126160611,0,0,0,0,0,0,233,0,0,8126237611,0,0,0,0,0,0,598,0,0
8127280611,0,0,0,0,0,0,225,0,0,8127357611,0,0,0,0,0,0,580,0,0
8128400611,0,0,0,0,0,0,249,0,0,8128477611,0,0,0,0,0,0,671,0,0
8129520611,0,0,0,0,0,0,6884,0,0,8129597611,0,0,0,0,0,0,-1985,0,0
8130640611,0,0,0,0,0,0,6978,0,0,8130717611,0,0,0,0,0,0,-1963,0,0
8131760611,0,0,0,0,0,0,6946,0,0,8131837611,0,0,0,0,0,0,-1976,0,0
8132880611,0,0,0,0,0,0,6955,0,0,8132957611,0,0,0,0,0,0,-1997,0,0
8134000611,0,0,0,0,0,0,6963,0,0,8134077611,0,0,0,0,0,0,-2028,0,0
8135120611,0,0,0,0,0,0,6886,0,0,8135197611,0,0,0,0,0,0,-2042,0,0
8136240611,0,0,0,0,0,0,6885,0,0,8136317611,0,0,0,0,0,0,-2005,0,0
8137360611,0,0,0,0,0,0,6901,0,0,8137437611,0,0,0,0,0,0,-2022,0,0
8138480611,0,0,0,0,0,0,215,0,0,8138557611,0,0,0,0,0,0,593,0,0
8139600611,0,0,0,0,0,0,243,0,0,8139677611,0,0,0,0,0,0,592,0,0
8140720611,0,0,0,0,0,0,260,0,0,8140797611,0,0,0,0,0,0,640,0,0
8141840611,0,0,0,0,0,0,223,0,0,8141917611,0,0,0,0,0,0,566,0,0
8142960611,0,0,0,0,0,0,255,0,0,8143037611,0,0,0,0,0,0,601,0,0
8144080611,0,0,0,0,0,0,240,0,0,8144157611,0,0,0,0,0,0,608,0,0
8145200611,0,0,0,0,0,0,266,0,0,8145277611,0,0,0,0,0,0,602,0,0
8146320611,0,0,0,0,0,0,230,0,0,8146397611,0,0,0,0,0,0,619,0,0
8147440611,0,0,0,0,0,0,6925,0,0,8147517611,0,0,0,0,0,0,-2038,0,0
8148560611,0,0,0,0,0,0,6920,0,0,8148637611,0,0,0,0,0,0,-1989,0,0
8149680611,0,0,0,0,0,0,6915,0,0,8149757611,0,0,0,0,0,0,-2031,0,0
8150800611,0,0,0,0,0,0,6937,0,0,8150877611,0,0,0,0,0,0,-1960,0,0
8151920611,0,0,0,0,0,0,6947,0,0,8151997611,0,0,0,0,0,0,-2018,0,0
8153040611,0,0,0,0,0,0,6925,0,0,8153117611,0,0,0,0,0,0,-1957,0,0
8154160611,0,0,0,0,0,0,6892,0,0,8154237611,0,0,0,0,0,0,-1997,0,0
8155280611,0,0,0,0,0,0,6934,0,0,8155357611,0,0,0,0,0,0,-2008,0,0
8156400611,0,0,0,0,0,0,245,0,0,8156477611,0,0,0,0,0,0,652,0,0
8157520611,0,0,0,0,0,0,306,0,0,8157597611,0,0,0,0,0,0,642,0,0
8158640611,0,0,0,0,0,0,257,0,0,8158717611,0,0,0,0,0,0,597,0,0
8159760611,0,0,0,0,0,0,263,0,0,8159837611,0,0,0,0,0,0,608,0,0
8160880611,0,0,0,0,0,0,218,0,0,8160957611,0,0,0,0,0,0,618,0,0
8162000611,0,0,0,0,0,0,279,0,0,8162077611,0,0,0,0,0,0,583,0,0
8163120611,0,0,0,0,0,0,242,0,0,8163197611,0,0,0,0,0,0,618,0,0
8164240611,0,0,0,0,0,0,199,0,0,8164317611,0,0,0,0,0,0,596,0,0
8165360611,0,0,0,0,0,0,6935,0,0,8165437611,0,0,0,0,0,0,-1999,0,0
8166480611,0,0,0,0,0,0,6894,0,0,8166557611,0,0,0,0,0,0,-2029,0,0
8167600611,0,0,0,0,0,0,6919,0,0,8167677611,0,0,0,0,0,0,-1986,0,0
8168720611,0,0,0,0,0,0,6923,0,0,8168797611,0,0,0,0,0,0,-1980,0,0
8169840611,0,0,0,0,0,0,6894,0,0,8169917611,0,0,0,0,0,0,-2013,0,0
8170960611,0,0,0,0,0,0,6990,0,0,8171037611,0,0,0,0,0,0,-1974,0,0
8172080611,0,0,0,0,0,0,6913,0,0,8172157611,0,0,0,0,0,0,-2038,0,0
8173200611,0,0,0,0,0,0,6940,0,0,8173277611,0,0,0,0,0,0,-2011,0,0
8174320611,0,0,0,0,0,0,199,0,0,8174397611,0,0,0,0,0,0,579,0,0
8175440611,0,0,0,0,0,0,244,0,0,8175517611,0,0,0,0,0,0,599,0,0
8176560611,0,0,0,0,0,0,252,0,0,8176637611,0,0,0,0,0,0,626,0,0
8177680611,0,0,0,0,0,0,218,0,0,8177757611,0,0,0,0,0,0,592,0,0
8178800611,0,0,0,0,0,0,251,0,0,8178877611,0,0,0,0,0,0,584,0,0
8179920611,0,0,0,0,0,0,261,0,0,8179997611,0,0,0,0,0,0,589,0,0
8181040611,0,0,0,0,0,0,263,0,0,8181117611,0,0,0,0,0,0,576,0,0
8182160611,0,0,0,0,0,0,244,0,0,8182237611,0,0,0,0,0,0,629,0,0
8183280611,0,0,0,0,0,0,6948,0,0,8183357611,0,0,0,0,0,0,-1985,0,0
8184400611,0,0,0,0,0,0,6926,0,0,8184477611,0,0,0,0,0,0,-2019,0,0
8185520611,0,0,0,0,0,0,6902,0,0,8185597611,0,0,0,0,0,0,-1998,0,0
8186640611,0,0,0,0,0,0,6932,0,0,8186717611,0,0,0,0,0,0,-2003,0,0
8187760611,0,0,0,0,0,0,6963,0,0,8187837611,0,0,0,0,0,0,-2020,0,0
8188880611,0,0,0,0,0,0,6929,0,0,8188957611,0,0,0,0,0,0,-2008,0,0
8190000611,0,0,0,0,0,0,6921,0,0,8190077611,0,0,0,0,0,0,-2007,0,0
8191120611,0,0,0,0,0,0,6951,0,0,8191197611,0,0,0,0,0,0,-1978,0,0
8192240611,0,0,0,0,0,0,263,0,0,8192317611,0,0,0,0,0,0,617,0,0
8193360611,0,0,0,0,0,0,249,0,0,8193437611,0,0,0,0,0,0,596,0,0
8194480611,0,0,0,0,0,0,241,0,0,8194557611,0,0,0,0,0,0,610,0,0
8195600611,0,0,0,0,0,0,237,0,0,8195677611,0,0,0,0,0,0,599,0,0
8196720611,0,0,0,0,0,0,215,0,0,8196797611,0,0,0,0,0,0,571,0,0
8197840611,0,0,0,0,0,0,267,0,0,8197917611,0,0,0,0,0,0,614,0,0
8198960611,0,0,0,0,0,0,232,0,0,8199037611,0,0,0,0,0,0,603,0,0
8200080611,0,0,0,0,0,0,244,0,0,8200157611,0,0,0,0,0,0,609,0,0
8201200611,0,0,0,0,0,0,6905,0,0,8201277611,0,0,0,0,0,0,-2003,0,0
8202320611,0,0,0,0,0,0,6945,0,0,8202397611,0,0,0,0,0,0,-2046,0,0
8203440611,0,0,0,0,0,0,6911,0,0,8203517611,0,0,0,0,0,0,-2017,0,0
8204560611,0,0,0,0,0,0,6959,0,0,8204637611,0,0,0,0,0,0,-2040,0,0
8205680611,0,0,0,0,0,0,6919,0,0,8205757611,0,0,0,0,0,0,-1971,0,0
8206800611,0,0,0,0,0,0,6925,0,0,8206877611,0,0,0,0,0,0,-2057,0,0
8207920611,0,0,0,0,0,0,6931,0,0,8207997611,0,0,0,0,0,0,-2044,0,0
8209040611,0,0,0,0,0,0,6942,0,0,8209117611,0,0,0,0,0,0,-1986,0,0
8210160611,0,0,0,0,0,0,225,0,0,8210237611,0,0,0,0,0,0,622,0,0
8211280611,0,0,0,0,0,0,263,0,0,8211357611,0,0,0,0,0,0,626,0,0
8212400611,0,0,0,0,0,0,225,0,0,8212477611,0,0,0,0,0,0,589,0,0
8213520611,0,0,0,0,0,0,218,0,0,8213597611,0,0,0,0,0,0,603,0,0
8214640611,0,0,0,0,0,0,224,0,0,8214717611,0,0,0,0,0,0,609,0,0
8215760611,0,0,0,0,0,0,275,0,0,8215837611,0,0,0,0,0,0,600,0,0
8216880611,0,0,0,0,0,0,225,0,0,8216957611,0,0,0,0,0,0,577,0,0
8218000611,0,0,0,0,0,0,250,0,0,8218077611,0,0,0,0,0,0,545,0,0
8219120611,0,0,0,0,0,0,6949,0,0,8219197611,0,0,0,0,0,0,-2057,0,0
8220240611,0,0,0,0,0,0,6937,0,0,8220317611,0,0,0,0,0,0,-1988,0,0
8221360611,0,0,0,0,0,0,6918,0,0,8221437611,0,0,0,0,0,0,-2004,0,0
8222480611,0,0,0,0,0,0,6939,0,0,8222557611,0,0,0,0,0,0,-2004,0,0
8223600611,0,0,0,0,0,0,6958,0,0,8223677611,0,0,0,0,0,0,-2022,0,0
8224720611,0,0,0,0,0,0,6879,0,0,8224797611,0,0,0,0,0,0,-2023,0,0
8225840611,0,0,0,0,0,0,6898,0,0,8225917611,0,0,0,0,0,0,-1977,0,0
8226960611,0,0,0,0,0,0,6954,0,0,8227037611,0,0,0,0,0,0,-2019,0,0
8228080611,0,0,0,0,0,0,208,0,0,8228157611,0,0,0,0,0,0,612,0,0
8229200611,0,0,0,0,0,0,267,0,0,8229277611,0,0,0,0,0,0,595,0,0
8230320611,0,0,0,0,0,0,261,0,0,8230397611,0,0,0,0,0,0,597,0,0
8231440611,0,0,0,0,0,0,245,0,0,8231517611,0,0,0,0,0,0,580,0,0
8232560611,0,0,0,0,0,0,205,0,0,8232637611,0,0,0,0,0,0,578,0,0
8233680611,0,0,0,0,0,0,255,0,0,8233757611,0,0,0,0,0,0,595,0,0
8234800611,0,0,0,0,0,0,203,0,0,8234877611,0,0,0,0,0,0,613,0,0
8235920611,0,0,0,0,0,0,240,0,0,8235997611,0,0,0,0,0,0,610,0,0
8237040611,0,0,0,0,0,0,6915,0,0,8237117611,0,0,0,0,0,0,-1997,0,0
8238160611,0,0,0,0,0,0,6940,0,0,8238237611,0,0,0,0,0,0,-2015,0,0
8239280611,0,0,0,0,0,0,6935,0,0,8239357611,0,0,0,0,0,0,-1994,0,0
8240400611,0,0,0,0,0,0,6877,0,0,8240477611,0,0,0,0,0,0,-2020,0,0
8241520611,0,0,0,0,0,0,6900,0,0,8241597611,0,0,0,0,0,0,-2052,0,0
8242640611,0,0,0,0,0,0,6930,0,0,8242717611,0,0,0,0,0,0,-2021,0,0
8243760611,0,0,0,0,0,0,6897,0,0,8243837611,0,0,0,0,0,0,-1984,0,0
8244880611,0,0,0,0,0,0,6934,0,0,8244957611,0,0,0,0,0,0,-2027,0,0
8246000611,0,0,0,0,0,0,239,0,0,8246077611,0,0,0,0,0,0,597,0,0
8247120611,0,0,0,0,0,0,221,0,0,8247197611,0,0,0,0,0,0,596,0,0
8248240611,0,0,0,0,0,0,203,0,0,8248317611,0,0,0,0,0,0,608,0,0
8249360611,0,0,0,0,0,0,215,0,0,8249437611,0,0,0,0,0,0,589,0,0
8250480611,0,0,0,0,0,0,291,0,0,8250557611,0,0,0,0,0,0,604,0,0
8251600611,0,0,0,0,0,0,257,0,0,8251677611,0,0,0,0,0,0,590,0,0
8252720611,0,0,0,0,0,0,247,0,0,8252797611,0,0,0,0,0,0,617,0,0
8253840611,0,0,0,0,0,0,256,0,0,8253917611,0,0,0,0,0,0,593,0,0
8254960611,0,0,0,0,0,0,6957,0,0,8255037611,0,0,0,0,0,0,-2032,0,0
8256080611,0,0,0,0,0,0,6952,0,0,8256157611,0,0,0,0,0,0,-1996,0,0
8257200611,0,0,0,0,0,0,6945,0,0,8257277611,0,0,0,0,0,0,-1992,0,0
8258320611,0,0,0,0,0,0,6961,0,0,8258397611,0,0,0,0,0,0,-1964,0,0
8259440611,0,0,0,0,0,0,6920,0,0,8259517611,0,0,0,0,0,0,-2026,0,0
8260560611,0,0,0,0,0,0,7014,0,0,8260637611,0,0,0,0,0,0,-1948,0,0
8261680611,0,0,0,0,0,0,6918,0,0,8261757611,0,0,0,0,0,0,-1986,0,0
8262800611,0,0,0,0,0,0,6921,0,0,8262877611,0,0,0,0,0,0,-1970,0,0
8263920611,0,0,0,0,0,0,265,0,0,8263997611,0,0,0,0,0,0,593,0,0
8265040611,0,0,0,0,0,0,263,0,0,8265117611,0,0,0,0,0,0,626,0,0
8266160611,0,0,0,0,0,0,259,0,0,8266237611,0,0,0,0,0,0,596,0,0
8267280611,0,0,0,0,0,0,229,0,0,8267357611,0,0,0,0,0,0,599,0,0
8268400611,0,0,0,0,0,0,235,0,0,8268477611,0,0,0,0,0,0,590,0,0
8269520611,0,0,0,0,0,0,270,0,0,8269597611,0,0,0,0,0,0,573,0,0
8270640611,0,0,0,0,0,0,260,0,0,8270717611,0,0,0,0,0,0,651,0,0
8271760611,0,0,0,0,0,0,237,0,0,8271837611,0,0,0,0,0,0,626,0,0
8272880611,0,0,0,0,0,0,6947,0,0,8272957611,0,0,0,0,0,0,-2057,0,0
8274000611,0,0,0,0,0,0,6923,0,0,8274077611,0,0,0,0,0,0,-2033,0,0
8275120611,0,0,0,0,0,0,6900,0,0,8275197611,0,0,0,0,0,0,-1996,0,0
8276240611,0,0,0,0,0,0,6901,0,0,8276317611,0,0,0,0,0,0,-2019,0,0
8277360611,0,0,0,0,0,0,6948,0,0,8277437611,0,0,0,0,0,0,-1999,0,0
8278480611,0,0,0,0,0,0,6964,0,0,8278557611,0,0,0,0,0,0,-1983,0,0
8279600611,0,0,0,0,0,0,6962,0,0,8279677611,0,0,0,0,0,0,-2031,0,0
8280720611,0,0,0,0,0,0,6947,0,0,8280797611,0,0,0,0,0,0,-1968,0,0
8281840611,0,0,0,0,0,0,236,0,0,8281917611,0,0,0,0,0,0,597,0,0
8282960611,0,0,0,0,0,0,266,0,0,8283037611,0,0,0,0,0,0,586,0,0
8284080611,0,0,0,0,0,0,226,0,0,8284157611,0,0,0,0,0,0,627,0,0
8285200611,0,0,0,0,0,0,199,0,0,8285277611,0,0,0,0,0,0,632,0,0
8286320611,0,0,0,0,0,0,206,0,0,8286397611,0,0,0,0,0,0,628,0,0
8287440611,0,0,0,0,0,0,197,0,0,8287517611,0,0,0,0,0,0,619,0,0
8288560611,0,0,0,0,0,0,239,0,0,8288637611,0,0,0,0,0,0,592,0,0
8289680611,0,0,0,0,0,0,238,0,0,8289757611,0,0,0,0,0,0,625,0,0
8290800611,0,0,0,0,0,0,6911,0,0,8290877611,0,0,0,0,0,0,-2013,0,0
8291920611,0,0,0,0,0,0,6904,0,0,8291997611,0,0,0,0,0,0,-2012,0,0
8293040611,0,0,0,0,0,0,6961,0,0,8293117611,0,0,0,0,0,0,-2039,0,0
8294160611,0,0,0,0,0,0,6902,0,0,8294237611,0,0,0,0,0,0,-2007,0,0
8295280611,0,0,0,0,0,0,6956,0,0,8295357611,0,0,0,0,0,0,-2014,0,0
8296400611,0,0,0,0,0,0,6899,0,0,8296477611,0,0,0,0,0,0,-2000,0,0
8297520611,0,0,0,0,0,0,6925,0,0,8297597611,0,0,0,0,0,0,-1988,0,0
8298640611,0,0,0,0,0,0,6900,0,0,8298717611,0,0,0,0,0,0,-1981,0,0
8299760611,0,0,0,0,0,0,252,0,0,8299837611,0,0,0,0,0,0,586,0,0
8300880611,0,0,0,0,0,0,232,0,0,8300957611,0,0,0,0,0,0,609,0,0
8302000611,0,0,0,0,0,0,203,0,0,8302077611,0,0,0,0,0,0,614,0,0
8303120611,0,0,0,0,0,0,214,0,0,8303197611,0,0,0,0,0,0,597,0,0
8304240611,0,0,0,0,0,0,225,0,0,8304317611,0,0,0,0,0,0,596,0,0
8305360611,0,0,0,0,0,0,251,0,0,8305437611,0,0,0,0,0,0,596,0,0
8306480611,0,0,0,0,0,0,229,0,0,8306557611,0,0,0,0,0,0,672,0,0
8307600611,0,0,0,0,0,0,245,0,0,8307677611,0,0,0,0,0,0,603,0,0
8308720611,0,0,0,0,0,0,6912,0,0,8308797611,0,0,0,0,0,0,-1997,0,0
8309840611,0,0,0,0,0,0,6949,0,0,8309917611,0,0,0,0,0,0,-2047,0,0
8310960611,0,0,0,0,0,0,6922,0,0,8311037611,0,0,0,0,0,0,-2025,0,0
8312080611,0,0,0,0,0,0,6875,0,0,8312157611,0,0,0,0,0,0,-1972,0,0
8313200611,0,0,0,0,0,0,6897,0,0,8313277611,0,0,0,0,0,0,-1981,0,0
8314320611,0,0,0,0,0,0,6874,0,0,8314397611,0,0,0,0,0,0,-1977,0,0
8315440611,0,0,0,0,0,0,6914,0,0,8315517611,0,0,0,0,0,0,-1991,0,0
8316560611,0,0,0,0,0,0,6913,0,0,8316637611,0,0,0,0,0,0,-2010,0,0
8317680611,0,0,0,0,0,0,210,0,0,8317757611,0,0,0,0,0,0,583,0,0
8318800611,0,0,0,0,0,0,236,0,0,8318877611,0,0,0,0,0,0,584,0,0
8319920611,0,0,0,0,0,0,236,0,0,8319997611,0,0,0,0,0,0,655,0,0
8321040611,0,0,0,0,0,0,201,0,0,8321117611,0,0,0,0,0,0,589,0,0
8322160611,0,0,0,0,0,0,231,0,0,8322237611,0,0,0,0,0,0,590,0,0
8323280611,0,0,0,0,0,0,233,0,0,8323357611,0,0,0,0,0,0,624,0,0
8324400611,0,0,0,0,0,0,265,0,0,8324477611,0,0,0,0,0,0,572,0,0
8325520611,0,0,0,0,0,0,256,0,0,8325597611,0,0,0,0,0,0,609,0,0
8326640611,0,0,0,0,0,0,6908,0,0,8326717611,0,0,0,0,0,0,-2033,0,0
8327760611,0,0,0,0,0,0,6920,0,0,8327837611,0,0,0,0,0,0,-2008,0,0
8328880611,0,0,0,0,0,0,6912,0,0,8328957611,0,0,0,0,0,0,-2014,0,0
8330000611,0,0,0,0,0,0,6898,0,0,8330077611,0,0,0,0,0,0,-1988,0,0
8331120611,0,0,0,0,0,0,6906,0,0,8331197611,0,0,0,0,0,0,-2015,0,0
8332240611,0,0,0,0,0,0,6906,0,0,8332317611,0,0,0,0,0,0,-1991,0,0
8333360611,0,0,0,0,0,0,6900,0,0,8333437611,0,0,0,0,0,0,-2018,0,0
8334480611,0,0,0,0,0,0,6901,0,0,8334557611,0,0,0,0,0,0,-2016,0,0
8335600611,0,0,0,0,0,0,202,0,0,8335677611,0,0,0,0,0,0,554,0,0
8336720611,0,0,0,0,0,0,205,0,0,8336797611,0,0,0,0,0,0,606,0,0
8337840611,0,0,0,0,0,0,275,0,0,8337917611,0,0,0,0,0,0,607,0,0
8338960611,0,0,0,0,0,0,264,0,0,8339037611,0,0,0,0,0,0,596,0,0
8340080611,0,0,0,0,0,0,226,0,0,8340157611,0,0,0,0,0,0,590,0,0
8341200611,0,0,0,0,0,0,205,0,0,8341277611,0,0,0,0,0,0,587,0,0
8342320611,0,0,0,0,0,0,247,0,0,8342397611,0,0,0,0,0,0,601,0,0
8343440611,0,0,0,0,0,0,216,0,0,8343517611,0,0,0,0,0,0,644,0,0
8344560611,0,0,0,0,0,0,6975,0,0,8344637611,0,0,0,0,0,0,-2002,0,0
8345680611,0,0,0,0,0,0,6921,0,0,8345757611,0,0,0,0,0,0,-1994,0,0
8346800611,0,0,0,0,0,0,6936,0,0,8346877611,0,0,0,0,0,0,-1998,0,0
8347920611,0,0,0,0,0,0,6938,0,0,8347997611,0,0,0,0,0,0,-2041,0,0
8349040611,0,0,0,0,0,0,6939,0,0,8349117611,0,0,0,0,0,0,-2025,0,0
8350160611,0,0,0,0,0,0,6972,0,0,8350237611,0,0,0,0,0,0,-1968,0,0
8351280611,0,0,0,0,0,0,6946,0,0,8351357611,0,0,0,0,0,0,-2006,0,0
8352400611,0,0,0,0,0,0,6935,0,0,8352477611,0,0,0,0,0,0,-1984,0,0
8353520611,0,0,0,0,0,0,232,0,0,8353597611,0,0,0,0,0,0,658,0,0
8354640611,0,0,0,0,0,0,238,0,0,8354717611,0,0,0,0,0,0,625,0,0
8355760611,0,0,0,0,0,0,219,0,0,8355837611,0,0,0,0,0,0,587,0,0
8356880611,0,0,0,0,0,0,223,0,0,8356957611,0,0,0,0,0,0,566,0,0
8358000611,0,0,0,0,0,0,240,0,0,8358077611,0,0,0,0,0,0,579,0,0
8359120611,0,0,0,0,0,0,206,0,0,8359197611,0,0,0,0,0,0,608,0,0
8360240611,0,0,0,0,0,0,222,0,0,8360317611,0,0,0,0,0,0,622,0,0
8361360611,0,0,0,0,0,0,245,0,0,8361437611,0,0,0,0,0,0,592,0,0
8362480611,0,0,0,0,0,0,6932,0,0,8362557611,0,0,0,0,0,0,-2029,0,0
8363600611,0,0,0,0,0,0,6922,0,0,8363677611,0,0,0,0,0,0,-2009,0,0
8364720611,0,0,0,0,0,0,6959,0,0,8364797611,0,0,0,0,0,0,-2018,0,0
8365840611,0,0,0,0,0,0,6912,0,0,8365917611,0,0,0,0,0,0,-2032,0,0
8366960611,0,0,0,0,0,0,6929,0,0,8367037611,0,0,0,0,0,0,-2037,0,0
8368080611,0,0,0,0,0,0,6942,0,0,8368157611,0,0,0,0,0,0,-1966,0,0
8369200611,0,0,0,0,0,0,6899,0,0,8369277611,0,0,0,0,0,0,-2034,0,0
8370320611,0,0,0,0,0,0,6920,0,0,8370397611,0,0,0,0,0,0,-2001,0,0
8371440611,0,0,0,0,0,0,248,0,0,8371517611,0,0,0,0,0,0,626,0,0
8372560611,0,0,0,0,0,0,206,0,0,8372637611,0,0,0,0,0,0,637,0,0
8373680611,0,0,0,0,0,0,219,0,0,8373757611,0,0,0,0,0,0,639,0,0
8374800611,0,0,0,0,0,0,283,0,0,8374877611,0,0,0,0,0,0,615,0,0
8375920611,0,0,0,0,0,0,226,0,0,8375997611,0,0,0,0,0,0,648,0,0
8377040611,0,0,0,0,0,0,256,0,0,8377117611,0,0,0,0,0,0,603,0,0
8378160611,0,0,0,0,0,0,277,0,0,8378237611,0,0,0,0,0,0,652,0,0
8379280611,0,0,0,0,0,0,212,0,0,8379357611,0,0,0,0,0,0,604,0,0
8380400611,0,0,0,0,0,0,6937,0,0,8380477611,0,0,0,0,0,0,-2033,0,0
8381520611,0,0,0,0,0,0,6920,0,0,8381597611,0,0,0,0,0,0,-1997,0,0
8382640611,0,0,0,0,0,0,6939,0,0,8382717611,0,0,0,0,0,0,-1990,0,0
8383760611,0,0,0,0,0,0,6935,0,0,8383837611,0,0,0,0,0,0,-2007,0,0
8384880611,0,0,0,0,0,0,6912,0,0,8384957611,0,0,0,0,0,0,-2022,0,0
8386000611,0,0,0,0,0,0,6960,0,0,8386077611,0,0,0,0,0,0,-1986,0,0
8387120611,0,0,0,0,0,0,6880,0,0,8387197611,0,0,0,0,0,0,-1994,0,0
8388240611,0,0,0,0,0,0,6952,0,0,8388317611,0,0,0,0,0,0,-2029,0,0
8389360611,0,0,0,0,0,0,237,0,0,8389437611,0,0,0,0,0,0,600,0,0
8390480611,0,0,0,0,0,0,197,0,0,8390557611,0,0,0,0,0,0,557,0,0
8391600611,0,0,0,0,0,0,236,0,0,8391677611,0,0,0,0,0,0,624,0,0
8392720611,0,0,0,0,0,0,222,0,0,8392797611,0,0,0,0,0,0,588,0,0
8393840611,0,0,0,0,0,0,252,0,0,8393917611,0,0,0,0,0,0,615,0,0
8394960611,0,0,0,0,0,0,200,0,0,8395037611,0,0,0,0,0,0,619,0,0
8396080611,0,0,0,0,0,0,247,0,0,8396157611,0,0,0,0,0,0,637,0,0
8397200611,0,0,0,0,0,0,268,0,0,8397277611,0,0,0,0,0,0,633,0,0
8398320611,0,0,0,0,0,0,6927,0,0,8398397611,0,0,0,0,0,0,-2007,0,0
8399440611,0,0,0,0,0,0,6937,0,0,8399517611,0,0,0,0,0,0,-1995,0,0
8400560611,0,0,0,0,0,0,6931,0,0,8400637611,0,0,0,0,0,0,-1998,0,0
8401680611,0,0,0,0,0,0,6909,0,0,8401757611,0,0,0,0,0,0,-2017,0,0
8402800611,0,0,0,0,0,0,6960,0,0,8402877611,0,0,0,0,0,0,-2053,0,0
8403920611,0,0,0,0,0,0,6919,0,0,8403997611,0,0,0,0,0,0,-1990,0,0
8405040611,0,0,0,0,0,0,6919,0,0,8405117611,0,0,0,0,0,0,-1998,0,0
8406160611,0,0,0,0,0,0,6972,0,0,8406237611,0,0,0,0,0,0,-2019,0,0
8407280611,0,0,0,0,0,0,237,0,0,8407357611,0,0,0,0,0,0,599,0,0
8408400611,0,0,0,0,0,0,253,0,0,8408477611,0,0,0,0,0,0,632,0,0
8409520611,0,0,0,0,0,0,209,0,0,8409597611,0,0,0,0,0,0,624,0,0
8410640611,0,0,0,0,0,0,294,0,0,8410717611,0,0,0,0,0,0,584,0,0
8411760611,0,0,0,0,0,0,212,0,0,8411837611,0,0,0,0,0,0,538,0,0
8412880611,0,0,0,0,0,0,272,0,0,8412957611,0,0,0,0,0,0,603,0,0
8414000611,0,0,0,0,0,0,243,0,0,8414077611,0,0,0,0,0,0,599,0,0
8415120611,0,0,0,0,0,0,266,0,0,8415197611,0,0,0,0,0,0,622,0,0
8416240611,0,0,0,0,0,0,6929,0,0,8416317611,0,0,0,0,0,0,-1984,0,0
8417360611,0,0,0,0,0,0,6913,0,0,8417437611,0,0,0,0,0,0,-2047,0,0
8418480611,0,0,0,0,0,0,6918,0,0,8418557611,0,0,0,0,0,0,-2026,0,0
8419600611,0,0,0,0,0,0,6928,0,0,8419677611,0,0,0,0,0,0,-2077,0,0
8420720611,0,0,0,0,0,0,6955,0,0,8420797611,0,0,0,0,0,0,-2035,0,0
8421840611,0,0,0,0,0,0,6913,0,0,8421917611,0,0,0,0,0,0,-2042,0,0
8422960611,0,0,0,0,0,0,6911,0,0,8423037611,0,0,0,0,0,0,-1991,0,0
8424080611,0,0,0,0,0,0,6938,0,0,8424157611,0,0,0,0,0,0,-2019,0,0
8425200611,0,0,0,0,0,0,283,0,0,8425277611,0,0,0,0,0,0,587,0,0
8426320611,0,0,0,0,0,0,254,0,0,8426397611,0,0,0,0,0,0,605,0,0
8427440611,0,0,0,0,0,0,257,0,0,8427517611,0,0,0,0,0,0,620,0,0
8428560611,0,0,0,0,0,0,218,0,0,8428637611,0,0,0,0,0,0,629,0,0
8429680611,0,0,0,0,0,0,248,0,0,8429757611,0,0,0,0,0,0,625,0,0
8430800611,0,0,0,0,0,0,246,0,0,8430877611,0,0,0,0,0,0,594,0,0
8431920611,0,0,0,0,0,0,231,0,0,8431997611,0,0,0,0,0,0,609,0,0
8433040611,0,0,0,0,0,0,227,0,0,8433117611,0,0,0,0,0,0,649,0,0
8434160611,0,0,0,0,0,0,6922,0,0,8434237611,0,0,0,0,0,0,-1998,0,0
8435280611,0,0,0,0,0,0,6915,0,0,8435357611,0,0,0,0,0,0,-1947,0,0
8436400611,0,0,0,0,0,0,6895,0,0,8436477611,0,0,0,0,0,0,-1988,0,0
8437520611,0,0,0,0,0,0,6914,0,0,8437597611,0,0,0,0,0,0,-2002,0,0
8438640611,0,0,0,0,0,0,6950,0,0,8438717611,0,0,0,0,0,0,-1975,0,0
8439760611,0,0,0,0,0,0,6924,0,0,8439837611,0,0,0,0,0,0,-2013,0,0
8440880611,0,0,0,0,0,0,6920,0,0,8440957611,0,0,0,0,0,0,-2041,0,0
8442000611,0,0,0,0,0,0,6937,0,0,8442077611,0,0,0,0,0,0,-1969,0,0
8443120611,0,0,0,0,0,0,234,0,0,8443197611,0,0,0,0,0,0,605,0,0
8444240611,0,0,0,0,0,0,232,0,0,8444317611,0,0,0,0,0,0,644,0,0
8445360611,0,0,0,0,0,0,232,0,0,8445437611,0,0,0,0,0,0,584,0,0
8446480611,0,0,0,0,0,0,203,0,0,8446557611,0,0,0,0,0,0,614,0,0
8447600611,0,0,0,0,0,0,207,0,0,8447677611,0,0,0,0,0,0,630,0,0
8448720611,0,0,0,0,0,0,235,0,0,8448797611,0,0,0,0,0,0,565,0,0
8449840611,0,0,0,0,0,0,288,0,0,8449917611,0,0,0,0,0,0,604,0,0
8450960611,0,0,0,0,0,0,269,0,0,8451037611,0,0,0,0,0,0,637,0,0
8452080611,0,0,0,0,0,0,6882,0,0,8452157611,0,0,0,0,0,0,-2018,0,0
8453200611,0,0,0,0,0,0,6912,0,0,8453277611,0,0,0,0,0,0,-1981,0,0
8454320611,0,0,0,0,0,0,6965,0,0,8454397611,0,0,0,0,0,0,-1980,0,0
8455440611,0,0,0,0,0,0,6920,0,0,8455517611,0,0,0,0,0,0,-2006,0,0
8456560611,0,0,0,0,0,0,6897,0,0,8456637611,0,0,0,0,0,0,-2002,0,0
8457680611,0,0,0,0,0,0,6929,0,0,8457757611,0,0,0,0,0,0,-2028,0,0
8458800611,0,0,0,0,0,0,6922,0,0,8458877611,0,0,0,0,0,0,-2013,0,0
8459920611,0,0,0,0,0,0,6935,0,0,8459997611,0,0,0,0,0,0,-1966,0,0
8461040611,0,0,0,0,0,0,259,0,0,8461117611,0,0,0,0,0,0,584,0,0
8462160611,0,0,0,0,0,0,211,0,0,8462237611,0,0,0,0,0,0,613,0,0
8463280611,0,0,0,0,0,0,291,0,0,8463357611,0,0,0,0,0,0,594,0,0
8464400611,0,0,0,0,0,0,208,0,0,8464477611,0,0,0,0,0,0,587,0,0
8465520611,0,0,0,0,0,0,214,0,0,8465597611,0,0,0,0,0,0,598,0,0
8466640611,0,0,0,0,0,0,217,0,0,8466717611,0,0,0,0,0,0,582,0,0
8467760611,0,0,0,0,0,0,235,0,0,8467837611,0,0,0,0,0,0,630,0,0
8468880611,0,0,0,0,0,0,209,0,0,8468957611,0,0,0,0,0,0,604,0,0
8470000611,0,0,0,0,0,0,6842,0,0,8470077611,0,0,0,0,0,0,-1980,0,0
8471120611,0,0,0,0,0,0,6951,0,0,8471197611,0,0,0,0,0,0,-2005,0,0
8472240611,0,0,0,0,0,0,6964,0,0,8472317611,0,0,0,0,0,0,-1986,0,0
8473360611,0,0,0,0,0,0,6881,0,0,8473437611,0,0,0,0,0,0,-2005,0,0
8474480611,0,0,0,0,0,0,6918,0,0,8474557611,0,0,0,0,0,0,-2005,0,0
8475600611,0,0,0,0,0,0,6926,0,0,8475677611,0,0,0,0,0,0,-2008,0,0
8476720611,0,0,0,0,0,0,6887,0,0,8476797611,0,0,0,0,0,0,-1964,0,0
8477840611,0,0,0,0,0,0,6879,0,0,8477917611,0,0,0,0,0,0,-2045,0,0
8478960611,0,0,0,0,0,0,276,0,0,8479037611,0,0,0,0,0,0,591,0,0
8480080611,0,0,0,0,0,0,208,0,0,8480157611,0,0,0,0,0,0,618,0,0
8481200611,0,0,0,0,0,0,208,0,0,8481277611,0,0,0,0,0,0,634,0,0
8482320611,0,0,0,0,0,0,244,0,0,8482397611,0,0,0,0,0,0,663,0,0
8483440611,0,0,0,0,0,0,278,0,0,8483517611,0,0,0,0,0,0,583,0,0
8484560611,0,0,0,0,0,0,209,0,0,8484637611,0,0,0,0,0,0,649,0,0
8485680611,0,0,0,0,0,0,244,0,0,8485757611,0,0,0,0,0,0,595,0,0
8486800611,0,0,0,0,0,0,231,0,0,8486877611,0,0,0,0,0,0,624,0,0
8487920611,0,0,0,0,0,0,6824,0,0,8487997611,0,0,0,0,0,0,-1987,0,0
8489040611,0,0,0,0,0,0,6892,0,0,8489117611,0,0,0,0,0,0,-2018,0,0
8490160611,0,0,0,0,0,0,6921,0,0,8490237611,0,0,0,0,0,0,-2030,0,0
8491280611,0,0,0,0,0,0,6910,0,0,8491357611,0,0,0,0,0,0,-2024,0,0
8492400611,0,0,0,0,0,0,6929,0,0,8492477611,0,0,0,0,0,0,-2004,0,0
8493520611,0,0,0,0,0,0,6893,0,0,8493597611,0,0,0,0,0,0,-1980,0,0
8494640611,0,0,0,0,0,0,6917,0,0,8494717611,0,0,0,0,0,0,-1964,0,0
8495760611,0,0,0,0,0,0,6848,0,0,8495837611,0,0,0,0,0,0,-1989,0,0
8496880611,0,0,0,0,0,0,266,0,0,8496957611,0,0,0,0,0,0,640,0,0
8498000611,0,0,0,0,0,0,226,0,0,8498077611,0,0,0,0,0,0,589,0,0
8499120611,0,0,0,0,0,0,241,0,0,8499197611,0,0,0,0,0,0,636,0,0
8500240611,0,0,0,0,0,0,253,0,0,8500317611,0,0,0,0,0,0,621,0,0
8501360611,0,0,0,0,0,0,245,0,0,8501437611,0,0,0,0,0,0,618,0,0
8502480611,0,0,0,0,0,0,238,0,0,8502557611,0,0,0,0,0,0,602,0,0
8503600611,0,0,0,0,0,0,243,0,0,8503677611,0,0,0,0,0,0,623,0,0
8504720611,0,0,0,0,0,0,213,0,0,8504797611,0,0,0,0,0,0,599,0,0
8505840611,0,0,0,0,0,0,6642,0,0,8505917611,0,0,0,0,0,0,-1954,0,0
8506960611,0,0,0,0,0,0,6886,0,0,8507037611,0,0,0,0,0,0,-2029,0,0
8508080611,0,0,0,0,0,0,6870,0,0,8508157611,0,0,0,0,0,0,-1993,0,0
8509200611,0,0,0,0,0,0,6952,0,0,8509277611,0,0,0,0,0,0,-1988,0,0
8510320611,0,0,0,0,0,0,6892,0,0,8510397611,0,0,0,0,0,0,-2006,0,0
8511440611,0,0,0,0,0,0,6929,0,0,8511517611,0,0,0,0,0,0,-1977,0,0
8512560611,0,0,0,0,0,0,6892,0,0,8512637611,0,0,0,0,0,0,-1994,0,0
8513680611,0,0,0,0,0,0,6898,0,0,8513757611,0,0,0,0,0,0,-1992,0,0
8514800611,0,0,0,0,0,0,324,0,0,8514877611,0,0,0,0,0,0,609,0,0
8515920611,0,0,0,0,0,0,237,0,0,8515997611,0,0,0,0,0,0,617,0,0
8517040611,0,0,0,0,0,0,236,0,0,8517117611,0,0,0,0,0,0,585,0,0
8518160611,0,0,0,0,0,0,237,0,0,8518237611,0,0,0,0,0,0,612,0,0
8519280611,0,0,0,0,0,0,240,0,0,8519357611,0,0,0,0,0,0,624,0,0
8520400611,0,0,0,0,0,0,241,0,0,8520477611,0,0,0,0,0,0,552,0,0
8521520611,0,0,0,0,0,0,221,0,0,8521597611,0,0,0,0,0,0,609,0,0
8522640611,0,0,0,0,0,0,222,0,0,8522717611,0,0,0,0,0,0,590,0,0
8523760611,0,0,0,0,0,0,6508,0,0,8523837611,0,0,0,0,0,0,-1956,0,0
8524880611,0,0,0,0,0,0,6905,0,0,8524957611,0,0,0,0,0,0,-1978,0,0
8526000611,0,0,0,0,0,0,6927,0,0,8526077611,0,0,0,0,0,0,-1981,0,0
8527120611,0,0,0,0,0,0,6943,0,0,8527197611,0,0,0,0,0,0,-2010,0,0
8528240611,0,0,0,0,0,0,6922,0,0,8528317611,0,0,0,0,0,0,-2012,0,0
8529360611,0,0,0,0,0,0,6931,0,0,8529437611,0,0,0,0,0,0,-1977,0,0
8530480611,0,0,0,0,0,0,6881,0,0,8530557611,0,0,0,0,0,0,-1998,0,0
8531600611,0,0,0,0,0,0,6902,0,0,8531677611,0,0,0,0,0,0,-1982,0,0
8532720611,0,0,0,0,0,0,342,0,0,8532797611,0,0,0,0,0,0,565,0,0
8533840611,0,0,0,0,0,0,236,0,0,8533917611,0,0,0,0,0,0,609,0,0
8534960611,0,0,0,0,0,0,225,0,0,8535037611,0,0,0,0,0,0,636,0,0
8536080611,0,0,0,0,0,0,282,0,0,8536157611,0,0,0,0,0,0,592,0,0
8537200611,0,0,0,0,0,0,243,0,0,8537277611,0,0,0,0,0,0,636,0,0
8538320611,0,0,0,0,0,0,224,0,0,8538397611,0,0,0,0,0,0,610,0,0
8539440611,0,0,0,0,0,0,242,0,0,8539517611,0,0,0,0,0,0,581,0,0
8540560611,0,0,0,0,0,0,245,0,0,8540637611,0,0,0,0,0,0,588,0,0
8541680611,0,0,0,0,0,0,5999,0,0,8541757611,0,0,0,0,0,0,-1925,0,0
8542800611,0,0,0,0,0,0,6892,0,0,8542877611,0,0,0,0,0,0,-2013,0,0
8543920611,0,0,0,0,0,0,6926,0,0,8543997611,0,0,0,0,0,0,-2020,0,0
8545040611,0,0,0,0,0,0,6937,0,0,8545117611,0,0,0,0,0,0,-2010,0,0
8546160611,0,0,0,0,0,0,6935,0,0,8546237611,0,0,0,0,0,0,-2008,0,0
8547280611,0,0,0,0,0,0,6915,0,0,8547357611,0,0,0,0,0,0,-1990,0,0
8548400611,0,0,0,0,0,0,6905,0,0,8548477611,0,0,0,0,0,0,-1988,0,0
8549520611,0,0,0,0,0,0,6900,0,0,8549597611,0,0,0,0,0,0,-2015,0,0
8550640611,0,0,0,0,0,0,568,0,0,8550717611,0,0,0,0,0,0,582,0,0
8551760611,0,0,0,0,0,0,249,0,0,8551837611,0,0,0,0,0,0,610,0,0
8552880611,0,0,0,0,0,0,260,0,0,8552957611,0,0,0,0,0,0,610,0,0
8554000611,0,0,0,0,0,0,250,0,0,8554077611,0,0,0,0,0,0,619,0,0
8555120611,0,0,0,0,0,0,235,0,0,8555197611,0,0,0,0,0,0,602,0,0
8556240611,0,0,0,0,0,0,243,0,0,8556317611,0,0,0,0,0,0,617,0,0
8557360611,0,0,0,0,0,0,208,0,0,8557437611,0,0,0,0,0,0,639,0,0
8558480611,0,0,0,0,0,0,257,0,0,8558557611,0,0,0,0,0,0,598,0,0
8559600611,0,0,0,0,0,0,4976,0,0,8559677611,0,0,0,0,0,0,-1916,0,0
8560720611,0,0,0,0,0,0,6888,0,0,8560797611,0,0,0,0,0,0,-2013,0,0
8561840611,0,0,0,0,0,0,6878,0,0,8561917611,0,0,0,0,0,0,-1992,0,0
8562960611,0,0,0,0,0,0,6902,0,0,8563037611,0,0,0,0,0,0,-1992,0,0
8564080611,0,0,0,0,0,0,6927,0,0,8564157611,0,0,0,0,0,0,-2016,0,0
8565200611,0,0,0,0,0,0,6958,0,0,8565277611,0,0,0,0,0,0,-1983,0,0
8566320611,0,0,0,0,0,0,6904,0,0,8566397611,0,0,0,0,0,0,-1997,0,0
8567440611,0,0,0,0,0,0,6942,0,0,8567517611,0,0,0,0,0,0,-1962,0,0
8568560611,0,0,0,0,0,0,2204,0,0,8568637611,0,0,0,0,0,0,605,0,0
8569680611,0,0,0,0,0,0,237,0,0,8569757611,0,0,0,0,0,0,596,0,0
8570800611,0,0,0,0,0,0,224,0,0,8570877611,0,0,0,0,0,0,626,0,0
8571920611,0,0,0,0,0,0,238,0,0,8571997611,0,0,0,0,0,0,592,0,0
8573040611,0,0,0,0,0,0,253,0,0,8573117611,0,0,0,0,0,0,633,0,0
8574160611,0,0,0,0,0,0,263,0,0,8574237611,0,0,0,0,0,0,572,0,0
8575280611,0,0,0,0,0,0,221,0,0,8575357611,0,0,0,0,0,0,592,0,0
8576400611,0,0,0,0,0,0,207,0,0,8576477611,0,0,0,0,0,0,577,0,0
8577520611,0,0,0,0,0,0,2760,0,0,8577597611,0,0,0,0,0,0,-1750,0,0
8578640611,0,0,0,0,0,0,6936,0,0,8578717611,0,0,0,0,0,0,-2047,0,0
8579760611,0,0,0,0,0,0,6963,0,0,8579837611,0,0,0,0,0,0,-2048,0,0
8580880611,0,0,0,0,0,0,6893,0,0,8580957611,0,0,0,0,0,0,-2025,0,0
8582000611,0,0,0,0,0,0,6902,0,0,8582077611,0,0,0,0,0,0,-1952,0,0
8583120611,0,0,0,0,0,0,6911,0,0,8583197611,0,0,0,0,0,0,-1980,0,0
8584240611,0,0,0,0,0,0,6924,0,0,8584317611,0,0,0,0,0,0,-2056,0,0
8585360611,0,0,0,0,0,0,6948,0,0,8585437611,0,0,0,0,0,0,-1994,0,0
8586480611,0,0,0,0,0,0,6191,0,0,8586557611,0,0,0,0,0,0,591,0,0
8587600611,0,0,0,0,0,0,206,0,0,8587677611,0,0,0,0,0,0,615,0,0
8588720611,0,0,0,0,0,0,211,0,0,8588797611,0,0,0,0,0,0,602,0,0
8589840611,0,0,0,0,0,0,301,0,0,8589917611,0,0,0,0,0,0,598,0,0
8590960611,0,0,0,0,0,0,226,0,0,8591037611,0,0,0,0,0,0,616,0,0
8592080611,0,0,0,0,0,0,205,0,0,8592157611,0,0,0,0,0,0,635,0,0
8593200611,0,0,0,0,0,0,235,0,0,8593277611,0,0,0,0,0,0,623,0,0
8594320611,0,0,0,0,0,0,244,0,0,8594397611,0,0,0,0,0,0,619,0,0
8595440611,0,0,0,0,0,0,286,0,0,8595517611,0,0,0,0,0,0,-1516,0,0
8596560611,0,0,0,0,0,0,6918,0,0,8596637611,0,0,0,0,0,0,-1976,0,0
8597680611,0,0,0,0,0,0,6933,0,0,8597757611,0,0,0,0,0,0,-2031,0,0
8598800611,0,0,0,0,0,0,6903,0,0,8598877611,0,0,0,0,0,0,-2000,0,0
8599920611,0,0,0,0,0,0,6903,0,0,8599997611,0,0,0,0,0,0,-1999,0,0
8601040611,0,0,0,0,0,0,6933,0,0,8601117611,0,0,0,0,0,0,-2025,0,0
8602160611,0,0,0,0,0,0,6930,0,0,8602237611,0,0,0,0,0,0,-2036,0,0
8603280611,0,0,0,0,0,0,6938,0,0,8603357611,0,0,0,0,0,0,-1993,0,0
8604400611,0,0,0,0,0,0,6951,0,0,8604477611,0,0,0,0,0,0,301,0,0
8605520611,0,0,0,0,0,0,291,0,0,8605597611,0,0,0,0,0,0,612,0,0
8606640611,0,0,0,0,0,0,246,0,0,8606717611,0,0,0,0,0,0,671,0,0
8607760611,0,0,0,0,0,0,224,0,0,8607837611,0,0,0,0,0,0,601,0,0
8608880611,0,0,0,0,0,0,245,0,0,8608957611,0,0,0,0,0,0,588,0,0
8610000611,0,0,0,0,0,0,227,0,0,8610077611,0,0,0,0,0,0,585,0,0
8611120611,0,0,0,0,0,0,222,0,0,8611197611,0,0,0,0,0,0,578,0,0
8612240611,0,0,0,0,0,0,231,0,0,8612317611,0,0,0,0,0,0,605,0,0
8613360611,0,0,0,0,0,0,231,0,0,8613437611,0,0,0,0,0,0,590,0,0
8614480611,0,0,0,0,0,0,223,0,0,8614557611,0,0,0,0,0,0,641,0,0
8615600611,0,0,0,0,0,0,236,0,0,8615677611,0,0,0,0,0,0,588,0,0
8616720611,0,0,0,0,0,0,236,0,0,8616797611,0,0,0,0,0,0,603,0,0
8617840611,0,0,0,0,0,0,257,0,0,8617917611,0,0,0,0,0,0,622,0,0
8618960611,0,0,0,0,0,0,225,0,0,8619037611,0,0,0,0,0,0,620,0,0
8620080611,0,0,0,0,0,0,221,0,0,8620157611,0,0,0,0,0,0,647,0,0
8621200611,0,0,0,0,0,0,234,0,0,8621277611,0,0,0,0,0,0,642,0,0
8622320611,0,0,0,0,0,0,273,0,0,8622397611,0,0,0,0,0,0,584,0,0
8623440611,0,0,0,0,0,0,250,0,0,8623517611,0,0,0,0,0,0,623,0,0
8624560611,0,0,0,0,0,0,265,0,0,8624637611,0,0,0,0,0,0,590,0,0
8625680611,0,0,0,0,0,0,212,0,0,8625757611,0,0,0,0,0,0,636,0,0
8626800611,0,0,0,0,0,0,271,0,0,8626877611,0,0,0,0,0,0,625,0,0
8627920611,0,0,0,0,0,0,248,0,0,8627997611,0,0,0,0,0,0,630,0,0
8629040611,0,0,0,0,0,0,238,0,0,8629117611,0,0,0,0,0,0,621,0,0
8630160611,0,0,0,0,0,0,225,0,0,8630237611,0,0,0,0,0,0,593,0,0
8631280611,0,0,0,0,0,0,255,0,0,8631357611,0,0,0,0,0,0,596,0,0
8632400611,0,0,0,0,0,0,223,0,0,8632477611,0,0,0,0,0,0,610,0,0
8633520611,0,0,0,0,0,0,221,0,0,8633597611,0,0,0,0,0,0,633,0,0
8634640611,0,0,0,0,0,0,284,0,0,8634717611,0,0,0,0,0,0,620,0,0
8635760611,0,0,0,0,0,0,212,0,0,8635837611,0,0,0,0,0,0,578,0,0
8636880611,0,0,0,0,0,0,222,0,0,8636957611,0,0,0,0,0,0,610,0,0
8638000611,0,0,0,0,0,0,267,0,0,8638077611,0,0,0,0,0,0,615,0,0
8639120611,0,0,0,0,0,0,226,0,0,8639197611,0,0,0,0,0,0,584,0,0
8640240611,0,0,0,0,0,0,239,0,0,8640317611,0,0,0,0,0,0,596,0,0
8641360611,0,0,0,0,0,0,223,0,0,8641437611,0,0,0,0,0,0,618,0,0
8642480611,0,0,0,0,0,0,258,0,0,8642557611,0,0,0,0,0,0,587,0,0
8643600611,0,0,0,0,0,0,199,0,0,8643677611,0,0,0,0,0,0,616,0,0
8644720611,0,0,0,0,0,0,274,0,0,8644797611,0,0,0,0,0,0,617,0,0
8645840611,0,0,0,0,0,0,273,0,0,8645917611,0,0,0,0,0,0,581,0,0
8646960611,0,0,0,0,0,0,254,0,0,8647037611,0,0,0,0,0,0,605,0,0
8648080611,0,0,0,0,0,0,223,0,0,8648157611,0,0,0,0,0,0,593,0,0
8649200611,0,0,0,0,0,0,264,0,0,8649277611,0,0,0,0,0,0,648,0,0
8650320611,0,0,0,0,0,0,269,0,0,8650397611,0,0,0,0,0,0,583,0,0
8651440611,0,0,0,0,0,0,230,0,0,8651517611,0,0,0,0,0,0,650,0,0
8652560611,0,0,0,0,0,0,255,0,0,8652637611,0,0,0,0,0,0,571,0,0
8653680611,0,0,0,0,0,0,228,0,0,8653757611,0,0,0,0,0,0,615,0,0
8654800611,0,0,0,0,0,0,230,0,0,8654877611,0,0,0,0,0,0,600,0,0
8655920611,0,0,0,0,0,0,200,0,0,8655997611,0,0,0,0,0,0,601,0,0
8657040611,0,0,0,0,0,0,241,0,0,8657117611,0,0,0,0,0,0,589,0,0
8658160611,0,0,0,0,0,0,190,0,0,8658237611,0,0,0,0,0,0,618,0,0
8659280611,0,0,0,0,0,0,217,0,0,8659357611,0,0,0,0,0,0,593,0,0
8660400611,0,0,0,0,0,0,218,0,0,8660477611,0,0,0,0,0,0,586,0,0
8661520611,0,0,0,0,0,0,219,0,0,8661597611,0,0,0,0,0,0,614,0,0
8662640611,0,0,0,0,0,0,271,0,0,8662717611,0,0,0,0,0,0,593,0,0
8663760611,0,0,0,0,0,0,265,0,0,8663837611,0,0,0,0,0,0,607,0,0
8664880611,0,0,0,0,0,0,257,0,0,8664957611,0,0,0,0,0,0,594,0,0
8666000611,0,0,0,0,0,0,230,0,0,8666077611,0,0,0,0,0,0,621,0,0
8667120611,0,0,0,0,0,0,272,0,0,8667197611,0,0,0,0,0,0,618,0,0
8668240611,0,0,0,0,0,0,247,0,0,8668317611,0,0,0,0,0,0,591,0,0
8669360611,0,0,0,0,0,0,231,0,0,8669437611,0,0,0,0,0,0,622,0,0
8670480611,0,0,0,0,0,0,219,0,0,8670557611,0,0,0,0,0,0,572,0,0
8671600611,0,0,0,0,0,0,212,0,0,8671677611,0,0,0,0,0,0,594,0,0
8672720611,0,0,0,0,0,0,243,0,0,8672797611,0,0,0,0,0,0,668,0,0
8673840611,0,0,0,0,0,0,226,0,0,8673917611,0,0,0,0,0,0,593,0,0
8674960611,0,0,0,0,0,0,233,0,0,8675037611,0,0,0,0,0,0,621,0,0
8676080611,0,0,0,0,0,0,235,0,0,8676157611,0,0,0,0,0,0,574,0,0
8677200611,0,0,0,0,0,0,217,0,0,8677277611,0,0,0,0,0,0,630,0,0
8678320611,0,0,0,0,0,0,236,0,0,8678397611,0,0,0,0,0,0,570,0,0
8679440611,0,0,0,0,0,0,225,0,0,8679517611,0,0,0,0,0,0,614,0,0
8680560611,0,0,0,0,0,0,238,0,0,8680637611,0,0,0,0,0,0,644,0,0
8681680611,0,0,0,0,0,0,220,0,0,8681757611,0,0,0,0,0,0,598,0,0
8682800611,0,0,0,0,0,0,264,0,0,8682877611,0,0,0,0,0,0,617,0,0
8683920611,0,0,0,0,0,0,213,0,0,8683997611,0,0,0,0,0,0,608,0,0
8685040611,0,0,0,0,0,0,230,0,0,8685117611,0,0,0,0,0,0,624,0,0
8686160611,0,0,0,0,0,0,208,0,0,8686237611,0,0,0,0,0,0,629,0,0
8687280611,0,0,0,0,0,0,277,0,0,8687357611,0,0,0,0,0,0,577,0,0
8688400611,0,0,0,0,0,0,236,0,0,8688477611,0,0,0,0,0,0,624,0,0
8689520611,0,0,0,0,0,0,221,0,0,8689597611,0,0,0,0,0,0,571,0,0
8690640611,0,0,0,0,0,0,207,0,0,8690717611,0,0,0,0,0,0,612,0,0
8691760611,0,0,0,0,0,0,253,0,0,8691837611,0,0,0,0,0,0,625,0,0
8692880611,0,0,0,0,0,0,233,0,0,8692957611,0,0,0,0,0,0,587,0,0
8694000611,0,0,0,0,0,0,280,0,0,8694077611,0,0,0,0,0,0,596,0,0
8695120611,0,0,0,0,0,0,230,0,0,8695197611,0,0,0,0,0,0,573,0,0
8696240611,0,0,0,0,0,0,210,0,0,8696317611,0,0,0,0,0,0,605,0,0
8697360611,0,0,0,0,0,0,242,0,0,8697437611,0,0,0,0,0,0,610,0,0
8698480611,0,0,0,0,0,0,216,0,0,8698557611,0,0,0,0,0,0,590,0,0
8699600611,0,0,0,0,0,0,267,0,0,8699677611,0,0,0,0,0,0,629,0,0
8700720611,0,0,0,0,0,0,282,0,0,8700797611,0,0,0,0,0,0,601,0,0
8701840611,0,0,0,0,0,0,178,0,0,8701917611,0,0,0,0,0,0,614,0,0
8702960611,0,0,0,0,0,0,250,0,0,8703037611,0,0,0,0,0,0,573,0,0
8704080611,0,0,0,0,0,0,231,0,0,8704157611,0,0,0,0,0,0,621,0,0
8705200611,0,0,0,0,0,0,232,0,0,8705277611,0,0,0,0,0,0,600,0,0
8706320611,0,0,0,0,0,0,227,0,0,8706397611,0,0,0,0,0,0,570,0,0
8707440611,0,0,0,0,0,0,224,0,0,8707517611,0,0,0,0,0,0,591,0,0
8708560611,0,0,0,0,0,0,262,0,0,8708637611,0,0,0,0,0,0,629,0,0
8709680611,0,0,0,0,0,0,244,0,0,8709757611,0,0,0,0,0,0,641,0,0
8710800611,0,0,0,0,0,0,257,0,0,8710877611,0,0,0,0,0,0,543,0,0
8711920611,0,0,0,0,0,0,223,0,0,8711997611,0,0,0,0,0,0,588,0,0
8713040611,0,0,0,0,0,0,272,0,0,8713117611,0,0,0,0,0,0,582,0,0
8714160611,0,0,0,0,0,0,247,0,0,8714237611,0,0,0,0,0,0,564,0,0
8715280611,0,0,0,0,0,0,205,0,0,8715357611,0,0,0,0,0,0,649,0,0
8716400611,0,0,0,0,0,0,254,0,0,8716477611,0,0,0,0,0,0,615,0,0
8717520611,0,0,0,0,0,0,291,0,0,8717597611,0,0,0,0,0,0,634,0,0
8718640611,0,0,0,0,0,0,258,0,0,8718717611,0,0,0,0,0,0,621,0,0
8719760611,0,0,0,0,0,0,240,0,0,8719837611,0,0,0,0,0,0,616,0,0
8720880611,0,0,0,0,0,0,227,0,0,8720957611,0,0,0,0,0,0,646,0,0
8722000611,0,0,0,0,0,0,232,0,0,8722077611,0,0,0,0,0,0,622,0,0
8723120611,0,0,0,0,0,0,233,0,0,8723197611,0,0,0,0,0,0,641,0,0
8724240611,0,0,0,0,0,0,253,0,0,8724317611,0,0,0,0,0,0,634,0,0
8725360611,0,0,0,0,0,0,261,0,0,8725437611,0,0,0,0,0,0,593,0,0
8726480611,0,0,0,0,0,0,1285,0,0,8726557611,0,0,0,0,0,0,-1686,0,0
8727600611,0,0,0,0,0,0,6922,0,0,8727677611,0,0,0,0,0,0,-1951,0,0
8728720611,0,0,0,0,0,0,6932,0,0,8728797611,0,0,0,0,0,0,-2059,0,0
8729840611,0,0,0,0,0,0,6934,0,0,8729917611,0,0,0,0,0,0,-2009,0,0
8730960611,0,0,0,0,0,0,6924,0,0,8731037611,0,0,0,0,0,0,-2040,0,0
8732080611,0,0,0,0,0,0,6916,0,0,8732157611,0,0,0,0,0,0,-2060,0,0
8733200611,0,0,0,0,0,0,6943,0,0,8733277611,0,0,0,0,0,0,-2055,0,0
8734320611,0,0,0,0,0,0,6915,0,0,8734397611,0,0,0,0,0,0,-1986,0,0
8735440611,0,0,0,0,0,0,5679,0,0,8735517611,0,0,0,0,0,0,599,0,0
8736560611,0,0,0,0,0,0,244,0,0,8736637611,0,0,0,0,0,0,592,0,0
8737680611,0,0,0,0,0,0,183,0,0,8737757611,0,0,0,0,0,0,575,0,0
8738800611,0,0,0,0,0,0,247,0,0,8738877611,0,0,0,0,0,0,591,0,0
8739920611,0,0,0,0,0,0,234,0,0,8739997611,0,0,0,0,0,0,596,0,0
8741040611,0,0,0,0,0,0,241,0,0,8741117611,0,0,0,0,0,0,627,0,0
8742160611,0,0,0,0,0,0,317,0,0,8742237611,0,0,0,0,0,0,615,0,0
8743280611,0,0,0,0,0,0,252,0,0,8743357611,0,0,0,0,0,0,588,0,0
8744400611,0,0,0,0,0,0,248,0,0,8744477611,0,0,0,0,0,0,-1586,0,0
8745520611,0,0,0,0,0,0,6949,0,0,8745597611,0,0,0,0,0,0,-2058,0,0
8746640611,0,0,0,0,0,0,6892,0,0,8746717611,0,0,0,0,0,0,-2028,0,0
8747760611,0,0,0,0,0,0,6975,0,0,8747837611,0,0,0,0,0,0,-2009,0,0
8748880611,0,0,0,0,0,0,6955,0,0,8748957611,0,0,0,0,0,0,-2023,0,0
8750000611,0,0,0,0,0,0,6924,0,0,8750077611,0,0,0,0,0,0,-2020,0,0
8751120611,0,0,0,0,0,0,6929,0,0,8751197611,0,0,0,0,0,0,-1981,0,0
8752240611,0,0,0,0,0,0,6936,0,0,8752317611,0,0,0,0,0,0,-2027,0,0
8753360611,0,0,0,0,0,0,6893,0,0,8753437611,0,0,0,0,0,0,355,0,0
8754480611,0,0,0,0,0,0,233,0,0,8754557611,0,0,0,0,0,0,642,0,0
8755600611,0,0,0,0,0,0,273,0,0,8755677611,0,0,0,0,0,0,627,0,0
8756720611,0,0,0,0,0,0,250,0,0,8756797611,0,0,0,0,0,0,652,0,0
8757840611,0,0,0,0,0,0,201,0,0,8757917611,0,0,0,0,0,0,617,0,0
8758960611,0,0,0,0,0,0,205,0,0,8759037611,0,0,0,0,0,0,635,0,0
8760080611,0,0,0,0,0,0,269,0,0,8760157611,0,0,0,0,0,0,608,0,0
8761200611,0,0,0,0,0,0,244,0,0,8761277611,0,0,0,0,0,0,628,0,0
8762320611,0,0,0,0,0,0,267,0,0,8762397611,0,0,0,0,0,0,-1084,0,0
8763440611,0,0,0,0,0,0,6916,0,0,8763517611,0,0,0,0,0,0,-2033,0,0
8764560611,0,0,0,0,0,0,6973,0,0,8764637611,0,0,0,0,0,0,-2005,0,0
8765680611,0,0,0,0,0,0,6992,0,0,8765757611,0,0,0,0,0,0,-2023,0,0
8766800611,0,0,0,0,0,0,6948,0,0,8766877611,0,0,0,0,0,0,-1995,0,0
8767920611,0,0,0,0,0,0,6944,0,0,8767997611,0,0,0,0,0,0,-2023,0,0
8769040611,0,0,0,0,0,0,6880,0,0,8769117611,0,0,0,0,0,0,-1993,0,0
8770160611,0,0,0,0,0,0,6905,0,0,8770237611,0,0,0,0,0,0,-1990,0,0
8771280611,0,0,0,0,0,0,6917,0,0,8771357611,0,0,0,0,0,0,-457,0,0
8772400611,0,0,0,0,0,0,239,0,0,8772477611,0,0,0,0,0,0,626,0,0
8773520611,0,0,0,0,0,0,226,0,0,8773597611,0,0,0,0,0,0,622,0,0
8774640611,0,0,0,0,0,0,256,0,0,8774717611,0,0,0,0,0,0,578,0,0
8775760611,0,0,0,0,0,0,290,0,0,8775837611,0,0,0,0,0,0,624,0,0
8776880611,0,0,0,0,0,0,265,0,0,8776957611,0,0,0,0,0,0,622,0,0
8778000611,0,0,0,0,0,0,245,0,0,8778077611,0,0,0,0,0,0,573,0,0
8779120611,0,0,0,0,0,0,262,0,0,8779197611,0,0,0,0,0,0,633,0,0
8780240611,0,0,0,0,0,0,243,0,0,8780317611,0,0,0,0,0,0,-45,0,0
8781360611,0,0,0,0,0,0,6936,0,0,8781437611,0,0,0,0,0,0,-2096,0,0
8782480611,0,0,0,0,0,0,6918,0,0,8782557611,0,0,0,0,0,0,-2013,0,0
8783600611,0,0,0,0,0,0,6970,0,0,8783677611,0,0,0,0,0,0,-2027,0,0
8784720611,0,0,0,0,0,0,6900,0,0,8784797611,0,0,0,0,0,0,-1975,0,0
8785840611,0,0,0,0,0,0,6960,0,0,8785917611,0,0,0,0,0,0,-1985,0,0
8786960611,0,0,0,0,0,0,6923,0,0,8787037611,0,0,0,0,0,0,-1970,0,0
8788080611,0,0,0,0,0,0,6943,0,0,8788157611,0,0,0,0,0,0,-2057,0,0
8789200611,0,0,0,0,0,0,6998,0,0,8789277611,0,0,0,0,0,0,-1997,0,0
8790320611,0,0,0,0,0,0,246,0,0,8790397611,0,0,0,0,0,0,632,0,0
8791440611,0,0,0,0,0,0,218,0,0,8791517611,0,0,0,0,0,0,627,0,0
8792560611,0,0,0,0,0,0,228,0,0,8792637611,0,0,0,0,0,0,562,0,0
8793680611,0,0,0,0,0,0,229,0,0,8793757611,0,0,0,0,0,0,612,0,0
8794800611,0,0,0,0,0,0,240,0,0,8794877611,0,0,0,0,0,0,589,0,0
8795920611,0,0,0,0,0,0,215,0,0,8795997611,0,0,0,0,0,0,592,0,0
8797040611,0,0,0,0,0,0,246,0,0,8797117611,0,0,0,0,0,0,655,0,0
8798160611,0,0,0,0,0,0,236,0,0,8798237611,0,0,0,0,0,0,601,0,0
8799280611,0,0,0,0,0,0,6937,0,0,8799357611,0,0,0,0,0,0,-2004,0,0
8800400611,0,0,0,0,0,0,6942,0,0,8800477611,0,0,0,0,0,0,-1996,0,0
8801520611,0,0,0,0,0,0,6937,0,0,8801597611,0,0,0,0,0,0,-1995,0,0
8802640611,0,0,0,0,0,0,6944,0,0,8802717611,0,0,0,0,0,0,-2020,0,0
8803760611,0,0,0,0,0,0,6964,0,0,8803837611,0,0,0,0,0,0,-2022,0,0
8804880611,0,0,0,0,0,0,6927,0,0,8804957611,0,0,0,0,0,0,-1997,0,0
8806000611,0,0,0,0,0,0,6925,0,0,8806077611,0,0,0,0,0,0,-2011,0,0
8807120611,0,0,0,0,0,0,6938,0,0,8807197611,0,0,0,0,0,0,-1981,0,0
8808240611,0,0,0,0,0,0,214,0,0,8808317611,0,0,0,0,0,0,584,0,0
8809360611,0,0,0,0,0,0,228,0,0,8809437611,0,0,0,0,0,0,595,0,0
8810480611,0,0,0,0,0,0,207,0,0,8810557611,0,0,0,0,0,0,635,0,0
8811600611,0,0,0,0,0,0,221,0,0,8811677611,0,0,0,0,0,0,599,0,0
8812720611,0,0,0,0,0,0,274,0,0,8812797611,0,0,0,0,0,0,612,0,0
8813840611,0,0,0,0,0,0,224,0,0,8813917611,0,0,0,0,0,0,583,0,0
8814960611,0,0,0,0,0,0,239,0,0,8815037611,0,0,0,0,0,0,619,0,0
8816080611,0,0,0,0,0,0,251,0,0,8816157611,0,0,0,0,0,0,614,0,0
8817200611,0,0,0,0,0,0,6891,0,0,8817277611,0,0,0,0,0,0,-1998,0,0
8818320611,0,0,0,0,0,0,6877,0,0,8818397611,0,0,0,0,0,0,-2000,0,0
8819440611,0,0,0,0,0,0,6920,0,0,8819517611,0,0,0,0,0,0,-2009,0,0
8820560611,0,0,0,0,0,0,6934,0,0,8820637611,0,0,0,0,0,0,-2022,0,0
8821680611,0,0,0,0,0,0,6871,0,0,8821757611,0,0,0,0,0,0,-2021,0,0
8822800611,0,0,0,0,0,0,6869,0,0,8822877611,0,0,0,0,0,0,-1961,0,0
8823920611,0,0,0,0,0,0,6938,0,0,8823997611,0,0,0,0,0,0,-2040,0,0
8825040611,0,0,0,0,0,0,6948,0,0,8825117611,0,0,0,0,0,0,-1978,0,0
8826160611,0,0,0,0,0,0,230,0,0,8826237611,0,0,0,0,0,0,590,0,0
8827280611,0,0,0,0,0,0,248,0,0,8827357611,0,0,0,0,0,0,604,0,0
8828400611,0,0,0,0,0,0,243,0,0,8828477611,0,0,0,0,0,0,605,0,0
8829520611,0,0,0,0,0,0,247,0,0,8829597611,0,0,0,0,0,0,630,0,0
8830640611,0,0,0,0,0,0,221,0,0,8830717611,0,0,0,0,0,0,564,0,0
8831760611,0,0,0,0,0,0,256,0,0,8831837611,0,0,0,0,0,0,625,0,0
8832880611,0,0,0,0,0,0,272,0,0,8832957611,0,0,0,0,0,0,613,0,0
8834000611,0,0,0,0,0,0,251,0,0,8834077611,0,0,0,0,0,0,572,0,0
8835120611,0,0,0,0,0,0,6944,0,0,8835197611,0,0,0,0,0,0,-2009,0,0
8836240611,0,0,0,0,0,0,6933,0,0,8836317611,0,0,0,0,0,0,-2006,0,0
8837360611,0,0,0,0,0,0,6948,0,0,8837437611,0,0,0,0,0,0,-2017,0,0
8838480611,0,0,0,0,0,0,6934,0,0,8838557611,0,0,0,0,0,0,-1985,0,0
8839600611,0,0,0,0,0,0,6975,0,0,8839677611,0,0,0,0,0,0,-2033,0,0
8840720611,0,0,0,0,0,0,6939,0,0,8840797611,0,0,0,0,0,0,-2035,0,0
8841840611,0,0,0,0,0,0,6933,0,0,8841917611,0,0,0,0,0,0,-1995,0,0
8842960611,0,0,0,0,0,0,6937,0,0,8843037611,0,0,0,0,0,0,-1959,0,0
8844080611,0,0,0,0,0,0,227,0,0,8844157611,0,0,0,0,0,0,539,0,0
8845200611,0,0,0,0,0,0,249,0,0,8845277611,0,0,0,0,0,0,587,0,0
8846320611,0,0,0,0,0,0,192,0,0,8846397611,0,0,0,0,0,0,623,0,0
8847440611,0,0,0,0,0,0,245,0,0,8847517611,0,0,0,0,0,0,592,0,0
8848560611,0,0,0,0,0,0,244,0,0,8848637611,0,0,0,0,0,0,621,0,0
8849680611,0,0,0,0,0,0,251,0,0,8849757611,0,0,0,0,0,0,602,0,0
8850800611,0,0,0,0,0,0,265,0,0,8850877611,0,0,0,0,0,0,609,0,0
8851920611,0,0,0,0,0,0,262,0,0,8851997611,0,0,0,0,0,0,608,0,0
8853040611,0,0,0,0,0,0,6945,0,0,8853117611,0,0,0,0,0,0,-2038,0,0
8854160611,0,0,0,0,0,0,6912,0,0,8854237611,0,0,0,0,0,0,-1953,0,0
8855280611,0,0,0,0,0,0,6874,0,0,8855357611,0,0,0,0,0,0,-1958,0,0
8856400611,0,0,0,0,0,0,6932,0,0,8856477611,0,0,0,0,0,0,-2033,0,0
8857520611,0,0,0,0,0,0,6891,0,0,8857597611,0,0,0,0,0,0,-2013,0,0
8858640611,0,0,0,0,0,0,6907,0,0,8858717611,0,0,0,0,0,0,-2013,0,0
8859760611,0,0,0,0,0,0,6940,0,0,8859837611,0,0,0,0,0,0,-2022,0,0
8860880611,0,0,0,0,0,0,6920,0,0,8860957611,0,0,0,0,0,0,-2039,0,0
8862000611,0,0,0,0,0,0,241,0,0,8862077611,0,0,0,0,0,0,597,0,0
8863120611,0,0,0,0,0,0,241,0,0,8863197611,0,0,0,0,0,0,554,0,0
8864240611,0,0,0,0,0,0,218,0,0,8864317611,0,0,0,0,0,0,634,0,0
8865360611,0,0,0,0,0,0,275,0,0,8865437611,0,0,0,0,0,0,614,0,0
8866480611,0,0,0,0,0,0,212,0,0,8866557611,0,0,0,0,0,0,605,0,0
8867600611,0,0,0,0,0,0,261,0,0,8867677611,0,0,0,0,0,0,635,0,0
8868720611,0,0,0,0,0,0,221,0,0,8868797611,0,0,0,0,0,0,594,0,0
8869840611,0,0,0,0,0,0,269,0,0,8869917611,0,0,0,0,0,0,626,0,0
8870960611,0,0,0,0,0,0,6900,0,0,8871037611,0,0,0,0,0,0,-2057,0,0
8872080611,0,0,0,0,0,0,6920,0,0,8872157611,0,0,0,0,0,0,-2010,0,0
8873200611,0,0,0,0,0,0,6941,0,0,8873277611,0,0,0,0,0,0,-2025,0,0
8874320611,0,0,0,0,0,0,6950,0,0,8874397611,0,0,0,0,0,0,-2039,0,0
8875440611,0,0,0,0,0,0,6941,0,0,8875517611,0,0,0,0,0,0,-2008,0,0
8876560611,0,0,0,0,0,0,6912,0,0,8876637611,0,0,0,0,0,0,-1991,0,0
8877680611,0,0,0,0,0,0,6930,0,0,8877757611,0,0,0,0,0,0,-2048,0,0
8878800611,0,0,0,0,0,0,6904,0,0,8878877611,0,0,0,0,0,0,-2007,0,0
8879920611,0,0,0,0,0,0,265,0,0,8879997611,0,0,0,0,0,0,597,0,0
8881040611,0,0,0,0,0,0,192,0,0,8881117611,0,0,0,0,0,0,636,0,0
8882160611,0,0,0,0,0,0,266,0,0,8882237611,0,0,0,0,0,0,615,0,0
8883280611,0,0,0,0,0,0,253,0,0,8883357611,0,0,0,0,0,0,611,0,0
8884400611,0,0,0,0,0,0,237,0,0,8884477611,0,0,0,0,0,0,566,0,0
8885520611,0,0,0,0,0,0,263,0,0,8885597611,0,0,0,0,0,0,643,0,0
8886640611,0,0,0,0,0,0,283,0,0,8886717611,0,0,0,0,0,0,621,0,0
8887760611,0,0,0,0,0,0,256,0,0,8887837611,0,0,0,0,0,0,606,0,0
8888880611,0,0,0,0,0,0,6939,0,0,8888957611,0,0,0,0,0,0,-2008,0,0
8890000611,0,0,0,0,0,0,6930,0,0,8890077611,0,0,0,0,0,0,-2041,0,0
8891120611,0,0,0,0,0,0,6920,0,0,8891197611,0,0,0,0,0,0,-1978,0,0
8892240611,0,0,0,0,0,0,6931,0,0,8892317611,0,0,0,0,0,0,-2021,0,0
8893360611,0,0,0,0,0,0,6934,0,0,8893437611,0,0,0,0,0,0,-2011,0,0
8894480611,0,0,0,0,0,0,6922,0,0,8894557611,0,0,0,0,0,0,-2016,0,0
8895600611,0,0,0,0,0,0,6929,0,0,8895677611,0,0,0,0,0,0,-2011,0,0
8896720611,0,0,0,0,0,0,6947,0,0,8896797611,0,0,0,0,0,0,-2013,0,0
8897840611,0,0,0,0,0,0,191,0,0,8897917611,0,0,0,0,0,0,584,0,0
8898960611,0,0,0,0,0,0,282,0,0,8899037611,0,0,0,0,0,0,626,0,0
8900080611,0,0,0,0,0,0,244,0,0,8900157611,0,0,0,0,0,0,643,0,0
8901200611,0,0,0,0,0,0,274,0,0,8901277611,0,0,0,0,0,0,591,0,0
8902320611,0,0,0,0,0,0,235,0,0,8902397611,0,0,0,0,0,0,634,0,0
8903440611,0,0,0,0,0,0,228,0,0,8903517611,0,0,0,0,0,0,623,0,0
8904560611,0,0,0,0,0,0,245,0,0,8904637611,0,0,0,0,0,0,576,0,0
8905680611,0,0,0,0,0,0,241,0,0,8905757611,0,0,0,0,0,0,622,0,0
8906800611,0,0,0,0,0,0,6932,0,0,8906877611,0,0,0,0,0,0,-2009,0,0
8907920611,0,0,0,0,0,0,6912,0,0,8907997611,0,0,0,0,0,0,-2004,0,0
8909040611,0,0,0,0,0,0,6947,0,0,8909117611,0,0,0,0,0,0,-2045,0,0
8910160611,0,0,0,0,0,0,6926,0,0,8910237611,0,0,0,0,0,0,-1962,0,0
8911280611,0,0,0,0,0,0,6915,0,0,8911357611,0,0,0,0,0,0,-2011,0,0
8912400611,0,0,0,0,0,0,6929,0,0,8912477611,0,0,0,0,0,0,-1985,0,0
8913520611,0,0,0,0,0,0,6904,0,0,8913597611,0,0,0,0,0,0,-2028,0,0
8914640611,0,0,0,0,0,0,6929,0,0,8914717611,0,0,0,0,0,0,-1966,0,0
8915760611,0,0,0,0,0,0,245,0,0,8915837611,0,0,0,0,0,0,582,0,0
8916880611,0,0,0,0,0,0,223,0,0,8916957611,0,0,0,0,0,0,637,0,0
8918000611,0,0,0,0,0,0,208,0,0,8918077611,0,0,0,0,0,0,600,0,0
8919120611,0,0,0,0,0,0,231,0,0,8919197611,0,0,0,0,0,0,591,0,0
8920240611,0,0,0,0,0,0,247,0,0,8920317611,0,0,0,0,0,0,631,0,0
8921360611,0,0,0,0,0,0,219,0,0,8921437611,0,0,0,0,0,0,654,0,0
8922480611,0,0,0,0,0,0,231,0,0,8922557611,0,0,0,0,0,0,606,0,0
8923600611,0,0,0,0,0,0,235,0,0,8923677611,0,0,0,0,0,0,581,0,0
8924720611,0,0,0,0,0,0,6912,0,0,8924797611,0,0,0,0,0,0,-2000,0,0
8925840611,0,0,0,0,0,0,6971,0,0,8925917611,0,0,0,0,0,0,-2022,0,0
8926960611,0,0,0,0,0,0,6888,0,0,8927037611,0,0,0,0,0,0,-2005,0,0
8928080611,0,0,0,0,0,0,6941,0,0,8928157611,0,0,0,0,0,0,-2029,0,0
8929200611,0,0,0,0,0,0,6920,0,0,8929277611,0,0,0,0,0,0,-2004,0,0
8930320611,0,0,0,0,0,0,6871,0,0,8930397611,0,0,0,0,0,0,-1992,0,0
8931440611,0,0,0,0,0,0,6918,0,0,8931517611,0,0,0,0,0,0,-2016,0,0
8932560611,0,0,0,0,0,0,6889,0,0,8932637611,0,0,0,0,0,0,-1975,0,0
8933680611,0,0,0,0,0,0,239,0,0,8933757611,0,0,0,0,0,0,620,0,0
8934800611,0,0,0,0,0,0,214,0,0,8934877611,0,0,0,0,0,0,642,0,0
8935920611,0,0,0,0,0,0,221,0,0,8935997611,0,0,0,0,0,0,619,0,0
8937040611,0,0,0,0,0,0,210,0,0,8937117611,0,0,0,0,0,0,603,0,0
8938160611,0,0,0,0,0,0,235,0,0,8938237611,0,0,0,0,0,0,598,0,0
8939280611,0,0,0,0,0,0,224,0,0,8939357611,0,0,0,0,0,0,592,0,0
8940400611,0,0,0,0,0,0,197,0,0,8940477611,0,0,0,0,0,0,614,0,0
8941520611,0,0,0,0,0,0,251,0,0,8941597611,0,0,0,0,0,0,645,0,0
8942640611,0,0,0,0,0,0,6916,0,0,8942717611,0,0,0,0,0,0,-2016,0,0
8943760611,0,0,0,0,0,0,6895,0,0,8943837611,0,0,0,0,0,0,-2003,0,0
8944880611,0,0,0,0,0,0,6917,0,0,8944957611,0,0,0,0,0,0,-2005,0,0
8946000611,0,0,0,0,0,0,6933,0,0,8946077611,0,0,0,0,0,0,-2018,0,0
8947120611,0,0,0,0,0,0,6891,0,0,8947197611,0,0,0,0,0,0,-1997,0,0
8948240611,0,0,0,0,0,0,6912,0,0,8948317611,0,0,0,0,0,0,-2016,0,0
8949360611,0,0,0,0,0,0,6918,0,0,8949437611,0,0,0,0,0,0,-1979,0,0
8950480611,0,0,0,0,0,0,6893,0,0,8950557611,0,0,0,0,0,0,-2023,0,0
8951600611,0,0,0,0,0,0,283,0,0,8951677611,0,0,0,0,0,0,594,0,0
8952720611,0,0,0,0,0,0,236,0,0,8952797611,0,0,0,0,0,0,610,0,0
8953840611,0,0,0,0,0,0,259,0,0,8953917611,0,0,0,0,0,0,593,0,0
8954960611,0,0,0,0,0,0,230,0,0,8955037611,0,0,0,0,0,0,619,0,0
8956080611,0,0,0,0,0,0,273,0,0,8956157611,0,0,0,0,0,0,630,0,0
8957200611,0,0,0,0,0,0,245,0,0,8957277611,0,0,0,0,0,0,645,0,0
8958320611,0,0,0,0,0,0,212,0,0,8958397611,0,0,0,0,0,0,608,0,0
8959440611,0,0,0,0,0,0,197,0,0,8959517611,0,0,0,0,0,0,562,0,0
8960560611,0,0,0,0,0,0,6921,0,0,8960637611,0,0,0,0,0,0,-2007,0,0
8961680611,0,0,0,0,0,0,6950,0,0,8961757611,0,0,0,0,0,0,-2048,0,0
8962800611,0,0,0,0,0,0,6940,0,0,8962877611,0,0,0,0,0,0,-1993,0,0
8963920611,0,0,0,0,0,0,6935,0,0,8963997611,0,0,0,0,0,0,-1993,0,0
8965040611,0,0,0,0,0,0,6928,0,0,8965117611,0,0,0,0,0,0,-1979,0,0
8966160611,0,0,0,0,0,0,6916,0,0,8966237611,0,0,0,0,0,0,-1972,0,0
8967280611,0,0,0,0,0,0,6903,0,0,8967357611,0,0,0,0,0,0,-2043,0,0
8968400611,0,0,0,0,0,0,6836,0,0,8968477611,0,0,0,0,0,0,-2021,0,0
8969520611,0,0,0,0,0,0,250,0,0,8969597611,0,0,0,0,0,0,593,0,0
8970640611,0,0,0,0,0,0,202,0,0,8970717611,0,0,0,0,0,0,607,0,0
8971760611,0,0,0,0,0,0,210,0,0,8971837611,0,0,0,0,0,0,597,0,0
8972880611,0,0,0,0,0,0,171,0,0,8972957611,0,0,0,0,0,0,594,0,0
8974000611,0,0,0,0,0,0,257,0,0,8974077611,0,0,0,0,0,0,615,0,0
8975120611,0,0,0,0,0,0,192,0,0,8975197611,0,0,0,0,0,0,607,0,0
8976240611,0,0,0,0,0,0,243,0,0,8976317611,0,0,0,0,0,0,645,0,0
8977360611,0,0,0,0,0,0,260,0,0,8977437611,0,0,0,0,0,0,614,0,0
8978480611,0,0,0,0,0,0,6924,0,0,8978557611,0,0,0,0,0,0,-1995,0,0
8979600611,0,0,0,0,0,0,6913,0,0,8979677611,0,0,0,0,0,0,-2010,0,0
8980720611,0,0,0,0,0,0,6891,0,0,8980797611,0,0,0,0,0,0,-1958,0,0
8981840611,0,0,0,0,0,0,6938,0,0,8981917611,0,0,0,0,0,0,-2010,0,0
8982960611,0,0,0,0,0,0,6878,0,0,8983037611,0,0,0,0,0,0,-1993,0,0
8984080611,0,0,0,0,0,0,6906,0,0,8984157611,0,0,0,0,0,0,-2023,0,0
8985200611,0,0,0,0,0,0,6934,0,0,8985277611,0,0,0,0,0,0,-1990,0,0
8986320611,0,0,0,0,0,0,6911,0,0,8986397611,0,0,0,0,0,0,-2041,0,0
8987440611,0,0,0,0,0,0,217,0,0,8987517611,0,0,0,0,0,0,577,0,0
8988560611,0,0,0,0,0,0,233,0,0,8988637611,0,0,0,0,0,0,601,0,0
8989680611,0,0,0,0,0,0,219,0,0,8989757611,0,0,0,0,0,0,640,0,0
8990800611,0,0,0,0,0,0,218,0,0,8990877611,0,0,0,0,0,0,603,0,0
8991920611,0,0,0,0,0,0,264,0,0,8991997611,0,0,0,0,0,0,592,0,0
8993040611,0,0,0,0,0,0,247,0,0,8993117611,0,0,0,0,0,0,577,0,0
8994160611,0,0,0,0,0,0,281,0,0,8994237611,0,0,0,0,0,0,589,0,0
8995280611,0,0,0,0,0,0,203,0,0,8995357611,0,0,0,0,0,0,632,0,0
8996400611,0,0,0,0,0,0,6941,0,0,8996477611,0,0,0,0,0,0,-1964,0,0
8997520611,0,0,0,0,0,0,6897,0,0,8997597611,0,0,0,0,0,0,-1974,0,0
8998640611,0,0,0,0,0,0,6899,0,0,8998717611,0,0,0,0,0,0,-2041,0,0
8999760611,0,0,0,0,0,0,6908,0,0,8999837611,0,0,0,0,0,0,-2019,0,0
9000880611,0,0,0,0,0,0,6915,0,0,9000957611,0,0,0,0,0,0,-2009,0,0
9002000611,0,0,0,0,0,0,6897,0,0,9002077611,0,0,0,0,0,0,-2010,0,0
9003120611,0,0,0,0,0,0,6913,0,0,9003197611,0,0,0,0,0,0,-1990,0,0
9004240611,0,0,0,0,0,0,6951,0,0,9004317611,0,0,0,0,0,0,-2020,0,0
9005360611,0,0,0,0,0,0,257,0,0,9005437611,0,0,0,0,0,0,653,0,0
9006480611,0,0,0,0,0,0,240,0,0,9006557611,0,0,0,0,0,0,689,0,0
9007600611,0,0,0,0,0,0,231,0,0,9007677611,0,0,0,0,0,0,578,0,0
9008720611,0,0,0,0,0,0,284,0,0,9008797611,0,0,0,0,0,0,598,0,0
9009840611,0,0,0,0,0,0,255,0,0,9009917611,0,0,0,0,0,0,630,0,0
9010960611,0,0,0,0,0,0,272,0,0,9011037611,0,0,0,0,0,0,640,0,0
9012080611,0,0,0,0,0,0,260,0,0,9012157611,0,0,0,0,0,0,605,0,0
9013200611,0,0,0,0,0,0,275,0,0,9013277611,0,0,0,0,0,0,605,0,0
9014320611,0,0,0,0,0,0,6925,0,0,9014397611,0,0,0,0,0,0,-1987,0,0
9015440611,0,0,0,0,0,0,6945,0,0,9015517611,0,0,0,0,0,0,-1998,0,0
9016560611,0,0,0,0,0,0,6956,0,0,9016637611,0,0,0,0,0,0,-2017,0,0
9017680611,0,0,0,0,0,0,6965,0,0,9017757611,0,0,0,0,0,0,-2013,0,0
9018800611,0,0,0,0,0,0,6915,0,0,9018877611,0,0,0,0,0,0,-2031,0,0
9019920611,0,0,0,0,0,0,6905,0,0,9019997611,0,0,0,0,0,0,-1975,0,0
9021040611,0,0,0,0,0,0,6949,0,0,9021117611,0,0,0,0,0,0,-1995,0,0
9022160611,0,0,0,0,0,0,6917,0,0,9022237611,0,0,0,0,0,0,-2034,0,0
9023280611,0,0,0,0,0,0,231,0,0,9023357611,0,0,0,0,0,0,608,0,0
9024400611,0,0,0,0,0,0,220,0,0,9024477611,0,0,0,0,0,0,637,0,0
9025520611,0,0,0,0,0,0,219,0,0,9025597611,0,0,0,0,0,0,583,0,0
9026640611,0,0,0,0,0,0,239,0,0,9026717611,0,0,0,0,0,0,612,0,0
9027760611,0,0,0,0,0,0,276,0,0,9027837611,0,0,0,0,0,0,587,0,0
9028880611,0,0,0,0,0,0,234,0,0,9028957611,0,0,0,0,0,0,588,0,0
9030000611,0,0,0,0,0,0,235,0,0,9030077611,0,0,0,0,0,0,583,0,0
9031120611,0,0,0,0,0,0,227,0,0,9031197611,0,0,0,0,0,0,648,0,0
9032240611,0,0,0,0,0,0,6920,0,0,9032317611,0,0,0,0,0,0,-2001,0,0
9033360611,0,0,0,0,0,0,6890,0,0,9033437611,0,0,0,0,0,0,-1991,0,0
9034480611,0,0,0,0,0,0,6912,0,0,9034557611,0,0,0,0,0,0,-2013,0,0
9035600611,0,0,0,0,0,0,6946,0,0,9035677611,0,0,0,0,0,0,-1996,0,0
9036720611,0,0,0,0,0,0,6914,0,0,9036797611,0,0,0,0,0,0,-2005,0,0
9037840611,0,0,0,0,0,0,6922,0,0,9037917611,0,0,0,0,0,0,-2028,0,0
9038960611,0,0,0,0,0,0,6964,0,0,9039037611,0,0,0,0,0,0,-1952,0,0
9040080611,0,0,0,0,0,0,6908,0,0,9040157611,0,0,0,0,0,0,-1986,0,0
9041200611,0,0,0,0,0,0,209,0,0,9041277611,0,0,0,0,0,0,617,0,0
9042320611,0,0,0,0,0,0,220,0,0,9042397611,0,0,0,0,0,0,604,0,0
9043440611,0,0,0,0,0,0,275,0,0,9043517611,0,0,0,0,0,0,592,0,0
9044560611,0,0,0,0,0,0,247,0,0,9044637611,0,0,0,0,0,0,588,0,0
9045680611,0,0,0,0,0,0,251,0,0,9045757611,0,0,0,0,0,0,573,0,0
9046800611,0,0,0,0,0,0,233,0,0,9046877611,0,0,0,0,0,0,613,0,0
9047920611,0,0,0,0,0,0,233,0,0,9047997611,0,0,0,0,0,0,581,0,0
9049040611,0,0,0,0,0,0,285,0,0,9049117611,0,0,0,0,0,0,575,0,0
9050160611,0,0,0,0,0,0,6877,0,0,9050237611,0,0,0,0,0,0,-1988,0,0
9051280611,0,0,0,0,0,0,6936,0,0,9051357611,0,0,0,0,0,0,-2011,0,0
9052400611,0,0,0,0,0,0,6880,0,0,9052477611,0,0,0,0,0,0,-2012,0,0
9053520611,0,0,0,0,0,0,6887,0,0,9053597611,0,0,0,0,0,0,-2017,0,0
9054640611,0,0,0,0,0,0,6931,0,0,9054717611,0,0,0,0,0,0,-1998,0,0
9055760611,0,0,0,0,0,0,6910,0,0,9055837611,0,0,0,0,0,0,-2008,0,0
9056880611,0,0,0,0,0,0,6905,0,0,9056957611,0,0,0,0,0,0,-1970,0,0
9058000611,0,0,0,0,0,0,6962,0,0,9058077611,0,0,0,0,0,0,-1983,0,0
9059120611,0,0,0,0,0,0,224,0,0,9059197611,0,0,0,0,0,0,609,0,0
9060240611,0,0,0,0,0,0,263,0,0,9060317611,0,0,0,0,0,0,649,0,0
9061360611,0,0,0,0,0,0,252,0,0,9061437611,0,0,0,0,0,0,600,0,0
9062480611,0,0,0,0,0,0,258,0,0,9062557611,0,0,0,0,0,0,585,0,0
9063600611,0,0,0,0,0,0,245,0,0,9063677611,0,0,0,0,0,0,625,0,0
9064720611,0,0,0,0,0,0,293,0,0,9064797611,0,0,0,0,0,0,608,0,0
9065840611,0,0,0,0,0,0,242,0,0,9065917611,0,0,0,0,0,0,618,0,0
9066960611,0,0,0,0,0,0,244,0,0,9067037611,0,0,0,0,0,0,581,0,0
9068080611,0,0,0,0,0,0,6979,0,0,9068157611,0,0,0,0,0,0,-1974,0,0
9069200611,0,0,0,0,0,0,6913,0,0,9069277611,0,0,0,0,0,0,-2020,0,0
9070320611,0,0,0,0,0,0,6915,0,0,9070397611,0,0,0,0,0,0,-2007,0,0
9071440611,0,0,0,0,0,0,6956,0,0,9071517611,0,0,0,0,0,0,-1997,0,0
9072560611,0,0,0,0,0,0,6904,0,0,9072637611,0,0,0,0,0,0,-2009,0,0
9073680611,0,0,0,0,0,0,6970,0,0,9073757611,0,0,0,0,0,0,-1992,0,0
9074800611,0,0,0,0,0,0,6912,0,0,9074877611,0,0,0,0,0,0,-2038,0,0
9075920611,0,0,0,0,0,0,6947,0,0,9075997611,0,0,0,0,0,0,-1999,0,0
9077040611,0,0,0,0,0,0,219,0,0,9077117611,0,0,0,0,0,0,585,0,0
9078160611,0,0,0,0,0,0,226,0,0,9078237611,0,0,0,0,0,0,654,0,0
9079280611,0,0,0,0,0,0,211,0,0,9079357611,0,0,0,0,0,0,638,0,0
9080400611,0,0,0,0,0,0,244,0,0,9080477611,0,0,0,0,0,0,632,0,0
9081520611,0,0,0,0,0,0,223,0,0,9081597611,0,0,0,0,0,0,571,0,0
9082640611,0,0,0,0,0,0,248,0,0,9082717611,0,0,0,0,0,0,604,0,0
9083760611,0,0,0,0,0,0,224,0,0,9083837611,0,0,0,0,0,0,594,0,0
9084880611,0,0,0,0,0,0,217,0,0,9084957611,0,0,0,0,0,0,615,0,0
9086000611,0,0,0,0,0,0,6935,0,0,9086077611,0,0,0,0,0,0,-1975,0,0
9087120611,0,0,0,0,0,0,6922,0,0,9087197611,0,0,0,0,0,0,-1956,0,0
9088240611,0,0,0,0,0,0,6862,0,0,9088317611,0,0,0,0,0,0,-1996,0,0
9089360611,0,0,0,0,0,0,6926,0,0,9089437611,0,0,0,0,0,0,-2004,0,0
9090480611,0,0,0,0,0,0,6871,0,0,9090557611,0,0,0,0,0,0,-1970,0,0
9091600611,0,0,0,0,0,0,6953,0,0,9091677611,0,0,0,0,0,0,-1988,0,0
9092720611,0,0,0,0,0,0,6932,0,0,9092797611,0,0,0,0,0,0,-2040,0,0
9093840611,0,0,0,0,0,0,6950,0,0,9093917611,0,0,0,0,0,0,-1989,0,0
9094960611,0,0,0,0,0,0,260,0,0,9095037611,0,0,0,0,0,0,601,0,0
9096080611,0,0,0,0,0,0,268,0,0,9096157611,0,0,0,0,0,0,636,0,0
9097200611,0,0,0,0,0,0,246,0,0,9097277611,0,0,0,0,0,0,648,0,0
9098320611,0,0,0,0,0,0,243,0,0,9098397611,0,0,0,0,0,0,630,0,0
9099440611,0,0,0,0,0,0,284,0,0,9099517611,0,0,0,0,0,0,610,0,0
9100560611,0,0,0,0,0,0,297,0,0,9100637611,0,0,0,0,0,0,588,0,0
9101680611,0,0,0,0,0,0,223,0,0,9101757611,0,0,0,0,0,0,635,0,0
9102800611,0,0,0,0,0,0,278,0,0,9102877611,0,0,0,0,0,0,639,0,0
9103920611,0,0,0,0,0,0,6953,0,0,9103997611,0,0,0,0,0,0,-1997,0,0
9105040611,0,0,0,0,0,0,6962,0,0,9105117611,0,0,0,0,0,0,-2041,0,0
9106160611,0,0,0,0,0,0,6940,0,0,9106237611,0,0,0,0,0,0,-1995,0,0
9107280611,0,0,0,0,0,0,6913,0,0,9107357611,0,0,0,0,0,0,-1995,0,0
9108400611,0,0,0,0,0,0,6945,0,0,9108477611,0,0,0,0,0,0,-1991,0,0
9109520611,0,0,0,0,0,0,6924,0,0,9109597611,0,0,0,0,0,0,-1986,0,0
9110640611,0,0,0,0,0,0,6923,0,0,9110717611,0,0,0,0,0,0,-2022,0,0
9111760611,0,0,0,0,0,0,6881,0,0,9111837611,0,0,0,0,0,0,-2033,0,0
9112880611,0,0,0,0,0,0,223,0,0,9112957611,0,0,0,0,0,0,586,0,0
9114000611,0,0,0,0,0,0,218,0,0,9114077611,0,0,0,0,0,0,571,0,0
9115120611,0,0,0,0,0,0,245,0,0,9115197611,0,0,0,0,0,0,588,0,0
9116240611,0,0,0,0,0,0,229,0,0,9116317611,0,0,0,0,0,0,608,0,0
9117360611,0,0,0,0,0,0,240,0,0,9117437611,0,0,0,0,0,0,585,0,0
9118480611,0,0,0,0,0,0,244,0,0,9118557611,0,0,0,0,0,0,627,0,0
9119600611,0,0,0,0,0,0,218,0,0,9119677611,0,0,0,0,0,0,601,0,0
9120720611,0,0,0,0,0,0,231,0,0,9120797611,0,0,0,0,0,0,635,0,0
9121840611,0,0,0,0,0,0,6872,0,0,9121917611,0,0,0,0,0,0,-2016,0,0
9122960611,0,0,0,0,0,0,6913,0,0,9123037611,0,0,0,0,0,0,-1994,0,0
9124080611,0,0,0,0,0,0,6911,0,0,9124157611,0,0,0,0,0,0,-2004,0,0
9125200611,0,0,0,0,0,0,6934,0,0,9125277611,0,0,0,0,0,0,-1995,0,0
9126320611,0,0,0,0,0,0,6953,0,0,9126397611,0,0,0,0,0,0,-2022,0,0
9127440611,0,0,0,0,0,0,6921,0,0,9127517611,0,0,0,0,0,0,-1985,0,0
9128560611,0,0,0,0,0,0,6869,0,0,9128637611,0,0,0,0,0,0,-1972,0,0
9129680611,0,0,0,0,0,0,6937,0,0,9129757611,0,0,0,0,0,0,-1957,0,0
9130800611,0,0,0,0,0,0,227,0,0,9130877611,0,0,0,0,0,0,581,0,0
9131920611,0,0,0,0,0,0,215,0,0,9131997611,0,0,0,0,0,0,629,0,0
9133040611,0,0,0,0,0,0,307,0,0,9133117611,0,0,0,0,0,0,600,0,0
9134160611,0,0,0,0,0,0,230,0,0,9134237611,0,0,0,0,0,0,606,0,0
9135280611,0,0,0,0,0,0,255,0,0,9135357611,0,0,0,0,0,0,620,0,0
9136400611,0,0,0,0,0,0,245,0,0,9136477611,0,0,0,0,0,0,592,0,0
9137520611,0,0,0,0,0,0,209,0,0,9137597611,0,0,0,0,0,0,634,0,0
9138640611,0,0,0,0,0,0,237,0,0,9138717611,0,0,0,0,0,0,597,0,0
9139760611,0,0,0,0,0,0,6993,0,0,9139837611,0,0,0,0,0,0,-1985,0,0
9140880611,0,0,0,0,0,0,6914,0,0,9140957611,0,0,0,0,0,0,-2001,0,0
9142000611,0,0,0,0,0,0,6963,0,0,9142077611,0,0,0,0,0,0,-2022,0,0
9143120611,0,0,0,0,0,0,6921,0,0,9143197611,0,0,0,0,0,0,-2003,0,0
9144240611,0,0,0,0,0,0,6900,0,0,9144317611,0,0,0,0,0,0,-1979,0,0
9145360611,0,0,0,0,0,0,6933,0,0,9145437611,0,0,0,0,0,0,-2009,0,0
9146480611,0,0,0,0,0,0,6892,0,0,9146557611,0,0,0,0,0,0,-2026,0,0
9147600611,0,0,0,0,0,0,6898,0,0,9147677611,0,0,0,0,0,0,-2007,0,0
9148720611,0,0,0,0,0,0,263,0,0,9148797611,0,0,0,0,0,0,564,0,0
9149840611,0,0,0,0,0,0,242,0,0,9149917611,0,0,0,0,0,0,563,0,0
9150960611,0,0,0,0,0,0,236,0,0,9151037611,0,0,0,0,0,0,574,0,0
9152080611,0,0,0,0,0,0,227,0,0,9152157611,0,0,0,0,0,0,631,0,0
9153200611,0,0,0,0,0,0,249,0,0,9153277611,0,0,0,0,0,0,605,0,0
9154320611,0,0,0,0,0,0,247,0,0,9154397611,0,0,0,0,0,0,601,0,0
9155440611,0,0,0,0,0,0,248,0,0,9155517611,0,0,0,0,0,0,595,0,0
9156560611,0,0,0,0,0,0,240,0,0,9156637611,0,0,0,0,0,0,585,0,0
9157680611,0,0,0,0,0,0,6985,0,0,9157757611,0,0,0,0,0,0,-1957,0,0
9158800611,0,0,0,0,0,0,6914,0,0,9158877611,0,0,0,0,0,0,-2003,0,0
9159920611,0,0,0,0,0,0,6884,0,0,9159997611,0,0,0,0,0,0,-1990,0,0
9161040611,0,0,0,0,0,0,6925,0,0,9161117611,0,0,0,0,0,0,-1983,0,0
9162160611,0,0,0,0,0,0,6904,0,0,9162237611,0,0,0,0,0,0,-2027,0,0
9163280611,0,0,0,0,0,0,6932,0,0,9163357611,0,0,0,0,0,0,-2001,0,0
9164400611,0,0,0,0,0,0,6936,0,0,9164477611,0,0,0,0,0,0,-1995,0,0
9165520611,0,0,0,0,0,0,6888,0,0,9165597611,0,0,0,0,0,0,-1981,0,0
9166640611,0,0,0,0,0,0,259,0,0,9166717611,0,0,0,0,0,0,577,0,0
9167760611,0,0,0,0,0,0,242,0,0,9167837611,0,0,0,0,0,0,579,0,0
9168880611,0,0,0,0,0,0,289,0,0,9168957611,0,0,0,0,0,0,619,0,0
9170000611,0,0,0,0,0,0,244,0,0,9170077611,0,0,0,0,0,0,641,0,0
9171120611,0,0,0,0,0,0,244,0,0,9171197611,0,0,0,0,0,0,632,0,0
9172240611,0,0,0,0,0,0,232,0,0,9172317611,0,0,0,0,0,0,558,0,0
9173360611,0,0,0,0,0,0,242,0,0,9173437611,0,0,0,0,0,0,569,0,0
9174480611,0,0,0,0,0,0,219,0,0,9174557611,0,0,0,0,0,0,591,0,0
9175600611,0,0,0,0,0,0,6903,0,0,9175677611,0,0,0,0,0,0,-1992,0,0
9176720611,0,0,0,0,0,0,6920,0,0,9176797611,0,0,0,0,0,0,-1987,0,0
9177840611,0,0,0,0,0,0,6942,0,0,9177917611,0,0,0,0,0,0,-1985,0,0
9178960611,0,0,0,0,0,0,6897,0,0,9179037611,0,0,0,0,0,0,-2025,0,0
9180080611,0,0,0,0,0,0,6903,0,0,9180157611,0,0,0,0,0,0,-2017,0,0
9181200611,0,0,0,0,0,0,6918,0,0,9181277611,0,0,0,0,0,0,-2007,0,0
9182320611,0,0,0,0,0,0,6897,0,0,9182397611,0,0,0,0,0,0,-2002,0,0
9183440611,0,0,0,0,0,0,6910,0,0,9183517611,0,0,0,0,0,0,-1990,0,0
9184560611,0,0,0,0,0,0,235,0,0,9184637611,0,0,0,0,0,0,590,0,0
9185680611,0,0,0,0,0,0,241,0,0,9185757611,0,0,0,0,0,0,583,0,0
9186800611,0,0,0,0,0,0,247,0,0,9186877611,0,0,0,0,0,0,568,0,0
9187920611,0,0,0,0,0,0,243,0,0,9187997611,0,0,0,0,0,0,602,0,0
9189040611,0,0,0,0,0,0,244,0,0,9189117611,0,0,0,0,0,0,612,0,0
9190160611,0,0,0,0,0,0,240,0,0,9190237611,0,0,0,0,0,0,608,0,0
9191280611,0,0,0,0,0,0,241,0,0,9191357611,0,0,0,0,0,0,600,0,0
9192400611,0,0,0,0,0,0,236,0,0,9192477611,0,0,0,0,0,0,581,0,0
9193520611,0,0,0,0,0,0,6907,0,0,9193597611,0,0,0,0,0,0,-1967,0,0
9194640611,0,0,0,0,0,0,6944,0,0,9194717611,0,0,0,0,0,0,-1982,0,0
9195760611,0,0,0,0,0,0,6895,0,0,9195837611,0,0,0,0,0,0,-2026,0,0
9196880611,0,0,0,0,0,0,6873,0,0,9196957611,0,0,0,0,0,0,-1995,0,0
9198000611,0,0,0,0,0,0,6928,0,0,9198077611,0,0,0,0,0,0,-1976,0,0
9199120611,0,0,0,0,0,0,6905,0,0,9199197611,0,0,0,0,0,0,-1969,0,0
9200240611,0,0,0,0,0,0,6907,0,0,9200317611,0,0,0,0,0,0,-1937,0,0
9201360611,0,0,0,0,0,0,6904,0,0,9201437611,0,0,0,0,0,0,-2043,0,0
9202480611,0,0,0,0,0,0,236,0,0,9202557611,0,0,0,0,0,0,646,0,0
9203600611,0,0,0,0,0,0,227,0,0,9203677611,0,0,0,0,0,0,579,0,0
9204720611,0,0,0,0,0,0,201,0,0,9204797611,0,0,0,0,0,0,661,0,0
9205840611,0,0,0,0,0,0,228,0,0,9205917611,0,0,0,0,0,0,600,0,0
9206960611,0,0,0,0,0,0,240,0,0,9207037611,0,0,0,0,0,0,615,0,0
9208080611,0,0,0,0,0,0,242,0,0,9208157611,0,0,0,0,0,0,610,0,0
9209200611,0,0,0,0,0,0,197,0,0,9209277611,0,0,0,0,0,0,601,0,0
9210320611,0,0,0,0,0,0,251,0,0,9210397611,0,0,0,0,0,0,585,0,0
9211440611,0,0,0,0,0,0,6919,0,0,9211517611,0,0,0,0,0,0,-2024,0,0
9212560611,0,0,0,0,0,0,6886,0,0,9212637611,0,0,0,0,0,0,-1993,0,0
9213680611,0,0,0,0,0,0,6969,0,0,9213757611,0,0,0,0,0,0,-1954,0,0
9214800611,0,0,0,0,0,0,6893,0,0,9214877611,0,0,0,0,0,0,-2005,0,0
9215920611,0,0,0,0,0,0,6911,0,0,9215997611,0,0,0,0,0,0,-2008,0,0
9217040611,0,0,0,0,0,0,6894,0,0,9217117611,0,0,0,0,0,0,-1964,0,0
9218160611,0,0,0,0,0,0,6916,0,0,9218237611,0,0,0,0,0,0,-2009,0,0
9219280611,0,0,0,0,0,0,6914,0,0,9219357611,0,0,0,0,0,0,-2012,0,0
9220400611,0,0,0,0,0,0,211,0,0,9220477611,0,0,0,0,0,0,598,0,0
9221520611,0,0,0,0,0,0,259,0,0,9221597611,0,0,0,0,0,0,622,0,0
9222640611,0,0,0,0,0,0,203,0,0,9222717611,0,0,0,0,0,0,588,0,0
9223760611,0,0,0,0,0,0,205,0,0,9223837611,0,0,0,0,0,0,618,0,0
9224880611,0,0,0,0,0,0,270,0,0,9224957611,0,0,0,0,0,0,581,0,0
9226000611,0,0,0,0,0,0,249,0,0,9226077611,0,0,0,0,0,0,596,0,0
9227120611,0,0,0,0,0,0,262,0,0,9227197611,0,0,0,0,0,0,599,0,0
9228240611,0,0,0,0,0,0,256,0,0,9228317611,0,0,0,0,0,0,626,0,0
9229360611,0,0,0,0,0,0,6922,0,0,9229437611,0,0,0,0,0,0,-2061,0,0
9230480611,0,0,0,0,0,0,6906,0,0,9230557611,0,0,0,0,0,0,-1949,0,0
9231600611,0,0,0,0,0,0,6904,0,0,9231677611,0,0,0,0,0,0,-2009,0,0
9232720611,0,0,0,0,0,0,6920,0,0,9232797611,0,0,0,0,0,0,-1996,0,0
9233840611,0,0,0,0,0,0,6901,0,0,9233917611,0,0,0,0,0,0,-1972,0,0
9234960611,0,0,0,0,0,0,6899,0,0,9235037611,0,0,0,0,0,0,-2006,0,0
9236080611,0,0,0,0,0,0,6920,0,0,9236157611,0,0,0,0,0,0,-2016,0,0
9237200611,0,0,0,0,0,0,6895,0,0,9237277611,0,0,0,0,0,0,-1982,0,0
9238320611,0,0,0,0,0,0,245,0,0,9238397611,0,0,0,0,0,0,634,0,0
9239440611,0,0,0,0,0,0,241,0,0,9239517611,0,0,0,0,0,0,578,0,0
9240560611,0,0,0,0,0,0,213,0,0,9240637611,0,0,0,0,0,0,614,0,0
9241680611,0,0,0,0,0,0,241,0,0,9241757611,0,0,0,0,0,0,630,0,0
9242800611,0,0,0,0,0,0,240,0,0,9242877611,0,0,0,0,0,0,628,0,0
9243920611,0,0,0,0,0,0,241,0,0,9243997611,0,0,0,0,0,0,662,0,0
9245040611,0,0,0,0,0,0,219,0,0,9245117611,0,0,0,0,0,0,609,0,0
9246160611,0,0,0,0,0,0,245,0,0,9246237611,0,0,0,0,0,0,593,0,0
9247280611,0,0,0,0,0,0,6904,0,0,9247357611,0,0,0,0,0,0,-1981,0,0
9248400611,0,0,0,0,0,0,6950,0,0,9248477611,0,0,0,0,0,0,-2013,0,0
9249520611,0,0,0,0,0,0,6941,0,0,9249597611,0,0,0,0,0,0,-2024,0,0
9250640611,0,0,0,0,0,0,6963,0,0,9250717611,0,0,0,0,0,0,-1965,0,0
9251760611,0,0,0,0,0,0,6913,0,0,9251837611,0,0,0,0,0,0,-1999,0,0
9252880611,0,0,0,0,0,0,6907,0,0,9252957611,0,0,0,0,0,0,-1975,0,0
9254000611,0,0,0,0,0,0,6877,0,0,9254077611,0,0,0,0,0,0,-2050,0,0
9255120611,0,0,0,0,0,0,6942,0,0,9255197611,0,0,0,0,0,0,-2025,0,0
9256240611,0,0,0,0,0,0,227,0,0,9256317611,0,0,0,0,0,0,633,0,0
9257360611,0,0,0,0,0,0,239,0,0,9257437611,0,0,0,0,0,0,599,0,0
9258480611,0,0,0,0,0,0,246,0,0,9258557611,0,0,0,0,0,0,587,0,0
9259600611,0,0,0,0,0,0,237,0,0,9259677611,0,0,0,0,0,0,601,0,0
9260720611,0,0,0,0,0,0,250,0,0,9260797611,0,0,0,0,0,0,607,0,0
9261840611,0,0,0,0,0,0,259,0,0,9261917611,0,0,0,0,0,0,623,0,0
9262960611,0,0,0,0,0,0,251,0,0,9263037611,0,0,0,0,0,0,576,0,0
9264080611,0,0,0,0,0,0,213,0,0,9264157611,0,0,0,0,0,0,625,0,0
9265200611,0,0,0,0,0,0,6890,0,0,9265277611,0,0,0,0,0,0,-1982,0,0
9266320611,0,0,0,0,0,0,6932,0,0,9266397611,0,0,0,0,0,0,-2004,0,0
9267440611,0,0,0,0,0,0,6880,0,0,9267517611,0,0,0,0,0,0,-2002,0,0
9268560611,0,0,0,0,0,0,6886,0,0,9268637611,0,0,0,0,0,0,-2026,0,0
9269680611,0,0,0,0,0,0,6946,0,0,9269757611,0,0,0,0,0,0,-2014,0,0
9270800611,0,0,0,0,0,0,6912,0,0,9270877611,0,0,0,0,0,0,-2027,0,0
9271920611,0,0,0,0,0,0,6928,0,0,9271997611,0,0,0,0,0,0,-1994,0,0
9273040611,0,0,0,0,0,0,6935,0,0,9273117611,0,0,0,0,0,0,-1994,0,0
9274160611,0,0,0,0,0,0,210,0,0,9274237611,0,0,0,0,0,0,589,0,0
9275280611,0,0,0,0,0,0,218,0,0,9275357611,0,0,0,0,0,0,586,0,0
9276400611,0,0,0,0,0,0,238,0,0,9276477611,0,0,0,0,0,0,635,0,0
9277520611,0,0,0,0,0,0,262,0,0,9277597611,0,0,0,0,0,0,595,0,0
9278640611,0,0,0,0,0,0,215,0,0,9278717611,0,0,0,0,0,0,594,0,0
9279760611,0,0,0,0,0,0,261,0,0,9279837611,0,0,0,0,0,0,597,0,0
9280880611,0,0,0,0,0,0,243,0,0,9280957611,0,0,0,0,0,0,592,0,0
9282000611,0,0,0,0,0,0,238,0,0,9282077611,0,0,0,0,0,0,612,0,0
9283120611,0,0,0,0,0,0,6899,0,0,9283197611,0,0,0,0,0,0,-2019,0,0
9284240611,0,0,0,0,0,0,6944,0,0,9284317611,0,0,0,0,0,0,-2015,0,0
9285360611,0,0,0,0,0,0,6943,0,0,9285437611,0,0,0,0,0,0,-2029,0,0
9286480611,0,0,0,0,0,0,6945,0,0,9286557611,0,0,0,0,0,0,-2016,0,0
9287600611,0,0,0,0,0,0,6902,0,0,9287677611,0,0,0,0,0,0,-1973,0,0
9288720611,0,0,0,0,0,0,6916,0,0,9288797611,0,0,0,0,0,0,-2028,0,0
9289840611,0,0,0,0,0,0,6942,0,0,9289917611,0,0,0,0,0,0,-1999,0,0
9290960611,0,0,0,0,0,0,6883,0,0,9291037611,0,0,0,0,0,0,-2018,0,0
9292080611,0,0,0,0,0,0,228,0,0,9292157611,0,0,0,0,0,0,599,0,0
9293200611,0,0,0,0,0,0,193,0,0,9293277611,0,0,0,0,0,0,609,0,0
9294320611,0,0,0,0,0,0,245,0,0,9294397611,0,0,0,0,0,0,632,0,0
9295440611,0,0,0,0,0,0,295,0,0,9295517611,0,0,0,0,0,0,623,0,0
9296560611,0,0,0,0,0,0,236,0,0,9296637611,0,0,0,0,0,0,608,0,0
9297680611,0,0,0,0,0,0,200,0,0,9297757611,0,0,0,0,0,0,637,0,0
9298800611,0,0,0,0,0,0,211,0,0,9298877611,0,0,0,0,0,0,591,0,0
9299920611,0,0,0,0,0,0,239,0,0,9299997611,0,0,0,0,0,0,617,0,0
9301040611,0,0,0,0,0,0,6847,0,0,9301117611,0,0,0,0,0,0,-1989,0,0
9302160611,0,0,0,0,0,0,6911,0,0,9302237611,0,0,0,0,0,0,-2013,0,0
9303280611,0,0,0,0,0,0,6899,0,0,9303357611,0,0,0,0,0,0,-2006,0,0
9304400611,0,0,0,0,0,0,6926,0,0,9304477611,0,0,0,0,0,0,-2000,0,0
9305520611,0,0,0,0,0,0,6942,0,0,9305597611,0,0,0,0,0,0,-2037,0,0
9306640611,0,0,0,0,0,0,6925,0,0,9306717611,0,0,0,0,0,0,-1999,0,0
9307760611,0,0,0,0,0,0,6895,0,0,9307837611,0,0,0,0,0,0,-1965,0,0
9308880611,0,0,0,0,0,0,6917,0,0,9308957611,0,0,0,0,0,0,-2006,0,0
9310000611,0,0,0,0,0,0,256,0,0,9310077611,0,0,0,0,0,0,601,0,0
9311120611,0,0,0,0,0,0,262,0,0,9311197611,0,0,0,0,0,0,649,0,0
9312240611,0,0,0,0,0,0,259,0,0,9312317611,0,0,0,0,0,0,609,0,0
9313360611,0,0,0,0,0,0,215,0,0,9313437611,0,0,0,0,0,0,619,0,0
9314480611,0,0,0,0,0,0,205,0,0,9314557611,0,0,0,0,0,0,581,0,0
9315600611,0,0,0,0,0,0,231,0,0,9315677611,0,0,0,0,0,0,553,0,0
9316720611,0,0,0,0,0,0,200,0,0,9316797611,0,0,0,0,0,0,639,0,0
9317840611,0,0,0,0,0,0,219,0,0,9317917611,0,0,0,0,0,0,604,0,0
9318960611,0,0,0,0,0,0,6883,0,0,9319037611,0,0,0,0,0,0,-1999,0,0
9320080611,0,0,0,0,0,0,6943,0,0,9320157611,0,0,0,0,0,0,-1998,0,0
9321200611,0,0,0,0,0,0,6911,0,0,9321277611,0,0,0,0,0,0,-1990,0,0
9322320611,0,0,0,0,0,0,6915,0,0,9322397611,0,0,0,0,0,0,-2004,0,0
9323440611,0,0,0,0,0,0,6920,0,0,9323517611,0,0,0,0,0,0,-2014,0,0
9324560611,0,0,0,0,0,0,6929,0,0,9324637611,0,0,0,0,0,0,-2021,0,0
9325680611,0,0,0,0,0,0,6926,0,0,9325757611,0,0,0,0,0,0,-1995,0,0
9326800611,0,0,0,0,0,0,6915,0,0,9326877611,0,0,0,0,0,0,-2015,0,0
9327920611,0,0,0,0,0,0,257,0,0,9327997611,0,0,0,0,0,0,645,0,0
9329040611,0,0,0,0,0,0,207,0,0,9329117611,0,0,0,0,0,0,633,0,0
9330160611,0,0,0,0,0,0,236,0,0,9330237611,0,0,0,0,0,0,609,0,0
9331280611,0,0,0,0,0,0,187,0,0,9331357611,0,0,0,0,0,0,614,0,0
9332400611,0,0,0,0,0,0,251,0,0,9332477611,0,0,0,0,0,0,610,0,0
9333520611,0,0,0,0,0,0,252,0,0,9333597611,0,0,0,0,0,0,630,0,0
9334640611,0,0,0,0,0,0,223,0,0,9334717611,0,0,0,0,0,0,607,0,0
9335760611,0,0,0,0,0,0,245,0,0,9335837611,0,0,0,0,0,0,596,0,0
9336880611,0,0,0,0,0,0,6847,0,0,9336957611,0,0,0,0,0,0,-2025,0,0
9338000611,0,0,0,0,0,0,6903,0,0,9338077611,0,0,0,0,0,0,-1995,0,0
9339120611,0,0,0,0,0,0,6879,0,0,9339197611,0,0,0,0,0,0,-1996,0,0
9340240611,0,0,0,0,0,0,6974,0,0,9340317611,0,0,0,0,0,0,-1973,0,0
9341360611,0,0,0,0,0,0,6925,0,0,9341437611,0,0,0,0,0,0,-1998,0,0
9342480611,0,0,0,0,0,0,6870,0,0,9342557611,0,0,0,0,0,0,-2028,0,0
9343600611,0,0,0,0,0,0,6945,0,0,9343677611,0,0,0,0,0,0,-2032,0,0
9344720611,0,0,0,0,0,0,6928,0,0,9344797611,0,0,0,0,0,0,-1975,0,0
9345840611,0,0,0,0,0,0,228,0,0,9345917611,0,0,0,0,0,0,605,0,0
9346960611,0,0,0,0,0,0,230,0,0,9347037611,0,0,0,0,0,0,631,0,0
9348080611,0,0,0,0,0,0,260,0,0,9348157611,0,0,0,0,0,0,619,0,0
9349200611,0,0,0,0,0,0,235,0,0,9349277611,0,0,0,0,0,0,655,0,0
9350320611,0,0,0,0,0,0,217,0,0,9350397611,0,0,0,0,0,0,572,0,0
9351440611,0,0,0,0,0,0,254,0,0,9351517611,0,0,0,0,0,0,634,0,0
9352560611,0,0,0,0,0,0,286,0,0,9352637611,0,0,0,0,0,0,616,0,0
9353680611,0,0,0,0,0,0,236,0,0,9353757611,0,0,0,0,0,0,584,0,0
9354800611,0,0,0,0,0,0,6818,0,0,9354877611,0,0,0,0,0,0,-1995,0,0
9355920611,0,0,0,0,0,0,6934,0,0,9355997611,0,0,0,0,0,0,-1967,0,0
9357040611,0,0,0,0,0,0,6908,0,0,9357117611,0,0,0,0,0,0,-2026,0,0
9358160611,0,0,0,0,0,0,6918,0,0,9358237611,0,0,0,0,0,0,-2031,0,0
9359280611,0,0,0,0,0,0,6911,0,0,9359357611,0,0,0,0,0,0,-2029,0,0
9360400611,0,0,0,0,0,0,6900,0,0,9360477611,0,0,0,0,0,0,-2003,0,0
9361520611,0,0,0,0,0,0,6901,0,0,9361597611,0,0,0,0,0,0,-1986,0,0
9362640611,0,0,0,0,0,0,6916,0,0,9362717611,0,0,0,0,0,0,-2023,0,0
9363760611,0,0,0,0,0,0,252,0,0,9363837611,0,0,0,0,0,0,610,0,0
9364880611,0,0,0,0,0,0,233,0,0,9364957611,0,0,0,0,0,0,610,0,0
9366000611,0,0,0,0,0,0,238,0,0,9366077611,0,0,0,0,0,0,615,0,0
9367120611,0,0,0,0,0,0,260,0,0,9367197611,0,0,0,0,0,0,606,0,0
9368240611,0,0,0,0,0,0,251,0,0,9368317611,0,0,0,0,0,0,599,0,0
9369360611,0,0,0,0,0,0,278,0,0,9369437611,0,0,0,0,0,0,588,0,0
9370480611,0,0,0,0,0,0,233,0,0,9370557611,0,0,0,0,0,0,588,0,0
9371600611,0,0,0,0,0,0,285,0,0,9371677611,0,0,0,0,0,0,615,0,0
9372720611,0,0,0,0,0,0,6671,0,0,9372797611,0,0,0,0,0,0,-1987,0,0
9373840611,0,0,0,0,0,0,6941,0,0,9373917611,0,0,0,0,0,0,-2001,0,0
9374960611,0,0,0,0,0,0,6913,0,0,9375037611,0,0,0,0,0,0,-2012,0,0
9376080611,0,0,0,0,0,0,6918,0,0,9376157611,0,0,0,0,0,0,-1959,0,0
9377200611,0,0,0,0,0,0,6843,0,0,9377277611,0,0,0,0,0,0,-1966,0,0
9378320611,0,0,0,0,0,0,6953,0,0,9378397611,0,0,0,0,0,0,-2000,0,0
9379440611,0,0,0,0,0,0,6919,0,0,9379517611,0,0,0,0,0,0,-2021,0,0
9380560611,0,0,0,0,0,0,6857,0,0,9380637611,0,0,0,0,0,0,-1991,0,0
9381680611,0,0,0,0,0,0,269,0,0,9381757611,0,0,0,0,0,0,558,0,0
9382800611,0,0,0,0,0,0,231,0,0,9382877611,0,0,0,0,0,0,571,0,0
9383920611,0,0,0,0,0,0,279,0,0,9383997611,0,0,0,0,0,0,589,0,0
9385040611,0,0,0,0,0,0,293,0,0,9385117611,0,0,0,0,0,0,615,0,0
9386160611,0,0,0,0,0,0,237,0,0,9386237611,0,0,0,0,0,0,590,0,0
9387280611,0,0,0,0,0,0,222,0,0,9387357611,0,0,0,0,0,0,591,0,0
9388400611,0,0,0,0,0,0,232,0,0,9388477611,0,0,0,0,0,0,617,0,0
9389520611,0,0,0,0,0,0,244,0,0,9389597611,0,0,0,0,0,0,598,0,0
9390640611,0,0,0,0,0,0,6509,0,0,9390717611,0,0,0,0,0,0,-1965,0,0
9391760611,0,0,0,0,0,0,6901,0,0,9391837611,0,0,0,0,0,0,-2044,0,0
9392880611,0,0,0,0,0,0,6870,0,0,9392957611,0,0,0,0,0,0,-1973,0,0
9394000611,0,0,0,0,0,0,6954,0,0,9394077611,0,0,0,0,0,0,-2002,0,0
9395120611,0,0,0,0,0,0,6874,0,0,9395197611,0,0,0,0,0,0,-1938,0,0
9396240611,0,0,0,0,0,0,6893,0,0,9396317611,0,0,0,0,0,0,-1994,0,0
9397360611,0,0,0,0,0,0,6941,0,0,9397437611,0,0,0,0,0,0,-2020,0,0
9398480611,0,0,0,0,0,0,6909,0,0,9398557611,0,0,0,0,0,0,-1999,0,0
9399600611,0,0,0,0,0,0,332,0,0,9399677611,0,0,0,0,0,0,640,0,0
9400720611,0,0,0,0,0,0,227,0,0,9400797611,0,0,0,0,0,0,569,0,0
9401840611,0,0,0,0,0,0,212,0,0,9401917611,0,0,0,0,0,0,589,0,0
9402960611,0,0,0,0,0,0,211,0,0,9403037611,0,0,0,0,0,0,606,0,0
9404080611,0,0,0,0,0,0,235,0,0,9404157611,0,0,0,0,0,0,562,0,0
9405200611,0,0,0,0,0,0,236,0,0,9405277611,0,0,0,0,0,0,618,0,0
9406320611,0,0,0,0,0,0,187,0,0,9406397611,0,0,0,0,0,0,617,0,0
9407440611,0,0,0,0,0,0,251,0,0,9407517611,0,0,0,0,0,0,554,0,0
9408560611,0,0,0,0,0,0,6047,0,0,9408637611,0,0,0,0,0,0,-1957,0,0
9409680611,0,0,0,0,0,0,6908,0,0,9409757611,0,0,0,0,0,0,-2001,0,0
9410800611,0,0,0,0,0,0,6888,0,0,9410877611,0,0,0,0,0,0,-2011,0,0
9411920611,0,0,0,0,0,0,6898,0,0,9411997611,0,0,0,0,0,0,-2005,0,0
9413040611,0,0,0,0,0,0,6886,0,0,9413117611,0,0,0,0,0,0,-1992,0,0
9414160611,0,0,0,0,0,0,6936,0,0,9414237611,0,0,0,0,0,0,-1981,0,0
9415280611,0,0,0,0,0,0,6940,0,0,9415357611,0,0,0,0,0,0,-1990,0,0
9416400611,0,0,0,0,0,0,6860,0,0,9416477611,0,0,0,0,0,0,-2050,0,0
9417520611,0,0,0,0,0,0,502,0,0,9417597611,0,0,0,0,0,0,591,0,0
9418640611,0,0,0,0,0,0,200,0,0,9418717611,0,0,0,0,0,0,639,0,0
9419760611,0,0,0,0,0,0,206,0,0,9419837611,0,0,0,0,0,0,592,0,0
9420880611,0,0,0,0,0,0,217,0,0,9420957611,0,0,0,0,0,0,622,0,0
9422000611,0,0,0,0,0,0,235,0,0,9422077611,0,0,0,0,0,0,614,0,0
9423120611,0,0,0,0,0,0,257,0,0,9423197611,0,0,0,0,0,0,604,0,0
9424240611,0,0,0,0,0,0,225,0,0,9424317611,0,0,0,0,0,0,583,0,0
9425360611,0,0,0,0,0,0,217,0,0,9425437611,0,0,0,0,0,0,612,0,0
9426480611,0,0,0,0,0,0,5119,0,0,9426557611,0,0,0,0,0,0,-1891,0,0
9427600611,0,0,0,0,0,0,6906,0,0,9427677611,0,0,0,0,0,0,-2020,0,0
9428720611,0,0,0,0,0,0,6891,0,0,9428797611,0,0,0,0,0,0,-1928,0,0
9429840611,0,0,0,0,0,0,6932,0,0,9429917611,0,0,0,0,0,0,-2027,0,0
9430960611,0,0,0,0,0,0,6901,0,0,9431037611,0,0,0,0,0,0,-2011,0,0
9432080611,0,0,0,0,0,0,6903,0,0,9432157611,0,0,0,0,0,0,-1979,0,0
9433200611,0,0,0,0,0,0,6960,0,0,9433277611,0,0,0,0,0,0,-2008,0,0
9434320611,0,0,0,0,0,0,6928,0,0,9434397611,0,0,0,0,0,0,-1973,0,0
9435440611,0,0,0,0,0,0,1948,0,0,9435517611,0,0,0,0,0,0,578,0,0
9436560611,0,0,0,0,0,0,251,0,0,9436637611,0,0,0,0,0,0,613,0,0
9437680611,0,0,0,0,0,0,284,0,0,9437757611,0,0,0,0,0,0,652,0,0
9438800611,0,0,0,0,0,0,236,0,0,9438877611,0,0,0,0,0,0,619,0,0
9439920611,0,0,0,0,0,0,266,0,0,9439997611,0,0,0,0,0,0,606,0,0
9441040611,0,0,0,0,0,0,261,0,0,9441117611,0,0,0,0,0,0,600,0,0
9442160611,0,0,0,0,0,0,237,0,0,9442237611,0,0,0,0,0,0,572,0,0
9443280611,0,0,0,0,0,0,292,0,0,9443357611,0,0,0,0,0,0,598,0,0
9444400611,0,0,0,0,0,0,3107,0,0,9444477611,0,0,0,0,0,0,-1774,0,0
9445520611,0,0,0,0,0,0,6887,0,0,9445597611,0,0,0,0,0,0,-1987,0,0
9446640611,0,0,0,0,0,0,6907,0,0,9446717611,0,0,0,0,0,0,-2008,0,0
9447760611,0,0,0,0,0,0,6906,0,0,9447837611,0,0,0,0,0,0,-2004,0,0
9448880611,0,0,0,0,0,0,6890,0,0,9448957611,0,0,0,0,0,0,-2008,0,0
9450000611,0,0,0,0,0,0,6892,0,0,9450077611,0,0,0,0,0,0,-1967,0,0
9451120611,0,0,0,0,0,0,6918,0,0,9451197611,0,0,0,0,0,0,-2026,0,0
9452240611,0,0,0,0,0,0,6890,0,0,9452317611,0,0,0,0,0,0,-1966,0,0
9453360611,0,0,0,0,0,0,5736,0,0,9453437611,0,0,0,0,0,0,548,0,0
9454480611,0,0,0,0,0,0,259,0,0,9454557611,0,0,0,0,0,0,640,0,0
9455600611,0,0,0,0,0,0,256,0,0,9455677611,0,0,0,0,0,0,557,0,0
9456720611,0,0,0,0,0,0,237,0,0,9456797611,0,0,0,0,0,0,633,0,0
9457840611,0,0,0,0,0,0,228,0,0,9457917611,0,0,0,0,0,0,597,0,0
9458960611,0,0,0,0,0,0,217,0,0,9459037611,0,0,0,0,0,0,595,0,0
9460080611,0,0,0,0,0,0,255,0,0,9460157611,0,0,0,0,0,0,646,0,0
9461200611,0,0,0,0,0,0,219,0,0,9461277611,0,0,0,0,0,0,575,0,0
9462320611,0,0,0,0,0,0,255,0,0,9462397611,0,0,0,0,0,0,-1570,0,0
9463440611,0,0,0,0,0,0,6892,0,0,9463517611,0,0,0,0,0,0,-2007,0,0
9464560611,0,0,0,0,0,0,6913,0,0,9464637611,0,0,0,0,0,0,-2020,0,0
9465680611,0,0,0,0,0,0,6907,0,0,9465757611,0,0,0,0,0,0,-2032,0,0
9466800611,0,0,0,0,0,0,6928,0,0,9466877611,0,0,0,0,0,0,-2000,0,0
9467920611,0,0,0,0,0,0,6914,0,0,9467997611,0,0,0,0,0,0,-2019,0,0
9469040611,0,0,0,0,0,0,6929,0,0,9469117611,0,0,0,0,0,0,-2015,0,0
9470160611,0,0,0,0,0,0,6912,0,0,9470237611,0,0,0,0,0,0,-2037,0,0
9471280611,0,0,0,0,0,0,6895,0,0,9471357611,0,0,0,0,0,0,351,0,0
9472400611,0,0,0,0,0,0,239,0,0,9472477611,0,0,0,0,0,0,605,0,0
9473520611,0,0,0,0,0,0,223,0,0,9473597611,0,0,0,0,0,0,615,0,0
9474640611,0,0,0,0,0,0,238,0,0,9474717611,0,0,0,0,0,0,630,0,0
9475760611,0,0,0,0,0,0,180,0,0,9475837611,0,0,0,0,0,0,600,0,0
9476880611,0,0,0,0,0,0,231,0,0,9476957611,0,0,0,0,0,0,601,0,0
9478000611,0,0,0,0,0,0,268,0,0,9478077611,0,0,0,0,0,0,620,0,0
9479120611,0,0,0,0,0,0,256,0,0,9479197611,0,0,0,0,0,0,624,0,0
9480240611,0,0,0,0,0,0,236,0,0,9480317611,0,0,0,0,0,0,584,0,0
9481360611,0,0,0,0,0,0,214,0,0,9481437611,0,0,0,0,0,0,609,0,0
9482480611,0,0,0,0,0,0,196,0,0,9482557611,0,0,0,0,0,0,557,0,0
9483600611,0,0,0,0,0,0,275,0,0,9483677611,0,0,0,0,0,0,608,0,0
9484720611,0,0,0,0,0,0,242,0,0,9484797611,0,0,0,0,0,0,618,0,0
9485840611,0,0,0,0,0,0,253,0,0,9485917611,0,0,0,0,0,0,588,0,0
9486960611,0,0,0,0,0,0,196,0,0,9487037611,0,0,0,0,0,0,647,0,0
9488080611,0,0,0,0,0,0,207,0,0,9488157611,0,0,0,0,0,0,604,0,0
9489200611,0,0,0,0,0,0,200,0,0,9489277611,0,0,0,0,0,0,589,0,0
9490320611,0,0,0,0,0,0,242,0,0,9490397611,0,0,0,0,0,0,628,0,0
9491440611,0,0,0,0,0,0,263,0,0,9491517611,0,0,0,0,0,0,598,0,0
9492560611,0,0,0,0,0,0,250,0,0,9492637611,0,0,0,0,0,0,584,0,0
9493680611,0,0,0,0,0,0,228,0,0,9493757611,0,0,0,0,0,0,569,0,0
9494800611,0,0,0,0,0,0,242,0,0,9494877611,0,0,0,0,0,0,583,0,0
9495920611,0,0,0,0,0,0,259,0,0,9495997611,0,0,0,0,0,0,624,0,0
9497040611,0,0,0,0,0,0,238,0,0,9497117611,0,0,0,0,0,0,576,0,0
9498160611,0,0,0,0,0,0,233,0,0,9498237611,0,0,0,0,0,0,567,0,0
9499280611,0,0,0,0,0,0,282,0,0,9499357611,0,0,0,0,0,0,598,0,0
9500400611,0,0,0,0,0,0,237,0,0,9500477611,0,0,0,0,0,0,616,0,0
9501520611,0,0,0,0,0,0,219,0,0,9501597611,0,0,0,0,0,0,580,0,0
9502640611,0,0,0,0,0,0,234,0,0,9502717611,0,0,0,0,0,0,613,0,0
9503760611,0,0,0,0,0,0,235,0,0,9503837611,0,0,0,0,0,0,599,0,0
9504880611,0,0,0,0,0,0,239,0,0,9504957611,0,0,0,0,0,0,634,0,0
9506000611,0,0,0,0,0,0,267,0,0,9506077611,0,0,0,0,0,0,568,0,0
9507120611,0,0,0,0,0,0,250,0,0,9507197611,0,0,0,0,0,0,609,0,0
9508240611,0,0,0,0,0,0,200,0,0,9508317611,0,0,0,0,0,0,603,0,0
9509360611,0,0,0,0,0,0,239,0,0,9509437611,0,0,0,0,0,0,615,0,0
9510480611,0,0,0,0,0,0,229,0,0,9510557611,0,0,0,0,0,0,631,0,0
9511600611,0,0,0,0,0,0,206,0,0,9511677611,0,0,0,0,0,0,585,0,0
9512720611,0,0,0,0,0,0,246,0,0,9512797611,0,0,0,0,0,0,607,0,0
9513840611,0,0,0,0,0,0,241,0,0,9513917611,0,0,0,0,0,0,618,0,0
9514960611,0,0,0,0,0,0,239,0,0,9515037611,0,0,0,0,0,0,611,0,0
9516080611,0,0,0,0,0,0,235,0,0,9516157611,0,0,0,0,0,0,600,0,0
9517200611,0,0,0,0,0,0,227,0,0,9517277611,0,0,0,0,0,0,582,0,0
9518320611,0,0,0,0,0,0,232,0,0,9518397611,0,0,0,0,0,0,598,0,0
9519440611,0,0,0,0,0,0,223,0,0,9519517611,0,0,0,0,0,0,611,0,0
9520560611,0,0,0,0,0,0,189,0,0,9520637611,0,0,0,0,0,0,630,0,0
9521680611,0,0,0,0,0,0,315,0,0,9521757611,0,0,0,0,0,0,590,0,0
9522800611,0,0,0,0,0,0,231,0,0,9522877611,0,0,0,0,0,0,583,0,0
9523920611,0,0,0,0,0,0,220,0,0,9523997611,0,0,0,0,0,0,617,0,0
9525040611,0,0,0,0,0,0,209,0,0,9525117611,0,0,0,0,0,0,615,0,0
9526160611,0,0,0,0,0,0,236,0,0,9526237611,0,0,0,0,0,0,561,0,0
9527280611,0,0,0,0,0,0,241,0,0,9527357611,0,0,0,0,0,0,612,0,0
9528400611,0,0,0,0,0,0,232,0,0,9528477611,0,0,0,0,0,0,603,0,0
9529520611,0,0,0,0,0,0,258,0,0,9529597611,0,0,0,0,0,0,591,0,0
9530640611,0,0,0,0,0,0,216,0,0,9530717611,0,0,0,0,0,0,620,0,0
9531760611,0,0,0,0,0,0,231,0,0,9531837611,0,0,0,0,0,0,588,0,0
9532880611,0,0,0,0,0,0,229,0,0,9532957611,0,0,0,0,0,0,648,0,0
9534000611,0,0,0,0,0,0,248,0,0,9534077611,0,0,0,0,0,0,611,0,0
9535120611,0,0,0,0,0,0,249,0,0,9535197611,0,0,0,0,0,0,584,0,0
9536240611,0,0,0,0,0,0,281,0,0,9536317611,0,0,0,0,0,0,567,0,0
9537360611,0,0,0,0,0,0,234,0,0,9537437611,0,0,0,0,0,0,599,0,0
9538480611,0,0,0,0,0,0,236,0,0,9538557611,0,0,0,0,0,0,575,0,0
9539600611,0,0,0,0,0,0,238,0,0,9539677611,0,0,0,0,0,0,622,0,0
9540720611,0,0,0,0,0,0,288,0,0,9540797611,0,0,0,0,0,0,579,0,0
9541840611,0,0,0,0,0,0,224,0,0,9541917611,0,0,0,0,0,0,569,0,0
9542960611,0,0,0,0,0,0,269,0,0,9543037611,0,0,0,0,0,0,608,0,0
9544080611,0,0,0,0,0,0,257,0,0,9544157611,0,0,0,0,0,0,606,0,0
9545200611,0,0,0,0,0,0,249,0,0,9545277611,0,0,0,0,0,0,621,0,0
9546320611,0,0,0,0,0,0,205,0,0,9546397611,0,0,0,0,0,0,586,0,0
9547440611,0,0,0,0,0,0,233,0,0,9547517611,0,0,0,0,0,0,629,0,0
9548560611,0,0,0,0,0,0,247,0,0,9548637611,0,0,0,0,0,0,631,0,0
9549680611,0,0,0,0,0,0,241,0,0,9549757611,0,0,0,0,0,0,560,0,0
9550800611,0,0,0,0,0,0,289,0,0,9550877611,0,0,0,0,0,0,568,0,0
9551920611,0,0,0,0,0,0,223,0,0,9551997611,0,0,0,0,0,0,619,0,0
9553040611,0,0,0,0,0,0,258,0,0,9553117611,0,0,0,0,0,0,611,0,0
9554160611,0,0,0,0,0,0,257,0,0,9554237611,0,0,0,0,0,0,592,0,0
9555280611,0,0,0,0,0,0,239,0,0,9555357611,0,0,0,0,0,0,614,0,0
9556400611,0,0,0,0,0,0,252,0,0,9556477611,0,0,0,0,0,0,586,0,0
9557520611,0,0,0,0,0,0,241,0,0,9557597611,0,0,0,0,0,0,625,0,0
9558640611,0,0,0,0,0,0,273,0,0,9558717611,0,0,0,0,0,0,592,0,0
9559760611,0,0,0,0,0,0,207,0,0,9559837611,0,0,0,0,0,0,628,0,0
9560880611,0,0,0,0,0,0,233,0,0,9560957611,0,0,0,0,0,0,582,0,0
9562000611,0,0,0,0,0,0,255,0,0,9562077611,0,0,0,0,0,0,599,0,0
9563120611,0,0,0,0,0,0,260,0,0,9563197611,0,0,0,0,0,0,587,0,0
9564240611,0,0,0,0,0,0,221,0,0,9564317611,0,0,0,0,0,0,596,0,0
9565360611,0,0,0,0,0,0,244,0,0,9565437611,0,0,0,0,0,0,590,0,0
9566480611,0,0,0,0,0,0,261,0,0,9566557611,0,0,0,0,0,0,594,0,0
9567600611,0,0,0,0,0,0,222,0,0,9567677611,0,0,0,0,0,0,609,0,0
9568720611,0,0,0,0,0,0,235,0,0,9568797611,0,0,0,0,0,0,663,0,0
9569840611,0,0,0,0,0,0,261,0,0,9569917611,0,0,0,0,0,0,579,0,0
9570960611,0,0,0,0,0,0,217,0,0,9571037611,0,0,0,0,0,0,579,0,0
9572080611,0,0,0,0,0,0,195,0,0,9572157611,0,0,0,0,0,0,580,0,0
9573200611,0,0,0,0,0,0,226,0,0,9573277611,0,0,0,0,0,0,564,0,0
9574320611,0,0,0,0,0,0,296,0,0,9574397611,0,0,0,0,0,0,574,0,0
9575440611,0,0,0,0,0,0,254,0,0,9575517611,0,0,0,0,0,0,587,0,0
9576560611,0,0,0,0,0,0,228,0,0,9576637611,0,0,0,0,0,0,656,0,0
9577680611,0,0,0,0,0,0,239,0,0,9577757611,0,0,0,0,0,0,573,0,0
9578800611,0,0,0,0,0,0,256,0,0,9578877611,0,0,0,0,0,0,610,0,0
9579920611,0,0,0,0,0,0,275,0,0,9579997611,0,0,0,0,0,0,585,0,0
9581040611,0,0,0,0,0,0,222,0,0,9581117611,0,0,0,0,0,0,611,0,0
9582160611,0,0,0,0,0,0,263,0,0,9582237611,0,0,0,0,0,0,631,0,0
9583280611,0,0,0,0,0,0,240,0,0,9583357611,0,0,0,0,0,0,619,0,0
9584400611,0,0,0,0,0,0,248,0,0,9584477611,0,0,0,0,0,0,586,0,0
9585520611,0,0,0,0,0,0,209,0,0,9585597611,0,0,0,0,0,0,639,0,0
9586640611,0,0,0,0,0,0,231,0,0,9586717611,0,0,0,0,0,0,579,0,0
9587760611,0,0,0,0,0,0,245,0,0,9587837611,0,0,0,0,0,0,637,0,0
9588880611,0,0,0,0,0,0,232,0,0,9588957611,0,0,0,0,0,0,611,0,0
9590000611,0,0,0,0,0,0,215,0,0,9590077611,0,0,0,0,0,0,638,0,0
9591120611,0,0,0,0,0,0,193,0,0,9591197611,0,0,0,0,0,0,613,0,0
9592240611,0,0,0,0,0,0,256,0,0,9592317611,0,0,0,0,0,0,618,0,0
9593360611,0,0,0,0,0,0,1596,0,0,9593437611,0,0,0,0,0,0,-1713,0,0
9594480611,0,0,0,0,0,0,6924,0,0,9594557611,0,0,0,0,0,0,-1944,0,0
9595600611,0,0,0,0,0,0,6929,0,0,9595677611,0,0,0,0,0,0,-2049,0,0
9596720611,0,0,0,0,0,0,6918,0,0,9596797611,0,0,0,0,0,0,-2023,0,0
9597840611,0,0,0,0,0,0,6950,0,0,9597917611,0,0,0,0,0,0,-1986,0,0
9598960611,0,0,0,0,0,0,6902,0,0,9599037611,0,0,0,0,0,0,-1999,0,0
9600080611,0,0,0,0,0,0,6894,0,0,9600157611,0,0,0,0,0,0,-1982,0,0
9601200611,0,0,0,0,0,0,6952,0,0,9601277611,0,0,0,0,0,0,-1996,0,0
9602320611,0,0,0,0,0,0,5165,0,0,9602397611,0,0,0,0,0,0,578,0,0
9603440611,0,0,0,0,0,0,241,0,0,9603517611,0,0,0,0,0,0,623,0,0
9604560611,0,0,0,0,0,0,215,0,0,9604637611,0,0,0,0,0,0,624,0,0
9605680611,0,0,0,0,0,0,255,0,0,9605757611,0,0,0,0,0,0,607,0,0
9606800611,0,0,0,0,0,0,229,0,0,9606877611,0,0,0,0,0,0,658,0,0
9607920611,0,0,0,0,0,0,259,0,0,9607997611,0,0,0,0,0,0,589,0,0
9609040611,0,0,0,0,0,0,231,0,0,9609117611,0,0,0,0,0,0,603,0,0
9610160611,0,0,0,0,0,0,273,0,0,9610237611,0,0,0,0,0,0,671,0,0
9611280611,0,0,0,0,0,0,228,0,0,9611357611,0,0,0,0,0,0,-1614,0,0
9612400611,0,0,0,0,0,0,6951,0,0,9612477611,0,0,0,0,0,0,-1979,0,0
9613520611,0,0,0,0,0,0,6956,0,0,9613597611,0,0,0,0,0,0,-2035,0,0
9614640611,0,0,0,0,0,0,6945,0,0,9614717611,0,0,0,0,0,0,-2001,0,0
9615760611,0,0,0,0,0,0,6900,0,0,9615837611,0,0,0,0,0,0,-1989,0,0
9616880611,0,0,0,0,0,0,6933,0,0,9616957611,0,0,0,0,0,0,-1973,0,0
9618000611,0,0,0,0,0,0,6928,0,0,9618077611,0,0,0,0,0,0,-1961,0,0
9619120611,0,0,0,0,0,0,6896,0,0,9619197611,0,0,0,0,0,0,-2033,0,0
9620240611,0,0,0,0,0,0,6919,0,0,9620317611,0,0,0,0,0,0,373,0,0
9621360611,0,0,0,0,0,0,243,0,0,9621437611,0,0,0,0,0,0,596,0,0
9622480611,0,0,0,0,0,0,239,0,0,9622557611,0,0,0,0,0,0,618,0,0
9623600611,0,0,0,0,0,0,219,0,0,9623677611,0,0,0,0,0,0,600,0,0
9624720611,0,0,0,0,0,0,215,0,0,9624797611,0,0,0,0,0,0,630,0,0
9625840611,0,0,0,0,0,0,230,0,0,9625917611,0,0,0,0,0,0,579,0,0
9626960611,0,0,0,0,0,0,246,0,0,9627037611,0,0,0,0,0,0,610,0,0
9628080611,0,0,0,0,0,0,265,0,0,9628157611,0,0,0,0,0,0,607,0,0
9629200611,0,0,0,0,0,0,259,0,0,9629277611,0,0,0,0,0,0,-1160,0,0
9630320611,0,0,0,0,0,0,6948,0,0,9630397611,0,0,0,0,0,0,-1962,0,0
9631440611,0,0,0,0,0,0,6944,0,0,9631517611,0,0,0,0,0,0,-1981,0,0
9632560611,0,0,0,0,0,0,6916,0,0,9632637611,0,0,0,0,0,0,-1921,0,0
9633680611,0,0,0,0,0,0,6970,0,0,9633757611,0,0,0,0,0,0,-1977,0,0
9634800611,0,0,0,0,0,0,6909,0,0,9634877611,0,0,0,0,0,0,-1946,0,0
9635920611,0,0,0,0,0,0,6933,0,0,9635997611,0,0,0,0,0,0,-1997,0,0
9637040611,0,0,0,0,0,0,6898,0,0,9637117611,0,0,0,0,0,0,-2025,0,0
9638160611,0,0,0,0,0,0,6948,0,0,9638237611,0,0,0,0,0,0,-360,0,0
9639280611,0,0,0,0,0,0,223,0,0,9639357611,0,0,0,0,0,0,650,0,0
9640400611,0,0,0,0,0,0,250,0,0,9640477611,0,0,0,0,0,0,626,0,0
9641520611,0,0,0,0,0,0,259,0,0,9641597611,0,0,0,0,0,0,640,0,0
9642640611,0,0,0,0,0,0,223,0,0,9642717611,0,0,0,0,0,0,628,0,0
9643760611,0,0,0,0,0,0,241,0,0,9643837611,0,0,0,0,0,0,611,0,0
9644880611,0,0,0,0,0,0,257,0,0,9644957611,0,0,0,0,0,0,609,0,0
9646000611,0,0,0,0,0,0,228,0,0,9646077611,0,0,0,0,0,0,623,0,0
9647120611,0,0,0,0,0,0,246,0,0,9647197611,0,0,0,0,0,0,-161,0,0
9648240611,0,0,0,0,0,0,6899,0,0,9648317611,0,0,0,0,0,0,-2002,0,0
9649360611,0,0,0,0,0,0,6896,0,0,9649437611,0,0,0,0,0,0,-2029,0,0
9650480611,0,0,0,0,0,0,6948,0,0,9650557611,0,0,0,0,0,0,-2031,0,0
9651600611,0,0,0,0,0,0,6955,0,0,9651677611,0,0,0,0,0,0,-2009,0,0
9652720611,0,0,0,0,0,0,6875,0,0,9652797611,0,0,0,0,0,0,-1952,0,0
9653840611,0,0,0,0,0,0,6936,0,0,9653917611,0,0,0,0,0,0,-2041,0,0
9654960611,0,0,0,0,0,0,6916,0,0,9655037611,0,0,0,0,0,0,-2016,0,0
9656080611,0,0,0,0,0,0,6883,0,0,9656157611,0,0,0,0,0,0,-1946,0,0
9657200611,0,0,0,0,0,0,264,0,0,9657277611,0,0,0,0,0,0,573,0,0
9658320611,0,0,0,0,0,0,205,0,0,9658397611,0,0,0,0,0,0,613,0,0
9659440611,0,0,0,0,0,0,231,0,0,9659517611,0,0,0,0,0,0,622,0,0
9660560611,0,0,0,0,0,0,217,0,0,9660637611,0,0,0,0,0,0,625,0,0
9661680611,0,0,0,0,0,0,220,0,0,9661757611,0,0,0,0,0,0,702,0,0
9662800611,0,0,0,0,0,0,281,0,0,9662877611,0,0,0,0,0,0,604,0,0
9663920611,0,0,0,0,0,0,259,0,0,9663997611,0,0,0,0,0,0,616,0,0
9665040611,0,0,0,0,0,0,213,0,0,9665117611,0,0,0,0,0,0,600,0,0
9666160611,0,0,0,0,0,0,6917,0,0,9666237611,0,0,0,0,0,0,-2021,0,0
9667280611,0,0,0,0,0,0,6909,0,0,9667357611,0,0,0,0,0,0,-1974,0,0
9668400611,0,0,0,0,0,0,6925,0,0,9668477611,0,0,0,0,0,0,-2022,0,0
9669520611,0,0,0,0,0,0,6905,0,0,9669597611,0,0,0,0,0,0,-2020,0,0
9670640611,0,0,0,0,0,0,6948,0,0,9670717611,0,0,0,0,0,0,-1969,0,0
9671760611,0,0,0,0,0,0,6960,0,0,9671837611,0,0,0,0,0,0,-2027,0,0
9672880611,0,0,0,0,0,0,6914,0,0,9672957611,0,0,0,0,0,0,-2009,0,0
9674000611,0,0,0,0,0,0,6955,0,0,9674077611,0,0,0,0,0,0,-1996,0,0
9675120611,0,0,0,0,0,0,210,0,0,9675197611,0,0,0,0,0,0,623,0,0
9676240611,0,0,0,0,0,0,247,0,0,9676317611,0,0,0,0,0,0,635,0,0
9677360611,0,0,0,0,0,0,227,0,0,9677437611,0,0,0,0,0,0,594,0,0
9678480611,0,0,0,0,0,0,264,0,0,9678557611,0,0,0,0,0,0,576,0,0
9679600611,0,0,0,0,0,0,230,0,0,9679677611,0,0,0,0,0,0,615,0,0
9680720611,0,0,0,0,0,0,216,0,0,9680797611,0,0,0,0,0,0,606,0,0
9681840611,0,0,0,0,0,0,270,0,0,9681917611,0,0,0,0,0,0,609,0,0
9682960611,0,0,0,0,0,0,183,0,0,9683037611,0,0,0,0,0,0,631,0,0
9684080611,0,0,0,0,0,0,6927,0,0,9684157611,0,0,0,0,0,0,-2056,0,0
9685200611,0,0,0,0,0,0,6950,0,0,9685277611,0,0,0,0,0,0,-1950,0,0
9686320611,0,0,0,0,0,0,6926,0,0,9686397611,0,0,0,0,0,0,-2004,0,0
9687440611,0,0,0,0,0,0,6948,0,0,9687517611,0,0,0,0,0,0,-1949,0,0
9688560611,0,0,0,0,0,0,6897,0,0,9688637611,0,0,0,0,0,0,-1941,0,0
9689680611,0,0,0,0,0,0,6869,0,0,9689757611,0,0,0,0,0,0,-2041,0,0
9690800611,0,0,0,0,0,0,6929,0,0,9690877611,0,0,0,0,0,0,-1985,0,0
9691920611,0,0,0,0,0,0,6950,0,0,9691997611,0,0,0,0,0,0,-2039,0,0
9693040611,0,0,0,0,0,0,265,0,0,9693117611,0,0,0,0,0,0,636,0,0
9694160611,0,0,0,0,0,0,205,0,0,9694237611,0,0,0,0,0,0,614,0,0
9695280611,0,0,0,0,0,0,251,0,0,9695357611,0,0,0,0,0,0,658,0,0
9696400611,0,0,0,0,0,0,213,0,0,9696477611,0,0,0,0,0,0,650,0,0
9697520611,0,0,0,0,0,0,228,0,0,9697597611,0,0,0,0,0,0,616,0,0
9698640611,0,0,0,0,0,0,233,0,0,9698717611,0,0,0,0,0,0,601,0,0
9699760611,0,0,0,0,0,0,250,0,0,9699837611,0,0,0,0,0,0,602,0,0
9700880611,0,0,0,0,0,0,289,0,0,9700957611,0,0,0,0,0,0,627,0,0
9702000611,0,0,0,0,0,0,6897,0,0,9702077611,0,0,0,0,0,0,-1996,0,0
9703120611,0,0,0,0,0,0,6920,0,0,9703197611,0,0,0,0,0,0,-1985,0,0
9704240611,0,0,0,0,0,0,6937,0,0,9704317611,0,0,0,0,0,0,-2011,0,0
9705360611,0,0,0,0,0,0,6930,0,0,9705437611,0,0,0,0,0,0,-2018,0,0
9706480611,0,0,0,0,0,0,6907,0,0,9706557611,0,0,0,0,0,0,-2023,0,0
9707600611,0,0,0,0,0,0,6931,0,0,9707677611,0,0,0,0,0,0,-2049,0,0
9708720611,0,0,0,0,0,0,6941,0,0,9708797611,0,0,0,0,0,0,-2032,0,0
9709840611,0,0,0,0,0,0,6931,0,0,9709917611,0,0,0,0,0,0,-2018,0,0
9710960611,0,0,0,0,0,0,272,0,0,9711037611,0,0,0,0,0,0,635,0,0
9712080611,0,0,0,0,0,0,217,0,0,9712157611,0,0,0,0,0,0,587,0,0
9713200611,0,0,0,0,0,0,224,0,0,9713277611,0,0,0,0,0,0,602,0,0
9714320611,0,0,0,0,0,0,261,0,0,9714397611,0,0,0,0,0,0,607,0,0
9715440611,0,0,0,0,0,0,269,0,0,9715517611,0,0,0,0,0,0,600,0,0
9716560611,0,0,0,0,0,0,286,0,0,9716637611,0,0,0,0,0,0,608,0,0
9717680611,0,0,0,0,0,0,276,0,0,9717757611,0,0,0,0,0,0,645,0,0
9718800611,0,0,0,0,0,0,228,0,0,9718877611,0,0,0,0,0,0,656,0,0
9719920611,0,0,0,0,0,0,6904,0,0,9719997611,0,0,0,0,0,0,-1993,0,0
9721040611,0,0,0,0,0,0,6903,0,0,9721117611,0,0,0,0,0,0,-2008,0,0
9722160611,0,0,0,0,0,0,6949,0,0,9722237611,0,0,0,0,0,0,-2005,0,0
9723280611,0,0,0,0,0,0,6919,0,0,9723357611,0,0,0,0,0,0,-1976,0,0
9724400611,0,0,0,0,0,0,6915,0,0,9724477611,0,0,0,0,0,0,-1996,0,0
9725520611,0,0,0,0,0,0,6903,0,0,9725597611,0,0,0,0,0,0,-1988,0,0
9726640611,0,0,0,0,0,0,6917,0,0,9726717611,0,0,0,0,0,0,-1979,0,0
9727760611,0,0,0,0,0,0,6913,0,0,9727837611,0,0,0,0,0,0,-1990,0,0
9728880611,0,0,0,0,0,0,218,0,0,9728957611,0,0,0,0,0,0,619,0,0
9730000611,0,0,0,0,0,0,224,0,0,9730077611,0,0,0,0,0,0,608,0,0
9731120611,0,0,0,0,0,0,251,0,0,9731197611,0,0,0,0,0,0,578,0,0
9732240611,0,0,0,0,0,0,223,0,0,9732317611,0,0,0,0,0,0,614,0,0
9733360611,0,0,0,0,0,0,231,0,0,9733437611,0,0,0,0,0,0,610,0,0
9734480611,0,0,0,0,0,0,240,0,0,9734557611,0,0,0,0,0,0,611,0,0
9735600611,0,0,0,0,0,0,215,0,0,9735677611,0,0,0,0,0,0,601,0,0
9736720611,0,0,0,0,0,0,218,0,0,9736797611,0,0,0,0,0,0,621,0,0
9737840611,0,0,0,0,0,0,6950,0,0,9737917611,0,0,0,0,0,0,-1963,0,0
9738960611,0,0,0,0,0,0,6875,0,0,9739037611,0,0,0,0,0,0,-1981,0,0
9740080611,0,0,0,0,0,0,6953,0,0,9740157611,0,0,0,0,0,0,-2025,0,0
9741200611,0,0,0,0,0,0,6954,0,0,9741277611,0,0,0,0,0,0,-1992,0,0
9742320611,0,0,0,0,0,0,6940,0,0,9742397611,0,0,0,0,0,0,-1977,0,0
9743440611,0,0,0,0,0,0,6896,0,0,9743517611,0,0,0,0,0,0,-1999,0,0
9744560611,0,0,0,0,0,0,6921,0,0,9744637611,0,0,0,0,0,0,-1986,0,0
9745680611,0,0,0,0,0,0,6920,0,0,9745757611,0,0,0,0,0,0,-1974,0,0
9746800611,0,0,0,0,0,0,245,0,0,9746877611,0,0,0,0,0,0,538,0,0
9747920611,0,0,0,0,0,0,231,0,0,9747997611,0,0,0,0,0,0,564,0,0
9749040611,0,0,0,0,0,0,211,0,0,9749117611,0,0,0,0,0,0,585,0,0
9750160611,0,0,0,0,0,0,243,0,0,9750237611,0,0,0,0,0,0,589,0,0
9751280611,0,0,0,0,0,0,263,0,0,9751357611,0,0,0,0,0,0,648,0,0
9752400611,0,0,0,0,0,0,225,0,0,9752477611,0,0,0,0,0,0,637,0,0
9753520611,0,0,0,0,0,0,216,0,0,9753597611,0,0,0,0,0,0,605,0,0
9754640611,0,0,0,0,0,0,219,0,0,9754717611,0,0,0,0,0,0,576,0,0
9755760611,0,0,0,0,0,0,6923,0,0,9755837611,0,0,0,0,0,0,-2019,0,0
9756880611,0,0,0,0,0,0,6906,0,0,9756957611,0,0,0,0,0,0,-2031,0,0
9758000611,0,0,0,0,0,0,6947,0,0,9758077611,0,0,0,0,0,0,-2010,0,0
9759120611,0,0,0,0,0,0,6905,0,0,9759197611,0,0,0,0,0,0,-2016,0,0
9760240611,0,0,0,0,0,0,6905,0,0,9760317611,0,0,0,0,0,0,-2034,0,0
9761360611,0,0,0,0,0,0,6928,0,0,9761437611,0,0,0,0,0,0,-1974,0,0
9762480611,0,0,0,0,0,0,6956,0,0,9762557611,0,0,0,0,0,0,-2006,0,0
9763600611,0,0,0,0,0,0,6923,0,0,9763677611,0,0,0,0,0,0,-1994,0,0
9764720611,0,0,0,0,0,0,263,0,0,9764797611,0,0,0,0,0,0,627,0,0
9765840611,0,0,0,0,0,0,260,0,0,9765917611,0,0,0,0,0,0,588,0,0
9766960611,0,0,0,0,0,0,272,0,0,9767037611,0,0,0,0,0,0,586,0,0
9768080611,0,0,0,0,0,0,236,0,0,9768157611,0,0,0,0,0,0,591,0,0
9769200611,0,0,0,0,0,0,207,0,0,9769277611,0,0,0,0,0,0,583,0,0
9770320611,0,0,0,0,0,0,217,0,0,9770397611,0,0,0,0,0,0,595,0,0
9771440611,0,0,0,0,0,0,238,0,0,9771517611,0,0,0,0,0,0,570,0,0
9772560611,0,0,0,0,0,0,229,0,0,9772637611,0,0,0,0,0,0,584,0,0
9773680611,0,0,0,0,0,0,6932,0,0,9773757611,0,0,0,0,0,0,-2005,0,0
9774800611,0,0,0,0,0,0,6888,0,0,9774877611,0,0,0,0,0,0,-2033,0,0
9775920611,0,0,0,0,0,0,6953,0,0,9775997611,0,0,0,0,0,0,-1993,0,0
9777040611,0,0,0,0,0,0,6884,0,0,9777117611,0,0,0,0,0,0,-2005,0,0
9778160611,0,0,0,0,0,0,6929,0,0,9778237611,0,0,0,0,0,0,-2013,0,0
9779280611,0,0,0,0,0,0,6940,0,0,9779357611,0,0,0,0,0,0,-1988,0,0
9780400611,0,0,0,0,0,0,6865,0,0,9780477611,0,0,0,0,0,0,-1987,0,0
9781520611,0,0,0,0,0,0,6885,0,0,9781597611,0,0,0,0,0,0,-2009,0,0
9782640611,0,0,0,0,0,0,207,0,0,9782717611,0,0,0,0,0,0,653,0,0
9783760611,0,0,0,0,0,0,231,0,0,9783837611,0,0,0,0,0,0,645,0,0
9784880611,0,0,0,0,0,0,256,0,0,9784957611,0,0,0,0,0,0,622,0,0
9786000611,0,0,0,0,0,0,207,0,0,9786077611,0,0,0,0,0,0,617,0,0
9787120611,0,0,0,0,0,0,218,0,0,9787197611,0,0,0,0,0,0,585,0,0
9788240611,0,0,0,0,0,0,244,0,0,9788317611,0,0,0,0,0,0,603,0,0
9789360611,0,0,0,0,0,0,212,0,0,9789437611,0,0,0,0,0,0,612,0,0
9790480611,0,0,0,0,0,0,249,0,0,9790557611,0,0,0,0,0,0,606,0,0
9791600611,0,0,0,0,0,0,6881,0,0,9791677611,0,0,0,0,0,0,-2048,0,0
9792720611,0,0,0,0,0,0,6942,0,0,9792797611,0,0,0,0,0,0,-1999,0,0
9793840611,0,0,0,0,0,0,6974,0,0,9793917611,0,0,0,0,0,0,-1996,0,0
9794960611,0,0,0,0,0,0,6934,0,0,9795037611,0,0,0,0,0,0,-2008,0,0
9796080611,0,0,0,0,0,0,6948,0,0,9796157611,0,0,0,0,0,0,-2000,0,0
9797200611,0,0,0,0,0,0,6931,0,0,9797277611,0,0,0,0,0,0,-2022,0,0
9798320611,0,0,0,0,0,0,6918,0,0,9798397611,0,0,0,0,0,0,-2004,0,0
9799440611,0,0,0,0,0,0,6890,0,0,9799517611,0,0,0,0,0,0,-2013,0,0
9800560611,0,0,0,0,0,0,203,0,0,9800637611,0,0,0,0,0,0,652,0,0
9801680611,0,0,0,0,0,0,252,0,0,9801757611,0,0,0,0,0,0,599,0,0
9802800611,0,0,0,0,0,0,189,0,0,9802877611,0,0,0,0,0,0,585,0,0
9803920611,0,0,0,0,0,0,294,0,0,9803997611,0,0,0,0,0,0,581,0,0
9805040611,0,0,0,0,0,0,246,0,0,9805117611,0,0,0,0,0,0,607,0,0
9806160611,0,0,0,0,0,0,221,0,0,9806237611,0,0,0,0,0,0,628,0,0
9807280611,0,0,0,0,0,0,244,0,0,9807357611,0,0,0,0,0,0,600,0,0
9808400611,0,0,0,0,0,0,220,0,0,9808477611,0,0,0,0,0,0,577,0,0
9809520611,0,0,0,0,0,0,6918,0,0,9809597611,0,0,0,0,0,0,-2031,0,0
9810640611,0,0,0,0,0,0,6910,0,0,9810717611,0,0,0,0,0,0,-1989,0,0
9811760611,0,0,0,0,0,0,6885,0,0,9811837611,0,0,0,0,0,0,-2022,0,0
9812880611,0,0,0,0,0,0,6923,0,0,9812957611,0,0,0,0,0,0,-2039,0,0
9814000611,0,0,0,0,0,0,6931,0,0,9814077611,0,0,0,0,0,0,-2035,0,0
9815120611,0,0,0,0,0,0,6927,0,0,9815197611,0,0,0,0,0,0,-1949,0,0
9816240611,0,0,0,0,0,0,6923,0,0,9816317611,0,0,0,0,0,0,-2005,0,0
9817360611,0,0,0,0,0,0,6942,0,0,9817437611,0,0,0,0,0,0,-1956,0,0
9818480611,0,0,0,0,0,0,246,0,0,9818557611,0,0,0,0,0,0,592,0,0
9819600611,0,0,0,0,0,0,225,0,0,9819677611,0,0,0,0,0,0,582,0,0
9820720611,0,0,0,0,0,0,275,0,0,9820797611,0,0,0,0,0,0,629,0,0
9821840611,0,0,0,0,0,0,207,0,0,9821917611,0,0,0,0,0,0,623,0,0
9822960611,0,0,0,0,0,0,255,0,0,9823037611,0,0,0,0,0,0,578,0,0
9824080611,0,0,0,0,0,0,221,0,0,9824157611,0,0,0,0,0,0,614,0,0
9825200611,0,0,0,0,0,0,227,0,0,9825277611,0,0,0,0,0,0,608,0,0
9826320611,0,0,0,0,0,0,240,0,0,9826397611,0,0,0,0,0,0,627,0,0
9827440611,0,0,0,0,0,0,6905,0,0,9827517611,0,0,0,0,0,0,-1973,0,0
9828560611,0,0,0,0,0,0,6944,0,0,9828637611,0,0,0,0,0,0,-1971,0,0
9829680611,0,0,0,0,0,0,6897,0,0,9829757611,0,0,0,0,0,0,-1995,0,0
9830800611,0,0,0,0,0,0,6922,0,0,9830877611,0,0,0,0,0,0,-1997,0,0
9831920611,0,0,0,0,0,0,6909,0,0,9831997611,0,0,0,0,0,0,-1988,0,0
9833040611,0,0,0,0,0,0,6913,0,0,9833117611,0,0,0,0,0,0,-1997,0,0
9834160611,0,0,0,0,0,0,6943,0,0,9834237611,0,0,0,0,0,0,-2006,0,0
9835280611,0,0,0,0,0,0,6889,0,0,9835357611,0,0,0,0,0,0,-1991,0,0
9836400611,0,0,0,0,0,0,249,0,0,9836477611,0,0,0,0,0,0,628,0,0
9837520611,0,0,0,0,0,0,223,0,0,9837597611,0,0,0,0,0,0,640,0,0
9838640611,0,0,0,0,0,0,246,0,0,9838717611,0,0,0,0,0,0,566,0,0
9839760611,0,0,0,0,0,0,190,0,0,9839837611,0,0,0,0,0,0,596,0,0
9840880611,0,0,0,0,0,0,230,0,0,9840957611,0,0,0,0,0,0,618,0,0
9842000611,0,0,0,0,0,0,228,0,0,9842077611,0,0,0,0,0,0,600,0,0
9843120611,0,0,0,0,0,0,277,0,0,9843197611,0,0,0,0,0,0,637,0,0
9844240611,0,0,0,0,0,0,216,0,0,9844317611,0,0,0,0,0,0,608,0,0
9845360611,0,0,0,0,0,0,6902,0,0,9845437611,0,0,0,0,0,0,-1994,0,0
9846480611,0,0,0,0,0,0,6869,0,0,9846557611,0,0,0,0,0,0,-1990,0,0
9847600611,0,0,0,0,0,0,6902,0,0,9847677611,0,0,0,0,0,0,-1985,0,0
9848720611,0,0,0,0,0,0,6897,0,0,9848797611,0,0,0,0,0,0,-2021,0,0
9849840611,0,0,0,0,0,0,6926,0,0,9849917611,0,0,0,0,0,0,-2016,0,0
9850960611,0,0,0,0,0,0,6917,0,0,9851037611,0,0,0,0,0,0,-1962,0,0
9852080611,0,0,0,0,0,0,6896,0,0,9852157611,0,0,0,0,0,0,-2035,0,0
9853200611,0,0,0,0,0,0,6880,0,0,9853277611,0,0,0,0,0,0,-2014,0,0
9854320611,0,0,0,0,0,0,245,0,0,9854397611,0,0,0,0,0,0,547,0,0
9855440611,0,0,0,0,0,0,211,0,0,9855517611,0,0,0,0,0,0,626,0,0
9856560611,0,0,0,0,0,0,259,0,0,9856637611,0,0,0,0,0,0,606,0,0
9857680611,0,0,0,0,0,0,265,0,0,9857757611,0,0,0,0,0,0,603,0,0
9858800611,0,0,0,0,0,0,249,0,0,9858877611,0,0,0,0,0,0,601,0,0
9859920611,0,0,0,0,0,0,209,0,0,9859997611,0,0,0,0,0,0,649,0,0
9861040611,0,0,0,0,0,0,222,0,0,9861117611,0,0,0,0,0,0,607,0,0
9862160611,0,0,0,0,0,0,259,0,0,9862237611,0,0,0,0,0,0,633,0,0
9863280611,0,0,0,0,0,0,6898,0,0,9863357611,0,0,0,0,0,0,-1991,0,0
9864400611,0,0,0,0,0,0,6884,0,0,9864477611,0,0,0,0,0,0,-2010,0,0
9865520611,0,0,0,0,0,0,6909,0,0,9865597611,0,0,0,0,0,0,-1997,0,0
9866640611,0,0,0,0,0,0,6894,0,0,9866717611,0,0,0,0,0,0,-2003,0,0
9867760611,0,0,0,0,0,0,6898,0,0,9867837611,0,0,0,0,0,0,-2030,0,0
9868880611,0,0,0,0,0,0,6977,0,0,9868957611,0,0,0,0,0,0,-1964,0,0
9870000611,0,0,0,0,0,0,6904,0,0,9870077611,0,0,0,0,0,0,-2013,0,0
9871120611,0,0,0,0,0,0,6922,0,0,9871197611,0,0,0,0,0,0,-2008,0,0
9872240611,0,0,0,0,0,0,234,0,0,9872317611,0,0,0,0,0,0,625,0,0
9873360611,0,0,0,0,0,0,253,0,0,9873437611,0,0,0,0,0,0,582,0,0
9874480611,0,0,0,0,0,0,222,0,0,9874557611,0,0,0,0,0,0,606,0,0
9875600611,0,0,0,0,0,0,223,0,0,9875677611,0,0,0,0,0,0,631,0,0
9876720611,0,0,0,0,0,0,237,0,0,9876797611,0,0,0,0,0,0,626,0,0
9877840611,0,0,0,0,0,0,243,0,0,9877917611,0,0,0,0,0,0,642,0,0
9878960611,0,0,0,0,0,0,250,0,0,9879037611,0,0,0,0,0,0,577,0,0
9880080611,0,0,0,0,0,0,239,0,0,9880157611,0,0,0,0,0,0,593,0,0
9881200611,0,0,0,0,0,0,6924,0,0,9881277611,0,0,0,0,0,0,-1999,0,0
9882320611,0,0,0,0,0,0,6906,0,0,9882397611,0,0,0,0,0,0,-2000,0,0
9883440611,0,0,0,0,0,0,6909,0,0,9883517611,0,0,0,0,0,0,-2010,0,0
9884560611,0,0,0,0,0,0,6897,0,0,9884637611,0,0,0,0,0,0,-1997,0,0
9885680611,0,0,0,0,0,0,6941,0,0,9885757611,0,0,0,0,0,0,-2012,0,0
9886800611,0,0,0,0,0,0,6945,0,0,9886877611,0,0,0,0,0,0,-2007,0,0
9887920611,0,0,0,0,0,0,6885,0,0,9887997611,0,0,0,0,0,0,-1992,0,0
9889040611,0,0,0,0,0,0,6897,0,0,9889117611,0,0,0,0,0,0,-1983,0,0
9890160611,0,0,0,0,0,0,247,0,0,9890237611,0,0,0,0,0,0,643,0,0
9891280611,0,0,0,0,0,0,253,0,0,9891357611,0,0,0,0,0,0,642,0,0
9892400611,0,0,0,0,0,0,232,0,0,9892477611,0,0,0,0,0,0,642,0,0
9893520611,0,0,0,0,0,0,216,0,0,9893597611,0,0,0,0,0,0,636,0,0
9894640611,0,0,0,0,0,0,251,0,0,9894717611,0,0,0,0,0,0,594,0,0
9895760611,0,0,0,0,0,0,216,0,0,9895837611,0,0,0,0,0,0,597,0,0
9896880611,0,0,0,0,0,0,241,0,0,9896957611,0,0,0,0,0,0,630,0,0
9898000611,0,0,0,0,0,0,184,0,0,9898077611,0,0,0,0,0,0,586,0,0
9899120611,0,0,0,0,0,0,6916,0,0,9899197611,0,0,0,0,0,0,-2049,0,0
9900240611,0,0,0,0,0,0,6896,0,0,9900317611,0,0,0,0,0,0,-2030,0,0
9901360611,0,0,0,0,0,0,6930,0,0,9901437611,0,0,0,0,0,0,-1995,0,0
9902480611,0,0,0,0,0,0,6917,0,0,9902557611,0,0,0,0,0,0,-1950,0,0
9903600611,0,0,0,0,0,0,6889,0,0,9903677611,0,0,0,0,0,0,-1999,0,0
9904720611,0,0,0,0,0,0,6908,0,0,9904797611,0,0,0,0,0,0,-2033,0,0
9905840611,0,0,0,0,0,0,6904,0,0,9905917611,0,0,0,0,0,0,-2002,0,0
9906960611,0,0,0,0,0,0,6955,0,0,9907037611,0,0,0,0,0,0,-1991,0,0
9908080611,0,0,0,0,0,0,226,0,0,9908157611,0,0,0,0,0,0,664,0,0
9909200611,0,0,0,0,0,0,211,0,0,9909277611,0,0,0,0,0,0,596,0,0
9910320611,0,0,0,0,0,0,229,0,0,9910397611,0,0,0,0,0,0,607,0,0
9911440611,0,0,0,0,0,0,234,0,0,9911517611,0,0,0,0,0,0,651,0,0
9912560611,0,0,0,0,0,0,212,0,0,9912637611,0,0,0,0,0,0,634,0,0
9913680611,0,0,0,0,0,0,209,0,0,9913757611,0,0,0,0,0,0,606,0,0
9914800611,0,0,0,0,0,0,212,0,0,9914877611,0,0,0,0,0,0,616,0,0
9915920611,0,0,0,0,0,0,253,0,0,9915997611,0,0,0,0,0,0,608,0,0
9917040611,0,0,0,0,0,0,6895,0,0,9917117611,0,0,0,0,0,0,-1991,0,0
9918160611,0,0,0,0,0,0,6941,0,0,9918237611,0,0,0,0,0,0,-1980,0,0
9919280611,0,0,0,0,0,0,6948,0,0,9919357611,0,0,0,0,0,0,-2003,0,0
9920400611,0,0,0,0,0,0,6925,0,0,9920477611,0,0,0,0,0,0,-1978,0,0
9921520611,0,0,0,0,0,0,6918,0,0,9921597611,0,0,0,0,0,0,-1988,0,0
9922640611,0,0,0,0,0,0,6918,0,0,9922717611,0,0,0,0,0,0,-1991,0,0
9923760611,0,0,0,0,0,0,6857,0,0,9923837611,0,0,0,0,0,0,-2007,0,0
9924880611,0,0,0,0,0,0,6905,0,0,9924957611,0,0,0,0,0,0,-2002,0,0
9926000611,0,0,0,0,0,0,225,0,0,9926077611,0,0,0,0,0,0,603,0,0
9927120611,0,0,0,0,0,0,192,0,0,9927197611,0,0,0,0,0,0,595,0,0
9928240611,0,0,0,0,0,0,225,0,0,9928317611,0,0,0,0,0,0,585,0,0
9929360611,0,0,0,0,0,0,255,0,0,9929437611,0,0,0,0,0,0,576,0,0
9930480611,0,0,0,0,0,0,220,0,0,9930557611,0,0,0,0,0,0,622,0,0
9931600611,0,0,0,0,0,0,233,0,0,9931677611,0,0,0,0,0,0,596,0,0
9932720611,0,0,0,0,0,0,263,0,0,9932797611,0,0,0,0,0,0,602,0,0
9933840611,0,0,0,0,0,0,233,0,0,9933917611,0,0,0,0,0,0,602,0,0
9934960611,0,0,0,0,0,0,6869,0,0,9935037611,0,0,0,0,0,0,-1972,0,0
9936080611,0,0,0,0,0,0,6938,0,0,9936157611,0,0,0,0,0,0,-1943,0,0
9937200611,0,0,0,0,0,0,6930,0,0,9937277611,0,0,0,0,0,0,-1971,0,0
9938320611,0,0,0,0,0,0,6929,0,0,9938397611,0,0,0,0,0,0,-2033,0,0
9939440611,0,0,0,0,0,0,6930,0,0,9939517611,0,0,0,0,0,0,-2020,0,0
9940560611,0,0,0,0,0,0,6933,0,0,9940637611,0,0,0,0,0,0,-2010,0,0
9941680611,0,0,0,0,0,0,6913,0,0,9941757611,0,0,0,0,0,0,-1972,0,0
9942800611,0,0,0,0,0,0,6939,0,0,9942877611,0,0,0,0,0,0,-2000,0,0
9943920611,0,0,0,0,0,0,254,0,0,9943997611,0,0,0,0,0,0,630,0,0
9945040611,0,0,0,0,0,0,234,0,0,9945117611,0,0,0,0,0,0,614,0,0
9946160611,0,0,0,0,0,0,247,0,0,9946237611,0,0,0,0,0,0,602,0,0
9947280611,0,0,0,0,0,0,268,0,0,9947357611,0,0,0,0,0,0,639,0,0
9948400611,0,0,0,0,0,0,231,0,0,9948477611,0,0,0,0,0,0,600,0,0
9949520611,0,0,0,0,0,0,251,0,0,9949597611,0,0,0,0,0,0,544,0,0
9950640611,0,0,0,0,0,0,228,0,0,9950717611,0,0,0,0,0,0,648,0,0
9951760611,0,0,0,0,0,0,210,0,0,9951837611,0,0,0,0,0,0,640,0,0
9952880611,0,0,0,0,0,0,6890,0,0,9952957611,0,0,0,0,0,0,-1999,0,0
9954000611,0,0,0,0,0,0,6967,0,0,9954077611,0,0,0,0,0,0,-1941,0,0
9955120611,0,0,0,0,0,0,6951,0,0,9955197611,0,0,0,0,0,0,-2000,0,0
9956240611,0,0,0,0,0,0,6916,0,0,9956317611,0,0,0,0,0,0,-1982,0,0
9957360611,0,0,0,0,0,0,6888,0,0,9957437611,0,0,0,0,0,0,-1983,0,0
9958480611,0,0,0,0,0,0,7000,0,0,9958557611,0,0,0,0,0,0,-2020,0,0
9959600611,0,0,0,0,0,0,6895,0,0,9959677611,0,0,0,0,0,0,-2013,0,0
9960720611,0,0,0,0,0,0,6865,0,0,9960797611,0,0,0,0,0,0,-2011,0,0
9961840611,0,0,0,0,0,0,257,0,0,9961917611,0,0,0,0,0,0,621,0,0
9962960611,0,0,0,0,0,0,223,0,0,9963037611,0,0,0,0,0,0,622,0,0
9964080611,0,0,0,0,0,0,253,0,0,9964157611,0,0,0,0,0,0,634,0,0
9965200611,0,0,0,0,0,0,245,0,0,9965277611,0,0,0,0,0,0,601,0,0
9966320611,0,0,0,0,0,0,233,0,0,9966397611,0,0,0,0,0,0,666,0,0
9967440611,0,0,0,0,0,0,257,0,0,9967517611,0,0,0,0,0,0,625,0,0
9968560611,0,0,0,0,0,0,260,0,0,9968637611,0,0,0,0,0,0,640,0,0
9969680611,0,0,0,0,0,0,269,0,0,9969757611,0,0,0,0,0,0,644,0,0
9970800611,0,0,0,0,0,0,6861,0,0,9970877611,0,0,0,0,0,0,-1974,0,0
9971920611,0,0,0,0,0,0,6946,0,0,9971997611,0,0,0,0,0,0,-1969,0,0
9973040611,0,0,0,0,0,0,6911,0,0,9973117611,0,0,0,0,0,0,-1956,0,0
9974160611,0,0,0,0,0,0,6920,0,0,9974237611,0,0,0,0,0,0,-1997,0,0
9975280611,0,0,0,0,0,0,6924,0,0,9975357611,0,0,0,0,0,0,-1980,0,0
9976400611,0,0,0,0,0,0,6942,0,0,9976477611,0,0,0,0,0,0,-2012,0,0
9977520611,0,0,0,0,0,0,6889,0,0,9977597611,0,0,0,0,0,0,-2025,0,0
9978640611,0,0,0,0,0,0,6906,0,0,9978717611,0,0,0,0,0,0,-2013,0,0
9979760611,0,0,0,0,0,0,228,0,0,9979837611,0,0,0,0,0,0,620,0,0
9980880611,0,0,0,0,0,0,241,0,0,9980957611,0,0,0,0,0,0,564,0,0
9982000611,0,0,0,0,0,0,251,0,0,9982077611,0,0,0,0,0,0,570,0,0
9983120611,0,0,0,0,0,0,278,0,0,9983197611,0,0,0,0,0,0,580,0,0
9984240611,0,0,0,0,0,0,228,0,0,9984317611,0,0,0,0,0,0,603,0,0
9985360611,0,0,0,0,0,0,238,0,0,9985437611,0,0,0,0,0,0,622,0,0
9986480611,0,0,0,0,0,0,205,0,0,9986557611,0,0,0,0,0,0,614,0,0
9987600611,0,0,0,0,0,0,225,0,0,9987677611,0,0,0,0,0,0,604,0,0
9988720611,0,0,0,0,0,0,6901,0,0,9988797611,0,0,0,0,0,0,-1976,0,0
9989840611,0,0,0,0,0,0,6898,0,0,9989917611,0,0,0,0,0,0,-1976,0,0
9990960611,0,0,0,0,0,0,6927,0,0,9991037611,0,0,0,0,0,0,-2001,0,0
9992080611,0,0,0,0,0,0,6918,0,0,9992157611,0,0,0,0,0,0,-2006,0,0
9993200611,0,0,0,0,0,0,6905,0,0,9993277611,0,0,0,0,0,0,-2035,0,0
9994320611,0,0,0,0,0,0,6909,0,0,9994397611,0,0,0,0,0,0,-2023,0,0
9995440611,0,0,0,0,0,0,6950,0,0,9995517611,0,0,0,0,0,0,-2002,0,0
9996560611,0,0,0,0,0,0,6863,0,0,9996637611,0,0,0,0,0,0,-2018,0,0
9997680611,0,0,0,0,0,0,229,0,0,9997757611,0,0,0,0,0,0,567,0,0
9998800611,0,0,0,0,0,0,216,0,0,9998877611,0,0,0,0,0,0,628,0,0
9999920611,0,0,0,0,0,0,200,0,0,9999997611,0,0,0,0,0,0,591,0,0
10001040611,0,0,0,0,0,0,209,0,0,10001117611,0,0,0,0,0,0,624,0,0
10002160611,0,0,0,0,0,0,223,0,0,10002237611,0,0,0,0,0,0,615,0,0
10003280611,0,0,0,0,0,0,251,0,0,10003357611,0,0,0,0,0,0,643,0,0
10004400611,0,0,0,0,0,0,267,0,0,10004477611,0,0,0,0,0,0,660,0,0
10005520611,0,0,0,0,0,0,277,0,0,10005597611,0,0,0,0,0,0,629,0,0
10006640611,0,0,0,0,0,0,6872,0,0,10006717611,0,0,0,0,0,0,-1975,0,0
10007760611,0,0,0,0,0,0,6917,0,0,10007837611,0,0,0,0,0,0,-2022,0,0
10008880611,0,0,0,0,0,0,6884,0,0,10008957611,0,0,0,0,0,0,-1945,0,0
10010000611,0,0,0,0,0,0,6898,0,0,10010077611,0,0,0,0,0,0,-2009,0,0
10011120611,0,0,0,0,0,0,6928,0,0,10011197611,0,0,0,0,0,0,-2006,0,0
10012240611,0,0,0,0,0,0,6934,0,0,10012317611,0,0,0,0,0,0,-1974,0,0
10013360611,0,0,0,0,0,0,6898,0,0,10013437611,0,0,0,0,0,0,-2012,0,0
10014480611,0,0,0,0,0,0,6924,0,0,10014557611,0,0,0,0,0,0,-2032,0,0
10015600611,0,0,0,0,0,0,242,0,0,10015677611,0,0,0,0,0,0,625,0,0
10016720611,0,0,0,0,0,0,225,0,0,10016797611,0,0,0,0,0,0,594,0,0
10017840611,0,0,0,0,0,0,168,0,0,10017917611,0,0,0,0,0,0,646,0,0
10018960611,0,0,0,0,0,0,268,0,0,10019037611,0,0,0,0,0,0,590,0,0
10020080611,0,0,0,0,0,0,251,0,0,10020157611,0,0,0,0,0,0,643,0,0
10021200611,0,0,0,0,0,0,203,0,0,10021277611,0,0,0,0,0,0,639,0,0
10022320611,0,0,0,0,0,0,271,0,0,10022397611,0,0,0,0,0,0,615,0,0
10023440611,0,0,0,0,0,0,259,0,0,10023517611,0,0,0,0,0,0,606,0,0
10024560611,0,0,0,0,0,0,6890,0,0,10024637611,0,0,0,0,0,0,-1992,0,0
10025680611,0,0,0,0,0,0,6921,0,0,10025757611,0,0,0,0,0,0,-2013,0,0
10026800611,0,0,0,0,0,0,6908,0,0,10026877611,0,0,0,0,0,0,-1993,0,0
10027920611,0,0,0,0,0,0,6865,0,0,10027997611,0,0,0,0,0,0,-1999,0,0
10029040611,0,0,0,0,0,0,6879,0,0,10029117611,0,0,0,0,0,0,-2009,0,0
10030160611,0,0,0,0,0,0,6914,0,0,10030237611,0,0,0,0,0,0,-1971,0,0
10031280611,0,0,0,0,0,0,6916,0,0,10031357611,0,0,0,0,0,0,-2032,0,0
10032400611,0,0,0,0,0,0,6919,0,0,10032477611,0,0,0,0,0,0,-1929,0,0
10033520611,0,0,0,0,0,0,272,0,0,10033597611,0,0,0,0,0,0,641,0,0
10034640611,0,0,0,0,0,0,260,0,0,10034717611,0,0,0,0,0,0,644,0,0
10035760611,0,0,0,0,0,0,233,0,0,10035837611,0,0,0,0,0,0,597,0,0
10036880611,0,0,0,0,0,0,259,0,0,10036957611,0,0,0,0,0,0,631,0,0
10038000611,0,0,0,0,0,0,217,0,0,10038077611,0,0,0,0,0,0,622,0,0
10039120611,0,0,0,0,0,0,251,0,0,10039197611,0,0,0,0,0,0,636,0,0
10040240611,0,0,0,0,0,0,229,0,0,10040317611,0,0,0,0,0,0,626,0,0
10041360611,0,0,0,0,0,0,249,0,0,10041437611,0,0,0,0,0,0,593,0,0
10042480611,0,0,0,0,0,0,6870,0,0,10042557611,0,0,0,0,0,0,-2016,0,0
10043600611,0,0,0,0,0,0,6890,0,0,10043677611,0,0,0,0,0,0,-1968,0,0
10044720611,0,0,0,0,0,0,6893,0,0,10044797611,0,0,0,0,0,0,-2013,0,0
10045840611,0,0,0,0,0,0,6894,0,0,10045917611,0,0,0,0,0,0,-1969,0,0
10046960611,0,0,0,0,0,0,6909,0,0,10047037611,0,0,0,0,0,0,-2005,0,0
10048080611,0,0,0,0,0,0,6923,0,0,10048157611,0,0,0,0,0,0,-1962,0,0
10049200611,0,0,0,0,0,0,6883,0,0,10049277611,0,0,0,0,0,0,-2021,0,0
10050320611,0,0,0,0,0,0,6923,0,0,10050397611,0,0,0,0,0,0,-1972,0,0
10051440611,0,0,0,0,0,0,216,0,0,10051517611,0,0,0,0,0,0,595,0,0
10052560611,0,0,0,0,0,0,260,0,0,10052637611,0,0,0,0,0,0,631,0,0
10053680611,0,0,0,0,0,0,233,0,0,10053757611,0,0,0,0,0,0,594,0,0
10054800611,0,0,0,0,0,0,248,0,0,10054877611,0,0,0,0,0,0,600,0,0
10055920611,0,0,0,0,0,0,192,0,0,10055997611,0,0,0,0,0,0,635,0,0
10057040611,0,0,0,0,0,0,229,0,0,10057117611,0,0,0,0,0,0,599,0,0
10058160611,0,0,0,0,0,0,230,0,0,10058237611,0,0,0,0,0,0,596,0,0
10059280611,0,0,0,0,0,0,273,0,0,10059357611,0,0,0,0,0,0,631,0,0
10060400611,0,0,0,0,0,0,6921,0,0,10060477611,0,0,0,0,0,0,-2023,0,0
10061520611,0,0,0,0,0,0,6919,0,0,10061597611,0,0,0,0,0,0,-2020,0,0
10062640611,0,0,0,0,0,0,6892,0,0,10062717611,0,0,0,0,0,0,-1992,0,0
10063760611,0,0,0,0,0,0,6936,0,0,10063837611,0,0,0,0,0,0,-1996,0,0
10064880611,0,0,0,0,0,0,6945,0,0,10064957611,0,0,0,0,0,0,-1956,0,0
10066000611,0,0,0,0,0,0,6881,0,0,10066077611,0,0,0,0,0,0,-2047,0,0
10067120611,0,0,0,0,0,0,6897,0,0,10067197611,0,0,0,0,0,0,-2060,0,0
10068240611,0,0,0,0,0,0,6881,0,0,10068317611,0,0,0,0,0,0,-2002,0,0
10069360611,0,0,0,0,0,0,241,0,0,10069437611,0,0,0,0,0,0,613,0,0
10070480611,0,0,0,0,0,0,244,0,0,10070557611,0,0,0,0,0,0,602,0,0
10071600611,0,0,0,0,0,0,249,0,0,10071677611,0,0,0,0,0,0,571,0,0
10072720611,0,0,0,0,0,0,242,0,0,10072797611,0,0,0,0,0,0,628,0,0
10073840611,0,0,0,0,0,0,273,0,0,10073917611,0,0,0,0,0,0,594,0,0
10074960611,0,0,0,0,0,0,210,0,0,10075037611,0,0,0,0,0,0,597,0,0
10076080611,0,0,0,0,0,0,181,0,0,10076157611,0,0,0,0,0,0,578,0,0
10077200611,0,0,0,0,0,0,300,0,0,10077277611,0,0,0,0,0,0,614,0,0
10078320611,0,0,0,0,0,0,6897,0,0,10078397611,0,0,0,0,0,0,-1995,0,0
10079440611,0,0,0,0,0,0,6915,0,0,10079517611,0,0,0,0,0,0,-1965,0,0
10080560611,0,0,0,0,0,0,6882,0,0,10080637611,0,0,0,0,0,0,-2001,0,0
10081680611,0,0,0,0,0,0,6879,0,0,10081757611,0,0,0,0,0,0,-1995,0,0
10082800611,0,0,0,0,0,0,6888,0,0,10082877611,0,0,0,0,0,0,-1951,0,0
10083920611,0,0,0,0,0,0,6914,0,0,10083997611,0,0,0,0,0,0,-1993,0,0
10085040611,0,0,0,0,0,0,6901,0,0,10085117611,0,0,0,0,0,0,-1946,0,0
10086160611,0,0,0,0,0,0,6910,0,0,10086237611,0,0,0,0,0,0,-2025,0,0
10087280611,0,0,0,0,0,0,243,0,0,10087357611,0,0,0,0,0,0,581,0,0
10088400611,0,0,0,0,0,0,223,0,0,10088477611,0,0,0,0,0,0,626,0,0
10089520611,0,0,0,0,0,0,263,0,0,10089597611,0,0,0,0,0,0,590,0,0
10090640611,0,0,0,0,0,0,221,0,0,10090717611,0,0,0,0,0,0,639,0,0
10091760611,0,0,0,0,0,0,234,0,0,10091837611,0,0,0,0,0,0,597,0,0
10092880611,0,0,0,0,0,0,243,0,0,10092957611,0,0,0,0,0,0,598,0,0
10094000611,0,0,0,0,0,0,222,0,0,10094077611,0,0,0,0,0,0,602,0,0
10095120611,0,0,0,0,0,0,246,0,0,10095197611,0,0,0,0,0,0,573,0,0
10096240611,0,0,0,0,0,0,6950,0,0,10096317611,0,0,0,0,0,0,-1986,0,0
10097360611,0,0,0,0,0,0,6949,0,0,10097437611,0,0,0,0,0,0,-1990,0,0
10098480611,0,0,0,0,0,0,6940,0,0,10098557611,0,0,0,0,0,0,-1992,0,0
10099600611,0,0,0,0,0,0,6965,0,0,10099677611,0,0,0,0,0,0,-2022,0,0
10100720611,0,0,0,0,0,0,6916,0,0,10100797611,0,0,0,0,0,0,-2042,0,0
10101840611,0,0,0,0,0,0,6883,0,0,10101917611,0,0,0,0,0,0,-1989,0,0
10102960611,0,0,0,0,0,0,6898,0,0,10103037611,0,0,0,0,0,0,-2037,0,0
10104080611,0,0,0,0,0,0,6907,0,0,10104157611,0,0,0,0,0,0,-2007,0,0
10105200611,0,0,0,0,0,0,242,0,0,10105277611,0,0,0,0,0,0,619,0,0
10106320611,0,0,0,0,0,0,219,0,0,10106397611,0,0,0,0,0,0,618,0,0
10107440611,0,0,0,0,0,0,209,0,0,10107517611,0,0,0,0,0,0,630,0,0
10108560611,0,0,0,0,0,0,197,0,0,10108637611,0,0,0,0,0,0,625,0,0
10109680611,0,0,0,0,0,0,238,0,0,10109757611,0,0,0,0,0,0,586,0,0
10110800611,0,0,0,0,0,0,233,0,0,10110877611,0,0,0,0,0,0,614,0,0
10111920611,0,0,0,0,0,0,242,0,0,10111997611,0,0,0,0,0,0,595,0,0
10113040611,0,0,0,0,0,0,254,0,0,10113117611,0,0,0,0,0,0,615,0,0
10114160611,0,0,0,0,0,0,6866,0,0,10114237611,0,0,0,0,0,0,-1976,0,0
10115280611,0,0,0,0,0,0,6905,0,0,10115357611,0,0,0,0,0,0,-2000,0,0
10116400611,0,0,0,0,0,0,6884,0,0,10116477611,0,0,0,0,0,0,-2026,0,0
10117520611,0,0,0,0,0,0,6896,0,0,10117597611,0,0,0,0,0,0,-1980,0,0
10118640611,0,0,0,0,0,0,6907,0,0,10118717611,0,0,0,0,0,0,-1983,0,0
10119760611,0,0,0,0,0,0,6898,0,0,10119837611,0,0,0,0,0,0,-2024,0,0
10120880611,0,0,0,0,0,0,6885,0,0,10120957611,0,0,0,0,0,0,-2008,0,0
10122000611,0,0,0,0,0,0,6922,0,0,10122077611,0,0,0,0,0,0,-1985,0,0
10123120611,0,0,0,0,0,0,241,0,0,10123197611,0,0,0,0,0,0,647,0,0
10124240611,0,0,0,0,0,0,235,0,0,10124317611,0,0,0,0,0,0,645,0,0
10125360611,0,0,0,0,0,0,235,0,0,10125437611,0,0,0,0,0,0,649,0,0
10126480611,0,0,0,0,0,0,270,0,0,10126557611,0,0,0,0,0,0,642,0,0
10127600611,0,0,0,0,0,0,236,0,0,10127677611,0,0,0,0,0,0,612,0,0
10128720611,0,0,0,0,0,0,220,0,0,10128797611,0,0,0,0,0,0,622,0,0
10129840611,0,0,0,0,0,0,231,0,0,10129917611,0,0,0,0,0,0,624,0,0
10130960611,0,0,0,0,0,0,220,0,0,10131037611,0,0,0,0,0,0,604,0,0
10132080611,0,0,0,0,0,0,6878,0,0,10132157611,0,0,0,0,0,0,-1982,0,0
10133200611,0,0,0,0,0,0,6891,0,0,10133277611,0,0,0,0,0,0,-1966,0,0
10134320611,0,0,0,0,0,0,6896,0,0,10134397611,0,0,0,0,0,0,-1992,0,0
10135440611,0,0,0,0,0,0,6905,0,0,10135517611,0,0,0,0,0,0,-1983,0,0
10136560611,0,0,0,0,0,0,6871,0,0,10136637611,0,0,0,0,0,0,-1993,0,0
10137680611,0,0,0,0,0,0,6945,0,0,10137757611,0,0,0,0,0,0,-2005,0,0
10138800611,0,0,0,0,0,0,6913,0,0,10138877611,0,0,0,0,0,0,-2034,0,0
10139920611,0,0,0,0,0,0,6897,0,0,10139997611,0,0,0,0,0,0,-1991,0,0
10141040611,0,0,0,0,0,0,231,0,0,10141117611,0,0,0,0,0,0,631,0,0
10142160611,0,0,0,0,0,0,247,0,0,10142237611,0,0,0,0,0,0,606,0,0
10143280611,0,0,0,0,0,0,249,0,0,10143357611,0,0,0,0,0,0,569,0,0
10144400611,0,0,0,0,0,0,189,0,0,10144477611,0,0,0,0,0,0,563,0,0
10145520611,0,0,0,0,0,0,223,0,0,10145597611,0,0,0,0,0,0,614,0,0
10146640611,0,0,0,0,0,0,215,0,0,10146717611,0,0,0,0,0,0,651,0,0
10147760611,0,0,0,0,0,0,216,0,0,10147837611,0,0,0,0,0,0,609,0,0
10148880611,0,0,0,0,0,0,254,0,0,10148957611,0,0,0,0,0,0,567,0,0
10150000611,0,0,0,0,0,0,6910,0,0,10150077611,0,0,0,0,0,0,-2009,0,0
10151120611,0,0,0,0,0,0,6961,0,0,10151197611,0,0,0,0,0,0,-2011,0,0
10152240611,0,0,0,0,0,0,6932,0,0,10152317611,0,0,0,0,0,0,-1972,0,0
10153360611,0,0,0,0,0,0,6926,0,0,10153437611,0,0,0,0,0,0,-1967,0,0
10154480611,0,0,0,0,0,0,6896,0,0,10154557611,0,0,0,0,0,0,-1982,0,0
10155600611,0,0,0,0,0,0,6899,0,0,10155677611,0,0,0,0,0,0,-2008,0,0
10156720611,0,0,0,0,0,0,6907,0,0,10156797611,0,0,0,0,0,0,-2031,0,0
10157840611,0,0,0,0,0,0,6920,0,0,10157917611,0,0,0,0,0,0,-1993,0,0
10158960611,0,0,0,0,0,0,263,0,0,10159037611,0,0,0,0,0,0,612,0,0
10160080611,0,0,0,0,0,0,208,0,0,10160157611,0,0,0,0,0,0,649,0,0
10161200611,0,0,0,0,0,0,233,0,0,10161277611,0,0,0,0,0,0,608,0,0
10162320611,0,0,0,0,0,0,217,0,0,10162397611,0,0,0,0,0,0,603,0,0
10163440611,0,0,0,0,0,0,267,0,0,10163517611,0,0,0,0,0,0,597,0,0
10164560611,0,0,0,0,0,0,240,0,0,10164637611,0,0,0,0,0,0,615,0,0
10165680611,0,0,0,0,0,0,236,0,0,10165757611,0,0,0,0,0,0,572,0,0
10166800611,0,0,0,0,0,0,240,0,0,10166877611,0,0,0,0,0,0,676,0,0
10167920611,0,0,0,0,0,0,6888,0,0,10167997611,0,0,0,0,0,0,-2000,0,0
10169040611,0,0,0,0,0,0,6926,0,0,10169117611,0,0,0,0,0,0,-1985,0,0
10170160611,0,0,0,0,0,0,6942,0,0,10170237611,0,0,0,0,0,0,-1992,0,0
10171280611,0,0,0,0,0,0,6899,0,0,10171357611,0,0,0,0,0,0,-2005,0,0
10172400611,0,0,0,0,0,0,6928,0,0,10172477611,0,0,0,0,0,0,-1973,0,0
10173520611,0,0,0,0,0,0,6904,0,0,10173597611,0,0,0,0,0,0,-1973,0,0
10174640611,0,0,0,0,0,0,6904,0,0,10174717611,0,0,0,0,0,0,-1976,0,0
10175760611,0,0,0,0,0,0,6931,0,0,10175837611,0,0,0,0,0,0,-2010,0,0
10176880611,0,0,0,0,0,0,251,0,0,10176957611,0,0,0,0,0,0,578,0,0
10178000611,0,0,0,0,0,0,224,0,0,10178077611,0,0,0,0,0,0,583,0,0
10179120611,0,0,0,0,0,0,287,0,0,10179197611,0,0,0,0,0,0,587,0,0
10180240611,0,0,0,0,0,0,262,0,0,10180317611,0,0,0,0,0,0,569,0,0
10181360611,0,0,0,0,0,0,226,0,0,10181437611,0,0,0,0,0,0,648,0,0
10182480611,0,0,0,0,0,0,236,0,0,10182557611,0,0,0,0,0,0,581,0,0
10183600611,0,0,0,0,0,0,231,0,0,10183677611,0,0,0,0,0,0,591,0,0
10184720611,0,0,0,0,0,0,225,0,0,10184797611,0,0,0,0,0,0,603,0,0
10185840611,0,0,0,0,0,0,6872,0,0,10185917611,0,0,0,0,0,0,-2002,0,0
10186960611,0,0,0,0,0,0,6883,0,0,10187037611,0,0,0,0,0,0,-1996,0,0
10188080611,0,0,0,0,0,0,6893,0,0,10188157611,0,0,0,0,0,0,-1997,0,0
10189200611,0,0,0,0,0,0,6913,0,0,10189277611,0,0,0,0,0,0,-2019,0,0
10190320611,0,0,0,0,0,0,6915,0,0,10190397611,0,0,0,0,0,0,-1993,0,0
10191440611,0,0,0,0,0,0,6882,0,0,10191517611,0,0,0,0,0,0,-1943,0,0
10192560611,0,0,0,0,0,0,6923,0,0,10192637611,0,0,0,0,0,0,-2003,0,0
10193680611,0,0,0,0,0,0,6920,0,0,10193757611,0,0,0,0,0,0,-1920,0,0
10194800611,0,0,0,0,0,0,227,0,0,10194877611,0,0,0,0,0,0,598,0,0
10195920611,0,0,0,0,0,0,278,0,0,10195997611,0,0,0,0,0,0,579,0,0
10197040611,0,0,0,0,0,0,241,0,0,10197117611,0,0,0,0,0,0,624,0,0
10198160611,0,0,0,0,0,0,255,0,0,10198237611,0,0,0,0,0,0,597,0,0
10199280611,0,0,0,0,0,0,220,0,0,10199357611,0,0,0,0,0,0,605,0,0
10200400611,0,0,0,0,0,0,249,0,0,10200477611,0,0,0,0,0,0,623,0,0
10201520611,0,0,0,0,0,0,252,0,0,10201597611,0,0,0,0,0,0,613,0,0
10202640611,0,0,0,0,0,0,272,0,0,10202717611,0,0,0,0,0,0,623,0,0
10203760611,0,0,0,0,0,0,6866,0,0,10203837611,0,0,0,0,0,0,-1984,0,0
10204880611,0,0,0,0,0,0,6898,0,0,10204957611,0,0,0,0,0,0,-2025,0,0
10206000611,0,0,0,0,0,0,6943,0,0,10206077611,0,0,0,0,0,0,-2019,0,0
10207120611,0,0,0,0,0,0,6922,0,0,10207197611,0,0,0,0,0,0,-2007,0,0
10208240611,0,0,0,0,0,0,6902,0,0,10208317611,0,0,0,0,0,0,-2004,0,0
10209360611,0,0,0,0,0,0,6918,0,0,10209437611,0,0,0,0,0,0,-1971,0,0
10210480611,0,0,0,0,0,0,6887,0,0,10210557611,0,0,0,0,0,0,-2016,0,0
10211600611,0,0,0,0,0,0,6913,0,0,10211677611,0,0,0,0,0,0,-1991,0,0
10212720611,0,0,0,0,0,0,209,0,0,10212797611,0,0,0,0,0,0,618,0,0
10213840611,0,0,0,0,0,0,206,0,0,10213917611,0,0,0,0,0,0,598,0,0
10214960611,0,0,0,0,0,0,255,0,0,10215037611,0,0,0,0,0,0,599,0,0
10216080611,0,0,0,0,0,0,249,0,0,10216157611,0,0,0,0,0,0,572,0,0
10217200611,0,0,0,0,0,0,269,0,0,10217277611,0,0,0,0,0,0,599,0,0
10218320611,0,0,0,0,0,0,248,0,0,10218397611,0,0,0,0,0,0,629,0,0
10219440611,0,0,0,0,0,0,247,0,0,10219517611,0,0,0,0,0,0,584,0,0
10220560611,0,0,0,0,0,0,250,0,0,10220637611,0,0,0,0,0,0,610,0,0
10221680611,0,0,0,0,0,0,6820,0,0,10221757611,0,0,0,0,0,0,-1977,0,0
10222800611,0,0,0,0,0,0,6894,0,0,10222877611,0,0,0,0,0,0,-2005,0,0
10223920611,0,0,0,0,0,0,6898,0,0,10223997611,0,0,0,0,0,0,-2004,0,0
10225040611,0,0,0,0,0,0,6905,0,0,10225117611,0,0,0,0,0,0,-2009,0,0
10226160611,0,0,0,0,0,0,6861,0,0,10226237611,0,0,0,0,0,0,-1977,0,0
10227280611,0,0,0,0,0,0,6922,0,0,10227357611,0,0,0,0,0,0,-1978,0,0
10228400611,0,0,0,0,0,0,6931,0,0,10228477611,0,0,0,0,0,0,-2023,0,0
10229520611,0,0,0,0,0,0,6900,0,0,10229597611,0,0,0,0,0,0,-1981,0,0
10230640611,0,0,0,0,0,0,260,0,0,10230717611,0,0,0,0,0,0,595,0,0
10231760611,0,0,0,0,0,0,252,0,0,10231837611,0,0,0,0,0,0,658,0,0
10232880611,0,0,0,0,0,0,208,0,0,10232957611,0,0,0,0,0,0,609,0,0
10234000611,0,0,0,0,0,0,260,0,0,10234077611,0,0,0,0,0,0,596,0,0
10235120611,0,0,0,0,0,0,183,0,0,10235197611,0,0,0,0,0,0,579,0,0
10236240611,0,0,0,0,0,0,211,0,0,10236317611,0,0,0,0,0,0,621,0,0
10237360611,0,0,0,0,0,0,254,0,0,10237437611,0,0,0,0,0,0,632,0,0
10238480611,0,0,0,0,0,0,279,0,0,10238557611,0,0,0,0,0,0,576,0,0
10239600611,0,0,0,0,0,0,6675,0,0,10239677611,0,0,0,0,0,0,-1959,0,0
10240720611,0,0,0,0,0,0,6894,0,0,10240797611,0,0,0,0,0,0,-2025,0,0
10241840611,0,0,0,0,0,0,6877,0,0,10241917611,0,0,0,0,0,0,-1974,0,0
10242960611,0,0,0,0,0,0,6960,0,0,10243037611,0,0,0,0,0,0,-2023,0,0
10244080611,0,0,0,0,0,0,6940,0,0,10244157611,0,0,0,0,0,0,-1976,0,0
10245200611,0,0,0,0,0,0,6928,0,0,10245277611,0,0,0,0,0,0,-2020,0,0
10246320611,0,0,0,0,0,0,6917,0,0,10246397611,0,0,0,0,0,0,-1995,0,0
10247440611,0,0,0,0,0,0,6923,0,0,10247517611,0,0,0,0,0,0,-1981,0,0
10248560611,0,0,0,0,0,0,254,0,0,10248637611,0,0,0,0,0,0,552,0,0
10249680611,0,0,0,0,0,0,245,0,0,10249757611,0,0,0,0,0,0,654,0,0
10250800611,0,0,0,0,0,0,205,0,0,10250877611,0,0,0,0,0,0,624,0,0
10251920611,0,0,0,0,0,0,270,0,0,10251997611,0,0,0,0,0,0,579,0,0
10253040611,0,0,0,0,0,0,273,0,0,10253117611,0,0,0,0,0,0,585,0,0
10254160611,0,0,0,0,0,0,246,0,0,10254237611,0,0,0,0,0,0,647,0,0
10255280611,0,0,0,0,0,0,227,0,0,10255357611,0,0,0,0,0,0,585,0,0
10256400611,0,0,0,0,0,0,214,0,0,10256477611,0,0,0,0,0,0,569,0,0
10257520611,0,0,0,0,0,0,6512,0,0,10257597611,0,0,0,0,0,0,-2006,0,0
10258640611,0,0,0,0,0,0,6898,0,0,10258717611,0,0,0,0,0,0,-1970,0,0
10259760611,0,0,0,0,0,0,6885,0,0,10259837611,0,0,0,0,0,0,-2015,0,0
10260880611,0,0,0,0,0,0,6890,0,0,10260957611,0,0,0,0,0,0,-1994,0,0
10262000611,0,0,0,0,0,0,6892,0,0,10262077611,0,0,0,0,0,0,-2003,0,0
10263120611,0,0,0,0,0,0,6927,0,0,10263197611,0,0,0,0,0,0,-2028,0,0
10264240611,0,0,0,0,0,0,6903,0,0,10264317611,0,0,0,0,0,0,-2019,0,0
10265360611,0,0,0,0,0,0,6887,0,0,10265437611,0,0,0,0,0,0,-2036,0,0
10266480611,0,0,0,0,0,0,283,0,0,10266557611,0,0,0,0,0,0,600,0,0
10267600611,0,0,0,0,0,0,235,0,0,10267677611,0,0,0,0,0,0,646,0,0
10268720611,0,0,0,0,0,0,231,0,0,10268797611,0,0,0,0,0,0,573,0,0
10269840611,0,0,0,0,0,0,274,0,0,10269917611,0,0,0,0,0,0,586,0,0
10270960611,0,0,0,0,0,0,231,0,0,10271037611,0,0,0,0,0,0,612,0,0
10272080611,0,0,0,0,0,0,233,0,0,10272157611,0,0,0,0,0,0,606,0,0
10273200611,0,0,0,0,0,0,258,0,0,10273277611,0,0,0,0,0,0,585,0,0
10274320611,0,0,0,0,0,0,236,0,0,10274397611,0,0,0,0,0,0,627,0,0
10275440611,0,0,0,0,0,0,6123,0,0,10275517611,0,0,0,0,0,0,-1900,0,0
10276560611,0,0,0,0,0,0,6882,0,0,10276637611,0,0,0,0,0,0,-2006,0,0
10277680611,0,0,0,0,0,0,6917,0,0,10277757611,0,0,0,0,0,0,-2021,0,0
10278800611,0,0,0,0,0,0,6903,0,0,10278877611,0,0,0,0,0,0,-1994,0,0
10279920611,0,0,0,0,0,0,6930,0,0,10279997611,0,0,0,0,0,0,-1967,0,0
10281040611,0,0,0,0,0,0,6883,0,0,10281117611,0,0,0,0,0,0,-2020,0,0
10282160611,0,0,0,0,0,0,6847,0,0,10282237611,0,0,0,0,0,0,-1993,0,0
10283280611,0,0,0,0,0,0,6950,0,0,10283357611,0,0,0,0,0,0,-1938,0,0
10284400611,0,0,0,0,0,0,435,0,0,10284477611,0,0,0,0,0,0,619,0,0
10285520611,0,0,0,0,0,0,216,0,0,10285597611,0,0,0,0,0,0,562,0,0
10286640611,0,0,0,0,0,0,229,0,0,10286717611,0,0,0,0,0,0,588,0,0
10287760611,0,0,0,0,0,0,236,0,0,10287837611,0,0,0,0,0,0,678,0,0
10288880611,0,0,0,0,0,0,256,0,0,10288957611,0,0,0,0,0,0,611,0,0
10290000611,0,0,0,0,0,0,182,0,0,10290077611,0,0,0,0,0,0,576,0,0
10291120611,0,0,0,0,0,0,242,0,0,10291197611,0,0,0,0,0,0,622,0,0
10292240611,0,0,0,0,0,0,218,0,0,10292317611,0,0,0,0,0,0,626,0,0
10293360611,0,0,0,0,0,0,5243,0,0,10293437611,0,0,0,0,0,0,-1916,0,0
10294480611,0,0,0,0,0,0,6909,0,0,10294557611,0,0,0,0,0,0,-2034,0,0
10295600611,0,0,0,0,0,0,6851,0,0,10295677611,0,0,0,0,0,0,-2006,0,0
10296720611,0,0,0,0,0,0,6906,0,0,10296797611,0,0,0,0,0,0,-1979,0,0
10297840611,0,0,0,0,0,0,6883,0,0,10297917611,0,0,0,0,0,0,-1965,0,0
10298960611,0,0,0,0,0,0,6953,0,0,10299037611,0,0,0,0,0,0,-1971,0,0
10300080611,0,0,0,0,0,0,6931,0,0,10300157611,0,0,0,0,0,0,-1995,0,0
10301200611,0,0,0,0,0,0,6898,0,0,10301277611,0,0,0,0,0,0,-1996,0,0
10302320611,0,0,0,0,0,0,1715,0,0,10302397611,0,0,0,0,0,0,622,0,0
10303440611,0,0,0,0,0,0,229,0,0,10303517611,0,0,0,0,0,0,628,0,0
10304560611,0,0,0,0,0,0,259,0,0,10304637611,0,0,0,0,0,0,614,0,0
10305680611,0,0,0,0,0,0,242,0,0,10305757611,0,0,0,0,0,0,616,0,0
10306800611,0,0,0,0,0,0,257,0,0,10306877611,0,0,0,0,0,0,645,0,0
10307920611,0,0,0,0,0,0,215,0,0,10307997611,0,0,0,0,0,0,585,0,0
10309040611,0,0,0,0,0,0,279,0,0,10309117611,0,0,0,0,0,0,608,0,0
10310160611,0,0,0,0,0,0,255,0,0,10310237611,0,0,0,0,0,0,582,0,0
10311280611,0,0,0,0,0,0,3402,0,0,10311357611,0,0,0,0,0,0,-1780,0,0
10312400611,0,0,0,0,0,0,6944,0,0,10312477611,0,0,0,0,0,0,-2001,0,0
10313520611,0,0,0,0,0,0,6902,0,0,10313597611,0,0,0,0,0,0,-1982,0,0
10314640611,0,0,0,0,0,0,6940,0,0,10314717611,0,0,0,0,0,0,-1981,0,0
10315760611,0,0,0,0,0,0,6909,0,0,10315837611,0,0,0,0,0,0,-2015,0,0
10316880611,0,0,0,0,0,0,6932,0,0,10316957611,0,0,0,0,0,0,-2016,0,0
10318000611,0,0,0,0,0,0,6874,0,0,10318077611,0,0,0,0,0,0,-2015,0,0
10319120611,0,0,0,0,0,0,6842,0,0,10319197611,0,0,0,0,0,0,-1932,0,0
10320240611,0,0,0,0,0,0,5240,0,0,10320317611,0,0,0,0,0,0,608,0,0
10321360611,0,0,0,0,0,0,235,0,0,10321437611,0,0,0,0,0,0,644,0,0
10322480611,0,0,0,0,0,0,252,0,0,10322557611,0,0,0,0,0,0,592,0,0
10323600611,0,0,0,0,0,0,224,0,0,10323677611,0,0,0,0,0,0,573,0,0
10324720611,0,0,0,0,0,0,270,0,0,10324797611,0,0,0,0,0,0,595,0,0
10325840611,0,0,0,0,0,0,274,0,0,10325917611,0,0,0,0,0,0,609,0,0
10326960611,0,0,0,0,0,0,305,0,0,10327037611,0,0,0,0,0,0,621,0,0
10328080611,0,0,0,0,0,0,208,0,0,10328157611,0,0,0,0,0,0,626,0,0
10329200611,0,0,0,0,0,0,279,0,0,10329277611,0,0,0,0,0,0,-1571,0,0
10330320611,0,0,0,0,0,0,6920,0,0,10330397611,0,0,0,0,0,0,-1991,0,0
10331440611,0,0,0,0,0,0,6916,0,0,10331517611,0,0,0,0,0,0,-2005,0,0
10332560611,0,0,0,0,0,0,6964,0,0,10332637611,0,0,0,0,0,0,-1990,0,0
10333680611,0,0,0,0,0,0,6889,0,0,10333757611,0,0,0,0,0,0,-2023,0,0
10334800611,0,0,0,0,0,0,6871,0,0,10334877611,0,0,0,0,0,0,-2012,0,0
10335920611,0,0,0,0,0,0,6937,0,0,10335997611,0,0,0,0,0,0,-1963,0,0
10337040611,0,0,0,0,0,0,6942,0,0,10337117611,0,0,0,0,0,0,-2030,0,0
10338160611,0,0,0,0,0,0,6920,0,0,10338237611,0,0,0,0,0,0,428,0,0
10339280611,0,0,0,0,0,0,238,0,0,10339357611,0,0,0,0,0,0,602,0,0
10340400611,0,0,0,0,0,0,232,0,0,10340477611,0,0,0,0,0,0,629,0,0
10341520611,0,0,0,0,0,0,220,0,0,10341597611,0,0,0,0,0,0,634,0,0
10342640611,0,0,0,0,0,0,202,0,0,10342717611,0,0,0,0,0,0,594,0,0
10343760611,0,0,0,0,0,0,212,0,0,10343837611,0,0,0,0,0,0,632,0,0
10344880611,0,0,0,0,0,0,242,0,0,10344957611,0,0,0,0,0,0,611,0,0
10346000611,0,0,0,0,0,0,239,0,0,10346077611,0,0,0,0,0,0,571,0,0
10347120611,0,0,0,0,0,0,218,0,0,10347197611,0,0,0,0,0,0,613,0,0
10348240611,0,0,0,0,0,0,236,0,0,10348317611,0,0,0,0,0,0,581,0,0
10349360611,0,0,0,0,0,0,216,0,0,10349437611,0,0,0,0,0,0,558,0,0
10350480611,0,0,0,0,0,0,197,0,0,10350557611,0,0,0,0,0,0,600,0,0
10351600611,0,0,0,0,0,0,243,0,0,10351677611,0,0,0,0,0,0,603,0,0
10352720611,0,0,0,0,0,0,237,0,0,10352797611,0,0,0,0,0,0,611,0,0
10353840611,0,0,0,0,0,0,260,0,0,10353917611,0,0,0,0,0,0,644,0,0
10354960611,0,0,0,0,0,0,265,0,0,10355037611,0,0,0,0,0,0,596,0,0
10356080611,0,0,0,0,0,0,204,0,0,10356157611,0,0,0,0,0,0,604,0,0
10357200611,0,0,0,0,0,0,261,0,0,10357277611,0,0,0,0,0,0,593,0,0
10358320611,0,0,0,0,0,0,259,0,0,10358397611,0,0,0,0,0,0,586,0,0
10359440611,0,0,0,0,0,0,228,0,0,10359517611,0,0,0,0,0,0,588,0,0
10360560611,0,0,0,0,0,0,212,0,0,10360637611,0,0,0,0,0,0,625,0,0
10361680611,0,0,0,0,0,0,238,0,0,10361757611,0,0,0,0,0,0,652,0,0
10362800611,0,0,0,0,0,0,238,0,0,10362877611,0,0,0,0,0,0,565,0,0
10363920611,0,0,0,0,0,0,279,0,0,10363997611,0,0,0,0,0,0,603,0,0
10365040611,0,0,0,0,0,0,275,0,0,10365117611,0,0,0,0,0,0,644,0,0
10366160611,0,0,0,0,0,0,208,0,0,10366237611,0,0,0,0,0,0,575,0,0
10367280611,0,0,0,0,0,0,276,0,0,10367357611,0,0,0,0,0,0,571,0,0
10368400611,0,0,0,0,0,0,229,0,0,10368477611,0,0,0,0,0,0,636,0,0
10369520611,0,0,0,0,0,0,251,0,0,10369597611,0,0,0,0,0,0,591,0,0
10370640611,0,0,0,0,0,0,214,0,0,10370717611,0,0,0,0,0,0,628,0,0
10371760611,0,0,0,0,0,0,250,0,0,10371837611,0,0,0,0,0,0,620,0,0
10372880611,0,0,0,0,0,0,233,0,0,10372957611,0,0,0,0,0,0,619,0,0
10374000611,0,0,0,0,0,0,251,0,0,10374077611,0,0,0,0,0,0,597,0,0
10375120611,0,0,0,0,0,0,215,0,0,10375197611,0,0,0,0,0,0,603,0,0
10376240611,0,0,0,0,0,0,251,0,0,10376317611,0,0,0,0,0,0,617,0,0
10377360611,0,0,0,0,0,0,238,0,0,10377437611,0,0,0,0,0,0,664,0,0
10378480611,0,0,0,0,0,0,201,0,0,10378557611,0,0,0,0,0,0,632,0,0
10379600611,0,0,0,0,0,0,273,0,0,10379677611,0,0,0,0,0,0,602,0,0
10380720611,0,0,0,0,0,0,247,0,0,10380797611,0,0,0,0,0,0,630,0,0
10381840611,0,0,0,0,0,0,188,0,0,10381917611,0,0,0,0,0,0,555,0,0
10382960611,0,0,0,0,0,0,256,0,0,10383037611,0,0,0,0,0,0,577,0,0
10384080611,0,0,0,0,0,0,247,0,0,10384157611,0,0,0,0,0,0,615,0,0
10385200611,0,0,0,0,0,0,264,0,0,10385277611,0,0,0,0,0,0,632,0,0
10386320611,0,0,0,0,0,0,233,0,0,10386397611,0,0,0,0,0,0,637,0,0
10387440611,0,0,0,0,0,0,231,0,0,10387517611,0,0,0,0,0,0,599,0,0
10388560611,0,0,0,0,0,0,216,0,0,10388637611,0,0,0,0,0,0,637,0,0
10389680611,0,0,0,0,0,0,237,0,0,10389757611,0,0,0,0,0,0,605,0,0
10390800611,0,0,0,0,0,0,224,0,0,10390877611,0,0,0,0,0,0,617,0,0
10391920611,0,0,0,0,0,0,284,0,0,10391997611,0,0,0,0,0,0,596,0,0
10393040611,0,0,0,0,0,0,231,0,0,10393117611,0,0,0,0,0,0,578,0,0
10394160611,0,0,0,0,0,0,214,0,0,10394237611,0,0,0,0,0,0,636,0,0
10395280611,0,0,0,0,0,0,221,0,0,10395357611,0,0,0,0,0,0,619,0,0
10396400611,0,0,0,0,0,0,229,0,0,10396477611,0,0,0,0,0,0,620,0,0
10397520611,0,0,0,0,0,0,270,0,0,10397597611,0,0,0,0,0,0,675,0,0
10398640611,0,0,0,0,0,0,242,0,0,10398717611,0,0,0,0,0,0,601,0,0
10399760611,0,0,0,0,0,0,232,0,0,10399837611,0,0,0,0,0,0,629,0,0
10400880611,0,0,0,0,0,0,238,0,0,10400957611,0,0,0,0,0,0,619,0,0
10402000611,0,0,0,0,0,0,183,0,0,10402077611,0,0,0,0,0,0,564,0,0
10403120611,0,0,0,0,0,0,231,0,0,10403197611,0,0,0,0,0,0,664,0,0
10404240611,0,0,0,0,0,0,243,0,0,10404317611,0,0,0,0,0,0,604,0,0
10405360611,0,0,0,0,0,0,227,0,0,10405437611,0,0,0,0,0,0,583,0,0
10406480611,0,0,0,0,0,0,213,0,0,10406557611,0,0,0,0,0,0,582,0,0
10407600611,0,0,0,0,0,0,226,0,0,10407677611,0,0,0,0,0,0,579,0,0
10408720611,0,0,0,0,0,0,307,0,0,10408797611,0,0,0,0,0,0,636,0,0
10409840611,0,0,0,0,0,0,250,0,0,10409917611,0,0,0,0,0,0,615,0,0
10410960611,0,0,0,0,0,0,241,0,0,10411037611,0,0,0,0,0,0,613,0,0
10412080611,0,0,0,0,0,0,248,0,0,10412157611,0,0,0,0,0,0,611,0,0
10413200611,0,0,0,0,0,0,226,0,0,10413277611,0,0,0,0,0,0,586,0,0
10414320611,0,0,0,0,0,0,251,0,0,10414397611,0,0,0,0,0,0,622,0,0
10415440611,0,0,0,0,0,0,206,0,0,10415517611,0,0,0,0,0,0,602,0,0
10416560611,0,0,0,0,0,0,243,0,0,10416637611,0,0,0,0,0,0,637,0,0
10417680611,0,0,0,0,0,0,219,0,0,10417757611,0,0,0,0,0,0,603,0,0
10418800611,0,0,0,0,0,0,253,0,0,10418877611,0,0,0,0,0,0,592,0,0
10419920611,0,0,0,0,0,0,263,0,0,10419997611,0,0,0,0,0,0,564,0,0
10421040611,0,0,0,0,0,0,239,0,0,10421117611,0,0,0,0,0,0,601,0,0
10422160611,0,0,0,0,0,0,221,0,0,10422237611,0,0,0,0,0,0,576,0,0
10423280611,0,0,0,0,0,0,243,0,0,10423357611,0,0,0,0,0,0,593,0,0
10424400611,0,0,0,0,0,0,252,0,0,10424477611,0,0,0,0,0,0,592,0,0
10425520611,0,0,0,0,0,0,251,0,0,10425597611,0,0,0,0,0,0,601,0,0
10426640611,0,0,0,0,0,0,228,0,0,10426717611,0,0,0,0,0,0,603,0,0
10427760611,0,0,0,0,0,0,254,0,0,10427837611,0,0,0,0,0,0,574,0,0
10428880611,0,0,0,0,0,0,251,0,0,10428957611,0,0,0,0,0,0,614,0,0
10430000611,0,0,0,0,0,0,263,0,0,10430077611,0,0,0,0,0,0,623,0,0
10431120611,0,0,0,0,0,0,243,0,0,10431197611,0,0,0,0,0,0,594,0,0
10432240611,0,0,0,0,0,0,229,0,0,10432317611,0,0,0,0,0,0,567,0,0
10433360611,0,0,0,0,0,0,207,0,0,10433437611,0,0,0,0,0,0,600,0,0
10434480611,0,0,0,0,0,0,265,0,0,10434557611,0,0,0,0,0,0,607,0,0
10435600611,0,0,0,0,0,0,240,0,0,10435677611,0,0,0,0,0,0,632,0,0
10436720611,0,0,0,0,0,0,248,0,0,10436797611,0,0,0,0,0,0,601,0,0
10437840611,0,0,0,0,0,0,224,0,0,10437917611,0,0,0,0,0,0,634,0,0
10438960611,0,0,0,0,0,0,224,0,0,10439037611,0,0,0,0,0,0,629,0,0
10440080611,0,0,0,0,0,0,302,0,0,10440157611,0,0,0,0,0,0,597,0,0
10441200611,0,0,0,0,0,0,191,0,0,10441277611,0,0,0,0,0,0,581,0,0
10442320611,0,0,0,0,0,0,226,0,0,10442397611,0,0,0,0,0,0,599,0,0
10443440611,0,0,0,0,0,0,242,0,0,10443517611,0,0,0,0,0,0,610,0,0
10444560611,0,0,0,0,0,0,237,0,0,10444637611,0,0,0,0,0,0,624,0,0
10445680611,0,0,0,0,0,0,237,0,0,10445757611,0,0,0,0,0,0,566,0,0
10446800611,0,0,0,0,0,0,286,0,0,10446877611,0,0,0,0,0,0,605,0,0
10447920611,0,0,0,0,0,0,271,0,0,10447997611,0,0,0,0,0,0,619,0,0
10449040611,0,0,0,0,0,0,267,0,0,10449117611,0,0,0,0,0,0,644,0,0
10450160611,0,0,0,0,0,0,248,0,0,10450237611,0,0,0,0,0,0,582,0,0
10451280611,0,0,0,0,0,0,210,0,0,10451357611,0,0,0,0,0,0,602,0,0
10452400611,0,0,0,0,0,0,221,0,0,10452477611,0,0,0,0,0,0,581,0,0
10453520611,0,0,0,0,0,0,218,0,0,10453597611,0,0,0,0,0,0,635,0,0
10454640611,0,0,0,0,0,0,205,0,0,10454717611,0,0,0,0,0,0,610,0,0
10455760611,0,0,0,0,0,0,247,0,0,10455837611,0,0,0,0,0,0,584,0,0
10456880611,0,0,0,0,0,0,231,0,0,10456957611,0,0,0,0,0,0,616,0,0
10458000611,0,0,0,0,0,0,252,0,0,10458077611,0,0,0,0,0,0,592,0,0
10459120611,0,0,0,0,0,0,206,0,0,10459197611,0,0,0,0,0,0,634,0,0
10460240611,0,0,0,0,0,0,2046,0,0,10460317611,0,0,0,0,0,0,-1751,0,0
10461360611,0,0,0,0,0,0,6938,0,0,10461437611,0,0,0,0,0,0,-2000,0,0
10462480611,0,0,0,0,0,0,6938,0,0,10462557611,0,0,0,0,0,0,-2004,0,0
10463600611,0,0,0,0,0,0,6878,0,0,10463677611,0,0,0,0,0,0,-2043,0,0
10464720611,0,0,0,0,0,0,6905,0,0,10464797611,0,0,0,0,0,0,-1988,0,0
10465840611,0,0,0,0,0,0,6941,0,0,10465917611,0,0,0,0,0,0,-1999,0,0
10466960611,0,0,0,0,0,0,6948,0,0,10467037611,0,0,0,0,0,0,-2009,0,0
10468080611,0,0,0,0,0,0,6948,0,0,10468157611,0,0,0,0,0,0,-2000,0,0
10469200611,0,0,0,0,0,0,4698,0,0,10469277611,0,0,0,0,0,0,575,0,0
10470320611,0,0,0,0,0,0,234,0,0,10470397611,0,0,0,0,0,0,610,0,0
10471440611,0,0,0,0,0,0,226,0,0,10471517611,0,0,0,0,0,0,610,0,0
10472560611,0,0,0,0,0,0,245,0,0,10472637611,0,0,0,0,0,0,608,0,0
10473680611,0,0,0,0,0,0,264,0,0,10473757611,0,0,0,0,0,0,584,0,0
10474800611,0,0,0,0,0,0,218,0,0,10474877611,0,0,0,0,0,0,552,0,0
10475920611,0,0,0,0,0,0,236,0,0,10475997611,0,0,0,0,0,0,601,0,0
10477040611,0,0,0,0,0,0,237,0,0,10477117611,0,0,0,0,0,0,626,0,0
10478160611,0,0,0,0,0,0,239,0,0,10478237611,0,0,0,0,0,0,-1608,0,0
10479280611,0,0,0,0,0,0,6908,0,0,10479357611,0,0,0,0,0,0,-2036,0,0
10480400611,0,0,0,0,0,0,6922,0,0,10480477611,0,0,0,0,0,0,-1983,0,0
10481520611,0,0,0,0,0,0,6908,0,0,10481597611,0,0,0,0,0,0,-2023,0,0
10482640611,0,0,0,0,0,0,6926,0,0,10482717611,0,0,0,0,0,0,-2021,0,0
10483760611,0,0,0,0,0,0,6895,0,0,10483837611,0,0,0,0,0,0,-2017,0,0
10484880611,0,0,0,0,0,0,6935,0,0,10484957611,0,0,0,0,0,0,-2025,0,0
10486000611,0,0,0,0,0,0,6940,0,0,10486077611,0,0,0,0,0,0,-1991,0,0
10487120611,0,0,0,0,0,0,6900,0,0,10487197611,0,0,0,0,0,0,433,0,0
10488240611,0,0,0,0,0,0,284,0,0,10488317611,0,0,0,0,0,0,643,0,0
10489360611,0,0,0,0,0,0,258,0,0,10489437611,0,0,0,0,0,0,639,0,0
10490480611,0,0,0,0,0,0,223,0,0,10490557611,0,0,0,0,0,0,569,0,0
10491600611,0,0,0,0,0,0,223,0,0,10491677611,0,0,0,0,0,0,581,0,0
10492720611,0,0,0,0,0,0,295,0,0,10492797611,0,0,0,0,0,0,622,0,0
10493840611,0,0,0,0,0,0,227,0,0,10493917611,0,0,0,0,0,0,625,0,0
10494960611,0,0,0,0,0,0,247,0,0,10495037611,0,0,0,0,0,0,617,0,0
10496080611,0,0,0,0,0,0,265,0,0,10496157611,0,0,0,0,0,0,-1208,0,0
10497200611,0,0,0,0,0,0,6921,0,0,10497277611,0,0,0,0,0,0,-2016,0,0
10498320611,0,0,0,0,0,0,6931,0,0,10498397611,0,0,0,0,0,0,-1998,0,0
10499440611,0,0,0,0,0,0,6912,0,0,10499517611,0,0,0,0,0,0,-2012,0,0
10500560611,0,0,0,0,0,0,6879,0,0,10500637611,0,0,0,0,0,0,-1991,0,0
10501680611,0,0,0,0,0,0,6912,0,0,10501757611,0,0,0,0,0,0,-2048,0,0
10502800611,0,0,0,0,0,0,6924,0,0,10502877611,0,0,0,0,0,0,-2018,0,0
10503920611,0,0,0,0,0,0,6937,0,0,10503997611,0,0,0,0,0,0,-1985,0,0
10505040611,0,0,0,0,0,0,6936,0,0,10505117611,0,0,0,0,0,0,-254,0,0
10506160611,0,0,0,0,0,0,239,0,0,10506237611,0,0,0,0,0,0,619,0,0
10507280611,0,0,0,0,0,0,256,0,0,10507357611,0,0,0,0,0,0,623,0,0
10508400611,0,0,0,0,0,0,206,0,0,10508477611,0,0,0,0,0,0,652,0,0
10509520611,0,0,0,0,0,0,257,0,0,10509597611,0,0,0,0,0,0,640,0,0
10510640611,0,0,0,0,0,0,193,0,0,10510717611,0,0,0,0,0,0,633,0,0
10511760611,0,0,0,0,0,0,226,0,0,10511837611,0,0,0,0,0,0,587,0,0
10512880611,0,0,0,0,0,0,271,0,0,10512957611,0,0,0,0,0,0,647,0,0
10514000611,0,0,0,0,0,0,216,0,0,10514077611,0,0,0,0,0,0,-341,0,0
10515120611,0,0,0,0,0,0,6973,0,0,10515197611,0,0,0,0,0,0,-2021,0,0
10516240611,0,0,0,0,0,0,6902,0,0,10516317611,0,0,0,0,0,0,-1980,0,0
10517360611,0,0,0,0,0,0,6907,0,0,10517437611,0,0,0,0,0,0,-1970,0,0
10518480611,0,0,0,0,0,0,6886,0,0,10518557611,0,0,0,0,0,0,-2014,0,0
10519600611,0,0,0,0,0,0,6924,0,0,10519677611,0,0,0,0,0,0,-2025,0,0
10520720611,0,0,0,0,0,0,6956,0,0,10520797611,0,0,0,0,0,0,-1999,0,0
10521840611,0,0,0,0,0,0,6906,0,0,10521917611,0,0,0,0,0,0,-2007,0,0
10522960611,0,0,0,0,0,0,6898,0,0,10523037611,0,0,0,0,0,0,-1764,0,0
10524080611,0,0,0,0,0,0,218,0,0,10524157611,0,0,0,0,0,0,585,0,0
10525200611,0,0,0,0,0,0,265,0,0,10525277611,0,0,0,0,0,0,567,0,0
10526320611,0,0,0,0,0,0,289,0,0,10526397611,0,0,0,0,0,0,597,0,0
10527440611,0,0,0,0,0,0,223,0,0,10527517611,0,0,0,0,0,0,611,0,0
10528560611,0,0,0,0,0,0,262,0,0,10528637611,0,0,0,0,0,0,625,0,0
10529680611,0,0,0,0,0,0,269,0,0,10529757611,0,0,0,0,0,0,597,0,0
10530800611,0,0,0,0,0,0,202,0,0,10530877611,0,0,0,0,0,0,583,0,0
10531920611,0,0,0,0,0,0,245,0,0,10531997611,0,0,0,0,0,0,621,0,0
10533040611,0,0,0,0,0,0,6890,0,0,10533117611,0,0,0,0,0,0,-2013,0,0
10534160611,0,0,0,0,0,0,6898,0,0,10534237611,0,0,0,0,0,0,-2062,0,0
10535280611,0,0,0,0,0,0,6906,0,0,10535357611,0,0,0,0,0,0,-2002,0,0
10536400611,0,0,0,0,0,0,6887,0,0,10536477611,0,0,0,0,0,0,-1998,0,0
10537520611,0,0,0,0,0,0,6925,0,0,10537597611,0,0,0,0,0,0,-2031,0,0
10538640611,0,0,0,0,0,0,6968,0,0,10538717611,0,0,0,0,0,0,-2029,0,0
10539760611,0,0,0,0,0,0,6927,0,0,10539837611,0,0,0,0,0,0,-2044,0,0
10540880611,0,0,0,0,0,0,6882,0,0,10540957611,0,0,0,0,0,0,-2024,0,0
10542000611,0,0,0,0,0,0,246,0,0,10542077611,0,0,0,0,0,0,568,0,0
10543120611,0,0,0,0,0,0,236,0,0,10543197611,0,0,0,0,0,0,608,0,0
10544240611,0,0,0,0,0,0,221,0,0,10544317611,0,0,0,0,0,0,627,0,0
10545360611,0,0,0,0,0,0,217,0,0,10545437611,0,0,0,0,0,0,574,0,0
10546480611,0,0,0,0,0,0,277,0,0,10546557611,0,0,0,0,0,0,669,0,0
10547600611,0,0,0,0,0,0,231,0,0,10547677611,0,0,0,0,0,0,615,0,0
10548720611,0,0,0,0,0,0,243,0,0,10548797611,0,0,0,0,0,0,639,0,0
10549840611,0,0,0,0,0,0,225,0,0,10549917611,0,0,0,0,0,0,628,0,0
10550960611,0,0,0,0,0,0,6936,0,0,10551037611,0,0,0,0,0,0,-2023,0,0
10552080611,0,0,0,0,0,0,6923,0,0,10552157611,0,0,0,0,0,0,-2007,0,0
10553200611,0,0,0,0,0,0,6863,0,0,10553277611,0,0,0,0,0,0,-2017,0,0
10554320611,0,0,0,0,0,0,6878,0,0,10554397611,0,0,0,0,0,0,-1994,0,0
10555440611,0,0,0,0,0,0,6929,0,0,10555517611,0,0,0,0,0,0,-2034,0,0
10556560611,0,0,0,0,0,0,6914,0,0,10556637611,0,0,0,0,0,0,-2001,0,0
10557680611,0,0,0,0,0,0,6924,0,0,10557757611,0,0,0,0,0,0,-1998,0,0
10558800611,0,0,0,0,0,0,6935,0,0,10558877611,0,0,0,0,0,0,-1996,0,0
10559920611,0,0,0,0,0,0,269,0,0,10559997611,0,0,0,0,0,0,596,0,0
10561040611,0,0,0,0,0,0,244,0,0,10561117611,0,0,0,0,0,0,572,0,0
10562160611,0,0,0,0,0,0,246,0,0,10562237611,0,0,0,0,0,0,569,0,0
10563280611,0,0,0,0,0,0,206,0,0,10563357611,0,0,0,0,0,0,623,0,0
10564400611,0,0,0,0,0,0,211,0,0,10564477611,0,0,0,0,0,0,640,0,0
10565520611,0,0,0,0,0,0,254,0,0,10565597611,0,0,0,0,0,0,561,0,0
10566640611,0,0,0,0,0,0,215,0,0,10566717611,0,0,0,0,0,0,578,0,0
10567760611,0,0,0,0,0,0,206,0,0,10567837611,0,0,0,0,0,0,591,0,0
10568880611,0,0,0,0,0,0,6949,0,0,10568957611,0,0,0,0,0,0,-1993,0,0
10570000611,0,0,0,0,0,0,6876,0,0,10570077611,0,0,0,0,0,0,-1963,0,0
10571120611,0,0,0,0,0,0,6907,0,0,10571197611,0,0,0,0,0,0,-2009,0,0
10572240611,0,0,0,0,0,0,6924,0,0,10572317611,0,0,0,0,0,0,-2003,0,0
10573360611,0,0,0,0,0,0,6939,0,0,10573437611,0,0,0,0,0,0,-1987,0,0
10574480611,0,0,0,0,0,0,6887,0,0,10574557611,0,0,0,0,0,0,-1970,0,0
10575600611,0,0,0,0,0,0,6933,0,0,10575677611,0,0,0,0,0,0,-1980,0,0
10576720611,0,0,0,0,0,0,6941,0,0,10576797611,0,0,0,0,0,0,-1968,0,0
10577840611,0,0,0,0,0,0,222,0,0,10577917611,0,0,0,0,0,0,586,0,0
10578960611,0,0,0,0,0,0,264,0,0,10579037611,0,0,0,0,0,0,614,0,0
10580080611,0,0,0,0,0,0,192,0,0,10580157611,0,0,0,0,0,0,625,0,0
10581200611,0,0,0,0,0,0,261,0,0,10581277611,0,0,0,0,0,0,587,0,0
10582320611,0,0,0,0,0,0,212,0,0,10582397611,0,0,0,0,0,0,638,0,0
10583440611,0,0,0,0,0,0,220,0,0,10583517611,0,0,0,0,0,0,663,0,0
10584560611,0,0,0,0,0,0,266,0,0,10584637611,0,0,0,0,0,0,586,0,0
10585680611,0,0,0,0,0,0,255,0,0,10585757611,0,0,0,0,0,0,642,0,0
10586800611,0,0,0,0,0,0,6945,0,0,10586877611,0,0,0,0,0,0,-1981,0,0
10587920611,0,0,0,0,0,0,6902,0,0,10587997611,0,0,0,0,0,0,-2015,0,0
10589040611,0,0,0,0,0,0,6954,0,0,10589117611,0,0,0,0,0,0,-2014,0,0
10590160611,0,0,0,0,0,0,6858,0,0,10590237611,0,0,0,0,0,0,-2049,0,0
10591280611,0,0,0,0,0,0,6950,0,0,10591357611,0,0,0,0,0,0,-1987,0,0
10592400611,0,0,0,0,0,0,6939,0,0,10592477611,0,0,0,0,0,0,-2033,0,0
10593520611,0,0,0,0,0,0,6907,0,0,10593597611,0,0,0,0,0,0,-1969,0,0
10594640611,0,0,0,0,0,0,6937,0,0,10594717611,0,0,0,0,0,0,-1962,0,0
10595760611,0,0,0,0,0,0,255,0,0,10595837611,0,0,0,0,0,0,619,0,0
10596880611,0,0,0,0,0,0,245,0,0,10596957611,0,0,0,0,0,0,633,0,0
10598000611,0,0,0,0,0,0,235,0,0,10598077611,0,0,0,0,0,0,596,0,0
10599120611,0,0,0,0,0,0,243,0,0,10599197611,0,0,0,0,0,0,590,0,0
10600240611,0,0,0,0,0,0,205,0,0,10600317611,0,0,0,0,0,0,654,0,0
10601360611,0,0,0,0,0,0,248,0,0,10601437611,0,0,0,0,0,0,598,0,0
10602480611,0,0,0,0,0,0,243,0,0,10602557611,0,0,0,0,0,0,629,0,0
10603600611,0,0,0,0,0,0,246,0,0,10603677611,0,0,0,0,0,0,606,0,0
10604720611,0,0,0,0,0,0,6911,0,0,10604797611,0,0,0,0,0,0,-2001,0,0
10605840611,0,0,0,0,0,0,6926,0,0,10605917611,0,0,0,0,0,0,-1997,0,0
10606960611,0,0,0,0,0,0,6922,0,0,10607037611,0,0,0,0,0,0,-1975,0,0
10608080611,0,0,0,0,0,0,6902,0,0,10608157611,0,0,0,0,0,0,-2031,0,0
10609200611,0,0,0,0,0,0,6929,0,0,10609277611,0,0,0,0,0,0,-2000,0,0
10610320611,0,0,0,0,0,0,6909,0,0,10610397611,0,0,0,0,0,0,-1991,0,0
10611440611,0,0,0,0,0,0,6862,0,0,10611517611,0,0,0,0,0,0,-1976,0,0
10612560611,0,0,0,0,0,0,6894,0,0,10612637611,0,0,0,0,0,0,-2011,0,0
10613680611,0,0,0,0,0,0,187,0,0,10613757611,0,0,0,0,0,0,572,0,0
10614800611,0,0,0,0,0,0,212,0,0,10614877611,0,0,0,0,0,0,634,0,0
10615920611,0,0,0,0,0,0,247,0,0,10615997611,0,0,0,0,0,0,623,0,0
10617040611,0,0,0,0,0,0,236,0,0,10617117611,0,0,0,0,0,0,637,0,0
10618160611,0,0,0,0,0,0,257,0,0,10618237611,0,0,0,0,0,0,559,0,0
10619280611,0,0,0,0,0,0,236,0,0,10619357611,0,0,0,0,0,0,558,0,0
10620400611,0,0,0,0,0,0,271,0,0,10620477611,0,0,0,0,0,0,628,0,0
10621520611,0,0,0,0,0,0,258,0,0,10621597611,0,0,0,0,0,0,612,0,0
10622640611,0,0,0,0,0,0,6958,0,0,10622717611,0,0,0,0,0,0,-1995,0,0
10623760611,0,0,0,0,0,0,6926,0,0,10623837611,0,0,0,0,0,0,-1972,0,0
10624880611,0,0,0,0,0,0,6901,0,0,10624957611,0,0,0,0,0,0,-1984,0,0
10626000611,0,0,0,0,0,0,6870,0,0,10626077611,0,0,0,0,0,0,-1947,0,0
10627120611,0,0,0,0,0,0,6859,0,0,10627197611,0,0,0,0,0,0,-1992,0,0
10628240611,0,0,0,0,0,0,6910,0,0,10628317611,0,0,0,0,0,0,-1989,0,0
10629360611,0,0,0,0,0,0,6888,0,0,10629437611,0,0,0,0,0,0,-1989,0,0
10630480611,0,0,0,0,0,0,6904,0,0,10630557611,0,0,0,0,0,0,-2007,0,0
10631600611,0,0,0,0,0,0,192,0,0,10631677611,0,0,0,0,0,0,615,0,0
10632720611,0,0,0,0,0,0,194,0,0,10632797611,0,0,0,0,0,0,568,0,0
10633840611,0,0,0,0,0,0,263,0,0,10633917611,0,0,0,0,0,0,568,0,0
10634960611,0,0,0,0,0,0,244,0,0,10635037611,0,0,0,0,0,0,647,0,0
10636080611,0,0,0,0,0,0,228,0,0,10636157611,0,0,0,0,0,0,590,0,0
10637200611,0,0,0,0,0,0,251,0,0,10637277611,0,0,0,0,0,0,614,0,0
10638320611,0,0,0,0,0,0,254,0,0,10638397611,0,0,0,0,0,0,620,0,0
10639440611,0,0,0,0,0,0,220,0,0,10639517611,0,0,0,0,0,0,626,0,0
10640560611,0,0,0,0,0,0,6911,0,0,10640637611,0,0,0,0,0,0,-2005,0,0
10641680611,0,0,0,0,0,0,6918,0,0,10641757611,0,0,0,0,0,0,-1957,0,0
10642800611,0,0,0,0,0,0,6964,0,0,10642877611,0,0,0,0,0,0,-2030,0,0
10643920611,0,0,0,0,0,0,6950,0,0,10643997611,0,0,0,0,0,0,-2016,0,0
10645040611,0,0,0,0,0,0,6946,0,0,10645117611,0,0,0,0,0,0,-1979,0,0
10646160611,0,0,0,0,0,0,6939,0,0,10646237611,0,0,0,0,0,0,-1977,0,0
10647280611,0,0,0,0,0,0,6908,0,0,10647357611,0,0,0,0,0,0,-2023,0,0
10648400611,0,0,0,0,0,0,6896,0,0,10648477611,0,0,0,0,0,0,-1990,0,0
10649520611,0,0,0,0,0,0,228,0,0,10649597611,0,0,0,0,0,0,612,0,0
10650640611,0,0,0,0,0,0,233,0,0,10650717611,0,0,0,0,0,0,645,0,0
10651760611,0,0,0,0,0,0,215,0,0,10651837611,0,0,0,0,0,0,632,0,0
10652880611,0,0,0,0,0,0,219,0,0,10652957611,0,0,0,0,0,0,611,0,0
10654000611,0,0,0,0,0,0,254,0,0,10654077611,0,0,0,0,0,0,590,0,0
10655120611,0,0,0,0,0,0,272,0,0,10655197611,0,0,0,0,0,0,608,0,0
10656240611,0,0,0,0,0,0,243,0,0,10656317611,0,0,0,0,0,0,584,0,0
10657360611,0,0,0,0,0,0,225,0,0,10657437611,0,0,0,0,0,0,635,0,0
10658480611,0,0,0,0,0,0,6856,0,0,10658557611,0,0,0,0,0,0,-2033,0,0
10659600611,0,0,0,0,0,0,6905,0,0,10659677611,0,0,0,0,0,0,-2005,0,0
10660720611,0,0,0,0,0,0,6955,0,0,10660797611,0,0,0,0,0,0,-1986,0,0
10661840611,0,0,0,0,0,0,6946,0,0,10661917611,0,0,0,0,0,0,-1991,0,0
10662960611,0,0,0,0,0,0,6888,0,0,10663037611,0,0,0,0,0,0,-1999,0,0
10664080611,0,0,0,0,0,0,6918,0,0,10664157611,0,0,0,0,0,0,-2025,0,0
10665200611,0,0,0,0,0,0,6914,0,0,10665277611,0,0,0,0,0,0,-2018,0,0
10666320611,0,0,0,0,0,0,6896,0,0,10666397611,0,0,0,0,0,0,-2012,0,0
10667440611,0,0,0,0,0,0,256,0,0,10667517611,0,0,0,0,0,0,596,0,0
10668560611,0,0,0,0,0,0,239,0,0,10668637611,0,0,0,0,0,0,586,0,0
10669680611,0,0,0,0,0,0,264,0,0,10669757611,0,0,0,0,0,0,607,0,0
10670800611,0,0,0,0,0,0,203,0,0,10670877611,0,0,0,0,0,0,577,0,0
10671920611,0,0,0,0,0,0,253,0,0,10671997611,0,0,0,0,0,0,642,0,0
10673040611,0,0,0,0,0,0,191,0,0,10673117611,0,0,0,0,0,0,618,0,0
10674160611,0,0,0,0,0,0,245,0,0,10674237611,0,0,0,0,0,0,613,0,0
10675280611,0,0,0,0,0,0,266,0,0,10675357611,0,0,0,0,0,0,614,0,0
10676400611,0,0,0,0,0,0,6884,0,0,10676477611,0,0,0,0,0,0,-2028,0,0
10677520611,0,0,0,0,0,0,6925,0,0,10677597611,0,0,0,0,0,0,-2010,0,0
10678640611,0,0,0,0,0,0,6938,0,0,10678717611,0,0,0,0,0,0,-2024,0,0
10679760611,0,0,0,0,0,0,6900,0,0,10679837611,0,0,0,0,0,0,-1995,0,0
10680880611,0,0,0,0,0,0,6930,0,0,10680957611,0,0,0,0,0,0,-1992,0,0
10682000611,0,0,0,0,0,0,6912,0,0,10682077611,0,0,0,0,0,0,-2019,0,0
10683120611,0,0,0,0,0,0,6884,0,0,10683197611,0,0,0,0,0,0,-1982,0,0
10684240611,0,0,0,0,0,0,6920,0,0,10684317611,0,0,0,0,0,0,-1992,0,0
10685360611,0,0,0,0,0,0,225,0,0,10685437611,0,0,0,0,0,0,613,0,0
10686480611,0,0,0,0,0,0,249,0,0,10686557611,0,0,0,0,0,0,625,0,0
10687600611,0,0,0,0,0,0,204,0,0,10687677611,0,0,0,0,0,0,608,0,0
10688720611,0,0,0,0,0,0,208,0,0,10688797611,0,0,0,0,0,0,579,0,0
10689840611,0,0,0,0,0,0,249,0,0,10689917611,0,0,0,0,0,0,609,0,0
10690960611,0,0,0,0,0,0,238,0,0,10691037611,0,0,0,0,0,0,566,0,0
10692080611,0,0,0,0,0,0,200,0,0,10692157611,0,0,0,0,0,0,648,0,0
10693200611,0,0,0,0,0,0,236,0,0,10693277611,0,0,0,0,0,0,603,0,0
10694320611,0,0,0,0,0,0,6891,0,0,10694397611,0,0,0,0,0,0,-1984,0,0
10695440611,0,0,0,0,0,0,6902,0,0,10695517611,0,0,0,0,0,0,-1997,0,0
10696560611,0,0,0,0,0,0,6933,0,0,10696637611,0,0,0,0,0,0,-1997,0,0
10697680611,0,0,0,0,0,0,6911,0,0,10697757611,0,0,0,0,0,0,-1965,0,0
10698800611,0,0,0,0,0,0,6914,0,0,10698877611,0,0,0,0,0,0,-1964,0,0
10699920611,0,0,0,0,0,0,6929,0,0,10699997611,0,0,0,0,0,0,-1967,0,0
10701040611,0,0,0,0,0,0,6956,0,0,10701117611,0,0,0,0,0,0,-1997,0,0
10702160611,0,0,0,0,0,0,6909,0,0,10702237611,0,0,0,0,0,0,-2013,0,0
10703280611,0,0,0,0,0,0,249,0,0,10703357611,0,0,0,0,0,0,633,0,0
10704400611,0,0,0,0,0,0,239,0,0,10704477611,0,0,0,0,0,0,584,0,0
10705520611,0,0,0,0,0,0,258,0,0,10705597611,0,0,0,0,0,0,584,0,0
10706640611,0,0,0,0,0,0,235,0,0,10706717611,0,0,0,0,0,0,600,0,0
10707760611,0,0,0,0,0,0,199,0,0,10707837611,0,0,0,0,0,0,630,0,0
10708880611,0,0,0,0,0,0,259,0,0,10708957611,0,0,0,0,0,0,640,0,0
10710000611,0,0,0,0,0,0,267,0,0,10710077611,0,0,0,0,0,0,631,0,0
10711120611,0,0,0,0,0,0,245,0,0,10711197611,0,0,0,0,0,0,599,0,0
10712240611,0,0,0,0,0,0,6939,0,0,10712317611,0,0,0,0,0,0,-2013,0,0
10713360611,0,0,0,0,0,0,6941,0,0,10713437611,0,0,0,0,0,0,-2022,0,0
10714480611,0,0,0,0,0,0,6899,0,0,10714557611,0,0,0,0,0,0,-1954,0,0
10715600611,0,0,0,0,0,0,6885,0,0,10715677611,0,0,0,0,0,0,-2029,0,0
10716720611,0,0,0,0,0,0,6931,0,0,10716797611,0,0,0,0,0,0,-2015,0,0
10717840611,0,0,0,0,0,0,6884,0,0,10717917611,0,0,0,0,0,0,-2011,0,0
10718960611,0,0,0,0,0,0,6918,0,0,10719037611,0,0,0,0,0,0,-2010,0,0
10720080611,0,0,0,0,0,0,6910,0,0,10720157611,0,0,0,0,0,0,-1983,0,0
10721200611,0,0,0,0,0,0,251,0,0,10721277611,0,0,0,0,0,0,633,0,0
10722320611,0,0,0,0,0,0,206,0,0,10722397611,0,0,0,0,0,0,663,0,0
10723440611,0,0,0,0,0,0,257,0,0,10723517611,0,0,0,0,0,0,624,0,0
10724560611,0,0,0,0,0,0,255,0,0,10724637611,0,0,0,0,0,0,609,0,0
10725680611,0,0,0,0,0,0,244,0,0,10725757611,0,0,0,0,0,0,637,0,0
10726800611,0,0,0,0,0,0,233,0,0,10726877611,0,0,0,0,0,0,588,0,0
10727920611,0,0,0,0,0,0,217,0,0,10727997611,0,0,0,0,0,0,651,0,0
10729040611,0,0,0,0,0,0,259,0,0,10729117611,0,0,0,0,0,0,594,0,0
10730160611,0,0,0,0,0,0,6949,0,0,10730237611,0,0,0,0,0,0,-1997,0,0
10731280611,0,0,0,0,0,0,6886,0,0,10731357611,0,0,0,0,0,0,-2009,0,0
10732400611,0,0,0,0,0,0,6890,0,0,10732477611,0,0,0,0,0,0,-1955,0,0
10733520611,0,0,0,0,0,0,6960,0,0,10733597611,0,0,0,0,0,0,-2032,0,0
10734640611,0,0,0,0,0,0,6849,0,0,10734717611,0,0,0,0,0,0,-1949,0,0
10735760611,0,0,0,0,0,0,6911,0,0,10735837611,0,0,0,0,0,0,-1981,0,0
10736880611,0,0,0,0,0,0,6912,0,0,10736957611,0,0,0,0,0,0,-1972,0,0
10738000611,0,0,0,0,0,0,6882,0,0,10738077611,0,0,0,0,0,0,-1982,0,0
10739120611,0,0,0,0,0,0,222,0,0,10739197611,0,0,0,0,0,0,592,0,0
10740240611,0,0,0,0,0,0,229,0,0,10740317611,0,0,0,0,0,0,614,0,0
10741360611,0,0,0,0,0,0,228,0,0,10741437611,0,0,0,0,0,0,655,0,0
10742480611,0,0,0,0,0,0,265,0,0,10742557611,0,0,0,0,0,0,609,0,0
10743600611,0,0,0,0,0,0,219,0,0,10743677611,0,0,0,0,0,0,589,0,0
10744720611,0,0,0,0,0,0,258,0,0,10744797611,0,0,0,0,0,0,597,0,0
10745840611,0,0,0,0,0,0,236,0,0,10745917611,0,0,0,0,0,0,593,0,0
10746960611,0,0,0,0,0,0,241,0,0,10747037611,0,0,0,0,0,0,599,0,0
10748080611,0,0,0,0,0,0,6931,0,0,10748157611,0,0,0,0,0,0,-2014,0,0
10749200611,0,0,0,0,0,0,6914,0,0,10749277611,0,0,0,0,0,0,-2001,0,0
10750320611,0,0,0,0,0,0,6900,0,0,10750397611,0,0,0,0,0,0,-1998,0,0
10751440611,0,0,0,0,0,0,6867,0,0,10751517611,0,0,0,0,0,0,-2014,0,0
10752560611,0,0,0,0,0,0,6942,0,0,10752637611,0,0,0,0,0,0,-2004,0,0
10753680611,0,0,0,0,0,0,6896,0,0,10753757611,0,0,0,0,0,0,-2000,0,0
10754800611,0,0,0,0,0,0,6939,0,0,10754877611,0,0,0,0,0,0,-2061,0,0
10755920611,0,0,0,0,0,0,6879,0,0,10755997611,0,0,0,0,0,0,-2013,0,0
10757040611,0,0,0,0,0,0,254,0,0,10757117611,0,0,0,0,0,0,625,0,0
10758160611,0,0,0,0,0,0,270,0,0,10758237611,0,0,0,0,0,0,597,0,0
10759280611,0,0,0,0,0,0,224,0,0,10759357611,0,0,0,0,0,0,596,0,0
10760400611,0,0,0,0,0,0,274,0,0,10760477611,0,0,0,0,0,0,593,0,0
10761520611,0,0,0,0,0,0,257,0,0,10761597611,0,0,0,0,0,0,606,0,0
10762640611,0,0,0,0,0,0,258,0,0,10762717611,0,0,0,0,0,0,624,0,0
10763760611,0,0,0,0,0,0,236,0,0,10763837611,0,0,0,0,0,0,577,0,0
10764880611,0,0,0,0,0,0,234,0,0,10764957611,0,0,0,0,0,0,582,0,0
10766000611,0,0,0,0,0,0,6903,0,0,10766077611,0,0,0,0,0,0,-1984,0,0
10767120611,0,0,0,0,0,0,6965,0,0,10767197611,0,0,0,0,0,0,-1971,0,0
10768240611,0,0,0,0,0,0,6879,0,0,10768317611,0,0,0,0,0,0,-1996,0,0
10769360611,0,0,0,0,0,0,6893,0,0,10769437611,0,0,0,0,0,0,-1962,0,0
10770480611,0,0,0,0,0,0,6926,0,0,10770557611,0,0,0,0,0,0,-2050,0,0
10771600611,0,0,0,0,0,0,6893,0,0,10771677611,0,0,0,0,0,0,-2003,0,0
10772720611,0,0,0,0,0,0,6907,0,0,10772797611,0,0,0,0,0,0,-1983,0,0
10773840611,0,0,0,0,0,0,6928,0,0,10773917611,0,0,0,0,0,0,-2013,0,0
10774960611,0,0,0,0,0,0,212,0,0,10775037611,0,0,0,0,0,0,630,0,0
10776080611,0,0,0,0,0,0,256,0,0,10776157611,0,0,0,0,0,0,594,0,0
10777200611,0,0,0,0,0,0,223,0,0,10777277611,0,0,0,0,0,0,603,0,0
10778320611,0,0,0,0,0,0,238,0,0,10778397611,0,0,0,0,0,0,641,0,0
10779440611,0,0,0,0,0,0,200,0,0,10779517611,0,0,0,0,0,0,644,0,0
10780560611,0,0,0,0,0,0,238,0,0,10780637611,0,0,0,0,0,0,640,0,0
10781680611,0,0,0,0,0,0,217,0,0,10781757611,0,0,0,0,0,0,611,0,0
10782800611,0,0,0,0,0,0,233,0,0,10782877611,0,0,0,0,0,0,572,0,0
10783920611,0,0,0,0,0,0,6936,0,0,10783997611,0,0,0,0,0,0,-2009,0,0
10785040611,0,0,0,0,0,0,6941,0,0,10785117611,0,0,0,0,0,0,-2010,0,0
10786160611,0,0,0,0,0,0,6865,0,0,10786237611,0,0,0,0,0,0,-1999,0,0
10787280611,0,0,0,0,0,0,6916,0,0,10787357611,0,0,0,0,0,0,-2027,0,0
10788400611,0,0,0,0,0,0,6963,0,0,10788477611,0,0,0,0,0,0,-1947,0,0
10789520611,0,0,0,0,0,0,6929,0,0,10789597611,0,0,0,0,0,0,-1980,0,0
10790640611,0,0,0,0,0,0,6937,0,0,10790717611,0,0,0,0,0,0,-1995,0,0
10791760611,0,0,0,0,0,0,6901,0,0,10791837611,0,0,0,0,0,0,-2015,0,0
10792880611,0,0,0,0,0,0,278,0,0,10792957611,0,0,0,0,0,0,645,0,0
10794000611,0,0,0,0,0,0,206,0,0,10794077611,0,0,0,0,0,0,581,0,0
10795120611,0,0,0,0,0,0,212,0,0,10795197611,0,0,0,0,0,0,632,0,0
10796240611,0,0,0,0,0,0,193,0,0,10796317611,0,0,0,0,0,0,620,0,0
10797360611,0,0,0,0,0,0,239,0,0,10797437611,0,0,0,0,0,0,637,0,0
10798480611,0,0,0,0,0,0,221,0,0,10798557611,0,0,0,0,0,0,585,0,0
10799600611,0,0,0,0,0,0,193,0,0,10799677611,0,0,0,0,0,0,593,0,0
10800720611,0,0,0,0,0,0,225,0,0,10800797611,0,0,0,0,0,0,602,0,0
10801840611,0,0,0,0,0,0,6872,0,0,10801917611,0,0,0,0,0,0,-1972,0,0
10802960611,0,0,0,0,0,0,6938,0,0,10803037611,0,0,0,0,0,0,-2004,0,0
10804080611,0,0,0,0,0,0,6898,0,0,10804157611,0,0,0,0,0,0,-2015,0,0
10805200611,0,0,0,0,0,0,6953,0,0,10805277611,0,0,0,0,0,0,-1996,0,0
10806320611,0,0,0,0,0,0,6933,0,0,10806397611,0,0,0,0,0,0,-2024,0,0
10807440611,0,0,0,0,0,0,6929,0,0,10807517611,0,0,0,0,0,0,-1951,0,0
10808560611,0,0,0,0,0,0,6894,0,0,10808637611,0,0,0,0,0,0,-2024,0,0
10809680611,0,0,0,0,0,0,6916,0,0,10809757611,0,0,0,0,0,0,-1953,0,0
10810800611,0,0,0,0,0,0,257,0,0,10810877611,0,0,0,0,0,0,543,0,0
10811920611,0,0,0,0,0,0,268,0,0,10811997611,0,0,0,0,0,0,610,0,0
10813040611,0,0,0,0,0,0,255,0,0,10813117611,0,0,0,0,0,0,602,0,0
10814160611,0,0,0,0,0,0,237,0,0,10814237611,0,0,0,0,0,0,618,0,0
10815280611,0,0,0,0,0,0,273,0,0,10815357611,0,0,0,0,0,0,621,0,0
10816400611,0,0,0,0,0,0,245,0,0,10816477611,0,0,0,0,0,0,600,0,0
10817520611,0,0,0,0,0,0,209,0,0,10817597611,0,0,0,0,0,0,615,0,0
10818640611,0,0,0,0,0,0,237,0,0,10818717611,0,0,0,0,0,0,586,0,0
10819760611,0,0,0,0,0,0,6904,0,0,10819837611,0,0,0,0,0,0,-1972,0,0
10820880611,0,0,0,0,0,0,6878,0,0,10820957611,0,0,0,0,0,0,-1967,0,0
10822000611,0,0,0,0,0,0,6931,0,0,10822077611,0,0,0,0,0,0,-2017,0,0
10823120611,0,0,0,0,0,0,6883,0,0,10823197611,0,0,0,0,0,0,-2034,0,0
10824240611,0,0,0,0,0,0,6915,0,0,10824317611,0,0,0,0,0,0,-2031,0,0
10825360611,0,0,0,0,0,0,6892,0,0,10825437611,0,0,0,0,0,0,-2017,0,0
10826480611,0,0,0,0,0,0,6943,0,0,10826557611,0,0,0,0,0,0,-1994,0,0
10827600611,0,0,0,0,0,0,6918,0,0,10827677611,0,0,0,0,0,0,-2008,0,0
10828720611,0,0,0,0,0,0,259,0,0,10828797611,0,0,0,0,0,0,598,0,0
10829840611,0,0,0,0,0,0,237,0,0,10829917611,0,0,0,0,0,0,608,0,0
10830960611,0,0,0,0,0,0,241,0,0,10831037611,0,0,0,0,0,0,604,0,0
10832080611,0,0,0,0,0,0,256,0,0,10832157611,0,0,0,0,0,0,572,0,0
10833200611,0,0,0,0,0,0,253,0,0,10833277611,0,0,0,0,0,0,612,0,0
10834320611,0,0,0,0,0,0,204,0,0,10834397611,0,0,0,0,0,0,616,0,0
10835440611,0,0,0,0,0,0,266,0,0,10835517611,0,0,0,0,0,0,581,0,0
10836560611,0,0,0,0,0,0,207,0,0,10836637611,0,0,0,0,0,0,658,0,0
10837680611,0,0,0,0,0,0,6895,0,0,10837757611,0,0,0,0,0,0,-2029,0,0
10838800611,0,0,0,0,0,0,6841,0,0,10838877611,0,0,0,0,0,0,-1975,0,0
10839920611,0,0,0,0,0,0,6904,0,0,10839997611,0,0,0,0,0,0,-2005,0,0
10841040611,0,0,0,0,0,0,6943,0,0,10841117611,0,0,0,0,0,0,-2025,0,0
10842160611,0,0,0,0,0,0,6900,0,0,10842237611,0,0,0,0,0,0,-2013,0,0
10843280611,0,0,0,0,0,0,6902,0,0,10843357611,0,0,0,0,0,0,-1986,0,0
10844400611,0,0,0,0,0,0,6939,0,0,10844477611,0,0,0,0,0,0,-1992,0,0
10845520611,0,0,0,0,0,0,6913,0,0,10845597611,0,0,0,0,0,0,-2008,0,0
10846640611,0,0,0,0,0,0,205,0,0,10846717611,0,0,0,0,0,0,595,0,0
10847760611,0,0,0,0,0,0,227,0,0,10847837611,0,0,0,0,0,0,610,0,0
10848880611,0,0,0,0,0,0,204,0,0,10848957611,0,0,0,0,0,0,622,0,0
10850000611,0,0,0,0,0,0,216,0,0,10850077611,0,0,0,0,0,0,583,0,0
10851120611,0,0,0,0,0,0,250,0,0,10851197611,0,0,0,0,0,0,634,0,0
10852240611,0,0,0,0,0,0,218,0,0,10852317611,0,0,0,0,0,0,640,0,0
10853360611,0,0,0,0,0,0,231,0,0,10853437611,0,0,0,0,0,0,559,0,0
10854480611,0,0,0,0,0,0,224,0,0,10854557611,0,0,0,0,0,0,613,0,0
10855600611,0,0,0,0,0,0,6866,0,0,10855677611,0,0,0,0,0,0,-1955,0,0
10856720611,0,0,0,0,0,0,6925,0,0,10856797611,0,0,0,0,0,0,-1961,0,0
10857840611,0,0,0,0,0,0,6956,0,0,10857917611,0,0,0,0,0,0,-2033,0,0
10858960611,0,0,0,0,0,0,6912,0,0,10859037611,0,0,0,0,0,0,-1993,0,0
10860080611,0,0,0,0,0,0,6905,0,0,10860157611,0,0,0,0,0,0,-2000,0,0
10861200611,0,0,0,0,0,0,6888,0,0,10861277611,0,0,0,0,0,0,-1991,0,0
10862320611,0,0,0,0,0,0,6917,0,0,10862397611,0,0,0,0,0,0,-1982,0,0
10863440611,0,0,0,0,0,0,6948,0,0,10863517611,0,0,0,0,0,0,-2019,0,0
10864560611,0,0,0,0,0,0,260,0,0,10864637611,0,0,0,0,0,0,558,0,0
10865680611,0,0,0,0,0,0,232,0,0,10865757611,0,0,0,0,0,0,633,0,0
10866800611,0,0,0,0,0,0,209,0,0,10866877611,0,0,0,0,0,0,616,0,0
10867920611,0,0,0,0,0,0,225,0,0,10867997611,0,0,0,0,0,0,571,0,0
10869040611,0,0,0,0,0,0,227,0,0,10869117611,0,0,0,0,0,0,605,0,0
10870160611,0,0,0,0,0,0,302,0,0,10870237611,0,0,0,0,0,0,623,0,0
10871280611,0,0,0,0,0,0,226,0,0,10871357611,0,0,0,0,0,0,591,0,0
10872400611,0,0,0,0,0,0,215,0,0,10872477611,0,0,0,0,0,0,633,0,0
10873520611,0,0,0,0,0,0,6906,0,0,10873597611,0,0,0,0,0,0,-2020,0,0
10874640611,0,0,0,0,0,0,6892,0,0,10874717611,0,0,0,0,0,0,-1997,0,0
10875760611,0,0,0,0,0,0,6914,0,0,10875837611,0,0,0,0,0,0,-1988,0,0
10876880611,0,0,0,0,0,0,6897,0,0,10876957611,0,0,0,0,0,0,-2017,0,0
10878000611,0,0,0,0,0,0,6859,0,0,10878077611,0,0,0,0,0,0,-1993,0,0
10879120611,0,0,0,0,0,0,6911,0,0,10879197611,0,0,0,0,0,0,-2048,0,0
10880240611,0,0,0,0,0,0,6911,0,0,10880317611,0,0,0,0,0,0,-2024,0,0
10881360611,0,0,0,0,0,0,6931,0,0,10881437611,0,0,0,0,0,0,-2005,0,0
10882480611,0,0,0,0,0,0,223,0,0,10882557611,0,0,0,0,0,0,605,0,0
10883600611,0,0,0,0,0,0,227,0,0,10883677611,0,0,0,0,0,0,584,0,0
10884720611,0,0,0,0,0,0,225,0,0,10884797611,0,0,0,0,0,0,645,0,0
10885840611,0,0,0,0,0,0,214,0,0,10885917611,0,0,0,0,0,0,671,0,0
10886960611,0,0,0,0,0,0,238,0,0,10887037611,0,0,0,0,0,0,642,0,0
10888080611,0,0,0,0,0,0,269,0,0,10888157611,0,0,0,0,0,0,582,0,0
10889200611,0,0,0,0,0,0,226,0,0,10889277611,0,0,0,0,0,0,571,0,0
10890320611,0,0,0,0,0,0,221,0,0,10890397611,0,0,0,0,0,0,613,0,0
10891440611,0,0,0,0,0,0,6906,0,0,10891517611,0,0,0,0,0,0,-1983,0,0
10892560611,0,0,0,0,0,0,6881,0,0,10892637611,0,0,0,0,0,0,-2006,0,0
10893680611,0,0,0,0,0,0,6924,0,0,10893757611,0,0,0,0,0,0,-1974,0,0
10894800611,0,0,0,0,0,0,6909,0,0,10894877611,0,0,0,0,0,0,-2011,0,0
10895920611,0,0,0,0,0,0,6907,0,0,10895997611,0,0,0,0,0,0,-1921,0,0
10897040611,0,0,0,0,0,0,6873,0,0,10897117611,0,0,0,0,0,0,-1994,0,0
10898160611,0,0,0,0,0,0,6946,0,0,10898237611,0,0,0,0,0,0,-1947,0,0
10899280611,0,0,0,0,0,0,6907,0,0,10899357611,0,0,0,0,0,0,-2005,0,0
10900400611,0,0,0,0,0,0,262,0,0,10900477611,0,0,0,0,0,0,592,0,0
10901520611,0,0,0,0,0,0,261,0,0,10901597611,0,0,0,0,0,0,595,0,0
10902640611,0,0,0,0,0,0,237,0,0,10902717611,0,0,0,0,0,0,612,0,0
10903760611,0,0,0,0,0,0,287,0,0,10903837611,0,0,0,0,0,0,628,0,0
10904880611,0,0,0,0,0,0,212,0,0,10904957611,0,0,0,0,0,0,646,0,0
10906000611,0,0,0,0,0,0,256,0,0,10906077611,0,0,0,0,0,0,649,0,0
10907120611,0,0,0,0,0,0,243,0,0,10907197611,0,0,0,0,0,0,549,0,0
10908240611,0,0,0,0,0,0,254,0,0,10908317611,0,0,0,0,0,0,608,0,0
10909360611,0,0,0,0,0,0,6883,0,0,10909437611,0,0,0,0,0,0,-2011,0,0
10910480611,0,0,0,0,0,0,6908,0,0,10910557611,0,0,0,0,0,0,-1979,0,0
10911600611,0,0,0,0,0,0,6879,0,0,10911677611,0,0,0,0,0,0,-2009,0,0
10912720611,0,0,0,0,0,0,6892,0,0,10912797611,0,0,0,0,0,0,-2060,0,0
10913840611,0,0,0,0,0,0,6899,0,0,10913917611,0,0,0,0,0,0,-1975,0,0
10914960611,0,0,0,0,0,0,6903,0,0,10915037611,0,0,0,0,0,0,-1989,0,0
10916080611,0,0,0,0,0,0,6930,0,0,10916157611,0,0,0,0,0,0,-2025,0,0
10917200611,0,0,0,0,0,0,6899,0,0,10917277611,0,0,0,0,0,0,-1959,0,0
10918320611,0,0,0,0,0,0,232,0,0,10918397611,0,0,0,0,0,0,600,0,0
10919440611,0,0,0,0,0,0,220,0,0,10919517611,0,0,0,0,0,0,602,0,0
10920560611,0,0,0,0,0,0,225,0,0,10920637611,0,0,0,0,0,0,584,0,0
10921680611,0,0,0,0,0,0,189,0,0,10921757611,0,0,0,0,0,0,616,0,0
10922800611,0,0,0,0,0,0,310,0,0,10922877611,0,0,0,0,0,0,655,0,0
10923920611,0,0,0,0,0,0,272,0,0,10923997611,0,0,0,0,0,0,638,0,0
10925040611,0,0,0,0,0,0,195,0,0,10925117611,0,0,0,0,0,0,619,0,0
10926160611,0,0,0,0,0,0,241,0,0,10926237611,0,0,0,0,0,0,644,0,0
10927280611,0,0,0,0,0,0,6908,0,0,10927357611,0,0,0,0,0,0,-2013,0,0
10928400611,0,0,0,0,0,0,6863,0,0,10928477611,0,0,0,0,0,0,-2005,0,0
10929520611,0,0,0,0,0,0,6903,0,0,10929597611,0,0,0,0,0,0,-2007,0,0
10930640611,0,0,0,0,0,0,6909,0,0,10930717611,0,0,0,0,0,0,-1977,0,0
10931760611,0,0,0,0,0,0,6901,0,0,10931837611,0,0,0,0,0,0,-2021,0,0
10932880611,0,0,0,0,0,0,6906,0,0,10932957611,0,0,0,0,0,0,-2023,0,0
10934000611,0,0,0,0,0,0,6896,0,0,10934077611,0,0,0,0,0,0,-2010,0,0
10935120611,0,0,0,0,0,0,6938,0,0,10935197611,0,0,0,0,0,0,-1967,0,0
10936240611,0,0,0,0,0,0,245,0,0,10936317611,0,0,0,0,0,0,603,0,0
10937360611,0,0,0,0,0,0,277,0,0,10937437611,0,0,0,0,0,0,639,0,0
10938480611,0,0,0,0,0,0,239,0,0,10938557611,0,0,0,0,0,0,621,0,0
10939600611,0,0,0,0,0,0,212,0,0,10939677611,0,0,0,0,0,0,601,0,0
10940720611,0,0,0,0,0,0,241,0,0,10940797611,0,0,0,0,0,0,599,0,0
10941840611,0,0,0,0,0,0,193,0,0,10941917611,0,0,0,0,0,0,625,0,0
10942960611,0,0,0,0,0,0,240,0,0,10943037611,0,0,0,0,0,0,579,0,0
10944080611,0,0,0,0,0,0,231,0,0,10944157611,0,0,0,0,0,0,663,0,0
10945200611,0,0,0,0,0,0,6897,0,0,10945277611,0,0,0,0,0,0,-2023,0,0
10946320611,0,0,0,0,0,0,6916,0,0,10946397611,0,0,0,0,0,0,-1973,0,0
10947440611,0,0,0,0,0,0,6888,0,0,10947517611,0,0,0,0,0,0,-1985,0,0
10948560611,0,0,0,0,0,0,6889,0,0,10948637611,0,0,0,0,0,0,-1963,0,0
10949680611,0,0,0,0,0,0,6893,0,0,10949757611,0,0,0,0,0,0,-2022,0,0
10950800611,0,0,0,0,0,0,6901,0,0,10950877611,0,0,0,0,0,0,-1992,0,0
10951920611,0,0,0,0,0,0,6899,0,0,10951997611,0,0,0,0,0,0,-2004,0,0
10953040611,0,0,0,0,0,0,6842,0,0,10953117611,0,0,0,0,0,0,-2001,0,0
10954160611,0,0,0,0,0,0,254,0,0,10954237611,0,0,0,0,0,0,590,0,0
10955280611,0,0,0,0,0,0,232,0,0,10955357611,0,0,0,0,0,0,588,0,0
10956400611,0,0,0,0,0,0,246,0,0,10956477611,0,0,0,0,0,0,636,0,0
10957520611,0,0,0,0,0,0,191,0,0,10957597611,0,0,0,0,0,0,632,0,0
10958640611,0,0,0,0,0,0,242,0,0,10958717611,0,0,0,0,0,0,580,0,0
10959760611,0,0,0,0,0,0,261,0,0,10959837611,0,0,0,0,0,0,625,0,0
10960880611,0,0,0,0,0,0,275,0,0,10960957611,0,0,0,0,0,0,602,0,0
10962000611,0,0,0,0,0,0,255,0,0,10962077611,0,0,0,0,0,0,595,0,0
10963120611,0,0,0,0,0,0,6914,0,0,10963197611,0,0,0,0,0,0,-1983,0,0
10964240611,0,0,0,0,0,0,6875,0,0,10964317611,0,0,0,0,0,0,-1980,0,0
10965360611,0,0,0,0,0,0,6918,0,0,10965437611,0,0,0,0,0,0,-1966,0,0
10966480611,0,0,0,0,0,0,6890,0,0,10966557611,0,0,0,0,0,0,-1972,0,0
10967600611,0,0,0,0,0,0,6882,0,0,10967677611,0,0,0,0,0,0,-2010,0,0
10968720611,0,0,0,0,0,0,6895,0,0,10968797611,0,0,0,0,0,0,-2023,0,0
10969840611,0,0,0,0,0,0,6939,0,0,10969917611,0,0,0,0,0,0,-1993,0,0
10970960611,0,0,0,0,0,0,6894,0,0,10971037611,0,0,0,0,0,0,-1983,0,0
10972080611,0,0,0,0,0,0,228,0,0,10972157611,0,0,0,0,0,0,626,0,0
10973200611,0,0,0,0,0,0,208,0,0,10973277611,0,0,0,0,0,0,619,0,0
10974320611,0,0,0,0,0,0,264,0,0,10974397611,0,0,0,0,0,0,648,0,0
10975440611,0,0,0,0,0,0,229,0,0,10975517611,0,0,0,0,0,0,575,0,0
10976560611,0,0,0,0,0,0,241,0,0,10976637611,0,0,0,0,0,0,605,0,0
10977680611,0,0,0,0,0,0,267,0,0,10977757611,0,0,0,0,0,0,583,0,0
10978800611,0,0,0,0,0,0,224,0,0,10978877611,0,0,0,0,0,0,575,0,0
10979920611,0,0,0,0,0,0,212,0,0,10979997611,0,0,0,0,0,0,601,0,0
10981040611,0,0,0,0,0,0,6905,0,0,10981117611,0,0,0,0,0,0,-2030,0,0
10982160611,0,0,0,0,0,0,6904,0,0,10982237611,0,0,0,0,0,0,-2012,0,0
10983280611,0,0,0,0,0,0,6936,0,0,10983357611,0,0,0,0,0,0,-1988,0,0
10984400611,0,0,0,0,0,0,6927,0,0,10984477611,0,0,0,0,0,0,-2002,0,0
10985520611,0,0,0,0,0,0,6924,0,0,10985597611,0,0,0,0,0,0,-1959,0,0
10986640611,0,0,0,0,0,0,6928,0,0,10986717611,0,0,0,0,0,0,-2010,0,0
10987760611,0,0,0,0,0,0,6892,0,0,10987837611,0,0,0,0,0,0,-2031,0,0
10988880611,0,0,0,0,0,0,6926,0,0,10988957611,0,0,0,0,0,0,-1983,0,0
10990000611,0,0,0,0,0,0,234,0,0,10990077611,0,0,0,0,0,0,670,0,0
10991120611,0,0,0,0,0,0,261,0,0,10991197611,0,0,0,0,0,0,548,0,0
10992240611,0,0,0,0,0,0,239,0,0,10992317611,0,0,0,0,0,0,579,0,0
10993360611,0,0,0,0,0,0,191,0,0,10993437611,0,0,0,0,0,0,628,0,0
10994480611,0,0,0,0,0,0,246,0,0,10994557611,0,0,0,0,0,0,636,0,0
10995600611,0,0,0,0,0,0,225,0,0,10995677611,0,0,0,0,0,0,608,0,0
10996720611,0,0,0,0,0,0,234,0,0,10996797611,0,0,0,0,0,0,588,0,0
10997840611,0,0,0,0,0,0,251,0,0,10997917611,0,0,0,0,0,0,571,0,0
10998960611,0,0,0,0,0,0,6878,0,0,10999037611,0,0,0,0,0,0,-1956,0,0
11000080611,0,0,0,0,0,0,6898,0,0,11000157611,0,0,0,0,0,0,-2029,0,0
11001200611,0,0,0,0,0,0,6904,0,0,11001277611,0,0,0,0,0,0,-2011,0,0
11002320611,0,0,0,0,0,0,6891,0,0,11002397611,0,0,0,0,0,0,-1997,0,0
11003440611,0,0,0,0,0,0,6894,0,0,11003517611,0,0,0,0,0,0,-1997,0,0
11004560611,0,0,0,0,0,0,6907,0,0,11004637611,0,0,0,0,0,0,-1974,0,0
11005680611,0,0,0,0,0,0,6900,0,0,11005757611,0,0,0,0,0,0,-1983,0,0
11006800611,0,0,0,0,0,0,6882,0,0,11006877611,0,0,0,0,0,0,-1973,0,0
11007920611,0,0,0,0,0,0,269,0,0,11007997611,0,0,0,0,0,0,651,0,0
11009040611,0,0,0,0,0,0,199,0,0,11009117611,0,0,0,0,0,0,557,0,0
11010160611,0,0,0,0,0,0,237,0,0,11010237611,0,0,0,0,0,0,597,0,0
11011280611,0,0,0,0,0,0,261,0,0,11011357611,0,0,0,0,0,0,651,0,0
11012400611,0,0,0,0,0,0,246,0,0,11012477611,0,0,0,0,0,0,589,0,0
11013520611,0,0,0,0,0,0,235,0,0,11013597611,0,0,0,0,0,0,610,0,0
11014640611,0,0,0,0,0,0,219,0,0,11014717611,0,0,0,0,0,0,621,0,0
11015760611,0,0,0,0,0,0,259,0,0,11015837611,0,0,0,0,0,0,622,0,0
11016880611,0,0,0,0,0,0,6915,0,0,11016957611,0,0,0,0,0,0,-1998,0,0
11018000611,0,0,0,0,0,0,6883,0,0,11018077611,0,0,0,0,0,0,-1988,0,0
11019120611,0,0,0,0,0,0,6885,0,0,11019197611,0,0,0,0,0,0,-1989,0,0
11020240611,0,0,0,0,0,0,6923,0,0,11020317611,0,0,0,0,0,0,-2022,0,0
11021360611,0,0,0,0,0,0,6912,0,0,11021437611,0,0,0,0,0,0,-1989,0,0
11022480611,0,0,0,0,0,0,6945,0,0,11022557611,0,0,0,0,0,0,-1996,0,0
11023600611,0,0,0,0,0,0,6863,0,0,11023677611,0,0,0,0,0,0,-1986,0,0
11024720611,0,0,0,0,0,0,6904,0,0,11024797611,0,0,0,0,0,0,-2027,0,0
11025840611,0,0,0,0,0,0,207,0,0,11025917611,0,0,0,0,0,0,616,0,0
11026960611,0,0,0,0,0,0,251,0,0,11027037611,0,0,0,0,0,0,611,0,0
11028080611,0,0,0,0,0,0,195,0,0,11028157611,0,0,0,0,0,0,604,0,0
11029200611,0,0,0,0,0,0,237,0,0,11029277611,0,0,0,0,0,0,602,0,0
11030320611,0,0,0,0,0,0,225,0,0,11030397611,0,0,0,0,0,0,588,0,0
11031440611,0,0,0,0,0,0,275,0,0,11031517611,0,0,0,0,0,0,586,0,0
11032560611,0,0,0,0,0,0,186,0,0,11032637611,0,0,0,0,0,0,609,0,0
11033680611,0,0,0,0,0,0,225,0,0,11033757611,0,0,0,0,0,0,587,0,0
11034800611,0,0,0,0,0,0,6908,0,0,11034877611,0,0,0,0,0,0,-1984,0,0
11035920611,0,0,0,0,0,0,6904,0,0,11035997611,0,0,0,0,0,0,-1972,0,0
11037040611,0,0,0,0,0,0,6877,0,0,11037117611,0,0,0,0,0,0,-2015,0,0
11038160611,0,0,0,0,0,0,6897,0,0,11038237611,0,0,0,0,0,0,-2003,0,0
11039280611,0,0,0,0,0,0,6934,0,0,11039357611,0,0,0,0,0,0,-2027,0,0
11040400611,0,0,0,0,0,0,6898,0,0,11040477611,0,0,0,0,0,0,-2016,0,0
11041520611,0,0,0,0,0,0,6952,0,0,11041597611,0,0,0,0,0,0,-2006,0,0
11042640611,0,0,0,0,0,0,6920,0,0,11042717611,0,0,0,0,0,0,-2022,0,0
11043760611,0,0,0,0,0,0,237,0,0,11043837611,0,0,0,0,0,0,653,0,0
11044880611,0,0,0,0,0,0,250,0,0,11044957611,0,0,0,0,0,0,620,0,0
11046000611,0,0,0,0,0,0,194,0,0,11046077611,0,0,0,0,0,0,592,0,0
11047120611,0,0,0,0,0,0,217,0,0,11047197611,0,0,0,0,0,0,596,0,0
11048240611,0,0,0,0,0,0,224,0,0,11048317611,0,0,0,0,0,0,621,0,0
11049360611,0,0,0,0,0,0,266,0,0,11049437611,0,0,0,0,0,0,595,0,0
11050480611,0,0,0,0,0,0,230,0,0,11050557611,0,0,0,0,0,0,596,0,0
11051600611,0,0,0,0,0,0,217,0,0,11051677611,0,0,0,0,0,0,576,0,0
11052720611,0,0,0,0,0,0,6888,0,0,11052797611,0,0,0,0,0,0,-1961,0,0
11053840611,0,0,0,0,0,0,6901,0,0,11053917611,0,0,0,0,0,0,-2009,0,0
11054960611,0,0,0,0,0,0,6905,0,0,11055037611,0,0,0,0,0,0,-1960,0,0
11056080611,0,0,0,0,0,0,6946,0,0,11056157611,0,0,0,0,0,0,-1944,0,0
11057200611,0,0,0,0,0,0,6900,0,0,11057277611,0,0,0,0,0,0,-1969,0,0
11058320611,0,0,0,0,0,0,6889,0,0,11058397611,0,0,0,0,0,0,-1979,0,0
11059440611,0,0,0,0,0,0,6955,0,0,11059517611,0,0,0,0,0,0,-1997,0,0
11060560611,0,0,0,0,0,0,6874,0,0,11060637611,0,0,0,0,0,0,-1979,0,0
11061680611,0,0,0,0,0,0,215,0,0,11061757611,0,0,0,0,0,0,601,0,0
11062800611,0,0,0,0,0,0,250,0,0,11062877611,0,0,0,0,0,0,602,0,0
11063920611,0,0,0,0,0,0,235,0,0,11063997611,0,0,0,0,0,0,598,0,0
11065040611,0,0,0,0,0,0,235,0,0,11065117611,0,0,0,0,0,0,604,0,0
11066160611,0,0,0,0,0,0,252,0,0,11066237611,0,0,0,0,0,0,598,0,0
11067280611,0,0,0,0,0,0,237,0,0,11067357611,0,0,0,0,0,0,582,0,0
11068400611,0,0,0,0,0,0,255,0,0,11068477611,0,0,0,0,0,0,604,0,0
11069520611,0,0,0,0,0,0,223,0,0,11069597611,0,0,0,0,0,0,619,0,0
11070640611,0,0,0,0,0,0,6837,0,0,11070717611,0,0,0,0,0,0,-1986,0,0
11071760611,0,0,0,0,0,0,6896,0,0,11071837611,0,0,0,0,0,0,-2012,0,0
11072880611,0,0,0,0,0,0,6876,0,0,11072957611,0,0,0,0,0,0,-1987,0,0
11074000611,0,0,0,0,0,0,6870,0,0,11074077611,0,0,0,0,0,0,-1980,0,0
11075120611,0,0,0,0,0,0,6866,0,0,11075197611,0,0,0,0,0,0,-1997,0,0
11076240611,0,0,0,0,0,0,6904,0,0,11076317611,0,0,0,0,0,0,-1996,0,0
11077360611,0,0,0,0,0,0,6885,0,0,11077437611,0,0,0,0,0,0,-2016,0,0
11078480611,0,0,0,0,0,0,6875,0,0,11078557611,0,0,0,0,0,0,-1953,0,0
11079600611,0,0,0,0,0,0,203,0,0,11079677611,0,0,0,0,0,0,598,0,0
11080720611,0,0,0,0,0,0,224,0,0,11080797611,0,0,0,0,0,0,603,0,0
11081840611,0,0,0,0,0,0,219,0,0,11081917611,0,0,0,0,0,0,612,0,0
11082960611,0,0,0,0,0,0,228,0,0,11083037611,0,0,0,0,0,0,625,0,0
11084080611,0,0,0,0,0,0,200,0,0,11084157611,0,0,0,0,0,0,594,0,0
11085200611,0,0,0,0,0,0,213,0,0,11085277611,0,0,0,0,0,0,646,0,0
11086320611,0,0,0,0,0,0,258,0,0,11086397611,0,0,0,0,0,0,638,0,0
11087440611,0,0,0,0,0,0,218,0,0,11087517611,0,0,0,0,0,0,605,0,0
11088560611,0,0,0,0,0,0,6799,0,0,11088637611,0,0,0,0,0,0,-1983,0,0
11089680611,0,0,0,0,0,0,6911,0,0,11089757611,0,0,0,0,0,0,-2010,0,0
11090800611,0,0,0,0,0,0,6891,0,0,11090877611,0,0,0,0,0,0,-2011,0,0
11091920611,0,0,0,0,0,0,6940,0,0,11091997611,0,0,0,0,0,0,-1971,0,0
11093040611,0,0,0,0,0,0,6922,0,0,11093117611,0,0,0,0,0,0,-2005,0,0
11094160611,0,0,0,0,0,0,6908,0,0,11094237611,0,0,0,0,0,0,-2013,0,0
11095280611,0,0,0,0,0,0,6912,0,0,11095357611,0,0,0,0,0,0,-1960,0,0
11096400611,0,0,0,0,0,0,6927,0,0,11096477611,0,0,0,0,0,0,-1984,0,0
11097520611,0,0,0,0,0,0,219,0,0,11097597611,0,0,0,0,0,0,665,0,0
11098640611,0,0,0,0,0,0,219,0,0,11098717611,0,0,0,0,0,0,623,0,0
11099760611,0,0,0,0,0,0,201,0,0,11099837611,0,0,0,0,0,0,587,0,0
11100880611,0,0,0,0,0,0,236,0,0,11100957611,0,0,0,0,0,0,596,0,0
11102000611,0,0,0,0,0,0,198,0,0,11102077611,0,0,0,0,0,0,642,0,0
11103120611,0,0,0,0,0,0,250,0,0,11103197611,0,0,0,0,0,0,623,0,0
11104240611,0,0,0,0,0,0,263,0,0,11104317611,0,0,0,0,0,0,593,0,0
11105360611,0,0,0,0,0,0,259,0,0,11105437611,0,0,0,0,0,0,597,0,0
11106480611,0,0,0,0,0,0,6765,0,0,11106557611,0,0,0,0,0,0,-1984,0,0
11107600611,0,0,0,0,0,0,6884,0,0,11107677611,0,0,0,0,0,0,-1972,0,0
11108720611,0,0,0,0,0,0,6868,0,0,11108797611,0,0,0,0,0,0,-1986,0,0
11109840611,0,0,0,0,0,0,6909,0,0,11109917611,0,0,0,0,0,0,-1937,0,0
11110960611,0,0,0,0,0,0,6874,0,0,11111037611,0,0,0,0,0,0,-2023,0,0
11112080611,0,0,0,0,0,0,6897,0,0,11112157611,0,0,0,0,0,0,-2030,0,0
11113200611,0,0,0,0,0,0,6918,0,0,11113277611,0,0,0,0,0,0,-1988,0,0
11114320611,0,0,0,0,0,0,6897,0,0,11114397611,0,0,0,0,0,0,-2011,0,0
11115440611,0,0,0,0,0,0,281,0,0,11115517611,0,0,0,0,0,0,608,0,0
11116560611,0,0,0,0,0,0,234,0,0,11116637611,0,0,0,0,0,0,603,0,0
11117680611,0,0,0,0,0,0,250,0,0,11117757611,0,0,0,0,0,0,598,0,0
11118800611,0,0,0,0,0,0,259,0,0,11118877611,0,0,0,0,0,0,627,0,0
11119920611,0,0,0,0,0,0,232,0,0,11119997611,0,0,0,0,0,0,593,0,0
11121040611,0,0,0,0,0,0,178,0,0,11121117611,0,0,0,0,0,0,602,0,0
11122160611,0,0,0,0,0,0,239,0,0,11122237611,0,0,0,0,0,0,643,0,0
11123280611,0,0,0,0,0,0,215,0,0,11123357611,0,0,0,0,0,0,591,0,0
11124400611,0,0,0,0,0,0,6566,0,0,11124477611,0,0,0,0,0,0,-1976,0,0
11125520611,0,0,0,0,0,0,6893,0,0,11125597611,0,0,0,0,0,0,-2006,0,0
11126640611,0,0,0,0,0,0,6946,0,0,11126717611,0,0,0,0,0,0,-1965,0,0
11127760611,0,0,0,0,0,0,6878,0,0,11127837611,0,0,0,0,0,0,-2065,0,0
11128880611,0,0,0,0,0,0,6886,0,0,11128957611,0,0,0,0,0,0,-2066,0,0
11130000611,0,0,0,0,0,0,6944,0,0,11130077611,0,0,0,0,0,0,-1999,0,0
11131120611,0,0,0,0,0,0,6931,0,0,11131197611,0,0,0,0,0,0,-1935,0,0
11132240611,0,0,0,0,0,0,6890,0,0,11132317611,0,0,0,0,0,0,-2002,0,0
11133360611,0,0,0,0,0,0,309,0,0,11133437611,0,0,0,0,0,0,585,0,0
11134480611,0,0,0,0,0,0,262,0,0,11134557611,0,0,0,0,0,0,634,0,0
11135600611,0,0,0,0,0,0,213,0,0,11135677611,0,0,0,0,0,0,605,0,0
11136720611,0,0,0,0,0,0,222,0,0,11136797611,0,0,0,0,0,0,616,0,0
11137840611,0,0,0,0,0,0,252,0,0,11137917611,0,0,0,0,0,0,602,0,0
11138960611,0,0,0,0,0,0,260,0,0,11139037611,0,0,0,0,0,0,603,0,0
11140080611,0,0,0,0,0,0,257,0,0,11140157611,0,0,0,0,0,0,633,0,0
11141200611,0,0,0,0,0,0,201,0,0,11141277611,0,0,0,0,0,0,632,0,0
11142320611,0,0,0,0,0,0,6179,0,0,11142397611,0,0,0,0,0,0,-1922,0,0
11143440611,0,0,0,0,0,0,6873,0,0,11143517611,0,0,0,0,0,0,-1987,0,0
11144560611,0,0,0,0,0,0,6895,0,0,11144637611,0,0,0,0,0,0,-2032,0,0
11145680611,0,0,0,0,0,0,6924,0,0,11145757611,0,0,0,0,0,0,-1966,0,0
11146800611,0,0,0,0,0,0,6893,0,0,11146877611,0,0,0,0,0,0,-2028,0,0
11147920611,0,0,0,0,0,0,6916,0,0,11147997611,0,0,0,0,0,0,-1974,0,0
11149040611,0,0,0,0,0,0,6891,0,0,11149117611,0,0,0,0,0,0,-2017,0,0
11150160611,0,0,0,0,0,0,6902,0,0,11150237611,0,0,0,0,0,0,-1939,0,0
11151280611,0,0,0,0,0,0,422,0,0,11151357611,0,0,0,0,0,0,553,0,0
11152400611,0,0,0,0,0,0,232,0,0,11152477611,0,0,0,0,0,0,564,0,0
11153520611,0,0,0,0,0,0,255,0,0,11153597611,0,0,0,0,0,0,624,0,0
11154640611,0,0,0,0,0,0,248,0,0,11154717611,0,0,0,0,0,0,598,0,0
11155760611,0,0,0,0,0,0,219,0,0,11155837611,0,0,0,0,0,0,597,0,0
11156880611,0,0,0,0,0,0,224,0,0,11156957611,0,0,0,0,0,0,629,0,0
11158000611,0,0,0,0,0,0,226,0,0,11158077611,0,0,0,0,0,0,583,0,0
11159120611,0,0,0,0,0,0,263,0,0,11159197611,0,0,0,0,0,0,603,0,0
11160240611,0,0,0,0,0,0,5361,0,0,11160317611,0,0,0,0,0,0,-1894,0,0
11161360611,0,0,0,0,0,0,6918,0,0,11161437611,0,0,0,0,0,0,-1965,0,0
11162480611,0,0,0,0,0,0,6868,0,0,11162557611,0,0,0,0,0,0,-2010,0,0
11163600611,0,0,0,0,0,0,6899,0,0,11163677611,0,0,0,0,0,0,-1987,0,0
11164720611,0,0,0,0,0,0,6910,0,0,11164797611,0,0,0,0,0,0,-1985,0,0
11165840611,0,0,0,0,0,0,6895,0,0,11165917611,0,0,0,0,0,0,-1998,0,0
11166960611,0,0,0,0,0,0,6896,0,0,11167037611,0,0,0,0,0,0,-1991,0,0
11168080611,0,0,0,0,0,0,6899,0,0,11168157611,0,0,0,0,0,0,-1977,0,0
11169200611,0,0,0,0,0,0,1528,0,0,11169277611,0,0,0,0,0,0,578,0,0
11170320611,0,0,0,0,0,0,303,0,0,11170397611,0,0,0,0,0,0,598,0,0
11171440611,0,0,0,0,0,0,278,0,0,11171517611,0,0,0,0,0,0,593,0,0
11172560611,0,0,0,0,0,0,233,0,0,11172637611,0,0,0,0,0,0,606,0,0
11173680611,0,0,0,0,0,0,245,0,0,11173757611,0,0,0,0,0,0,624,0,0
11174800611,0,0,0,0,0,0,248,0,0,11174877611,0,0,0,0,0,0,616,0,0
11175920611,0,0,0,0,0,0,263,0,0,11175997611,0,0,0,0,0,0,582,0,0
11177040611,0,0,0,0,0,0,236,0,0,11177117611,0,0,0,0,0,0,633,0,0
11178160611,0,0,0,0,0,0,3696,0,0,11178237611,0,0,0,0,0,0,-1851,0,0
11179280611,0,0,0,0,0,0,6895,0,0,11179357611,0,0,0,0,0,0,-1982,0,0
11180400611,0,0,0,0,0,0,6909,0,0,11180477611,0,0,0,0,0,0,-1960,0,0
11181520611,0,0,0,0,0,0,6854,0,0,11181597611,0,0,0,0,0,0,-1991,0,0
11182640611,0,0,0,0,0,0,6899,0,0,11182717611,0,0,0,0,0,0,-1985,0,0
11183760611,0,0,0,0,0,0,6914,0,0,11183837611,0,0,0,0,0,0,-2010,0,0
11184880611,0,0,0,0,0,0,6946,0,0,11184957611,0,0,0,0,0,0,-1976,0,0
11186000611,0,0,0,0,0,0,6890,0,0,11186077611,0,0,0,0,0,0,-1984,0,0
11187120611,0,0,0,0,0,0,4634,0,0,11187197611,0,0,0,0,0,0,569,0,0
11188240611,0,0,0,0,0,0,249,0,0,11188317611,0,0,0,0,0,0,627,0,0
11189360611,0,0,0,0,0,0,291,0,0,11189437611,0,0,0,0,0,0,626,0,0
11190480611,0,0,0,0,0,0,237,0,0,11190557611,0,0,0,0,0,0,622,0,0
11191600611,0,0,0,0,0,0,243,0,0,11191677611,0,0,0,0,0,0,613,0,0
11192720611,0,0,0,0,0,0,209,0,0,11192797611,0,0,0,0,0,0,628,0,0
11193840611,0,0,0,0,0,0,245,0,0,11193917611,0,0,0,0,0,0,578,0,0
11194960611,0,0,0,0,0,0,287,0,0,11195037611,0,0,0,0,0,0,585,0,0
11196080611,0,0,0,0,0,0,227,0,0,11196157611,0,0,0,0,0,0,-1644,0,0
11197200611,0,0,0,0,0,0,6903,0,0,11197277611,0,0,0,0,0,0,-2006,0,0
11198320611,0,0,0,0,0,0,6863,0,0,11198397611,0,0,0,0,0,0,-1979,0,0
11199440611,0,0,0,0,0,0,6923,0,0,11199517611,0,0,0,0,0,0,-1959,0,0
11200560611,0,0,0,0,0,0,6901,0,0,11200637611,0,0,0,0,0,0,-1996,0,0
11201680611,0,0,0,0,0,0,6915,0,0,11201757611,0,0,0,0,0,0,-1985,0,0
11202800611,0,0,0,0,0,0,6895,0,0,11202877611,0,0,0,0,0,0,-1982,0,0
11203920611,0,0,0,0,0,0,6923,0,0,11203997611,0,0,0,0,0,0,-1998,0,0
11205040611,0,0,0,0,0,0,6921,0,0,11205117611,0,0,0,0,0,0,440,0,0
11206160611,0,0,0,0,0,0,276,0,0,11206237611,0,0,0,0,0,0,627,0,0
11207280611,0,0,0,0,0,0,226,0,0,11207357611,0,0,0,0,0,0,619,0,0
11208400611,0,0,0,0,0,0,206,0,0,11208477611,0,0,0,0,0,0,551,0,0
11209520611,0,0,0,0,0,0,217,0,0,11209597611,0,0,0,0,0,0,593,0,0
11210640611,0,0,0,0,0,0,273,0,0,11210717611,0,0,0,0,0,0,600,0,0
11211760611,0,0,0,0,0,0,267,0,0,11211837611,0,0,0,0,0,0,617,0,0
11212880611,0,0,0,0,0,0,241,0,0,11212957611,0,0,0,0,0,0,652,0,0
11214000611,0,0,0,0,0,0,243,0,0,11214077611,0,0,0,0,0,0,592,0,0
11215120611,0,0,0,0,0,0,248,0,0,11215197611,0,0,0,0,0,0,593,0,0
11216240611,0,0,0,0,0,0,239,0,0,11216317611,0,0,0,0,0,0,613,0,0
11217360611,0,0,0,0,0,0,259,0,0,11217437611,0,0,0,0,0,0,604,0,0
11218480611,0,0,0,0,0,0,218,0,0,11218557611,0,0,0,0,0,0,594,0,0
11219600611,0,0,0,0,0,0,258,0,0,11219677611,0,0,0,0,0,0,635,0,0
11220720611,0,0,0,0,0,0,240,0,0,11220797611,0,0,0,0,0,0,603,0,0
11221840611,0,0,0,0,0,0,229,0,0,11221917611,0,0,0,0,0,0,625,0,0
11222960611,0,0,0,0,0,0,272,0,0,11223037611,0,0,0,0,0,0,604,0,0
11224080611,0,0,0,0,0,0,222,0,0,11224157611,0,0,0,0,0,0,602,0,0
11225200611,0,0,0,0,0,0,260,0,0,11225277611,0,0,0,0,0,0,621,0,0
11226320611,0,0,0,0,0,0,239,0,0,11226397611,0,0,0,0,0,0,640,0,0
11227440611,0,0,0,0,0,0,251,0,0,11227517611,0,0,0,0,0,0,625,0,0
11228560611,0,0,0,0,0,0,236,0,0,11228637611,0,0,0,0,0,0,602,0,0
11229680611,0,0,0,0,0,0,260,0,0,11229757611,0,0,0,0,0,0,614,0,0
11230800611,0,0,0,0,0,0,254,0,0,11230877611,0,0,0,0,0,0,617,0,0
11231920611,0,0,0,0,0,0,235,0,0,11231997611,0,0,0,0,0,0,612,0,0
11233040611,0,0,0,0,0,0,233,0,0,11233117611,0,0,0,0,0,0,628,0,0
11234160611,0,0,0,0,0,0,231,0,0,11234237611,0,0,0,0,0,0,604,0,0
11235280611,0,0,0,0,0,0,259,0,0,11235357611,0,0,0,0,0,0,587,0,0
11236400611,0,0,0,0,0,0,200,0,0,11236477611,0,0,0,0,0,0,619,0,0
11237520611,0,0,0,0,0,0,237,0,0,11237597611,0,0,0,0,0,0,614,0,0
11238640611,0,0,0,0,0,0,184,0,0,11238717611,0,0,0,0,0,0,608,0,0
11239760611,0,0,0,0,0,0,246,0,0,11239837611,0,0,0,0,0,0,634,0,0
11240880611,0,0,0,0,0,0,213,0,0,11240957611,0,0,0,0,0,0,590,0,0
11242000611,0,0,0,0,0,0,262,0,0,11242077611,0,0,0,0,0,0,624,0,0
11243120611,0,0,0,0,0,0,256,0,0,11243197611,0,0,0,0,0,0,618,0,0
11244240611,0,0,0,0,0,0,261,0,0,11244317611,0,0,0,0,0,0,627,0,0
11245360611,0,0,0,0,0,0,237,0,0,11245437611,0,0,0,0,0,0,565,0,0
11246480611,0,0,0,0,0,0,216,0,0,11246557611,0,0,0,0,0,0,585,0,0
11247600611,0,0,0,0,0,0,259,0,0,11247677611,0,0,0,0,0,0,589,0,0
11248720611,0,0,0,0,0,0,218,0,0,11248797611,0,0,0,0,0,0,616,0,0
11249840611,0,0,0,0,0,0,261,0,0,11249917611,0,0,0,0,0,0,602,0,0
11250960611,0,0,0,0,0,0,269,0,0,11251037611,0,0,0,0,0,0,666,0,0
11252080611,0,0,0,0,0,0,237,0,0,11252157611,0,0,0,0,0,0,579,0,0
11253200611,0,0,0,0,0,0,239,0,0,11253277611,0,0,0,0,0,0,606,0,0
11254320611,0,0,0,0,0,0,238,0,0,11254397611,0,0,0,0,0,0,604,0,0
11255440611,0,0,0,0,0,0,250,0,0,11255517611,0,0,0,0,0,0,578,0,0
11256560611,0,0,0,0,0,0,256,0,0,11256637611,0,0,0,0,0,0,616,0,0
11257680611,0,0,0,0,0,0,230,0,0,11257757611,0,0,0,0,0,0,578,0,0
11258800611,0,0,0,0,0,0,227,0,0,11258877611,0,0,0,0,0,0,657,0,0
11259920611,0,0,0,0,0,0,171,0,0,11259997611,0,0,0,0,0,0,599,0,0
11261040611,0,0,0,0,0,0,242,0,0,11261117611,0,0,0,0,0,0,598,0,0
11262160611,0,0,0,0,0,0,227,0,0,11262237611,0,0,0,0,0,0,641,0,0
11263280611,0,0,0,0,0,0,230,0,0,11263357611,0,0,0,0,0,0,610,0,0
11264400611,0,0,0,0,0,0,271,0,0,11264477611,0,0,0,0,0,0,587,0,0
11265520611,0,0,0,0,0,0,227,0,0,11265597611,0,0,0,0,0,0,627,0,0
11266640611,0,0,0,0,0,0,239,0,0,11266717611,0,0,0,0,0,0,574,0,0
11267760611,0,0,0,0,0,0,228,0,0,11267837611,0,0,0,0,0,0,616,0,0
11268880611,0,0,0,0,0,0,245,0,0,11268957611,0,0,0,0,0,0,545,0,0
11270000611,0,0,0,0,0,0,256,0,0,11270077611,0,0,0,0,0,0,612,0,0
11271120611,0,0,0,0,0,0,238,0,0,11271197611,0,0,0,0,0,0,578,0,0
11272240611,0,0,0,0,0,0,211,0,0,11272317611,0,0,0,0,0,0,612,0,0
11273360611,0,0,0,0,0,0,244,0,0,11273437611,0,0,0,0,0,0,626,0,0
11274480611,0,0,0,0,0,0,207,0,0,11274557611,0,0,0,0,0,0,568,0,0
11275600611,0,0,0,0,0,0,255,0,0,11275677611,0,0,0,0,0,0,588,0,0
11276720611,0,0,0,0,0,0,214,0,0,11276797611,0,0,0,0,0,0,576,0,0
11277840611,0,0,0,0,0,0,256,0,0,11277917611,0,0,0,0,0,0,609,0,0
11278960611,0,0,0,0,0,0,278,0,0,11279037611,0,0,0,0,0,0,604,0,0
11280080611,0,0,0,0,0,0,224,0,0,11280157611,0,0,0,0,0,0,608,0,0
11281200611,0,0,0,0,0,0,251,0,0,11281277611,0,0,0,0,0,0,584,0,0
11282320611,0,0,0,0,0,0,239,0,0,11282397611,0,0,0,0,0,0,580,0,0
11283440611,0,0,0,0,0,0,256,0,0,11283517611,0,0,0,0,0,0,589,0,0
11284560611,0,0,0,0,0,0,268,0,0,11284637611,0,0,0,0,0,0,576,0,0
11285680611,0,0,0,0,0,0,219,0,0,11285757611,0,0,0,0,0,0,604,0,0
11286800611,0,0,0,0,0,0,199,0,0,11286877611,0,0,0,0,0,0,600,0,0
11287920611,0,0,0,0,0,0,266,0,0,11287997611,0,0,0,0,0,0,595,0,0
11289040611,0,0,0,0,0,0,238,0,0,11289117611,0,0,0,0,0,0,635,0,0
11290160611,0,0,0,0,0,0,219,0,0,11290237611,0,0,0,0,0,0,617,0,0
11291280611,0,0,0,0,0,0,191,0,0,11291357611,0,0,0,0,0,0,635,0,0
11292400611,0,0,0,0,0,0,238,0,0,11292477611,0,0,0,0,0,0,575,0,0
11293520611,0,0,0,0,0,0,243,0,0,11293597611,0,0,0,0,0,0,647,0,0
11294640611,0,0,0,0,0,0,216,0,0,11294717611,0,0,0,0,0,0,588,0,0
11295760611,0,0,0,0,0,0,238,0,0,11295837611,0,0,0,0,0,0,612,0,0
11296880611,0,0,0,0,0,0,243,0,0,11296957611,0,0,0,0,0,0,574,0,0
11298000611,0,0,0,0,0,0,220,0,0,11298077611,0,0,0,0,0,0,628,0,0
11299120611,0,0,0,0,0,0,265,0,0,11299197611,0,0,0,0,0,0,620,0,0
11300240611,0,0,0,0,0,0,239,0,0,11300317611,0,0,0,0,0,0,577,0,0
11301360611,0,0,0,0,0,0,245,0,0,11301437611,0,0,0,0,0,0,542,0,0
11302480611,0,0,0,0,0,0,259,0,0,11302557611,0,0,0,0,0,0,629,0,0
11303600611,0,0,0,0,0,0,264,0,0,11303677611,0,0,0,0,0,0,622,0,0
11304720611,0,0,0,0,0,0,253,0,0,11304797611,0,0,0,0,0,0,559,0,0
11305840611,0,0,0,0,0,0,277,0,0,11305917611,0,0,0,0,0,0,594,0,0
11306960611,0,0,0,0,0,0,231,0,0,11307037611,0,0,0,0,0,0,600,0,0
11308080611,0,0,0,0,0,0,224,0,0,11308157611,0,0,0,0,0,0,627,0,0
11309200611,0,0,0,0,0,0,257,0,0,11309277611,0,0,0,0,0,0,569,0,0
11310320611,0,0,0,0,0,0,224,0,0,11310397611,0,0,0,0,0,0,597,0,0
11311440611,0,0,0,0,0,0,229,0,0,11311517611,0,0,0,0,0,0,607,0,0
11312560611,0,0,0,0,0,0,195,0,0,11312637611,0,0,0,0,0,0,600,0,0
11313680611,0,0,0,0,0,0,190,0,0,11313757611,0,0,0,0,0,0,619,0,0
11314800611,0,0,0,0,0,0,255,0,0,11314877611,0,0,0,0,0,0,574,0,0
11315920611,0,0,0,0,0,0,245,0,0,11315997611,0,0,0,0,0,0,591,0,0
11317040611,0,0,0,0,0,0,265,0,0,11317117611,0,0,0,0,0,0,641,0,0
11318160611,0,0,0,0,0,0,202,0,0,11318237611,0,0,0,0,0,0,602,0,0
11319280611,0,0,0,0,0,0,234,0,0,11319357611,0,0,0,0,0,0,557,0,0
11320400611,0,0,0,0,0,0,247,0,0,11320477611,0,0,0,0,0,0,583,0,0
11321520611,0,0,0,0,0,0,236,0,0,11321597611,0,0,0,0,0,0,568,0,0
11322640611,0,0,0,0,0,0,205,0,0,11322717611,0,0,0,0,0,0,571,0,0
11323760611,0,0,0,0,0,0,253,0,0,11323837611,0,0,0,0,0,0,618,0,0
11324880611,0,0,0,0,0,0,229,0,0,11324957611,0,0,0,0,0,0,622,0,0
11326000611,0,0,0,0,0,0,253,0,0,11326077611,0,0,0,0,0,0,632,0,0
11327120611,0,0,0,0,0,0,2387,0,0,11327197611,0,0,0,0,0,0,-1767,0,0
11328240611,0,0,0,0,0,0,6899,0,0,11328317611,0,0,0,0,0,0,-2006,0,0
11329360611,0,0,0,0,0,0,6898,0,0,11329437611,0,0,0,0,0,0,-1997,0,0
11330480611,0,0,0,0,0,0,6915,0,0,11330557611,0,0,0,0,0,0,-2037,0,0
11331600611,0,0,0,0,0,0,6901,0,0,11331677611,0,0,0,0,0,0,-1966,0,0
11332720611,0,0,0,0,0,0,6959,0,0,11332797611,0,0,0,0,0,0,-1969,0,0
11333840611,0,0,0,0,0,0,6935,0,0,11333917611,0,0,0,0,0,0,-1979,0,0
11334960611,0,0,0,0,0,0,6913,0,0,11335037611,0,0,0,0,0,0,-1992,0,0
11336080611,0,0,0,0,0,0,4294,0,0,11336157611,0,0,0,0,0,0,550,0,0
11337200611,0,0,0,0,0,0,267,0,0,11337277611,0,0,0,0,0,0,637,0,0
11338320611,0,0,0,0,0,0,221,0,0,11338397611,0,0,0,0,0,0,591,0,0
11339440611,0,0,0,0,0,0,245,0,0,11339517611,0,0,0,0,0,0,627,0,0
11340560611,0,0,0,0,0,0,237,0,0,11340637611,0,0,0,0,0,0,607,0,0
11341680611,0,0,0,0,0,0,226,0,0,11341757611,0,0,0,0,0,0,603,0,0
11342800611,0,0,0,0,0,0,235,0,0,11342877611,0,0,0,0,0,0,591,0,0
11343920611,0,0,0,0,0,0,226,0,0,11343997611,0,0,0,0,0,0,582,0,0
11345040611,0,0,0,0,0,0,312,0,0,11345117611,0,0,0,0,0,0,-1696,0,0
11346160611,0,0,0,0,0,0,6948,0,0,11346237611,0,0,0,0,0,0,-2027,0,0
11347280611,0,0,0,0,0,0,6947,0,0,11347357611,0,0,0,0,0,0,-2017,0,0
11348400611,0,0,0,0,0,0,6924,0,0,11348477611,0,0,0,0,0,0,-1989,0,0
11349520611,0,0,0,0,0,0,6931,0,0,11349597611,0,0,0,0,0,0,-1935,0,0
11350640611,0,0,0,0,0,0,6928,0,0,11350717611,0,0,0,0,0,0,-1950,0,0
11351760611,0,0,0,0,0,0,6879,0,0,11351837611,0,0,0,0,0,0,-2010,0,0
11352880611,0,0,0,0,0,0,6939,0,0,11352957611,0,0,0,0,0,0,-1985,0,0
11354000611,0,0,0,0,0,0,6915,0,0,11354077611,0,0,0,0,0,0,515,0,0
11355120611,0,0,0,0,0,0,226,0,0,11355197611,0,0,0,0,0,0,649,0,0
11356240611,0,0,0,0,0,0,261,0,0,11356317611,0,0,0,0,0,0,612,0,0
11357360611,0,0,0,0,0,0,257,0,0,11357437611,0,0,0,0,0,0,611,0,0
11358480611,0,0,0,0,0,0,265,0,0,11358557611,0,0,0,0,0,0,614,0,0
11359600611,0,0,0,0,0,0,226,0,0,11359677611,0,0,0,0,0,0,598,0,0
11360720611,0,0,0,0,0,0,233,0,0,11360797611,0,0,0,0,0,0,633,0,0
11361840611,0,0,0,0,0,0,264,0,0,11361917611,0,0,0,0,0,0,594,0,0
11362960611,0,0,0,0,0,0,263,0,0,11363037611,0,0,0,0,0,0,-1316,0,0
11364080611,0,0,0,0,0,0,6946,0,0,11364157611,0,0,0,0,0,0,-2004,0,0
11365200611,0,0,0,0,0,0,6935,0,0,11365277611,0,0,0,0,0,0,-1969,0,0
11366320611,0,0,0,0,0,0,6938,0,0,11366397611,0,0,0,0,0,0,-2001,0,0
11367440611,0,0,0,0,0,0,6948,0,0,11367517611,0,0,0,0,0,0,-1995,0,0
11368560611,0,0,0,0,0,0,6923,0,0,11368637611,0,0,0,0,0,0,-2002,0,0
11369680611,0,0,0,0,0,0,6924,0,0,11369757611,0,0,0,0,0,0,-2019,0,0
11370800611,0,0,0,0,0,0,6939,0,0,11370877611,0,0,0,0,0,0,-2004,0,0
11371920611,0,0,0,0,0,0,6923,0,0,11371997611,0,0,0,0,0,0,-185,0,0
11373040611,0,0,0,0,0,0,266,0,0,11373117611,0,0,0,0,0,0,634,0,0
11374160611,0,0,0,0,0,0,276,0,0,11374237611,0,0,0,0,0,0,603,0,0
11375280611,0,0,0,0,0,0,214,0,0,11375357611,0,0,0,0,0,0,610,0,0
11376400611,0,0,0,0,0,0,221,0,0,11376477611,0,0,0,0,0,0,636,0,0
11377520611,0,0,0,0,0,0,207,0,0,11377597611,0,0,0,0,0,0,605,0,0
11378640611,0,0,0,0,0,0,216,0,0,11378717611,0,0,0,0,0,0,582,0,0
11379760611,0,0,0,0,0,0,251,0,0,11379837611,0,0,0,0,0,0,602,0,0
11380880611,0,0,0,0,0,0,263,0,0,11380957611,0,0,0,0,0,0,-422,0,0
11382000611,0,0,0,0,0,0,6936,0,0,11382077611,0,0,0,0,0,0,-1998,0,0
11383120611,0,0,0,0,0,0,6928,0,0,11383197611,0,0,0,0,0,0,-1989,0,0
11384240611,0,0,0,0,0,0,6921,0,0,11384317611,0,0,0,0,0,0,-1971,0,0
11385360611,0,0,0,0,0,0,6940,0,0,11385437611,0,0,0,0,0,0,-1969,0,0
11386480611,0,0,0,0,0,0,6924,0,0,11386557611,0,0,0,0,0,0,-1987,0,0
11387600611,0,0,0,0,0,0,6889,0,0,11387677611,0,0,0,0,0,0,-1996,0,0
11388720611,0,0,0,0,0,0,6893,0,0,11388797611,0,0,0,0,0,0,-2033,0,0
11389840611,0,0,0,0,0,0,6936,0,0,11389917611,0,0,0,0,0,0,-1623,0,0
11390960611,0,0,0,0,0,0,239,0,0,11391037611,0,0,0,0,0,0,607,0,0
11392080611,0,0,0,0,0,0,256,0,0,11392157611,0,0,0,0,0,0,607,0,0
11393200611,0,0,0,0,0,0,259,0,0,11393277611,0,0,0,0,0,0,592,0,0
11394320611,0,0,0,0,0,0,249,0,0,11394397611,0,0,0,0,0,0,591,0,0
11395440611,0,0,0,0,0,0,221,0,0,11395517611,0,0,0,0,0,0,616,0,0
11396560611,0,0,0,0,0,0,225,0,0,11396637611,0,0,0,0,0,0,594,0,0
11397680611,0,0,0,0,0,0,251,0,0,11397757611,0,0,0,0,0,0,629,0,0
11398800611,0,0,0,0,0,0,259,0,0,11398877611,0,0,0,0,0,0,598,0,0
11399920611,0,0,0,0,0,0,6907,0,0,11399997611,0,0,0,0,0,0,-2013,0,0
11401040611,0,0,0,0,0,0,6921,0,0,11401117611,0,0,0,0,0,0,-2012,0,0
11402160611,0,0,0,0,0,0,6874,0,0,11402237611,0,0,0,0,0,0,-1986,0,0
11403280611,0,0,0,0,0,0,6914,0,0,11403357611,0,0,0,0,0,0,-2032,0,0
11404400611,0,0,0,0,0,0,6907,0,0,11404477611,0,0,0,0,0,0,-2012,0,0
11405520611,0,0,0,0,0,0,6920,0,0,11405597611,0,0,0,0,0,0,-1981,0,0
11406640611,0,0,0,0,0,0,6911,0,0,11406717611,0,0,0,0,0,0,-2032,0,0
11407760611,0,0,0,0,0,0,6947,0,0,11407837611,0,0,0,0,0,0,-1985,0,0
11408880611,0,0,0,0,0,0,269,0,0,11408957611,0,0,0,0,0,0,604,0,0
11410000611,0,0,0,0,0,0,232,0,0,11410077611,0,0,0,0,0,0,596,0,0
11411120611,0,0,0,0,0,0,217,0,0,11411197611,0,0,0,0,0,0,638,0,0
11412240611,0,0,0,0,0,0,208,0,0,11412317611,0,0,0,0,0,0,645,0,0
11413360611,0,0,0,0,0,0,235,0,0,11413437611,0,0,0,0,0,0,576,0,0
11414480611,0,0,0,0,0,0,234,0,0,11414557611,0,0,0,0,0,0,568,0,0
11415600611,0,0,0,0,0,0,250,0,0,11415677611,0,0,0,0,0,0,639,0,0
11416720611,0,0,0,0,0,0,237,0,0,11416797611,0,0,0,0,0,0,644,0,0
11417840611,0,0,0,0,0,0,6919,0,0,11417917611,0,0,0,0,0,0,-2045,0,0
11418960611,0,0,0,0,0,0,6910,0,0,11419037611,0,0,0,0,0,0,-1988,0,0
11420080611,0,0,0,0,0,0,6918,0,0,11420157611,0,0,0,0,0,0,-1977,0,0
11421200611,0,0,0,0,0,0,6926,0,0,11421277611,0,0,0,0,0,0,-1987,0,0
11422320611,0,0,0,0,0,0,6932,0,0,11422397611,0,0,0,0,0,0,-2013,0,0
11423440611,0,0,0,0,0,0,6887,0,0,11423517611,0,0,0,0,0,0,-1942,0,0
11424560611,0,0,0,0,0,0,6918,0,0,11424637611,0,0,0,0,0,0,-2041,0,0
11425680611,0,0,0,0,0,0,6972,0,0,11425757611,0,0,0,0,0,0,-1979,0,0
11426800611,0,0,0,0,0,0,232,0,0,11426877611,0,0,0,0,0,0,594,0,0
11427920611,0,0,0,0,0,0,231,0,0,11427997611,0,0,0,0,0,0,626,0,0
11429040611,0,0,0,0,0,0,238,0,0,11429117611,0,0,0,0,0,0,636,0,0
11430160611,0,0,0,0,0,0,246,0,0,11430237611,0,0,0,0,0,0,608,0,0
11431280611,0,0,0,0,0,0,282,0,0,11431357611,0,0,0,0,0,0,630,0,0
11432400611,0,0,0,0,0,0,211,0,0,11432477611,0,0,0,0,0,0,631,0,0
11433520611,0,0,0,0,0,0,195,0,0,11433597611,0,0,0,0,0,0,634,0,0
11434640611,0,0,0,0,0,0,244,0,0,11434717611,0,0,0,0,0,0,612,0,0
11435760611,0,0,0,0,0,0,6920,0,0,11435837611,0,0,0,0,0,0,-1907,0,0
11436880611,0,0,0,0,0,0,6891,0,0,11436957611,0,0,0,0,0,0,-1973,0,0
11438000611,0,0,0,0,0,0,6905,0,0,11438077611,0,0,0,0,0,0,-1991,0,0
11439120611,0,0,0,0,0,0,6879,0,0,11439197611,0,0,0,0,0,0,-2023,0,0
11440240611,0,0,0,0,0,0,6896,0,0,11440317611,0,0,0,0,0,0,-1935,0,0
11441360611,0,0,0,0,0,0,6920,0,0,11441437611,0,0,0,0,0,0,-2023,0,0
11442480611,0,0,0,0,0,0,6914,0,0,11442557611,0,0,0,0,0,0,-2014,0,0
11443600611,0,0,0,0,0,0,6904,0,0,11443677611,0,0,0,0,0,0,-1992,0,0
11444720611,0,0,0,0,0,0,232,0,0,11444797611,0,0,0,0,0,0,670,0,0
11445840611,0,0,0,0,0,0,226,0,0,11445917611,0,0,0,0,0,0,588,0,0
11446960611,0,0,0,0,0,0,243,0,0,11447037611,0,0,0,0,0,0,604,0,0
11448080611,0,0,0,0,0,0,238,0,0,11448157611,0,0,0,0,0,0,632,0,0
11449200611,0,0,0,0,0,0,232,0,0,11449277611,0,0,0,0,0,0,650,0,0
11450320611,0,0,0,0,0,0,225,0,0,11450397611,0,0,0,0,0,0,638,0,0
11451440611,0,0,0,0,0,0,262,0,0,11451517611,0,0,0,0,0,0,644,0,0
11452560611,0,0,0,0,0,0,224,0,0,11452637611,0,0,0,0,0,0,604,0,0
11453680611,0,0,0,0,0,0,6881,0,0,11453757611,0,0,0,0,0,0,-2037,0,0
11454800611,0,0,0,0,0,0,6923,0,0,11454877611,0,0,0,0,0,0,-2019,0,0
11455920611,0,0,0,0,0,0,6901,0,0,11455997611,0,0,0,0,0,0,-2034,0,0
11457040611,0,0,0,0,0,0,6928,0,0,11457117611,0,0,0,0,0,0,-1962,0,0
11458160611,0,0,0,0,0,0,6883,0,0,11458237611,0,0,0,0,0,0,-1976,0,0
11459280611,0,0,0,0,0,0,6953,0,0,11459357611,0,0,0,0,0,0,-2008,0,0
11460400611,0,0,0,0,0,0,6917,0,0,11460477611,0,0,0,0,0,0,-2013,0,0
11461520611,0,0,0,0,0,0,6880,0,0,11461597611,0,0,0,0,0,0,-2014,0,0
11462640611,0,0,0,0,0,0,197,0,0,11462717611,0,0,0,0,0,0,629,0,0
11463760611,0,0,0,0,0,0,209,0,0,11463837611,0,0,0,0,0,0,669,0,0
11464880611,0,0,0,0,0,0,257,0,0,11464957611,0,0,0,0,0,0,634,0,0
11466000611,0,0,0,0,0,0,271,0,0,11466077611,0,0,0,0,0,0,628,0,0
11467120611,0,0,0,0,0,0,270,0,0,11467197611,0,0,0,0,0,0,585,0,0
11468240611,0,0,0,0,0,0,220,0,0,11468317611,0,0,0,0,0,0,591,0,0
11469360611,0,0,0,0,0,0,254,0,0,11469437611,0,0,0,0,0,0,656,0,0
11470480611,0,0,0,0,0,0,231,0,0,11470557611,0,0,0,0,0,0,556,0,0
11471600611,0,0,0,0,0,0,6922,0,0,11471677611,0,0,0,0,0,0,-1992,0,0
11472720611,0,0,0,0,0,0,6925,0,0,11472797611,0,0,0,0,0,0,-2019,0,0
11473840611,0,0,0,0,0,0,6894,0,0,11473917611,0,0,0,0,0,0,-1982,0,0
11474960611,0,0,0,0,0,0,6922,0,0,11475037611,0,0,0,0,0,0,-2002,0,0
11476080611,0,0,0,0,0,0,6957,0,0,11476157611,0,0,0,0,0,0,-1995,0,0
11477200611,0,0,0,0,0,0,6904,0,0,11477277611,0,0,0,0,0,0,-1993,0,0
11478320611,0,0,0,0,0,0,6869,0,0,11478397611,0,0,0,0,0,0,-1994,0,0
11479440611,0,0,0,0,0,0,6908,0,0,11479517611,0,0,0,0,0,0,-2028,0,0
11480560611,0,0,0,0,0,0,231,0,0,11480637611,0,0,0,0,0,0,571,0,0
11481680611,0,0,0,0,0,0,292,0,0,11481757611,0,0,0,0,0,0,614,0,0
11482800611,0,0,0,0,0,0,193,0,0,11482877611,0,0,0,0,0,0,649,0,0
11483920611,0,0,0,0,0,0,277,0,0,11483997611,0,0,0,0,0,0,619,0,0
11485040611,0,0,0,0,0,0,250,0,0,11485117611,0,0,0,0,0,0,634,0,0
11486160611,0,0,0,0,0,0,258,0,0,11486237611,0,0,0,0,0,0,612,0,0
11487280611,0,0,0,0,0,0,298,0,0,11487357611,0,0,0,0,0,0,577,0,0
11488400611,0,0,0,0,0,0,217,0,0,11488477611,0,0,0,0,0,0,646,0,0
11489520611,0,0,0,0,0,0,6935,0,0,11489597611,0,0,0,0,0,0,-1993,0,0
11490640611,0,0,0,0,0,0,6880,0,0,11490717611,0,0,0,0,0,0,-1956,0,0
11491760611,0,0,0,0,0,0,6916,0,0,11491837611,0,0,0,0,0,0,-1985,0,0
11492880611,0,0,0,0,0,0,6915,0,0,11492957611,0,0,0,0,0,0,-1952,0,0
11494000611,0,0,0,0,0,0,6919,0,0,11494077611,0,0,0,0,0,0,-1983,0,0
11495120611,0,0,0,0,0,0,6888,0,0,11495197611,0,0,0,0,0,0,-1954,0,0
11496240611,0,0,0,0,0,0,6918,0,0,11496317611,0,0,0,0,0,0,-2003,0,0
11497360611,0,0,0,0,0,0,6911,0,0,11497437611,0,0,0,0,0,0,-2004,0,0
11498480611,0,0,0,0,0,0,243,0,0,11498557611,0,0,0,0,0,0,627,0,0
11499600611,0,0,0,0,0,0,197,0,0,11499677611,0,0,0,0,0,0,620,0,0
11500720611,0,0,0,0,0,0,251,0,0,11500797611,0,0,0,0,0,0,602,0,0
11501840611,0,0,0,0,0,0,277,0,0,11501917611,0,0,0,0,0,0,590,0,0
11502960611,0,0,0,0,0,0,232,0,0,11503037611,0,0,0,0,0,0,617,0,0
11504080611,0,0,0,0,0,0,232,0,0,11504157611,0,0,0,0,0,0,638,0,0
11505200611,0,0,0,0,0,0,203,0,0,11505277611,0,0,0,0,0,0,607,0,0
11506320611,0,0,0,0,0,0,262,0,0,11506397611,0,0,0,0,0,0,582,0,0
11507440611,0,0,0,0,0,0,6920,0,0,11507517611,0,0,0,0,0,0,-1986,0,0
11508560611,0,0,0,0,0,0,6935,0,0,11508637611,0,0,0,0,0,0,-2010,0,0
11509680611,0,0,0,0,0,0,6889,0,0,11509757611,0,0,0,0,0,0,-1976,0,0
11510800611,0,0,0,0,0,0,6935,0,0,11510877611,0,0,0,0,0,0,-1981,0,0
11511920611,0,0,0,0,0,0,6887,0,0,11511997611,0,0,0,0,0,0,-2004,0,0
11513040611,0,0,0,0,0,0,6932,0,0,11513117611,0,0,0,0,0,0,-2011,0,0
11514160611,0,0,0,0,0,0,6908,0,0,11514237611,0,0,0,0,0,0,-2002,0,0
11515280611,0,0,0,0,0,0,6918,0,0,11515357611,0,0,0,0,0,0,-1961,0,0
11516400611,0,0,0,0,0,0,234,0,0,11516477611,0,0,0,0,0,0,640,0,0
11517520611,0,0,0,0,0,0,205,0,0,11517597611,0,0,0,0,0,0,617,0,0
11518640611,0,0,0,0,0,0,239,0,0,11518717611,0,0,0,0,0,0,611,0,0
11519760611,0,0,0,0,0,0,238,0,0,11519837611,0,0,0,0,0,0,561,0,0
11520880611,0,0,0,0,0,0,272,0,0,11520957611,0,0,0,0,0,0,584,0,0
11522000611,0,0,0,0,0,0,233,0,0,11522077611,0,0,0,0,0,0,644,0,0
11523120611,0,0,0,0,0,0,278,0,0,11523197611,0,0,0,0,0,0,621,0,0
11524240611,0,0,0,0,0,0,235,0,0,11524317611,0,0,0,0,0,0,578,0,0
11525360611,0,0,0,0,0,0,6943,0,0,11525437611,0,0,0,0,0,0,-2006,0,0
11526480611,0,0,0,0,0,0,6926,0,0,11526557611,0,0,0,0,0,0,-1988,0,0
11527600611,0,0,0,0,0,0,6926,0,0,11527677611,0,0,0,0,0,0,-1941,0,0
11528720611,0,0,0,0,0,0,6911,0,0,11528797611,0,0,0,0,0,0,-1969,0,0
11529840611,0,0,0,0,0,0,6907,0,0,11529917611,0,0,0,0,0,0,-1982,0,0
11530960611,0,0,0,0,0,0,6890,0,0,11531037611,0,0,0,0,0,0,-2002,0,0
11532080611,0,0,0,0,0,0,6936,0,0,11532157611,0,0,0,0,0,0,-1996,0,0
11533200611,0,0,0,0,0,0,6923,0,0,11533277611,0,0,0,0,0,0,-2001,0,0
11534320611,0,0,0,0,0,0,224,0,0,11534397611,0,0,0,0,0,0,633,0,0
11535440611,0,0,0,0,0,0,237,0,0,11535517611,0,0,0,0,0,0,586,0,0
11536560611,0,0,0,0,0,0,235,0,0,11536637611,0,0,0,0,0,0,591,0,0
11537680611,0,0,0,0,0,0,231,0,0,11537757611,0,0,0,0,0,0,608,0,0
11538800611,0,0,0,0,0,0,231,0,0,11538877611,0,0,0,0,0,0,624,0,0
11539920611,0,0,0,0,0,0,192,0,0,11539997611,0,0,0,0,0,0,591,0,0
11541040611,0,0,0,0,0,0,210,0,0,11541117611,0,0,0,0,0,0,637,0,0
11542160611,0,0,0,0,0,0,244,0,0,11542237611,0,0,0,0,0,0,580,0,0
11543280611,0,0,0,0,0,0,6923,0,0,11543357611,0,0,0,0,0,0,-1963,0,0
11544400611,0,0,0,0,0,0,6955,0,0,11544477611,0,0,0,0,0,0,-2011,0,0
11545520611,0,0,0,0,0,0,6901,0,0,11545597611,0,0,0,0,0,0,-1979,0,0
11546640611,0,0,0,0,0,0,6930,0,0,11546717611,0,0,0,0,0,0,-1985,0,0
11547760611,0,0,0,0,0,0,6873,0,0,11547837611,0,0,0,0,0,0,-1982,0,0
11548880611,0,0,0,0,0,0,6899,0,0,11548957611,0,0,0,0,0,0,-1994,0,0
11550000611,0,0,0,0,0,0,6908,0,0,11550077611,0,0,0,0,0,0,-1951,0,0
11551120611,0,0,0,0,0,0,6908,0,0,11551197611,0,0,0,0,0,0,-2002,0,0
11552240611,0,0,0,0,0,0,240,0,0,11552317611,0,0,0,0,0,0,624,0,0
11553360611,0,0,0,0,0,0,265,0,0,11553437611,0,0,0,0,0,0,623,0,0
11554480611,0,0,0,0,0,0,183,0,0,11554557611,0,0,0,0,0,0,604,0,0
11555600611,0,0,0,0,0,0,259,0,0,11555677611,0,0,0,0,0,0,624,0,0
11556720611,0,0,0,0,0,0,222,0,0,11556797611,0,0,0,0,0,0,666,0,0
11557840611,0,0,0,0,0,0,246,0,0,11557917611,0,0,0,0,0,0,578,0,0
11558960611,0,0,0,0,0,0,226,0,0,11559037611,0,0,0,0,0,0,605,0,0
11560080611,0,0,0,0,0,0,220,0,0,11560157611,0,0,0,0,0,0,579,0,0
11561200611,0,0,0,0,0,0,6909,0,0,11561277611,0,0,0,0,0,0,-2015,0,0
11562320611,0,0,0,0,0,0,6924,0,0,11562397611,0,0,0,0,0,0,-1980,0,0
11563440611,0,0,0,0,0,0,6936,0,0,11563517611,0,0,0,0,0,0,-2011,0,0
11564560611,0,0,0,0,0,0,6915,0,0,11564637611,0,0,0,0,0,0,-2006,0,0
11565680611,0,0,0,0,0,0,6909,0,0,11565757611,0,0,0,0,0,0,-2022,0,0
11566800611,0,0,0,0,0,0,6894,0,0,11566877611,0,0,0,0,0,0,-1975,0,0
11567920611,0,0,0,0,0,0,6904,0,0,11567997611,0,0,0,0,0,0,-1963,0,0
11569040611,0,0,0,0,0,0,6958,0,0,11569117611,0,0,0,0,0,0,-1973,0,0
11570160611,0,0,0,0,0,0,255,0,0,11570237611,0,0,0,0,0,0,614,0,0
11571280611,0,0,0,0,0,0,241,0,0,11571357611,0,0,0,0,0,0,605,0,0
11572400611,0,0,0,0,0,0,248,0,0,11572477611,0,0,0,0,0,0,627,0,0
11573520611,0,0,0,0,0,0,253,0,0,11573597611,0,0,0,0,0,0,578,0,0
11574640611,0,0,0,0,0,0,232,0,0,11574717611,0,0,0,0,0,0,623,0,0
11575760611,0,0,0,0,0,0,239,0,0,11575837611,0,0,0,0,0,0,621,0,0
11576880611,0,0,0,0,0,0,225,0,0,11576957611,0,0,0,0,0,0,573,0,0
11578000611,0,0,0,0,0,0,259,0,0,11578077611,0,0,0,0,0,0,611,0,0
11579120611,0,0,0,0,0,0,6897,0,0,11579197611,0,0,0,0,0,0,-1997,0,0
11580240611,0,0,0,0,0,0,6942,0,0,11580317611,0,0,0,0,0,0,-1975,0,0
11581360611,0,0,0,0,0,0,6901,0,0,11581437611,0,0,0,0,0,0,-2010,0,0
11582480611,0,0,0,0,0,0,6884,0,0,11582557611,0,0,0,0,0,0,-1960,0,0
11583600611,0,0,0,0,0,0,6856,0,0,11583677611,0,0,0,0,0,0,-1991,0,0
11584720611,0,0,0,0,0,0,6917,0,0,11584797611,0,0,0,0,0,0,-2029,0,0
11585840611,0,0,0,0,0,0,6883,0,0,11585917611,0,0,0,0,0,0,-2024,0,0
11586960611,0,0,0,0,0,0,6917,0,0,11587037611,0,0,0,0,0,0,-1956,0,0
11588080611,0,0,0,0,0,0,218,0,0,11588157611,0,0,0,0,0,0,542,0,0
11589200611,0,0,0,0,0,0,198,0,0,11589277611,0,0,0,0,0,0,609,0,0
11590320611,0,0,0,0,0,0,270,0,0,11590397611,0,0,0,0,0,0,601,0,0
11591440611,0,0,0,0,0,0,253,0,0,11591517611,0,0,0,0,0,0,629,0,0
11592560611,0,0,0,0,0,0,254,0,0,11592637611,0,0,0,0,0,0,610,0,0
11593680611,0,0,0,0,0,0,225,0,0,11593757611,0,0,0,0,0,0,545,0,0
11594800611,0,0,0,0,0,0,227,0,0,11594877611,0,0,0,0,0,0,640,0,0
11595920611,0,0,0,0,0,0,282,0,0,11595997611,0,0,0,0,0,0,618,0,0
11597040611,0,0,0,0,0,0,6951,0,0,11597117611,0,0,0,0,0,0,-2011,0,0
11598160611,0,0,0,0,0,0,6895,0,0,11598237611,0,0,0,0,0,0,-1985,0,0
11599280611,0,0,0,0,0,0,6899,0,0,11599357611,0,0,0,0,0,0,-2000,0,0
11600400611,0,0,0,0,0,0,6907,0,0,11600477611,0,0,0,0,0,0,-1978,0,0
11601520611,0,0,0,0,0,0,6930,0,0,11601597611,0,0,0,0,0,0,-1994,0,0
11602640611,0,0,0,0,0,0,6907,0,0,11602717611,0,0,0,0,0,0,-2027,0,0
11603760611,0,0,0,0,0,0,6941,0,0,11603837611,0,0,0,0,0,0,-1999,0,0
11604880611,0,0,0,0,0,0,6916,0,0,11604957611,0,0,0,0,0,0,-2015,0,0
11606000611,0,0,0,0,0,0,202,0,0,11606077611,0,0,0,0,0,0,589,0,0
11607120611,0,0,0,0,0,0,241,0,0,11607197611,0,0,0,0,0,0,665,0,0
11608240611,0,0,0,0,0,0,244,0,0,11608317611,0,0,0,0,0,0,622,0,0
11609360611,0,0,0,0,0,0,198,0,0,11609437611,0,0,0,0,0,0,616,0,0
11610480611,0,0,0,0,0,0,226,0,0,11610557611,0,0,0,0,0,0,591,0,0
11611600611,0,0,0,0,0,0,227,0,0,11611677611,0,0,0,0,0,0,617,0,0
11612720611,0,0,0,0,0,0,222,0,0,11612797611,0,0,0,0,0,0,588,0,0
11613840611,0,0,0,0,0,0,266,0,0,11613917611,0,0,0,0,0,0,648,0,0
11614960611,0,0,0,0,0,0,6928,0,0,11615037611,0,0,0,0,0,0,-2008,0,0
11616080611,0,0,0,0,0,0,6868,0,0,11616157611,0,0,0,0,0,0,-1993,0,0
11617200611,0,0,0,0,0,0,6922,0,0,11617277611,0,0,0,0,0,0,-1997,0,0
11618320611,0,0,0,0,0,0,6891,0,0,11618397611,0,0,0,0,0,0,-1967,0,0
11619440611,0,0,0,0,0,0,6900,0,0,11619517611,0,0,0,0,0,0,-1964,0,0
11620560611,0,0,0,0,0,0,6916,0,0,11620637611,0,0,0,0,0,0,-2004,0,0
11621680611,0,0,0,0,0,0,6914,0,0,11621757611,0,0,0,0,0,0,-1988,0,0
11622800611,0,0,0,0,0,0,6877,0,0,11622877611,0,0,0,0,0,0,-2002,0,0
11623920611,0,0,0,0,0,0,246,0,0,11623997611,0,0,0,0,0,0,619,0,0
11625040611,0,0,0,0,0,0,235,0,0,11625117611,0,0,0,0,0,0,609,0,0
11626160611,0,0,0,0,0,0,247,0,0,11626237611,0,0,0,0,0,0,650,0,0
11627280611,0,0,0,0,0,0,247,0,0,11627357611,0,0,0,0,0,0,572,0,0
11628400611,0,0,0,0,0,0,235,0,0,11628477611,0,0,0,0,0,0,558,0,0
11629520611,0,0,0,0,0,0,223,0,0,11629597611,0,0,0,0,0,0,570,0,0
11630640611,0,0,0,0,0,0,200,0,0,11630717611,0,0,0,0,0,0,601,0,0
11631760611,0,0,0,0,0,0,214,0,0,11631837611,0,0,0,0,0,0,591,0,0
11632880611,0,0,0,0,0,0,6915,0,0,11632957611,0,0,0,0,0,0,-2007,0,0
11634000611,0,0,0,0,0,0,6896,0,0,11634077611,0,0,0,0,0,0,-2008,0,0
11635120611,0,0,0,0,0,0,6901,0,0,11635197611,0,0,0,0,0,0,-2017,0,0
11636240611,0,0,0,0,0,0,6923,0,0,11636317611,0,0,0,0,0,0,-1972,0,0
11637360611,0,0,0,0,0,0,6893,0,0,11637437611,0,0,0,0,0,0,-2006,0,0
11638480611,0,0,0,0,0,0,6899,0,0,11638557611,0,0,0,0,0,0,-1980,0,0
11639600611,0,0,0,0,0,0,6889,0,0,11639677611,0,0,0,0,0,0,-1946,0,0
11640720611,0,0,0,0,0,0,6947,0,0,11640797611,0,0,0,0,0,0,-2014,0,0
11641840611,0,0,0,0,0,0,221,0,0,11641917611,0,0,0,0,0,0,590,0,0
11642960611,0,0,0,0,0,0,227,0,0,11643037611,0,0,0,0,0,0,626,0,0
11644080611,0,0,0,0,0,0,266,0,0,11644157611,0,0,0,0,0,0,643,0,0
11645200611,0,0,0,0,0,0,217,0,0,11645277611,0,0,0,0,0,0,596,0,0
11646320611,0,0,0,0,0,0,255,0,0,11646397611,0,0,0,0,0,0,608,0,0
11647440611,0,0,0,0,0,0,269,0,0,11647517611,0,0,0,0,0,0,609,0,0
11648560611,0,0,0,0,0,0,223,0,0,11648637611,0,0,0,0,0,0,621,0,0
11649680611,0,0,0,0,0,0,280,0,0,11649757611,0,0,0,0,0,0,579,0,0
11650800611,0,0,0,0,0,0,6867,0,0,11650877611,0,0,0,0,0,0,-1986,0,0
11651920611,0,0,0,0,0,0,6927,0,0,11651997611,0,0,0,0,0,0,-1932,0,0
11653040611,0,0,0,0,0,0,6893,0,0,11653117611,0,0,0,0,0,0,-2007,0,0
11654160611,0,0,0,0,0,0,6926,0,0,11654237611,0,0,0,0,0,0,-1969,0,0
11655280611,0,0,0,0,0,0,6871,0,0,11655357611,0,0,0,0,0,0,-1963,0,0
11656400611,0,0,0,0,0,0,6902,0,0,11656477611,0,0,0,0,0,0,-1990,0,0
11657520611,0,0,0,0,0,0,6908,0,0,11657597611,0,0,0,0,0,0,-2006,0,0
11658640611,0,0,0,0,0,0,6923,0,0,11658717611,0,0,0,0,0,0,-1973,0,0
11659760611,0,0,0,0,0,0,261,0,0,11659837611,0,0,0,0,0,0,587,0,0
11660880611,0,0,0,0,0,0,229,0,0,11660957611,0,0,0,0,0,0,603,0,0
11662000611,0,0,0,0,0,0,213,0,0,11662077611,0,0,0,0,0,0,588,0,0
11663120611,0,0,0,0,0,0,267,0,0,11663197611,0,0,0,0,0,0,635,0,0
11664240611,0,0,0,0,0,0,275,0,0,11664317611,0,0,0,0,0,0,619,0,0
11665360611,0,0,0,0,0,0,236,0,0,11665437611,0,0,0,0,0,0,599,0,0
11666480611,0,0,0,0,0,0,216,0,0,11666557611,0,0,0,0,0,0,619,0,0
11667600611,0,0,0,0,0,0,256,0,0,11667677611,0,0,0,0,0,0,588,0,0
11668720611,0,0,0,0,0,0,6911,0,0,11668797611,0,0,0,0,0,0,-1998,0,0
11669840611,0,0,0,0,0,0,6913,0,0,11669917611,0,0,0,0,0,0,-1995,0,0
11670960611,0,0,0,0,0,0,6912,0,0,11671037611,0,0,0,0,0,0,-1995,0,0
11672080611,0,0,0,0,0,0,6925,0,0,11672157611,0,0,0,0,0,0,-1986,0,0
11673200611,0,0,0,0,0,0,6921,0,0,11673277611,0,0,0,0,0,0,-1998,0,0
11674320611,0,0,0,0,0,0,6885,0,0,11674397611,0,0,0,0,0,0,-1979,0,0
11675440611,0,0,0,0,0,0,6909,0,0,11675517611,0,0,0,0,0,0,-1998,0,0
11676560611,0,0,0,0,0,0,6894,0,0,11676637611,0,0,0,0,0,0,-2005,0,0
11677680611,0,0,0,0,0,0,267,0,0,11677757611,0,0,0,0,0,0,589,0,0
11678800611,0,0,0,0,0,0,261,0,0,11678877611,0,0,0,0,0,0,590,0,0
11679920611,0,0,0,0,0,0,248,0,0,11679997611,0,0,0,0,0,0,551,0,0
11681040611,0,0,0,0,0,0,297,0,0,11681117611,0,0,0,0,0,0,601,0,0
11682160611,0,0,0,0,0,0,240,0,0,11682237611,0,0,0,0,0,0,556,0,0
11683280611,0,0,0,0,0,0,231,0,0,11683357611,0,0,0,0,0,0,626,0,0
11684400611,0,0,0,0,0,0,204,0,0,11684477611,0,0,0,0,0,0,635,0,0
11685520611,0,0,0,0,0,0,209,0,0,11685597611,0,0,0,0,0,0,622,0,0
11686640611,0,0,0,0,0,0,6923,0,0,11686717611,0,0,0,0,0,0,-1932,0,0
11687760611,0,0,0,0,0,0,6906,0,0,11687837611,0,0,0,0,0,0,-1992,0,0
11688880611,0,0,0,0,0,0,6913,0,0,11688957611,0,0,0,0,0,0,-2011,0,0
11690000611,0,0,0,0,0,0,6927,0,0,11690077611,0,0,0,0,0,0,-1986,0,0
11691120611,0,0,0,0,0,0,6901,0,0,11691197611,0,0,0,0,0,0,-1994,0,0
11692240611,0,0,0,0,0,0,6894,0,0,11692317611,0,0,0,0,0,0,-1983,0,0
11693360611,0,0,0,0,0,0,6918,0,0,11693437611,0,0,0,0,0,0,-1990,0,0
11694480611,0,0,0,0,0,0,6913,0,0,11694557611,0,0,0,0,0,0,-2008,0,0
11695600611,0,0,0,0,0,0,201,0,0,11695677611,0,0,0,0,0,0,605,0,0
11696720611,0,0,0,0,0,0,232,0,0,11696797611,0,0,0,0,0,0,606,0,0
11697840611,0,0,0,0,0,0,229,0,0,11697917611,0,0,0,0,0,0,610,0,0
11698960611,0,0,0,0,0,0,253,0,0,11699037611,0,0,0,0,0,0,609,0,0
11700080611,0,0,0,0,0,0,254,0,0,11700157611,0,0,0,0,0,0,595,0,0
11701200611,0,0,0,0,0,0,211,0,0,11701277611,0,0,0,0,0,0,631,0,0
11702320611,0,0,0,0,0,0,256,0,0,11702397611,0,0,0,0,0,0,567,0,0
11703440611,0,0,0,0,0,0,277,0,0,11703517611,0,0,0,0,0,0,623,0,0
11704560611,0,0,0,0,0,0,6927,0,0,11704637611,0,0,0,0,0,0,-2027,0,0
11705680611,0,0,0,0,0,0,6884,0,0,11705757611,0,0,0,0,0,0,-1999,0,0
11706800611,0,0,0,0,0,0,6894,0,0,11706877611,0,0,0,0,0,0,-1948,0,0
11707920611,0,0,0,0,0,0,6899,0,0,11707997611,0,0,0,0,0,0,-2000,0,0
11709040611,0,0,0,0,0,0,6901,0,0,11709117611,0,0,0,0,0,0,-1976,0,0
11710160611,0,0,0,0,0,0,6914,0,0,11710237611,0,0,0,0,0,0,-1944,0,0
11711280611,0,0,0,0,0,0,6888,0,0,11711357611,0,0,0,0,0,0,-1989,0,0
11712400611,0,0,0,0,0,0,6896,0,0,11712477611,0,0,0,0,0,0,-2033,0,0
11713520611,0,0,0,0,0,0,269,0,0,11713597611,0,0,0,0,0,0,623,0,0
11714640611,0,0,0,0,0,0,230,0,0,11714717611,0,0,0,0,0,0,554,0,0
11715760611,0,0,0,0,0,0,231,0,0,11715837611,0,0,0,0,0,0,605,0,0
11716880611,0,0,0,0,0,0,229,0,0,11716957611,0,0,0,0,0,0,592,0,0
11718000611,0,0,0,0,0,0,245,0,0,11718077611,0,0,0,0,0,0,604,0,0
11719120611,0,0,0,0,0,0,255,0,0,11719197611,0,0,0,0,0,0,626,0,0
11720240611,0,0,0,0,0,0,281,0,0,11720317611,0,0,0,0,0,0,622,0,0
11721360611,0,0,0,0,0,0,211,0,0,11721437611,0,0,0,0,0,0,607,0,0
11722480611,0,0,0,0,0,0,6870,0,0,11722557611,0,0,0,0,0,0,-1992,0,0
11723600611,0,0,0,0,0,0,6898,0,0,11723677611,0,0,0,0,0,0,-1939,0,0
11724720611,0,0,0,0,0,0,6882,0,0,11724797611,0,0,0,0,0,0,-1935,0,0
11725840611,0,0,0,0,0,0,6934,0,0,11725917611,0,0,0,0,0,0,-1981,0,0
11726960611,0,0,0,0,0,0,6888,0,0,11727037611,0,0,0,0,0,0,-1984,0,0
11728080611,0,0,0,0,0,0,6954,0,0,11728157611,0,0,0,0,0,0,-1982,0,0
11729200611,0,0,0,0,0,0,6908,0,0,11729277611,0,0,0,0,0,0,-2020,0,0
11730320611,0,0,0,0,0,0,6918,0,0,11730397611,0,0,0,0,0,0,-1991,0,0
11731440611,0,0,0,0,0,0,228,0,0,11731517611,0,0,0,0,0,0,699,0,0
11732560611,0,0,0,0,0,0,274,0,0,11732637611,0,0,0,0,0,0,631,0,0
11733680611,0,0,0,0,0,0,245,0,0,11733757611,0,0,0,0,0,0,567,0,0
11734800611,0,0,0,0,0,0,207,0,0,11734877611,0,0,0,0,0,0,580,0,0
11735920611,0,0,0,0,0,0,235,0,0,11735997611,0,0,0,0,0,0,628,0,0
11737040611,0,0,0,0,0,0,203,0,0,11737117611,0,0,0,0,0,0,594,0,0
11738160611,0,0,0,0,0,0,249,0,0,11738237611,0,0,0,0,0,0,582,0,0
11739280611,0,0,0,0,0,0,253,0,0,11739357611,0,0,0,0,0,0,639,0,0
11740400611,0,0,0,0,0,0,6919,0,0,11740477611,0,0,0,0,0,0,-2019,0,0
11741520611,0,0,0,0,0,0,6895,0,0,11741597611,0,0,0,0,0,0,-1954,0,0
11742640611,0,0,0,0,0,0,6963,0,0,11742717611,0,0,0,0,0,0,-2008,0,0
11743760611,0,0,0,0,0,0,6916,0,0,11743837611,0,0,0,0,0,0,-2010,0,0
11744880611,0,0,0,0,0,0,6897,0,0,11744957611,0,0,0,0,0,0,-1998,0,0
11746000611,0,0,0,0,0,0,6897,0,0,11746077611,0,0,0,0,0,0,-1983,0,0
11747120611,0,0,0,0,0,0,6880,0,0,11747197611,0,0,0,0,0,0,-2008,0,0
11748240611,0,0,0,0,0,0,6911,0,0,11748317611,0,0,0,0,0,0,-1977,0,0
11749360611,0,0,0,0,0,0,242,0,0,11749437611,0,0,0,0,0,0,630,0,0
11750480611,0,0,0,0,0,0,261,0,0,11750557611,0,0,0,0,0,0,570,0,0
11751600611,0,0,0,0,0,0,216,0,0,11751677611,0,0,0,0,0,0,659,0,0
11752720611,0,0,0,0,0,0,230,0,0,11752797611,0,0,0,0,0,0,610,0,0
11753840611,0,0,0,0,0,0,257,0,0,11753917611,0,0,0,0,0,0,609,0,0
11754960611,0,0,0,0,0,0,249,0,0,11755037611,0,0,0,0,0,0,637,0,0
11756080611,0,0,0,0,0,0,211,0,0,11756157611,0,0,0,0,0,0,572,0,0
11757200611,0,0,0,0,0,0,250,0,0,11757277611,0,0,0,0,0,0,593,0,0
11758320611,0,0,0,0,0,0,6921,0,0,11758397611,0,0,0,0,0,0,-1975,0,0
11759440611,0,0,0,0,0,0,6903,0,0,11759517611,0,0,0,0,0,0,-2003,0,0
11760560611,0,0,0,0,0,0,6921,0,0,11760637611,0,0,0,0,0,0,-1990,0,0
11761680611,0,0,0,0,0,0,6913,0,0,11761757611,0,0,0,0,0,0,-1994,0,0
11762800611,0,0,0,0,0,0,6909,0,0,11762877611,0,0,0,0,0,0,-2045,0,0
11763920611,0,0,0,0,0,0,6937,0,0,11763997611,0,0,0,0,0,0,-2005,0,0
11765040611,0,0,0,0,0,0,6901,0,0,11765117611,0,0,0,0,0,0,-1967,0,0
11766160611,0,0,0,0,0,0,6907,0,0,11766237611,0,0,0,0,0,0,-2042,0,0
11767280611,0,0,0,0,0,0,228,0,0,11767357611,0,0,0,0,0,0,612,0,0
11768400611,0,0,0,0,0,0,259,0,0,11768477611,0,0,0,0,0,0,620,0,0
11769520611,0,0,0,0,0,0,259,0,0,11769597611,0,0,0,0,0,0,578,0,0
11770640611,0,0,0,0,0,0,286,0,0,11770717611,0,0,0,0,0,0,582,0,0
11771760611,0,0,0,0,0,0,239,0,0,11771837611,0,0,0,0,0,0,595,0,0
11772880611,0,0,0,0,0,0,263,0,0,11772957611,0,0,0,0,0,0,598,0,0
11774000611,0,0,0,0,0,0,233,0,0,11774077611,0,0,0,0,0,0,603,0,0
11775120611,0,0,0,0,0,0,214,0,0,11775197611,0,0,0,0,0,0,636,0,0
11776240611,0,0,0,0,0,0,6914,0,0,11776317611,0,0,0,0,0,0,-1987,0,0
11777360611,0,0,0,0,0,0,6925,0,0,11777437611,0,0,0,0,0,0,-1955,0,0
11778480611,0,0,0,0,0,0,6900,0,0,11778557611,0,0,0,0,0,0,-2010,0,0
11779600611,0,0,0,0,0,0,6873,0,0,11779677611,0,0,0,0,0,0,-1998,0,0
11780720611,0,0,0,0,0,0,6932,0,0,11780797611,0,0,0,0,0,0,-2010,0,0
11781840611,0,0,0,0,0,0,6899,0,0,11781917611,0,0,0,0,0,0,-2023,0,0
11782960611,0,0,0,0,0,0,6893,0,0,11783037611,0,0,0,0,0,0,-2030,0,0
11784080611,0,0,0,0,0,0,6941,0,0,11784157611,0,0,0,0,0,0,-1974,0,0
11785200611,0,0,0,0,0,0,283,0,0,11785277611,0,0,0,0,0,0,596,0,0
11786320611,0,0,0,0,0,0,223,0,0,11786397611,0,0,0,0,0,0,580,0,0
11787440611,0,0,0,0,0,0,225,0,0,11787517611,0,0,0,0,0,0,616,0,0
11788560611,0,0,0,0,0,0,229,0,0,11788637611,0,0,0,0,0,0,613,0,0
11789680611,0,0,0,0,0,0,293,0,0,11789757611,0,0,0,0,0,0,615,0,0
11790800611,0,0,0,0,0,0,221,0,0,11790877611,0,0,0,0,0,0,607,0,0
11791920611,0,0,0,0,0,0,294,0,0,11791997611,0,0,0,0,0,0,602,0,0
11793040611,0,0,0,0,0,0,253,0,0,11793117611,0,0,0,0,0,0,595,0,0
11794160611,0,0,0,0,0,0,6949,0,0,11794237611,0,0,0,0,0,0,-1963,0,0
11795280611,0,0,0,0,0,0,6939,0,0,11795357611,0,0,0,0,0,0,-2013,0,0
11796400611,0,0,0,0,0,0,6955,0,0,11796477611,0,0,0,0,0,0,-2032,0,0
11797520611,0,0,0,0,0,0,6936,0,0,11797597611,0,0,0,0,0,0,-1974,0,0
11798640611,0,0,0,0,0,0,6887,0,0,11798717611,0,0,0,0,0,0,-2007,0,0
11799760611,0,0,0,0,0,0,6972,0,0,11799837611,0,0,0,0,0,0,-1941,0,0
11800880611,0,0,0,0,0,0,6929,0,0,11800957611,0,0,0,0,0,0,-1998,0,0
11802000611,0,0,0,0,0,0,6918,0,0,11802077611,0,0,0,0,0,0,-2001,0,0
11803120611,0,0,0,0,0,0,237,0,0,11803197611,0,0,0,0,0,0,628,0,0
11804240611,0,0,0,0,0,0,251,0,0,11804317611,0,0,0,0,0,0,596,0,0
11805360611,0,0,0,0,0,0,240,0,0,11805437611,0,0,0,0,0,0,589,0,0
11806480611,0,0,0,0,0,0,251,0,0,11806557611,0,0,0,0,0,0,602,0,0
11807600611,0,0,0,0,0,0,243,0,0,11807677611,0,0,0,0,0,0,610,0,0
11808720611,0,0,0,0,0,0,270,0,0,11808797611,0,0,0,0,0,0,629,0,0
11809840611,0,0,0,0,0,0,243,0,0,11809917611,0,0,0,0,0,0,550,0,0
11810960611,0,0,0,0,0,0,212,0,0,11811037611,0,0,0,0,0,0,591,0,0
11812080611,0,0,0,0,0,0,6891,0,0,11812157611,0,0,0,0,0,0,-2001,0,0
11813200611,0,0,0,0,0,0,6875,0,0,11813277611,0,0,0,0,0,0,-1993,0,0
11814320611,0,0,0,0,0,0,6881,0,0,11814397611,0,0,0,0,0,0,-1967,0,0
11815440611,0,0,0,0,0,0,6962,0,0,11815517611,0,0,0,0,0,0,-2026,0,0
11816560611,0,0,0,0,0,0,6925,0,0,11816637611,0,0,0,0,0,0,-1997,0,0
11817680611,0,0,0,0,0,0,6879,0,0,11817757611,0,0,0,0,0,0,-1999,0,0
11818800611,0,0,0,0,0,0,6918,0,0,11818877611,0,0,0,0,0,0,-1982,0,0
11819920611,0,0,0,0,0,0,6948,0,0,11819997611,0,0,0,0,0,0,-2020,0,0
11821040611,0,0,0,0,0,0,244,0,0,11821117611,0,0,0,0,0,0,610,0,0
11822160611,0,0,0,0,0,0,186,0,0,11822237611,0,0,0,0,0,0,614,0,0
11823280611,0,0,0,0,0,0,238,0,0,11823357611,0,0,0,0,0,0,573,0,0
11824400611,0,0,0,0,0,0,257,0,0,11824477611,0,0,0,0,0,0,570,0,0
11825520611,0,0,0,0,0,0,289,0,0,11825597611,0,0,0,0,0,0,579,0,0
11826640611,0,0,0,0,0,0,258,0,0,11826717611,0,0,0,0,0,0,604,0,0
11827760611,0,0,0,0,0,0,254,0,0,11827837611,0,0,0,0,0,0,646,0,0
11828880611,0,0,0,0,0,0,180,0,0,11828957611,0,0,0,0,0,0,606,0,0
11830000611,0,0,0,0,0,0,6906,0,0,11830077611,0,0,0,0,0,0,-1995,0,0
11831120611,0,0,0,0,0,0,6908,0,0,11831197611,0,0,0,0,0,0,-2000,0,0
11832240611,0,0,0,0,0,0,6877,0,0,11832317611,0,0,0,0,0,0,-1987,0,0
11833360611,0,0,0,0,0,0,6919,0,0,11833437611,0,0,0,0,0,0,-1980,0,0
11834480611,0,0,0,0,0,0,6867,0,0,11834557611,0,0,0,0,0,0,-2007,0,0
11835600611,0,0,0,0,0,0,6895,0,0,11835677611,0,0,0,0,0,0,-1961,0,0
11836720611,0,0,0,0,0,0,6927,0,0,11836797611,0,0,0,0,0,0,-1991,0,0
11837840611,0,0,0,0,0,0,6883,0,0,11837917611,0,0,0,0,0,0,-1987,0,0
11838960611,0,0,0,0,0,0,210,0,0,11839037611,0,0,0,0,0,0,590,0,0
11840080611,0,0,0,0,0,0,231,0,0,11840157611,0,0,0,0,0,0,639,0,0
11841200611,0,0,0,0,0,0,276,0,0,11841277611,0,0,0,0,0,0,604,0,0
11842320611,0,0,0,0,0,0,229,0,0,11842397611,0,0,0,0,0,0,592,0,0
11843440611,0,0,0,0,0,0,215,0,0,11843517611,0,0,0,0,0,0,565,0,0
11844560611,0,0,0,0,0,0,240,0,0,11844637611,0,0,0,0,0,0,606,0,0
11845680611,0,0,0,0,0,0,204,0,0,11845757611,0,0,0,0,0,0,614,0,0
11846800611,0,0,0,0,0,0,253,0,0,11846877611,0,0,0,0,0,0,609,0,0
11847920611,0,0,0,0,0,0,6864,0,0,11847997611,0,0,0,0,0,0,-1978,0,0
11849040611,0,0,0,0,0,0,6914,0,0,11849117611,0,0,0,0,0,0,-2008,0,0
11850160611,0,0,0,0,0,0,6880,0,0,11850237611,0,0,0,0,0,0,-2018,0,0
11851280611,0,0,0,0,0,0,6925,0,0,11851357611,0,0,0,0,0,0,-1991,0,0
11852400611,0,0,0,0,0,0,6888,0,0,11852477611,0,0,0,0,0,0,-2005,0,0
11853520611,0,0,0,0,0,0,6924,0,0,11853597611,0,0,0,0,0,0,-1959,0,0
11854640611,0,0,0,0,0,0,6890,0,0,11854717611,0,0,0,0,0,0,-1996,0,0
11855760611,0,0,0,0,0,0,6903,0,0,11855837611,0,0,0,0,0,0,-2012,0,0
11856880611,0,0,0,0,0,0,226,0,0,11856957611,0,0,0,0,0,0,600,0,0
11858000611,0,0,0,0,0,0,182,0,0,11858077611,0,0,0,0,0,0,587,0,0
11859120611,0,0,0,0,0,0,215,0,0,11859197611,0,0,0,0,0,0,593,0,0
11860240611,0,0,0,0,0,0,256,0,0,11860317611,0,0,0,0,0,0,645,0,0
11861360611,0,0,0,0,0,0,222,0,0,11861437611,0,0,0,0,0,0,571,0,0
11862480611,0,0,0,0,0,0,261,0,0,11862557611,0,0,0,0,0,0,612,0,0
11863600611,0,0,0,0,0,0,210,0,0,11863677611,0,0,0,0,0,0,614,0,0
11864720611,0,0,0,0,0,0,231,0,0,11864797611,0,0,0,0,0,0,594,0,0
11865840611,0,0,0,0,0,0,6896,0,0,11865917611,0,0,0,0,0,0,-2023,0,0
11866960611,0,0,0,0,0,0,6891,0,0,11867037611,0,0,0,0,0,0,-1972,0,0
11868080611,0,0,0,0,0,0,6892,0,0,11868157611,0,0,0,0,0,0,-2017,0,0
11869200611,0,0,0,0,0,0,6883,0,0,11869277611,0,0,0,0,0,0,-2028,0,0
11870320611,0,0,0,0,0,0,6890,0,0,11870397611,0,0,0,0,0,0,-2002,0,0
11871440611,0,0,0,0,0,0,6933,0,0,11871517611,0,0,0,0,0,0,-2049,0,0
11872560611,0,0,0,0,0,0,6896,0,0,11872637611,0,0,0,0,0,0,-1992,0,0
11873680611,0,0,0,0,0,0,6885,0,0,11873757611,0,0,0,0,0,0,-2035,0,0
11874800611,0,0,0,0,0,0,263,0,0,11874877611,0,0,0,0,0,0,632,0,0
11875920611,0,0,0,0,0,0,257,0,0,11875997611,0,0,0,0,0,0,591,0,0
11877040611,0,0,0,0,0,0,213,0,0,11877117611,0,0,0,0,0,0,618,0,0
11878160611,0,0,0,0,0,0,238,0,0,11878237611,0,0,0,0,0,0,631,0,0
11879280611,0,0,0,0,0,0,235,0,0,11879357611,0,0,0,0,0,0,601,0,0
11880400611,0,0,0,0,0,0,235,0,0,11880477611,0,0,0,0,0,0,639,0,0
11881520611,0,0,0,0,0,0,217,0,0,11881597611,0,0,0,0,0,0,580,0,0
11882640611,0,0,0,0,0,0,203,0,0,11882717611,0,0,0,0,0,0,650,0,0
11883760611,0,0,0,0,0,0,6896,0,0,11883837611,0,0,0,0,0,0,-2005,0,0
11884880611,0,0,0,0,0,0,6871,0,0,11884957611,0,0,0,0,0,0,-2013,0,0
11886000611,0,0,0,0,0,0,6928,0,0,11886077611,0,0,0,0,0,0,-1939,0,0
11887120611,0,0,0,0,0,0,6895,0,0,11887197611,0,0,0,0,0,0,-1999,0,0
11888240611,0,0,0,0,0,0,6884,0,0,11888317611,0,0,0,0,0,0,-1991,0,0
11889360611,0,0,0,0,0,0,6902,0,0,11889437611,0,0,0,0,0,0,-1948,0,0
11890480611,0,0,0,0,0,0,6996,0,0,11890557611,0,0,0,0,0,0,-1973,0,0
11891600611,0,0,0,0,0,0,6888,0,0,11891677611,0,0,0,0,0,0,-1980,0,0
11892720611,0,0,0,0,0,0,233,0,0,11892797611,0,0,0,0,0,0,607,0,0
11893840611,0,0,0,0,0,0,235,0,0,11893917611,0,0,0,0,0,0,593,0,0
11894960611,0,0,0,0,0,0,222,0,0,11895037611,0,0,0,0,0,0,598,0,0
11896080611,0,0,0,0,0,0,246,0,0,11896157611,0,0,0,0,0,0,652,0,0
11897200611,0,0,0,0,0,0,216,0,0,11897277611,0,0,0,0,0,0,594,0,0
11898320611,0,0,0,0,0,0,227,0,0,11898397611,0,0,0,0,0,0,609,0,0
11899440611,0,0,0,0,0,0,247,0,0,11899517611,0,0,0,0,0,0,609,0,0
11900560611,0,0,0,0,0,0,236,0,0,11900637611,0,0,0,0,0,0,607,0,0
11901680611,0,0,0,0,0,0,6882,0,0,11901757611,0,0,0,0,0,0,-2016,0,0
11902800611,0,0,0,0,0,0,6908,0,0,11902877611,0,0,0,0,0,0,-1927,0,0
11903920611,0,0,0,0,0,0,6912,0,0,11903997611,0,0,0,0,0,0,-1992,0,0
11905040611,0,0,0,0,0,0,6942,0,0,11905117611,0,0,0,0,0,0,-2002,0,0
11906160611,0,0,0,0,0,0,6917,0,0,11906237611,0,0,0,0,0,0,-1997,0,0
11907280611,0,0,0,0,0,0,6925,0,0,11907357611,0,0,0,0,0,0,-1999,0,0
11908400611,0,0,0,0,0,0,6894,0,0,11908477611,0,0,0,0,0,0,-2026,0,0
11909520611,0,0,0,0,0,0,6914,0,0,11909597611,0,0,0,0,0,0,-1989,0,0
11910640611,0,0,0,0,0,0,241,0,0,11910717611,0,0,0,0,0,0,649,0,0
11911760611,0,0,0,0,0,0,221,0,0,11911837611,0,0,0,0,0,0,606,0,0
11912880611,0,0,0,0,0,0,223,0,0,11912957611,0,0,0,0,0,0,627,0,0
11914000611,0,0,0,0,0,0,250,0,0,11914077611,0,0,0,0,0,0,587,0,0
11915120611,0,0,0,0,0,0,211,0,0,11915197611,0,0,0,0,0,0,567,0,0
11916240611,0,0,0,0,0,0,272,0,0,11916317611,0,0,0,0,0,0,609,0,0
11917360611,0,0,0,0,0,0,229,0,0,11917437611,0,0,0,0,0,0,651,0,0
11918480611,0,0,0,0,0,0,247,0,0,11918557611,0,0,0,0,0,0,611,0,0
11919600611,0,0,0,0,0,0,6860,0,0,11919677611,0,0,0,0,0,0,-1998,0,0
11920720611,0,0,0,0,0,0,6920,0,0,11920797611,0,0,0,0,0,0,-1982,0,0
11921840611,0,0,0,0,0,0,6886,0,0,11921917611,0,0,0,0,0,0,-2005,0,0
11922960611,0,0,0,0,0,0,6917,0,0,11923037611,0,0,0,0,0,0,-2005,0,0
11924080611,0,0,0,0,0,0,6944,0,0,11924157611,0,0,0,0,0,0,-2004,0,0
11925200611,0,0,0,0,0,0,6888,0,0,11925277611,0,0,0,0,0,0,-1972,0,0
11926320611,0,0,0,0,0,0,6946,0,0,11926397611,0,0,0,0,0,0,-1944,0,0
11927440611,0,0,0,0,0,0,6915,0,0,11927517611,0,0,0,0,0,0,-1985,0,0
11928560611,0,0,0,0,0,0,228,0,0,11928637611,0,0,0,0,0,0,594,0,0
11929680611,0,0,0,0,0,0,219,0,0,11929757611,0,0,0,0,0,0,637,0,0
11930800611,0,0,0,0,0,0,268,0,0,11930877611,0,0,0,0,0,0,619,0,0
11931920611,0,0,0,0,0,0,222,0,0,11931997611,0,0,0,0,0,0,631,0,0
11933040611,0,0,0,0,0,0,211,0,0,11933117611,0,0,0,0,0,0,657,0,0
11934160611,0,0,0,0,0,0,272,0,0,11934237611,0,0,0,0,0,0,604,0,0
11935280611,0,0,0,0,0,0,271,0,0,11935357611,0,0,0,0,0,0,612,0,0
11936400611,0,0,0,0,0,0,226,0,0,11936477611,0,0,0,0,0,0,605,0,0
11937520611,0,0,0,0,0,0,6848,0,0,11937597611,0,0,0,0,0,0,-2022,0,0
11938640611,0,0,0,0,0,0,6928,0,0,11938717611,0,0,0,0,0,0,-1994,0,0
11939760611,0,0,0,0,0,0,6908,0,0,11939837611,0,0,0,0,0,0,-1996,0,0
11940880611,0,0,0,0,0,0,6887,0,0,11940957611,0,0,0,0,0,0,-1988,0,0
11942000611,0,0,0,0,0,0,6908,0,0,11942077611,0,0,0,0,0,0,-1933,0,0
11943120611,0,0,0,0,0,0,6940,0,0,11943197611,0,0,0,0,0,0,-1983,0,0
11944240611,0,0,0,0,0,0,6881,0,0,11944317611,0,0,0,0,0,0,-1992,0,0
11945360611,0,0,0,0,0,0,6855,0,0,11945437611,0,0,0,0,0,0,-1911,0,0
11946480611,0,0,0,0,0,0,260,0,0,11946557611,0,0,0,0,0,0,640,0,0
11947600611,0,0,0,0,0,0,251,0,0,11947677611,0,0,0,0,0,0,547,0,0
11948720611,0,0,0,0,0,0,267,0,0,11948797611,0,0,0,0,0,0,612,0,0
11949840611,0,0,0,0,0,0,241,0,0,11949917611,0,0,0,0,0,0,624,0,0
11950960611,0,0,0,0,0,0,246,0,0,11951037611,0,0,0,0,0,0,588,0,0
11952080611,0,0,0,0,0,0,273,0,0,11952157611,0,0,0,0,0,0,605,0,0
11953200611,0,0,0,0,0,0,214,0,0,11953277611,0,0,0,0,0,0,588,0,0
11954320611,0,0,0,0,0,0,235,0,0,11954397611,0,0,0,0,0,0,614,0,0
11955440611,0,0,0,0,0,0,6793,0,0,11955517611,0,0,0,0,0,0,-1967,0,0
11956560611,0,0,0,0,0,0,6879,0,0,11956637611,0,0,0,0,0,0,-2022,0,0
11957680611,0,0,0,0,0,0,6917,0,0,11957757611,0,0,0,0,0,0,-1982,0,0
11958800611,0,0,0,0,0,0,6895,0,0,11958877611,0,0,0,0,0,0,-2006,0,0
11959920611,0,0,0,0,0,0,6905,0,0,11959997611,0,0,0,0,0,0,-2041,0,0
11961040611,0,0,0,0,0,0,6909,0,0,11961117611,0,0,0,0,0,0,-1929,0,0
11962160611,0,0,0,0,0,0,6903,0,0,11962237611,0,0,0,0,0,0,-1966,0,0
11963280611,0,0,0,0,0,0,6903,0,0,11963357611,0,0,0,0,0,0,-1975,0,0
11964400611,0,0,0,0,0,0,245,0,0,11964477611,0,0,0,0,0,0,569,0,0
11965520611,0,0,0,0,0,0,239,0,0,11965597611,0,0,0,0,0,0,645,0,0
11966640611,0,0,0,0,0,0,249,0,0,11966717611,0,0,0,0,0,0,604,0,0
11967760611,0,0,0,0,0,0,230,0,0,11967837611,0,0,0,0,0,0,609,0,0
11968880611,0,0,0,0,0,0,251,0,0,11968957611,0,0,0,0,0,0,624,0,0
11970000611,0,0,0,0,0,0,213,0,0,11970077611,0,0,0,0,0,0,629,0,0
11971120611,0,0,0,0,0,0,243,0,0,11971197611,0,0,0,0,0,0,620,0,0
11972240611,0,0,0,0,0,0,207,0,0,11972317611,0,0,0,0,0,0,636,0,0
11973360611,0,0,0,0,0,0,6730,0,0,11973437611,0,0,0,0,0,0,-1970,0,0
11974480611,0,0,0,0,0,0,6937,0,0,11974557611,0,0,0,0,0,0,-1982,0,0
11975600611,0,0,0,0,0,0,6885,0,0,11975677611,0,0,0,0,0,0,-1989,0,0
11976720611,0,0,0,0,0,0,6883,0,0,11976797611,0,0,0,0,0,0,-1988,0,0
11977840611,0,0,0,0,0,0,6871,0,0,11977917611,0,0,0,0,0,0,-1964,0,0
11978960611,0,0,0,0,0,0,6907,0,0,11979037611,0,0,0,0,0,0,-1935,0,0
11980080611,0,0,0,0,0,0,6956,0,0,11980157611,0,0,0,0,0,0,-1994,0,0
11981200611,0,0,0,0,0,0,6898,0,0,11981277611,0,0,0,0,0,0,-1990,0,0
11982320611,0,0,0,0,0,0,263,0,0,11982397611,0,0,0,0,0,0,647,0,0
11983440611,0,0,0,0,0,0,255,0,0,11983517611,0,0,0,0,0,0,617,0,0
11984560611,0,0,0,0,0,0,215,0,0,11984637611,0,0,0,0,0,0,606,0,0
11985680611,0,0,0,0,0,0,199,0,0,11985757611,0,0,0,0,0,0,610,0,0
11986800611,0,0,0,0,0,0,246,0,0,11986877611,0,0,0,0,0,0,572,0,0
11987920611,0,0,0,0,0,0,262,0,0,11987997611,0,0,0,0,0,0,618,0,0
11989040611,0,0,0,0,0,0,223,0,0,11989117611,0,0,0,0,0,0,563,0,0
11990160611,0,0,0,0,0,0,204,0,0,11990237611,0,0,0,0,0,0,590,0,0
11991280611,0,0,0,0,0,0,6557,0,0,11991357611,0,0,0,0,0,0,-1988,0,0
11992400611,0,0,0,0,0,0,6917,0,0,11992477611,0,0,0,0,0,0,-1952,0,0
11993520611,0,0,0,0,0,0,6901,0,0,11993597611,0,0,0,0,0,0,-1995,0,0
11994640611,0,0,0,0,0,0,6904,0,0,11994717611,0,0,0,0,0,0,-2010,0,0
11995760611,0,0,0,0,0,0,6913,0,0,11995837611,0,0,0,0,0,0,-1996,0,0
11996880611,0,0,0,0,0,0,6888,0,0,11996957611,0,0,0,0,0,0,-1974,0,0
11998000611,0,0,0,0,0,0,6914,0,0,11998077611,0,0,0,0,0,0,-1993,0,0
11999120611,0,0,0,0,0,0,6949,0,0,11999197611,0,0,0,0,0,0,-1995,0,0
12000240611,0,0,0,0,0,0,266,0,0,12000317611,0,0,0,0,0,0,609,0,0
12001360611,0,0,0,0,0,0,263,0,0,12001437611,0,0,0,0,0,0,563,0,0
12002480611,0,0,0,0,0,0,235,0,0,12002557611,0,0,0,0,0,0,599,0,0
12003600611,0,0,0,0,0,0,229,0,0,12003677611,0,0,0,0,0,0,566,0,0
12004720611,0,0,0,0,0,0,266,0,0,12004797611,0,0,0,0,0,0,636,0,0
12005840611,0,0,0,0,0,0,215,0,0,12005917611,0,0,0,0,0,0,645,0,0
12006960611,0,0,0,0,0,0,233,0,0,12007037611,0,0,0,0,0,0,634,0,0
12008080611,0,0,0,0,0,0,254,0,0,12008157611,0,0,0,0,0,0,634,0,0
12009200611,0,0,0,0,0,0,6213,0,0,12009277611,0,0,0,0,0,0,-1971,0,0
12010320611,0,0,0,0,0,0,6883,0,0,12010397611,0,0,0,0,0,0,-1972,0,0
12011440611,0,0,0,0,0,0,6916,0,0,12011517611,0,0,0,0,0,0,-2036,0,0
12012560611,0,0,0,0,0,0,6918,0,0,12012637611,0,0,0,0,0,0,-1984,0,0
12013680611,0,0,0,0,0,0,6937,0,0,12013757611,0,0,0,0,0,0,-1999,0,0
12014800611,0,0,0,0,0,0,6915,0,0,12014877611,0,0,0,0,0,0,-1975,0,0
12015920611,0,0,0,0,0,0,6903,0,0,12015997611,0,0,0,0,0,0,-2037,0,0
12017040611,0,0,0,0,0,0,6876,0,0,12017117611,0,0,0,0,0,0,-2043,0,0
12018160611,0,0,0,0,0,0,407,0,0,12018237611,0,0,0,0,0,0,589,0,0
12019280611,0,0,0,0,0,0,220,0,0,12019357611,0,0,0,0,0,0,592,0,0
12020400611,0,0,0,0,0,0,237,0,0,12020477611,0,0,0,0,0,0,623,0,0
12021520611,0,0,0,0,0,0,234,0,0,12021597611,0,0,0,0,0,0,619,0,0
12022640611,0,0,0,0,0,0,232,0,0,12022717611,0,0,0,0,0,0,587,0,0
12023760611,0,0,0,0,0,0,203,0,0,12023837611,0,0,0,0,0,0,562,0,0
12024880611,0,0,0,0,0,0,243,0,0,12024957611,0,0,0,0,0,0,619,0,0
12026000611,0,0,0,0,0,0,278,0,0,12026077611,0,0,0,0,0,0,634,0,0
12027120611,0,0,0,0,0,0,5469,0,0,12027197611,0,0,0,0,0,0,-1908,0,0
12028240611,0,0,0,0,0,0,6904,0,0,12028317611,0,0,0,0,0,0,-1993,0,0
12029360611,0,0,0,0,0,0,6874,0,0,12029437611,0,0,0,0,0,0,-1949,0,0
12030480611,0,0,0,0,0,0,6899,0,0,12030557611,0,0,0,0,0,0,-1969,0,0
12031600611,0,0,0,0,0,0,6908,0,0,12031677611,0,0,0,0,0,0,-1951,0,0
12032720611,0,0,0,0,0,0,6940,0,0,12032797611,0,0,0,0,0,0,-2018,0,0
12033840611,0,0,0,0,0,0,6918,0,0,12033917611,0,0,0,0,0,0,-1993,0,0
12034960611,0,0,0,0,0,0,6883,0,0,12035037611,0,0,0,0,0,0,-1976,0,0
12036080611,0,0,0,0,0,0,1282,0,0,12036157611,0,0,0,0,0,0,594,0,0
12037200611,0,0,0,0,0,0,219,0,0,12037277611,0,0,0,0,0,0,577,0,0
12038320611,0,0,0,0,0,0,224,0,0,12038397611,0,0,0,0,0,0,610,0,0
12039440611,0,0,0,0,0,0,215,0,0,12039517611,0,0,0,0,0,0,642,0,0
12040560611,0,0,0,0,0,0,224,0,0,12040637611,0,0,0,0,0,0,627,0,0
12041680611,0,0,0,0,0,0,220,0,0,12041757611,0,0,0,0,0,0,628,0,0
12042800611,0,0,0,0,0,0,262,0,0,12042877611,0,0,0,0,0,0,581,0,0
12043920611,0,0,0,0,0,0,225,0,0,12043997611,0,0,0,0,0,0,587,0,0
12045040611,0,0,0,0,0,0,3923,0,0,12045117611,0,0,0,0,0,0,-1809,0,0
12046160611,0,0,0,0,0,0,6894,0,0,12046237611,0,0,0,0,0,0,-1958,0,0
12047280611,0,0,0,0,0,0,6913,0,0,12047357611,0,0,0,0,0,0,-2009,0,0
12048400611,0,0,0,0,0,0,6900,0,0,12048477611,0,0,0,0,0,0,-1935,0,0
12049520611,0,0,0,0,0,0,6885,0,0,12049597611,0,0,0,0,0,0,-2001,0,0
12050640611,0,0,0,0,0,0,6912,0,0,12050717611,0,0,0,0,0,0,-1988,0,0
12051760611,0,0,0,0,0,0,6905,0,0,12051837611,0,0,0,0,0,0,-2014,0,0
12052880611,0,0,0,0,0,0,6869,0,0,12052957611,0,0,0,0,0,0,-1982,0,0
12054000611,0,0,0,0,0,0,4257,0,0,12054077611,0,0,0,0,0,0,576,0,0
12055120611,0,0,0,0,0,0,199,0,0,12055197611,0,0,0,0,0,0,606,0,0
12056240611,0,0,0,0,0,0,281,0,0,12056317611,0,0,0,0,0,0,614,0,0
12057360611,0,0,0,0,0,0,259,0,0,12057437611,0,0,0,0,0,0,619,0,0
12058480611,0,0,0,0,0,0,255,0,0,12058557611,0,0,0,0,0,0,631,0,0
12059600611,0,0,0,0,0,0,214,0,0,12059677611,0,0,0,0,0,0,606,0,0
12060720611,0,0,0,0,0,0,237,0,0,12060797611,0,0,0,0,0,0,607,0,0
12061840611,0,0,0,0,0,0,222,0,0,12061917611,0,0,0,0,0,0,622,0,0
12062960611,0,0,0,0,0,0,302,0,0,12063037611,0,0,0,0,0,0,-1682,0,0
12064080611,0,0,0,0,0,0,6925,0,0,12064157611,0,0,0,0,0,0,-1974,0,0
12065200611,0,0,0,0,0,0,6912,0,0,12065277611,0,0,0,0,0,0,-2016,0,0
12066320611,0,0,0,0,0,0,6906,0,0,12066397611,0,0,0,0,0,0,-1981,0,0
12067440611,0,0,0,0,0,0,6923,0,0,12067517611,0,0,0,0,0,0,-1999,0,0
12068560611,0,0,0,0,0,0,6925,0,0,12068637611,0,0,0,0,0,0,-1945,0,0
12069680611,0,0,0,0,0,0,6905,0,0,12069757611,0,0,0,0,0,0,-2023,0,0
12070800611,0,0,0,0,0,0,6899,0,0,12070877611,0,0,0,0,0,0,-1992,0,0
12071920611,0,0,0,0,0,0,6918,0,0,12071997611,0,0,0,0,0,0,471,0,0
12073040611,0,0,0,0,0,0,249,0,0,12073117611,0,0,0,0,0,0,616,0,0
12074160611,0,0,0,0,0,0,237,0,0,12074237611,0,0,0,0,0,0,645,0,0
12075280611,0,0,0,0,0,0,246,0,0,12075357611,0,0,0,0,0,0,567,0,0
12076400611,0,0,0,0,0,0,227,0,0,12076477611,0,0,0,0,0,0,637,0,0
12077520611,0,0,0,0,0,0,230,0,0,12077597611,0,0,0,0,0,0,583,0,0
12078640611,0,0,0,0,0,0,227,0,0,12078717611,0,0,0,0,0,0,559,0,0
12079760611,0,0,0,0,0,0,213,0,0,12079837611,0,0,0,0,0,0,591,0,0
12080880611,0,0,0,0,0,0,237,0,0,12080957611,0,0,0,0,0,0,590,0,0
12082000611,0,0,0,0,0,0,238,0,0,12082077611,0,0,0,0,0,0,646,0,0
12083120611,0,0,0,0,0,0,219,0,0,12083197611,0,0,0,0,0,0,626,0,0
12084240611,0,0,0,0,0,0,210,0,0,12084317611,0,0,0,0,0,0,609,0,0
12085360611,0,0,0,0,0,0,210,0,0,12085437611,0,0,0,0,0,0,642,0,0
12086480611,0,0,0,0,0,0,305,0,0,12086557611,0,0,0,0,0,0,618,0,0
12087600611,0,0,0,0,0,0,251,0,0,12087677611,0,0,0,0,0,0,648,0,0
12088720611,0,0,0,0,0,0,275,0,0,12088797611,0,0,0,0,0,0,607,0,0
12089840611,0,0,0,0,0,0,236,0,0,12089917611,0,0,0,0,0,0,577,0,0
12090960611,0,0,0,0,0,0,246,0,0,12091037611,0,0,0,0,0,0,630,0,0
12092080611,0,0,0,0,0,0,258,0,0,12092157611,0,0,0,0,0,0,600,0,0
12093200611,0,0,0,0,0,0,236,0,0,12093277611,0,0,0,0,0,0,588,0,0
12094320611,0,0,0,0,0,0,232,0,0,12094397611,0,0,0,0,0,0,586,0,0
12095440611,0,0,0,0,0,0,247,0,0,12095517611,0,0,0,0,0,0,656,0,0
12096560611,0,0,0,0,0,0,248,0,0,12096637611,0,0,0,0,0,0,622,0,0
12097680611,0,0,0,0,0,0,231,0,0,12097757611,0,0,0,0,0,0,630,0,0
12098800611,0,0,0,0,0,0,194,0,0,12098877611,0,0,0,0,0,0,651,0,0
12099920611,0,0,0,0,0,0,247,0,0,12099997611,0,0,0,0,0,0,617,0,0
12101040611,0,0,0,0,0,0,244,0,0,12101117611,0,0,0,0,0,0,592,0,0
12102160611,0,0,0,0,0,0,225,0,0,12102237611,0,0,0,0,0,0,650,0,0
12103280611,0,0,0,0,0,0,222,0,0,12103357611,0,0,0,0,0,0,595,0,0
12104400611,0,0,0,0,0,0,244,0,0,12104477611,0,0,0,0,0,0,647,0,0
12105520611,0,0,0,0,0,0,269,0,0,12105597611,0,0,0,0,0,0,567,0,0
12106640611,0,0,0,0,0,0,241,0,0,12106717611,0,0,0,0,0,0,633,0,0
12107760611,0,0,0,0,0,0,229,0,0,12107837611,0,0,0,0,0,0,621,0,0
12108880611,0,0,0,0,0,0,246,0,0,12108957611,0,0,0,0,0,0,603,0,0
12110000611,0,0,0,0,0,0,230,0,0,12110077611,0,0,0,0,0,0,587,0,0
12111120611,0,0,0,0,0,0,266,0,0,12111197611,0,0,0,0,0,0,586,0,0
12112240611,0,0,0,0,0,0,227,0,0,12112317611,0,0,0,0,0,0,634,0,0
12113360611,0,0,0,0,0,0,244,0,0,12113437611,0,0,0,0,0,0,594,0,0
12114480611,0,0,0,0,0,0,224,0,0,12114557611,0,0,0,0,0,0,610,0,0
12115600611,0,0,0,0,0,0,204,0,0,12115677611,0,0,0,0,0,0,638,0,0
12116720611,0,0,0,0,0,0,258,0,0,12116797611,0,0,0,0,0,0,595,0,0
12117840611,0,0,0,0,0,0,298,0,0,12117917611,0,0,0,0,0,0,645,0,0
12118960611,0,0,0,0,0,0,244,0,0,12119037611,0,0,0,0,0,0,625,0,0
12120080611,0,0,0,0,0,0,238,0,0,12120157611,0,0,0,0,0,0,584,0,0
12121200611,0,0,0,0,0,0,237,0,0,12121277611,0,0,0,0,0,0,600,0,0
12122320611,0,0,0,0,0,0,251,0,0,12122397611,0,0,0,0,0,0,617,0,0
12123440611,0,0,0,0,0,0,241,0,0,12123517611,0,0,0,0,0,0,628,0,0
12124560611,0,0,0,0,0,0,205,0,0,12124637611,0,0,0,0,0,0,621,0,0
12125680611,0,0,0,0,0,0,262,0,0,12125757611,0,0,0,0,0,0,580,0,0
12126800611,0,0,0,0,0,0,222,0,0,12126877611,0,0,0,0,0,0,576,0,0
12127920611,0,0,0,0,0,0,253,0,0,12127997611,0,0,0,0,0,0,568,0,0
12129040611,0,0,0,0,0,0,241,0,0,12129117611,0,0,0,0,0,0,609,0,0
12130160611,0,0,0,0,0,0,255,0,0,12130237611,0,0,0,0,0,0,611,0,0
12131280611,0,0,0,0,0,0,190,0,0,12131357611,0,0,0,0,0,0,628,0,0
12132400611,0,0,0,0,0,0,247,0,0,12132477611,0,0,0,0,0,0,603,0,0
12133520611,0,0,0,0,0,0,211,0,0,12133597611,0,0,0,0,0,0,586,0,0
12134640611,0,0,0,0,0,0,259,0,0,12134717611,0,0,0,0,0,0,557,0,0
12135760611,0,0,0,0,0,0,247,0,0,12135837611,0,0,0,0,0,0,628,0,0
12136880611,0,0,0,0,0,0,205,0,0,12136957611,0,0,0,0,0,0,638,0,0
12138000611,0,0,0,0,0,0,224,0,0,12138077611,0,0,0,0,0,0,605,0,0
12139120611,0,0,0,0,0,0,247,0,0,12139197611,0,0,0,0,0,0,603,0,0
12140240611,0,0,0,0,0,0,241,0,0,12140317611,0,0,0,0,0,0,659,0,0
12141360611,0,0,0,0,0,0,244,0,0,12141437611,0,0,0,0,0,0,597,0,0
12142480611,0,0,0,0,0,0,256,0,0,12142557611,0,0,0,0,0,0,602,0,0
12143600611,0,0,0,0,0,0,227,0,0,12143677611,0,0,0,0,0,0,603,0,0
12144720611,0,0,0,0,0,0,184,0,0,12144797611,0,0,0,0,0,0,599,0,0
12145840611,0,0,0,0,0,0,252,0,0,12145917611,0,0,0,0,0,0,625,0,0
12146960611,0,0,0,0,0,0,215,0,0,12147037611,0,0,0,0,0,0,591,0,0
12148080611,0,0,0,0,0,0,264,0,0,12148157611,0,0,0,0,0,0,618,0,0
12149200611,0,0,0,0,0,0,223,0,0,12149277611,0,0,0,0,0,0,635,0,0
12150320611,0,0,0,0,0,0,253,0,0,12150397611,0,0,0,0,0,0,604,0,0
12151440611,0,0,0,0,0,0,255,0,0,12151517611,0,0,0,0,0,0,563,0,0
12152560611,0,0,0,0,0,0,221,0,0,12152637611,0,0,0,0,0,0,584,0,0
12153680611,0,0,0,0,0,0,256,0,0,12153757611,0,0,0,0,0,0,648,0,0
12154800611,0,0,0,0,0,0,235,0,0,12154877611,0,0,0,0,0,0,613,0,0
12155920611,0,0,0,0,0,0,267,0,0,12155997611,0,0,0,0,0,0,583,0,0
12157040611,0,0,0,0,0,0,249,0,0,12157117611,0,0,0,0,0,0,589,0,0
12158160611,0,0,0,0,0,0,257,0,0,12158237611,0,0,0,0,0,0,657,0,0
12159280611,0,0,0,0,0,0,231,0,0,12159357611,0,0,0,0,0,0,582,0,0
12160400611,0,0,0,0,0,0,307,0,0,12160477611,0,0,0,0,0,0,579,0,0
12161520611,0,0,0,0,0,0,234,0,0,12161597611,0,0,0,0,0,0,584,0,0
12162640611,0,0,0,0,0,0,228,0,0,12162717611,0,0,0,0,0,0,616,0,0
12163760611,0,0,0,0,0,0,287,0,0,12163837611,0,0,0,0,0,0,602,0,0
12164880611,0,0,0,0,0,0,224,0,0,12164957611,0,0,0,0,0,0,617,0,0
12166000611,0,0,0,0,0,0,254,0,0,12166077611,0,0,0,0,0,0,610,0,0
12167120611,0,0,0,0,0,0,240,0,0,12167197611,0,0,0,0,0,0,606,0,0
12168240611,0,0,0,0,0,0,259,0,0,12168317611,0,0,0,0,0,0,615,0,0
12169360611,0,0,0,0,0,0,261,0,0,12169437611,0,0,0,0,0,0,649,0,0
12170480611,0,0,0,0,0,0,267,0,0,12170557611,0,0,0,0,0,0,636,0,0
12171600611,0,0,0,0,0,0,264,0,0,12171677611,0,0,0,0,0,0,626,0,0
12172720611,0,0,0,0,0,0,270,0,0,12172797611,0,0,0,0,0,0,613,0,0
12173840611,0,0,0,0,0,0,255,0,0,12173917611,0,0,0,0,0,0,659,0,0
12174960611,0,0,0,0,0,0,262,0,0,12175037611,0,0,0,0,0,0,625,0,0
12176080611,0,0,0,0,0,0,211,0,0,12176157611,0,0,0,0,0,0,614,0,0
12177200611,0,0,0,0,0,0,301,0,0,12177277611,0,0,0,0,0,0,624,0,0
12178320611,0,0,0,0,0,0,224,0,0,12178397611,0,0,0,0,0,0,591,0,0
12179440611,0,0,0,0,0,0,215,0,0,12179517611,0,0,0,0,0,0,616,0,0
12180560611,0,0,0,0,0,0,279,0,0,12180637611,0,0,0,0,0,0,629,0,0
12181680611,0,0,0,0,0,0,263,0,0,12181757611,0,0,0,0,0,0,626,0,0
12182800611,0,0,0,0,0,0,260,0,0,12182877611,0,0,0,0,0,0,578,0,0
12183920611,0,0,0,0,0,0,245,0,0,12183997611,0,0,0,0,0,0,653,0,0
12185040611,0,0,0,0,0,0,256,0,0,12185117611,0,0,0,0,0,0,584,0,0
12186160611,0,0,0,0,0,0,213,0,0,12186237611,0,0,0,0,0,0,597,0,0
12187280611,0,0,0,0,0,0,247,0,0,12187357611,0,0,0,0,0,0,583,0,0
12188400611,0,0,0,0,0,0,250,0,0,12188477611,0,0,0,0,0,0,601,0,0
12189520611,0,0,0,0,0,0,221,0,0,12189597611,0,0,0,0,0,0,591,0,0
12190640611,0,0,0,0,0,0,245,0,0,12190717611,0,0,0,0,0,0,603,0,0
12191760611,0,0,0,0,0,0,245,0,0,12191837611,0,0,0,0,0,0,615,0,0
12192880611,0,0,0,0,0,0,234,0,0,12192957611,0,0,0,0,0,0,574,0,0
12194000611,0,0,0,0,0,0,2741,0,0,12194077611,0,0,0,0,0,0,-1798,0,0
12195120611,0,0,0,0,0,0,6943,0,0,12195197611,0,0,0,0,0,0,-2021,0,0
12196240611,0,0,0,0,0,0,6909,0,0,12196317611,0,0,0,0,0,0,-2019,0,0
12197360611,0,0,0,0,0,0,6926,0,0,12197437611,0,0,0,0,0,0,-2004,0,0
12198480611,0,0,0,0,0,0,6892,0,0,12198557611,0,0,0,0,0,0,-1991,0,0
12199600611,0,0,0,0,0,0,6935,0,0,12199677611,0,0,0,0,0,0,-1961,0,0
12200720611,0,0,0,0,0,0,6908,0,0,12200797611,0,0,0,0,0,0,-2027,0,0
12201840611,0,0,0,0,0,0,6889,0,0,12201917611,0,0,0,0,0,0,-1993,0,0
12202960611,0,0,0,0,0,0,3902,0,0,12203037611,0,0,0,0,0,0,537,0,0
12204080611,0,0,0,0,0,0,238,0,0,12204157611,0,0,0,0,0,0,593,0,0
12205200611,0,0,0,0,0,0,230,0,0,12205277611,0,0,0,0,0,0,629,0,0
12206320611,0,0,0,0,0,0,268,0,0,12206397611,0,0,0,0,0,0,613,0,0
12207440611,0,0,0,0,0,0,224,0,0,12207517611,0,0,0,0,0,0,554,0,0
12208560611,0,0,0,0,0,0,249,0,0,12208637611,0,0,0,0,0,0,613,0,0
12209680611,0,0,0,0,0,0,246,0,0,12209757611,0,0,0,0,0,0,633,0,0
12210800611,0,0,0,0,0,0,241,0,0,12210877611,0,0,0,0,0,0,619,0,0
12211920611,0,0,0,0,0,0,775,0,0,12211997611,0,0,0,0,0,0,-1657,0,0
12213040611,0,0,0,0,0,0,6910,0,0,12213117611,0,0,0,0,0,0,-1988,0,0
12214160611,0,0,0,0,0,0,6899,0,0,12214237611,0,0,0,0,0,0,-1995,0,0
12215280611,0,0,0,0,0,0,6909,0,0,12215357611,0,0,0,0,0,0,-2003,0,0
12216400611,0,0,0,0,0,0,6907,0,0,12216477611,0,0,0,0,0,0,-1990,0,0
12217520611,0,0,0,0,0,0,6919,0,0,12217597611,0,0,0,0,0,0,-2012,0,0
12218640611,0,0,0,0,0,0,6906,0,0,12218717611,0,0,0,0,0,0,-1960,0,0
12219760611,0,0,0,0,0,0,6874,0,0,12219837611,0,0,0,0,0,0,-2022,0,0
12220880611,0,0,0,0,0,0,6893,0,0,12220957611,0,0,0,0,0,0,493,0,0
12222000611,0,0,0,0,0,0,215,0,0,12222077611,0,0,0,0,0,0,602,0,0
12223120611,0,0,0,0,0,0,222,0,0,12223197611,0,0,0,0,0,0,609,0,0
12224240611,0,0,0,0,0,0,240,0,0,12224317611,0,0,0,0,0,0,637,0,0
12225360611,0,0,0,0,0,0,214,0,0,12225437611,0,0,0,0,0,0,662,0,0
12226480611,0,0,0,0,0,0,224,0,0,12226557611,0,0,0,0,0,0,623,0,0
12227600611,0,0,0,0,0,0,212,0,0,12227677611,0,0,0,0,0,0,592,0,0
12228720611,0,0,0,0,0,0,215,0,0,12228797611,0,0,0,0,0,0,610,0,0
12229840611,0,0,0,0,0,0,207,0,0,12229917611,0,0,0,0,0,0,-1357,0,0
12230960611,0,0,0,0,0,0,6947,0,0,12231037611,0,0,0,0,0,0,-1961,0,0
12232080611,0,0,0,0,0,0,6903,0,0,12232157611,0,0,0,0,0,0,-2000,0,0
12233200611,0,0,0,0,0,0,6958,0,0,12233277611,0,0,0,0,0,0,-2007,0,0
12234320611,0,0,0,0,0,0,6892,0,0,12234397611,0,0,0,0,0,0,-2002,0,0
12235440611,0,0,0,0,0,0,6910,0,0,12235517611,0,0,0,0,0,0,-1959,0,0
12236560611,0,0,0,0,0,0,6921,0,0,12236637611,0,0,0,0,0,0,-2045,0,0
12237680611,0,0,0,0,0,0,6884,0,0,12237757611,0,0,0,0,0,0,-2002,0,0
12238800611,0,0,0,0,0,0,6885,0,0,12238877611,0,0,0,0,0,0,-16,0,0
12239920611,0,0,0,0,0,0,233,0,0,12239997611,0,0,0,0,0,0,576,0,0
12241040611,0,0,0,0,0,0,233,0,0,12241117611,0,0,0,0,0,0,601,0,0
12242160611,0,0,0,0,0,0,211,0,0,12242237611,0,0,0,0,0,0,613,0,0
12243280611,0,0,0,0,0,0,271,0,0,12243357611,0,0,0,0,0,0,616,0,0
12244400611,0,0,0,0,0,0,232,0,0,12244477611,0,0,0,0,0,0,614,0,0
12245520611,0,0,0,0,0,0,219,0,0,12245597611,0,0,0,0,0,0,596,0,0
12246640611,0,0,0,0,0,0,274,0,0,12246717611,0,0,0,0,0,0,612,0,0
12247760611,0,0,0,0,0,0,262,0,0,12247837611,0,0,0,0,0,0,-522,0,0
12248880611,0,0,0,0,0,0,6932,0,0,12248957611,0,0,0,0,0,0,-2003,0,0
12250000611,0,0,0,0,0,0,6923,0,0,12250077611,0,0,0,0,0,0,-1958,0,0
12251120611,0,0,0,0,0,0,6932,0,0,12251197611,0,0,0,0,0,0,-1999,0,0
12252240611,0,0,0,0,0,0,6866,0,0,12252317611,0,0,0,0,0,0,-1966,0,0
12253360611,0,0,0,0,0,0,6930,0,0,12253437611,0,0,0,0,0,0,-2021,0,0
12254480611,0,0,0,0,0,0,6873,0,0,12254557611,0,0,0,0,0,0,-1984,0,0
12255600611,0,0,0,0,0,0,6927,0,0,12255677611,0,0,0,0,0,0,-1992,0,0
12256720611,0,0,0,0,0,0,6903,0,0,12256797611,0,0,0,0,0,0,-1458,0,0
12257840611,0,0,0,0,0,0,268,0,0,12257917611,0,0,0,0,0,0,585,0,0
12258960611,0,0,0,0,0,0,223,0,0,12259037611,0,0,0,0,0,0,638,0,0
12260080611,0,0,0,0,0,0,276,0,0,12260157611,0,0,0,0,0,0,642,0,0
12261200611,0,0,0,0,0,0,259,0,0,12261277611,0,0,0,0,0,0,612,0,0
12262320611,0,0,0,0,0,0,257,0,0,12262397611,0,0,0,0,0,0,640,0,0
12263440611,0,0,0,0,0,0,239,0,0,12263517611,0,0,0,0,0,0,604,0,0
12264560611,0,0,0,0,0,0,259,0,0,12264637611,0,0,0,0,0,0,619,0,0
12265680611,0,0,0,0,0,0,223,0,0,12265757611,0,0,0,0,0,0,582,0,0
12266800611,0,0,0,0,0,0,6881,0,0,12266877611,0,0,0,0,0,0,-2010,0,0
12267920611,0,0,0,0,0,0,6908,0,0,12267997611,0,0,0,0,0,0,-1991,0,0
12269040611,0,0,0,0,0,0,6925,0,0,12269117611,0,0,0,0,0,0,-2015,0,0
12270160611,0,0,0,0,0,0,6912,0,0,12270237611,0,0,0,0,0,0,-2007,0,0
12271280611,0,0,0,0,0,0,6943,0,0,12271357611,0,0,0,0,0,0,-1993,0,0
12272400611,0,0,0,0,0,0,6899,0,0,12272477611,0,0,0,0,0,0,-1963,0,0
12273520611,0,0,0,0,0,0,6928,0,0,12273597611,0,0,0,0,0,0,-2015,0,0
12274640611,0,0,0,0,0,0,6900,0,0,12274717611,0,0,0,0,0,0,-2022,0,0
12275760611,0,0,0,0,0,0,260,0,0,12275837611,0,0,0,0,0,0,639,0,0
12276880611,0,0,0,0,0,0,265,0,0,12276957611,0,0,0,0,0,0,643,0,0
12278000611,0,0,0,0,0,0,246,0,0,12278077611,0,0,0,0,0,0,627,0,0
12279120611,0,0,0,0,0,0,247,0,0,12279197611,0,0,0,0,0,0,639,0,0
12280240611,0,0,0,0,0,0,196,0,0,12280317611,0,0,0,0,0,0,656,0,0
12281360611,0,0,0,0,0,0,245,0,0,12281437611,0,0,0,0,0,0,557,0,0
12282480611,0,0,0,0,0,0,228,0,0,12282557611,0,0,0,0,0,0,605,0,0
12283600611,0,0,0,0,0,0,266,0,0,12283677611,0,0,0,0,0,0,612,0,0
12284720611,0,0,0,0,0,0,6941,0,0,12284797611,0,0,0,0,0,0,-1969,0,0
12285840611,0,0,0,0,0,0,6912,0,0,12285917611,0,0,0,0,0,0,-2066,0,0
12286960611,0,0,0,0,0,0,6912,0,0,12287037611,0,0,0,0,0,0,-1997,0,0
12288080611,0,0,0,0,0,0,6906,0,0,12288157611,0,0,0,0,0,0,-1972,0,0
12289200611,0,0,0,0,0,0,6910,0,0,12289277611,0,0,0,0,0,0,-2025,0,0
12290320611,0,0,0,0,0,0,6949,0,0,12290397611,0,0,0,0,0,0,-1970,0,0
12291440611,0,0,0,0,0,0,6906,0,0,12291517611,0,0,0,0,0,0,-1997,0,0
12292560611,0,0,0,0,0,0,6908,0,0,12292637611,0,0,0,0,0,0,-2038,0,0
12293680611,0,0,0,0,0,0,224,0,0,12293757611,0,0,0,0,0,0,559,0,0
12294800611,0,0,0,0,0,0,242,0,0,12294877611,0,0,0,0,0,0,587,0,0
12295920611,0,0,0,0,0,0,236,0,0,12295997611,0,0,0,0,0,0,639,0,0
12297040611,0,0,0,0,0,0,243,0,0,12297117611,0,0,0,0,0,0,603,0,0
12298160611,0,0,0,0,0,0,231,0,0,12298237611,0,0,0,0,0,0,578,0,0
12299280611,0,0,0,0,0,0,219,0,0,12299357611,0,0,0,0,0,0,590,0,0
12300400611,0,0,0,0,0,0,241,0,0,12300477611,0,0,0,0,0,0,614,0,0
12301520611,0,0,0,0,0,0,244,0,0,12301597611,0,0,0,0,0,0,586,0,0
12302640611,0,0,0,0,0,0,6884,0,0,12302717611,0,0,0,0,0,0,-2061,0,0
12303760611,0,0,0,0,0,0,6888,0,0,12303837611,0,0,0,0,0,0,-1917,0,0
12304880611,0,0,0,0,0,0,6893,0,0,12304957611,0,0,0,0,0,0,-1974,0,0
12306000611,0,0,0,0,0,0,6896,0,0,12306077611,0,0,0,0,0,0,-2032,0,0
12307120611,0,0,0,0,0,0,6965,0,0,12307197611,0,0,0,0,0,0,-1996,0,0
12308240611,0,0,0,0,0,0,6897,0,0,12308317611,0,0,0,0,0,0,-2062,0,0
12309360611,0,0,0,0,0,0,6914,0,0,12309437611,0,0,0,0,0,0,-1947,0,0
12310480611,0,0,0,0,0,0,6901,0,0,12310557611,0,0,0,0,0,0,-2005,0,0
12311600611,0,0,0,0,0,0,204,0,0,12311677611,0,0,0,0,0,0,604,0,0
12312720611,0,0,0,0,0,0,243,0,0,12312797611,0,0,0,0,0,0,609,0,0
12313840611,0,0,0,0,0,0,254,0,0,12313917611,0,0,0,0,0,0,593,0,0
12314960611,0,0,0,0,0,0,199,0,0,12315037611,0,0,0,0,0,0,612,0,0
12316080611,0,0,0,0,0,0,247,0,0,12316157611,0,0,0,0,0,0,589,0,0
12317200611,0,0,0,0,0,0,260,0,0,12317277611,0,0,0,0,0,0,626,0,0
12318320611,0,0,0,0,0,0,245,0,0,12318397611,0,0,0,0,0,0,609,0,0
12319440611,0,0,0,0,0,0,205,0,0,12319517611,0,0,0,0,0,0,621,0,0
12320560611,0,0,0,0,0,0,6885,0,0,12320637611,0,0,0,0,0,0,-1996,0,0
12321680611,0,0,0,0,0,0,6919,0,0,12321757611,0,0,0,0,0,0,-1961,0,0
12322800611,0,0,0,0,0,0,6860,0,0,12322877611,0,0,0,0,0,0,-2007,0,0
12323920611,0,0,0,0,0,0,6929,0,0,12323997611,0,0,0,0,0,0,-1980,0,0
12325040611,0,0,0,0,0,0,6901,0,0,12325117611,0,0,0,0,0,0,-1996,0,0
12326160611,0,0,0,0,0,0,6922,0,0,12326237611,0,0,0,0,0,0,-1972,0,0
12327280611,0,0,0,0,0,0,6932,0,0,12327357611,0,0,0,0,0,0,-1981,0,0
12328400611,0,0,0,0,0,0,6876,0,0,12328477611,0,0,0,0,0,0,-2017,0,0
12329520611,0,0,0,0,0,0,250,0,0,12329597611,0,0,0,0,0,0,598,0,0
12330640611,0,0,0,0,0,0,200,0,0,12330717611,0,0,0,0,0,0,635,0,0
12331760611,0,0,0,0,0,0,203,0,0,12331837611,0,0,0,0,0,0,580,0,0
12332880611,0,0,0,0,0,0,220,0,0,12332957611,0,0,0,0,0,0,601,0,0
12334000611,0,0,0,0,0,0,246,0,0,12334077611,0,0,0,0,0,0,586,0,0
12335120611,0,0,0,0,0,0,245,0,0,12335197611,0,0,0,0,0,0,615,0,0
12336240611,0,0,0,0,0,0,238,0,0,12336317611,0,0,0,0,0,0,592,0,0
12337360611,0,0,0,0,0,0,261,0,0,12337437611,0,0,0,0,0,0,600,0,0
12338480611,0,0,0,0,0,0,6908,0,0,12338557611,0,0,0,0,0,0,-2001,0,0
12339600611,0,0,0,0,0,0,6926,0,0,12339677611,0,0,0,0,0,0,-1969,0,0
12340720611,0,0,0,0,0,0,6873,0,0,12340797611,0,0,0,0,0,0,-1999,0,0
12341840611,0,0,0,0,0,0,6887,0,0,12341917611,0,0,0,0,0,0,-1949,0,0
12342960611,0,0,0,0,0,0,6908,0,0,12343037611,0,0,0,0,0,0,-1994,0,0
12344080611,0,0,0,0,0,0,6955,0,0,12344157611,0,0,0,0,0,0,-1969,0,0
12345200611,0,0,0,0,0,0,6864,0,0,12345277611,0,0,0,0,0,0,-1990,0,0
12346320611,0,0,0,0,0,0,6896,0,0,12346397611,0,0,0,0,0,0,-1959,0,0
12347440611,0,0,0,0,0,0,293,0,0,12347517611,0,0,0,0,0,0,646,0,0
12348560611,0,0,0,0,0,0,220,0,0,12348637611,0,0,0,0,0,0,594,0,0
12349680611,0,0,0,0,0,0,256,0,0,12349757611,0,0,0,0,0,0,622,0,0
12350800611,0,0,0,0,0,0,263,0,0,12350877611,0,0,0,0,0,0,581,0,0
12351920611,0,0,0,0,0,0,223,0,0,12351997611,0,0,0,0,0,0,620,0,0
12353040611,0,0,0,0,0,0,242,0,0,12353117611,0,0,0,0,0,0,613,0,0
12354160611,0,0,0,0,0,0,223,0,0,12354237611,0,0,0,0,0,0,606,0,0
12355280611,0,0,0,0,0,0,223,0,0,12355357611,0,0,0,0,0,0,601,0,0
12356400611,0,0,0,0,0,0,6931,0,0,12356477611,0,0,0,0,0,0,-2029,0,0
12357520611,0,0,0,0,0,0,6896,0,0,12357597611,0,0,0,0,0,0,-2027,0,0
12358640611,0,0,0,0,0,0,6905,0,0,12358717611,0,0,0,0,0,0,-2004,0,0
12359760611,0,0,0,0,0,0,6901,0,0,12359837611,0,0,0,0,0,0,-1998,0,0
12360880611,0,0,0,0,0,0,6908,0,0,12360957611,0,0,0,0,0,0,-1971,0,0
12362000611,0,0,0,0,0,0,6870,0,0,12362077611,0,0,0,0,0,0,-2016,0,0
12363120611,0,0,0,0,0,0,6897,0,0,12363197611,0,0,0,0,0,0,-2014,0,0
12364240611,0,0,0,0,0,0,6918,0,0,12364317611,0,0,0,0,0,0,-2035,0,0
12365360611,0,0,0,0,0,0,229,0,0,12365437611,0,0,0,0,0,0,602,0,0
12366480611,0,0,0,0,0,0,229,0,0,12366557611,0,0,0,0,0,0,609,0,0
12367600611,0,0,0,0,0,0,231,0,0,12367677611,0,0,0,0,0,0,661,0,0
12368720611,0,0,0,0,0,0,267,0,0,12368797611,0,0,0,0,0,0,588,0,0
12369840611,0,0,0,0,0,0,271,0,0,12369917611,0,0,0,0,0,0,650,0,0
12370960611,0,0,0,0,0,0,255,0,0,12371037611,0,0,0,0,0,0,578,0,0
12372080611,0,0,0,0,0,0,234,0,0,12372157611,0,0,0,0,0,0,597,0,0
12373200611,0,0,0,0,0,0,249,0,0,12373277611,0,0,0,0,0,0,606,0,0
12374320611,0,0,0,0,0,0,6905,0,0,12374397611,0,0,0,0,0,0,-2000,0,0
12375440611,0,0,0,0,0,0,6941,0,0,12375517611,0,0,0,0,0,0,-2006,0,0
12376560611,0,0,0,0,0,0,6876,0,0,12376637611,0,0,0,0,0,0,-1997,0,0
12377680611,0,0,0,0,0,0,6920,0,0,12377757611,0,0,0,0,0,0,-1985,0,0
12378800611,0,0,0,0,0,0,6949,0,0,12378877611,0,0,0,0,0,0,-1982,0,0
12379920611,0,0,0,0,0,0,6889,0,0,12379997611,0,0,0,0,0,0,-2027,0,0
12381040611,0,0,0,0,0,0,6939,0,0,12381117611,0,0,0,0,0,0,-2019,0,0
12382160611,0,0,0,0,0,0,6899,0,0,12382237611,0,0,0,0,0,0,-2000,0,0
12383280611,0,0,0,0,0,0,230,0,0,12383357611,0,0,0,0,0,0,636,0,0
12384400611,0,0,0,0,0,0,250,0,0,12384477611,0,0,0,0,0,0,583,0,0
12385520611,0,0,0,0,0,0,221,0,0,12385597611,0,0,0,0,0,0,605,0,0
12386640611,0,0,0,0,0,0,261,0,0,12386717611,0,0,0,0,0,0,584,0,0
12387760611,0,0,0,0,0,0,282,0,0,12387837611,0,0,0,0,0,0,624,0,0
12388880611,0,0,0,0,0,0,259,0,0,12388957611,0,0,0,0,0,0,632,0,0
12390000611,0,0,0,0,0,0,272,0,0,12390077611,0,0,0,0,0,0,615,0,0
12391120611,0,0,0,0,0,0,249,0,0,12391197611,0,0,0,0,0,0,604,0,0
12392240611,0,0,0,0,0,0,6891,0,0,12392317611,0,0,0,0,0,0,-1997,0,0
12393360611,0,0,0,0,0,0,6903,0,0,12393437611,0,0,0,0,0,0,-1973,0,0
12394480611,0,0,0,0,0,0,6931,0,0,12394557611,0,0,0,0,0,0,-1961,0,0
12395600611,0,0,0,0,0,0,6909,0,0,12395677611,0,0,0,0,0,0,-2011,0,0
12396720611,0,0,0,0,0,0,6869,0,0,12396797611,0,0,0,0,0,0,-1949,0,0
12397840611,0,0,0,0,0,0,6866,0,0,12397917611,0,0,0,0,0,0,-1986,0,0
12398960611,0,0,0,0,0,0,6929,0,0,12399037611,0,0,0,0,0,0,-1936,0,0
12400080611,0,0,0,0,0,0,6897,0,0,12400157611,0,0,0,0,0,0,-1999,0,0
12401200611,0,0,0,0,0,0,287,0,0,12401277611,0,0,0,0,0,0,564,0,0
12402320611,0,0,0,0,0,0,259,0,0,12402397611,0,0,0,0,0,0,603,0,0
12403440611,0,0,0,0,0,0,244,0,0,12403517611,0,0,0,0,0,0,610,0,0
12404560611,0,0,0,0,0,0,264,0,0,12404637611,0,0,0,0,0,0,615,0,0
12405680611,0,0,0,0,0,0,247,0,0,12405757611,0,0,0,0,0,0,599,0,0
12406800611,0,0,0,0,0,0,209,0,0,12406877611,0,0,0,0,0,0,636,0,0
12407920611,0,0,0,0,0,0,198,0,0,12407997611,0,0,0,0,0,0,621,0,0
12409040611,0,0,0,0,0,0,272,0,0,12409117611,0,0,0,0,0,0,606,0,0
12410160611,0,0,0,0,0,0,6916,0,0,12410237611,0,0,0,0,0,0,-1967,0,0
12411280611,0,0,0,0,0,0,6911,0,0,12411357611,0,0,0,0,0,0,-1964,0,0
12412400611,0,0,0,0,0,0,6903,0,0,12412477611,0,0,0,0,0,0,-1941,0,0
12413520611,0,0,0,0,0,0,6914,0,0,12413597611,0,0,0,0,0,0,-1942,0,0
12414640611,0,0,0,0,0,0,6907,0,0,12414717611,0,0,0,0,0,0,-2006,0,0
12415760611,0,0,0,0,0,0,6895,0,0,12415837611,0,0,0,0,0,0,-2040,0,0
12416880611,0,0,0,0,0,0,6927,0,0,12416957611,0,0,0,0,0,0,-1971,0,0
12418000611,0,0,0,0,0,0,6886,0,0,12418077611,0,0,0,0,0,0,-1997,0,0
12419120611,0,0,0,0,0,0,228,0,0,12419197611,0,0,0,0,0,0,595,0,0
12420240611,0,0,0,0,0,0,217,0,0,12420317611,0,0,0,0,0,0,564,0,0
12421360611,0,0,0,0,0,0,226,0,0,12421437611,0,0,0,0,0,0,585,0,0
12422480611,0,0,0,0,0,0,228,0,0,12422557611,0,0,0,0,0,0,646,0,0
12423600611,0,0,0,0,0,0,229,0,0,12423677611,0,0,0,0,0,0,613,0,0
12424720611,0,0,0,0,0,0,252,0,0,12424797611,0,0,0,0,0,0,587,0,0
12425840611,0,0,0,0,0,0,208,0,0,12425917611,0,0,0,0,0,0,597,0,0
12426960611,0,0,0,0,0,0,278,0,0,12427037611,0,0,0,0,0,0,599,0,0
12428080611,0,0,0,0,0,0,6913,0,0,12428157611,0,0,0,0,0,0,-1987,0,0
12429200611,0,0,0,0,0,0,6920,0,0,12429277611,0,0,0,0,0,0,-2003,0,0
12430320611,0,0,0,0,0,0,6914,0,0,12430397611,0,0,0,0,0,0,-1999,0,0
12431440611,0,0,0,0,0,0,6895,0,0,12431517611,0,0,0,0,0,0,-1999,0,0
12432560611,0,0,0,0,0,0,6900,0,0,12432637611,0,0,0,0,0,0,-2006,0,0
12433680611,0,0,0,0,0,0,6899,0,0,12433757611,0,0,0,0,0,0,-2016,0,0
12434800611,0,0,0,0,0,0,6895,0,0,12434877611,0,0,0,0,0,0,-1938,0,0
12435920611,0,0,0,0,0,0,6907,0,0,12435997611,0,0,0,0,0,0,-1998,0,0
12437040611,0,0,0,0,0,0,239,0,0,12437117611,0,0,0,0,0,0,612,0,0
12438160611,0,0,0,0,0,0,195,0,0,12438237611,0,0,0,0,0,0,623,0,0
12439280611,0,0,0,0,0,0,272,0,0,12439357611,0,0,0,0,0,0,602,0,0
12440400611,0,0,0,0,0,0,247,0,0,12440477611,0,0,0,0,0,0,638,0,0
12441520611,0,0,0,0,0,0,234,0,0,12441597611,0,0,0,0,0,0,625,0,0
12442640611,0,0,0,0,0,0,224,0,0,12442717611,0,0,0,0,0,0,611,0,0
12443760611,0,0,0,0,0,0,227,0,0,12443837611,0,0,0,0,0,0,633,0,0
12444880611,0,0,0,0,0,0,240,0,0,12444957611,0,0,0,0,0,0,585,0,0
12446000611,0,0,0,0,0,0,6905,0,0,12446077611,0,0,0,0,0,0,-1985,0,0
12447120611,0,0,0,0,0,0,6925,0,0,12447197611,0,0,0,0,0,0,-1990,0,0
12448240611,0,0,0,0,0,0,6930,0,0,12448317611,0,0,0,0,0,0,-2005,0,0
12449360611,0,0,0,0,0,0,6926,0,0,12449437611,0,0,0,0,0,0,-2004,0,0
12450480611,0,0,0,0,0,0,6931,0,0,12450557611,0,0,0,0,0,0,-1990,0,0
12451600611,0,0,0,0,0,0,6890,0,0,12451677611,0,0,0,0,0,0,-2005,0,0
12452720611,0,0,0,0,0,0,6924,0,0,12452797611,0,0,0,0,0,0,-1972,0,0
12453840611,0,0,0,0,0,0,6929,0,0,12453917611,0,0,0,0,0,0,-2012,0,0
12454960611,0,0,0,0,0,0,275,0,0,12455037611,0,0,0,0,0,0,580,0,0
12456080611,0,0,0,0,0,0,229,0,0,12456157611,0,0,0,0,0,0,611,0,0
12457200611,0,0,0,0,0,0,237,0,0,12457277611,0,0,0,0,0,0,591,0,0
12458320611,0,0,0,0,0,0,199,0,0,12458397611,0,0,0,0,0,0,633,0,0
12459440611,0,0,0,0,0,0,256,0,0,12459517611,0,0,0,0,0,0,553,0,0
12460560611,0,0,0,0,0,0,208,0,0,12460637611,0,0,0,0,0,0,621,0,0
12461680611,0,0,0,0,0,0,245,0,0,12461757611,0,0,0,0,0,0,612,0,0
12462800611,0,0,0,0,0,0,210,0,0,12462877611,0,0,0,0,0,0,575,0,0
12463920611,0,0,0,0,0,0,6877,0,0,12463997611,0,0,0,0,0,0,-2000,0,0
12465040611,0,0,0,0,0,0,6885,0,0,12465117611,0,0,0,0,0,0,-2022,0,0
12466160611,0,0,0,0,0,0,6902,0,0,12466237611,0,0,0,0,0,0,-1987,0,0
12467280611,0,0,0,0,0,0,6920,0,0,12467357611,0,0,0,0,0,0,-1999,0,0
12468400611,0,0,0,0,0,0,6926,0,0,12468477611,0,0,0,0,0,0,-1996,0,0
12469520611,0,0,0,0,0,0,6897,0,0,12469597611,0,0,0,0,0,0,-1951,0,0
12470640611,0,0,0,0,0,0,6932,0,0,12470717611,0,0,0,0,0,0,-2035,0,0
12471760611,0,0,0,0,0,0,6902,0,0,12471837611,0,0,0,0,0,0,-1999,0,0
12472880611,0,0,0,0,0,0,282,0,0,12472957611,0,0,0,0,0,0,606,0,0
12474000611,0,0,0,0,0,0,230,0,0,12474077611,0,0,0,0,0,0,590,0,0
12475120611,0,0,0,0,0,0,229,0,0,12475197611,0,0,0,0,0,0,630,0,0
12476240611,0,0,0,0,0,0,236,0,0,12476317611,0,0,0,0,0,0,605,0,0
12477360611,0,0,0,0,0,0,258,0,0,12477437611,0,0,0,0,0,0,616,0,0
12478480611,0,0,0,0,0,0,239,0,0,12478557611,0,0,0,0,0,0,596,0,0
12479600611,0,0,0,0,0,0,205,0,0,12479677611,0,0,0,0,0,0,633,0,0
12480720611,0,0,0,0,0,0,230,0,0,12480797611,0,0,0,0,0,0,590,0,0
12481840611,0,0,0,0,0,0,6917,0,0,12481917611,0,0,0,0,0,0,-2034,0,0
12482960611,0,0,0,0,0,0,6880,0,0,12483037611,0,0,0,0,0,0,-2004,0,0
12484080611,0,0,0,0,0,0,6889,0,0,12484157611,0,0,0,0,0,0,-1969,0,0
12485200611,0,0,0,0,0,0,6897,0,0,12485277611,0,0,0,0,0,0,-2007,0,0
12486320611,0,0,0,0,0,0,6888,0,0,12486397611,0,0,0,0,0,0,-2014,0,0
12487440611,0,0,0,0,0,0,6889,0,0,12487517611,0,0,0,0,0,0,-2016,0,0
12488560611,0,0,0,0,0,0,6921,0,0,12488637611,0,0,0,0,0,0,-1973,0,0
12489680611,0,0,0,0,0,0,6945,0,0,12489757611,0,0,0,0,0,0,-1976,0,0
12490800611,0,0,0,0,0,0,262,0,0,12490877611,0,0,0,0,0,0,653,0,0
12491920611,0,0,0,0,0,0,273,0,0,12491997611,0,0,0,0,0,0,642,0,0
12493040611,0,0,0,0,0,0,225,0,0,12493117611,0,0,0,0,0,0,613,0,0
12494160611,0,0,0,0,0,0,248,0,0,12494237611,0,0,0,0,0,0,579,0,0
12495280611,0,0,0,0,0,0,203,0,0,12495357611,0,0,0,0,0,0,583,0,0
12496400611,0,0,0,0,0,0,269,0,0,12496477611,0,0,0,0,0,0,620,0,0
12497520611,0,0,0,0,0,0,207,0,0,12497597611,0,0,0,0,0,0,597,0,0
12498640611,0,0,0,0,0,0,225,0,0,12498717611,0,0,0,0,0,0,611,0,0
12499760611,0,0,0,0,0,0,6884,0,0,12499837611,0,0,0,0,0,0,-1962,0,0
12500880611,0,0,0,0,0,0,6905,0,0,12500957611,0,0,0,0,0,0,-1952,0,0
12502000611,0,0,0,0,0,0,6902,0,0,12502077611,0,0,0,0,0,0,-2011,0,0
12503120611,0,0,0,0,0,0,6891,0,0,12503197611,0,0,0,0,0,0,-2011,0,0
12504240611,0,0,0,0,0,0,6872,0,0,12504317611,0,0,0,0,0,0,-1986,0,0
12505360611,0,0,0,0,0,0,6888,0,0,12505437611,0,0,0,0,0,0,-1949,0,0
12506480611,0,0,0,0,0,0,6926,0,0,12506557611,0,0,0,0,0,0,-1967,0,0
12507600611,0,0,0,0,0,0,6910,0,0,12507677611,0,0,0,0,0,0,-1961,0,0
12508720611,0,0,0,0,0,0,227,0,0,12508797611,0,0,0,0,0,0,597,0,0
12509840611,0,0,0,0,0,0,255,0,0,12509917611,0,0,0,0,0,0,589,0,0
12510960611,0,0,0,0,0,0,264,0,0,12511037611,0,0,0,0,0,0,636,0,0
12512080611,0,0,0,0,0,0,269,0,0,12512157611,0,0,0,0,0,0,574,0,0
12513200611,0,0,0,0,0,0,204,0,0,12513277611,0,0,0,0,0,0,630,0,0
12514320611,0,0,0,0,0,0,232,0,0,12514397611,0,0,0,0,0,0,601,0,0
12515440611,0,0,0,0,0,0,277,0,0,12515517611,0,0,0,0,0,0,641,0,0
12516560611,0,0,0,0,0,0,221,0,0,12516637611,0,0,0,0,0,0,621,0,0
12517680611,0,0,0,0,0,0,6850,0,0,12517757611,0,0,0,0,0,0,-1987,0,0
12518800611,0,0,0,0,0,0,6855,0,0,12518877611,0,0,0,0,0,0,-1979,0,0
12519920611,0,0,0,0,0,0,6922,0,0,12519997611,0,0,0,0,0,0,-1999,0,0
12521040611,0,0,0,0,0,0,6926,0,0,12521117611,0,0,0,0,0,0,-2029,0,0
12522160611,0,0,0,0,0,0,6937,0,0,12522237611,0,0,0,0,0,0,-1969,0,0
12523280611,0,0,0,0,0,0,6895,0,0,12523357611,0,0,0,0,0,0,-1987,0,0
12524400611,0,0,0,0,0,0,6884,0,0,12524477611,0,0,0,0,0,0,-1990,0,0
12525520611,0,0,0,0,0,0,6881,0,0,12525597611,0,0,0,0,0,0,-1973,0,0
12526640611,0,0,0,0,0,0,248,0,0,12526717611,0,0,0,0,0,0,619,0,0
12527760611,0,0,0,0,0,0,284,0,0,12527837611,0,0,0,0,0,0,591,0,0
12528880611,0,0,0,0,0,0,209,0,0,12528957611,0,0,0,0,0,0,620,0,0
12530000611,0,0,0,0,0,0,214,0,0,12530077611,0,0,0,0,0,0,568,0,0
12531120611,0,0,0,0,0,0,221,0,0,12531197611,0,0,0,0,0,0,624,0,0
12532240611,0,0,0,0,0,0,240,0,0,12532317611,0,0,0,0,0,0,617,0,0
12533360611,0,0,0,0,0,0,275,0,0,12533437611,0,0,0,0,0,0,619,0,0
12534480611,0,0,0,0,0,0,213,0,0,12534557611,0,0,0,0,0,0,615,0,0
12535600611,0,0,0,0,0,0,6896,0,0,12535677611,0,0,0,0,0,0,-1963,0,0
12536720611,0,0,0,0,0,0,6888,0,0,12536797611,0,0,0,0,0,0,-1930,0,0
12537840611,0,0,0,0,0,0,6916,0,0,12537917611,0,0,0,0,0,0,-1968,0,0
12538960611,0,0,0,0,0,0,6900,0,0,12539037611,0,0,0,0,0,0,-2026,0,0
12540080611,0,0,0,0,0,0,6928,0,0,12540157611,0,0,0,0,0,0,-1986,0,0
12541200611,0,0,0,0,0,0,6923,0,0,12541277611,0,0,0,0,0,0,-2001,0,0
12542320611,0,0,0,0,0,0,6883,0,0,12542397611,0,0,0,0,0,0,-1946,0,0
12543440611,0,0,0,0,0,0,6896,0,0,12543517611,0,0,0,0,0,0,-2015,0,0
12544560611,0,0,0,0,0,0,246,0,0,12544637611,0,0,0,0,0,0,682,0,0
12545680611,0,0,0,0,0,0,275,0,0,12545757611,0,0,0,0,0,0,598,0,0
12546800611,0,0,0,0,0,0,234,0,0,12546877611,0,0,0,0,0,0,630,0,0
12547920611,0,0,0,0,0,0,228,0,0,12547997611,0,0,0,0,0,0,628,0,0
12549040611,0,0,0,0,0,0,255,0,0,12549117611,0,0,0,0,0,0,622,0,0
12550160611,0,0,0,0,0,0,195,0,0,12550237611,0,0,0,0,0,0,621,0,0
12551280611,0,0,0,0,0,0,262,0,0,12551357611,0,0,0,0,0,0,623,0,0
12552400611,0,0,0,0,0,0,243,0,0,12552477611,0,0,0,0,0,0,608,0,0
12553520611,0,0,0,0,0,0,6932,0,0,12553597611,0,0,0,0,0,0,-2022,0,0
12554640611,0,0,0,0,0,0,6910,0,0,12554717611,0,0,0,0,0,0,-2036,0,0
12555760611,0,0,0,0,0,0,6911,0,0,12555837611,0,0,0,0,0,0,-1988,0,0
12556880611,0,0,0,0,0,0,6906,0,0,12556957611,0,0,0,0,0,0,-1963,0,0
12558000611,0,0,0,0,0,0,6912,0,0,12558077611,0,0,0,0,0,0,-2002,0,0
12559120611,0,0,0,0,0,0,6879,0,0,12559197611,0,0,0,0,0,0,-2005,0,0
12560240611,0,0,0,0,0,0,6890,0,0,12560317611,0,0,0,0,0,0,-1972,0,0
12561360611,0,0,0,0,0,0,6894,0,0,12561437611,0,0,0,0,0,0,-1944,0,0
12562480611,0,0,0,0,0,0,244,0,0,12562557611,0,0,0,0,0,0,637,0,0
12563600611,0,0,0,0,0,0,243,0,0,12563677611,0,0,0,0,0,0,605,0,0
12564720611,0,0,0,0,0,0,276,0,0,12564797611,0,0,0,0,0,0,592,0,0
12565840611,0,0,0,0,0,0,250,0,0,12565917611,0,0,0,0,0,0,562,0,0
12566960611,0,0,0,0,0,0,240,0,0,12567037611,0,0,0,0,0,0,631,0,0
12568080611,0,0,0,0,0,0,205,0,0,12568157611,0,0,0,0,0,0,667,0,0
12569200611,0,0,0,0,0,0,233,0,0,12569277611,0,0,0,0,0,0,599,0,0
12570320611,0,0,0,0,0,0,190,0,0,12570397611,0,0,0,0,0,0,609,0,0
12571440611,0,0,0,0,0,0,6901,0,0,12571517611,0,0,0,0,0,0,-1969,0,0
12572560611,0,0,0,0,0,0,6887,0,0,12572637611,0,0,0,0,0,0,-2023,0,0
12573680611,0,0,0,0,0,0,6888,0,0,12573757611,0,0,0,0,0,0,-1970,0,0
12574800611,0,0,0,0,0,0,6918,0,0,12574877611,0,0,0,0,0,0,-1984,0,0
12575920611,0,0,0,0,0,0,6929,0,0,12575997611,0,0,0,0,0,0,-2009,0,0
12577040611,0,0,0,0,0,0,6885,0,0,12577117611,0,0,0,0,0,0,-2015,0,0
12578160611,0,0,0,0,0,0,6922,0,0,12578237611,0,0,0,0,0,0,-1952,0,0
12579280611,0,0,0,0,0,0,6917,0,0,12579357611,0,0,0,0,0,0,-1958,0,0
12580400611,0,0,0,0,0,0,234,0,0,12580477611,0,0,0,0,0,0,568,0,0
12581520611,0,0,0,0,0,0,215,0,0,12581597611,0,0,0,0,0,0,601,0,0
12582640611,0,0,0,0,0,0,213,0,0,12582717611,0,0,0,0,0,0,647,0,0
12583760611,0,0,0,0,0,0,223,0,0,12583837611,0,0,0,0,0,0,595,0,0
12584880611,0,0,0,0,0,0,269,0,0,12584957611,0,0,0,0,0,0,653,0,0
12586000611,0,0,0,0,0,0,243,0,0,12586077611,0,0,0,0,0,0,597,0,0
12587120611,0,0,0,0,0,0,236,0,0,12587197611,0,0,0,0,0,0,613,0,0
12588240611,0,0,0,0,0,0,211,0,0,12588317611,0,0,0,0,0,0,611,0,0
12589360611,0,0,0,0,0,0,6902,0,0,12589437611,0,0,0,0,0,0,-1951,0,0
12590480611,0,0,0,0,0,0,6929,0,0,12590557611,0,0,0,0,0,0,-2019,0,0
12591600611,0,0,0,0,0,0,6923,0,0,12591677611,0,0,0,0,0,0,-2067,0,0
12592720611,0,0,0,0,0,0,6893,0,0,12592797611,0,0,0,0,0,0,-2020,0,0
12593840611,0,0,0,0,0,0,6879,0,0,12593917611,0,0,0,0,0,0,-1984,0,0
12594960611,0,0,0,0,0,0,6903,0,0,12595037611,0,0,0,0,0,0,-2012,0,0
12596080611,0,0,0,0,0,0,6880,0,0,12596157611,0,0,0,0,0,0,-1986,0,0
12597200611,0,0,0,0,0,0,6882,0,0,12597277611,0,0,0,0,0,0,-1981,0,0
12598320611,0,0,0,0,0,0,199,0,0,12598397611,0,0,0,0,0,0,590,0,0
12599440611,0,0,0,0,0,0,208,0,0,12599517611,0,0,0,0,0,0,592,0,0
12600560611,0,0,0,0,0,0,241,0,0,12600637611,0,0,0,0,0,0,589,0,0
12601680611,0,0,0,0,0,0,257,0,0,12601757611,0,0,0,0,0,0,613,0,0
12602800611,0,0,0,0,0,0,225,0,0,12602877611,0,0,0,0,0,0,632,0,0
12603920611,0,0,0,0,0,0,226,0,0,12603997611,0,0,0,0,0,0,592,0,0
12605040611,0,0,0,0,0,0,209,0,0,12605117611,0,0,0,0,0,0,632,0,0
12606160611,0,0,0,0,0,0,233,0,0,12606237611,0,0,0,0,0,0,613,0,0
12607280611,0,0,0,0,0,0,6862,0,0,12607357611,0,0,0,0,0,0,-1993,0,0
12608400611,0,0,0,0,0,0,6859,0,0,12608477611,0,0,0,0,0,0,-1998,0,0
12609520611,0,0,0,0,0,0,6875,0,0,12609597611,0,0,0,0,0,0,-2011,0,0
12610640611,0,0,0,0,0,0,6860,0,0,12610717611,0,0,0,0,0,0,-1983,0,0
12611760611,0,0,0,0,0,0,6902,0,0,12611837611,0,0,0,0,0,0,-1960,0,0
12612880611,0,0,0,0,0,0,6931,0,0,12612957611,0,0,0,0,0,0,-1999,0,0
12614000611,0,0,0,0,0,0,6909,0,0,12614077611,0,0,0,0,0,0,-2004,0,0
12615120611,0,0,0,0,0,0,6933,0,0,12615197611,0,0,0,0,0,0,-2042,0,0
12616240611,0,0,0,0,0,0,238,0,0,12616317611,0,0,0,0,0,0,572,0,0
12617360611,0,0,0,0,0,0,240,0,0,12617437611,0,0,0,0,0,0,637,0,0
12618480611,0,0,0,0,0,0,246,0,0,12618557611,0,0,0,0,0,0,617,0,0
12619600611,0,0,0,0,0,0,214,0,0,12619677611,0,0,0,0,0,0,606,0,0
12620720611,0,0,0,0,0,0,216,0,0,12620797611,0,0,0,0,0,0,623,0,0
12621840611,0,0,0,0,0,0,270,0,0,12621917611,0,0,0,0,0,0,575,0,0
12622960611,0,0,0,0,0,0,256,0,0,12623037611,0,0,0,0,0,0,584,0,0
12624080611,0,0,0,0,0,0,256,0,0,12624157611,0,0,0,0,0,0,637,0,0
12625200611,0,0,0,0,0,0,6864,0,0,12625277611,0,0,0,0,0,0,-2025,0,0
12626320611,0,0,0,0,0,0,6897,0,0,12626397611,0,0,0,0,0,0,-1989,0,0
12627440611,0,0,0,0,0,0,6945,0,0,12627517611,0,0,0,0,0,0,-2025,0,0
12628560611,0,0,0,0,0,0,6954,0,0,12628637611,0,0,0,0,0,0,-1991,0,0
12629680611,0,0,0,0,0,0,6926,0,0,12629757611,0,0,0,0,0,0,-1964,0,0
12630800611,0,0,0,0,0,0,6867,0,0,12630877611,0,0,0,0,0,0,-1945,0,0
12631920611,0,0,0,0,0,0,6938,0,0,12631997611,0,0,0,0,0,0,-1989,0,0
12633040611,0,0,0,0,0,0,6910,0,0,12633117611,0,0,0,0,0,0,-2005,0,0
12634160611,0,0,0,0,0,0,237,0,0,12634237611,0,0,0,0,0,0,592,0,0
12635280611,0,0,0,0,0,0,204,0,0,12635357611,0,0,0,0,0,0,585,0,0
12636400611,0,0,0,0,0,0,256,0,0,12636477611,0,0,0,0,0,0,552,0,0
12637520611,0,0,0,0,0,0,225,0,0,12637597611,0,0,0,0,0,0,631,0,0
12638640611,0,0,0,0,0,0,252,0,0,12638717611,0,0,0,0,0,0,576,0,0
12639760611,0,0,0,0,0,0,247,0,0,12639837611,0,0,0,0,0,0,610,0,0
12640880611,0,0,0,0,0,0,215,0,0,12640957611,0,0,0,0,0,0,557,0,0
12642000611,0,0,0,0,0,0,263,0,0,12642077611,0,0,0,0,0,0,615,0,0
12643120611,0,0,0,0,0,0,6888,0,0,12643197611,0,0,0,0,0,0,-1967,0,0
12644240611,0,0,0,0,0,0,6951,0,0,12644317611,0,0,0,0,0,0,-1951,0,0
12645360611,0,0,0,0,0,0,6923,0,0,12645437611,0,0,0,0,0,0,-1994,0,0
12646480611,0,0,0,0,0,0,6930,0,0,12646557611,0,0,0,0,0,0,-1953,0,0
12647600611,0,0,0,0,0,0,6910,0,0,12647677611,0,0,0,0,0,0,-2044,0,0
12648720611,0,0,0,0,0,0,6916,0,0,12648797611,0,0,0,0,0,0,-1981,0,0
12649840611,0,0,0,0,0,0,6877,0,0,12649917611,0,0,0,0,0,0,-1981,0,0
12650960611,0,0,0,0,0,0,6929,0,0,12651037611,0,0,0,0,0,0,-2010,0,0
12652080611,0,0,0,0,0,0,238,0,0,12652157611,0,0,0,0,0,0,600,0,0
12653200611,0,0,0,0,0,0,263,0,0,12653277611,0,0,0,0,0,0,623,0,0
12654320611,0,0,0,0,0,0,238,0,0,12654397611,0,0,0,0,0,0,613,0,0
12655440611,0,0,0,0,0,0,209,0,0,12655517611,0,0,0,0,0,0,552,0,0
12656560611,0,0,0,0,0,0,216,0,0,12656637611,0,0,0,0,0,0,595,0,0
12657680611,0,0,0,0,0,0,248,0,0,12657757611,0,0,0,0,0,0,603,0,0
12658800611,0,0,0,0,0,0,198,0,0,12658877611,0,0,0,0,0,0,628,0,0
12659920611,0,0,0,0,0,0,274,0,0,12659997611,0,0,0,0,0,0,617,0,0
12661040611,0,0,0,0,0,0,6915,0,0,12661117611,0,0,0,0,0,0,-2007,0,0
12662160611,0,0,0,0,0,0,6924,0,0,12662237611,0,0,0,0,0,0,-1976,0,0
12663280611,0,0,0,0,0,0,6909,0,0,12663357611,0,0,0,0,0,0,-1961,0,0
12664400611,0,0,0,0,0,0,6934,0,0,12664477611,0,0,0,0,0,0,-2009,0,0
12665520611,0,0,0,0,0,0,6852,0,0,12665597611,0,0,0,0,0,0,-1965,0,0
12666640611,0,0,0,0,0,0,6901,0,0,12666717611,0,0,0,0,0,0,-1985,0,0
12667760611,0,0,0,0,0,0,6926,0,0,12667837611,0,0,0,0,0,0,-2044,0,0
12668880611,0,0,0,0,0,0,6853,0,0,12668957611,0,0,0,0,0,0,-1983,0,0
12670000611,0,0,0,0,0,0,242,0,0,12670077611,0,0,0,0,0,0,630,0,0
12671120611,0,0,0,0,0,0,203,0,0,12671197611,0,0,0,0,0,0,617,0,0
12672240611,0,0,0,0,0,0,259,0,0,12672317611,0,0,0,0,0,0,587,0,0
12673360611,0,0,0,0,0,0,226,0,0,12673437611,0,0,0,0,0,0,606,0,0
12674480611,0,0,0,0,0,0,265,0,0,12674557611,0,0,0,0,0,0,600,0,0
12675600611,0,0,0,0,0,0,227,0,0,12675677611,0,0,0,0,0,0,589,0,0
12676720611,0,0,0,0,0,0,227,0,0,12676797611,0,0,0,0,0,0,662,0,0
12677840611,0,0,0,0,0,0,222,0,0,12677917611,0,0,0,0,0,0,610,0,0
12678960611,0,0,0,0,0,0,6896,0,0,12679037611,0,0,0,0,0,0,-2006,0,0
12680080611,0,0,0,0,0,0,6946,0,0,12680157611,0,0,0,0,0,0,-1982,0,0
12681200611,0,0,0,0,0,0,6923,0,0,12681277611,0,0,0,0,0,0,-2036,0,0
12682320611,0,0,0,0,0,0,6896,0,0,12682397611,0,0,0,0,0,0,-1976,0,0
12683440611,0,0,0,0,0,0,6892,0,0,12683517611,0,0,0,0,0,0,-2045,0,0
12684560611,0,0,0,0,0,0,6872,0,0,12684637611,0,0,0,0,0,0,-1958,0,0
12685680611,0,0,0,0,0,0,6907,0,0,12685757611,0,0,0,0,0,0,-1979,0,0
12686800611,0,0,0,0,0,0,6949,0,0,12686877611,0,0,0,0,0,0,-2032,0,0
12687920611,0,0,0,0,0,0,224,0,0,12687997611,0,0,0,0,0,0,572,0,0
12689040611,0,0,0,0,0,0,257,0,0,12689117611,0,0,0,0,0,0,598,0,0
12690160611,0,0,0,0,0,0,199,0,0,12690237611,0,0,0,0,0,0,640,0,0
12691280611,0,0,0,0,0,0,211,0,0,12691357611,0,0,0,0,0,0,618,0,0
12692400611,0,0,0,0,0,0,233,0,0,12692477611,0,0,0,0,0,0,559,0,0
12693520611,0,0,0,0,0,0,245,0,0,12693597611,0,0,0,0,0,0,610,0,0
12694640611,0,0,0,0,0,0,250,0,0,12694717611,0,0,0,0,0,0,620,0,0
12695760611,0,0,0,0,0,0,185,0,0,12695837611,0,0,0,0,0,0,599,0,0
12696880611,0,0,0,0,0,0,6878,0,0,12696957611,0,0,0,0,0,0,-1980,0,0
12698000611,0,0,0,0,0,0,6900,0,0,12698077611,0,0,0,0,0,0,-1981,0,0
12699120611,0,0,0,0,0,0,6932,0,0,12699197611,0,0,0,0,0,0,-1980,0,0
12700240611,0,0,0,0,0,0,6913,0,0,12700317611,0,0,0,0,0,0,-1997,0,0
12701360611,0,0,0,0,0,0,6913,0,0,12701437611,0,0,0,0,0,0,-1991,0,0
12702480611,0,0,0,0,0,0,6902,0,0,12702557611,0,0,0,0,0,0,-2033,0,0
12703600611,0,0,0,0,0,0,6930,0,0,12703677611,0,0,0,0,0,0,-1971,0,0
12704720611,0,0,0,0,0,0,6873,0,0,12704797611,0,0,0,0,0,0,-1993,0,0
12705840611,0,0,0,0,0,0,194,0,0,12705917611,0,0,0,0,0,0,626,0,0
12706960611,0,0,0,0,0,0,248,0,0,12707037611,0,0,0,0,0,0,642,0,0
12708080611,0,0,0,0,0,0,225,0,0,12708157611,0,0,0,0,0,0,609,0,0
12709200611,0,0,0,0,0,0,220,0,0,12709277611,0,0,0,0,0,0,613,0,0
12710320611,0,0,0,0,0,0,255,0,0,12710397611,0,0,0,0,0,0,598,0,0
12711440611,0,0,0,0,0,0,197,0,0,12711517611,0,0,0,0,0,0,608,0,0
12712560611,0,0,0,0,0,0,247,0,0,12712637611,0,0,0,0,0,0,618,0,0
12713680611,0,0,0,0,0,0,259,0,0,12713757611,0,0,0,0,0,0,599,0,0
12714800611,0,0,0,0,0,0,6902,0,0,12714877611,0,0,0,0,0,0,-2018,0,0
12715920611,0,0,0,0,0,0,6912,0,0,12715997611,0,0,0,0,0,0,-1926,0,0
12717040611,0,0,0,0,0,0,6889,0,0,12717117611,0,0,0,0,0,0,-1975,0,0
12718160611,0,0,0,0,0,0,6905,0,0,12718237611,0,0,0,0,0,0,-2022,0,0
12719280611,0,0,0,0,0,0,6876,0,0,12719357611,0,0,0,0,0,0,-1997,0,0
12720400611,0,0,0,0,0,0,6923,0,0,12720477611,0,0,0,0,0,0,-1988,0,0
12721520611,0,0,0,0,0,0,6902,0,0,12721597611,0,0,0,0,0,0,-1957,0,0
12722640611,0,0,0,0,0,0,6867,0,0,12722717611,0,0,0,0,0,0,-1991,0,0
12723760611,0,0,0,0,0,0,213,0,0,12723837611,0,0,0,0,0,0,597,0,0
12724880611,0,0,0,0,0,0,199,0,0,12724957611,0,0,0,0,0,0,616,0,0
12726000611,0,0,0,0,0,0,248,0,0,12726077611,0,0,0,0,0,0,620,0,0
12727120611,0,0,0,0,0,0,206,0,0,12727197611,0,0,0,0,0,0,593,0,0
12728240611,0,0,0,0,0,0,223,0,0,12728317611,0,0,0,0,0,0,634,0,0
12729360611,0,0,0,0,0,0,267,0,0,12729437611,0,0,0,0,0,0,606,0,0
12730480611,0,0,0,0,0,0,196,0,0,12730557611,0,0,0,0,0,0,594,0,0
12731600611,0,0,0,0,0,0,238,0,0,12731677611,0,0,0,0,0,0,601,0,0
12732720611,0,0,0,0,0,0,6913,0,0,12732797611,0,0,0,0,0,0,-1987,0,0
12733840611,0,0,0,0,0,0,6878,0,0,12733917611,0,0,0,0,0,0,-1976,0,0
12734960611,0,0,0,0,0,0,6938,0,0,12735037611,0,0,0,0,0,0,-2006,0,0
12736080611,0,0,0,0,0,0,6913,0,0,12736157611,0,0,0,0,0,0,-1977,0,0
12737200611,0,0,0,0,0,0,6922,0,0,12737277611,0,0,0,0,0,0,-1989,0,0
12738320611,0,0,0,0,0,0,6882,0,0,12738397611,0,0,0,0,0,0,-2001,0,0
12739440611,0,0,0,0,0,0,6885,0,0,12739517611,0,0,0,0,0,0,-1939,0,0
12740560611,0,0,0,0,0,0,6956,0,0,12740637611,0,0,0,0,0,0,-1948,0,0
12741680611,0,0,0,0,0,0,233,0,0,12741757611,0,0,0,0,0,0,622,0,0
12742800611,0,0,0,0,0,0,203,0,0,12742877611,0,0,0,0,0,0,605,0,0
12743920611,0,0,0,0,0,0,229,0,0,12743997611,0,0,0,0,0,0,590,0,0
12745040611,0,0,0,0,0,0,210,0,0,12745117611,0,0,0,0,0,0,610,0,0
12746160611,0,0,0,0,0,0,272,0,0,12746237611,0,0,0,0,0,0,633,0,0
12747280611,0,0,0,0,0,0,207,0,0,12747357611,0,0,0,0,0,0,607,0,0
12748400611,0,0,0,0,0,0,247,0,0,12748477611,0,0,0,0,0,0,641,0,0
12749520611,0,0,0,0,0,0,220,0,0,12749597611,0,0,0,0,0,0,565,0,0
12750640611,0,0,0,0,0,0,6902,0,0,12750717611,0,0,0,0,0,0,-1983,0,0
12751760611,0,0,0,0,0,0,6861,0,0,12751837611,0,0,0,0,0,0,-1976,0,0
12752880611,0,0,0,0,0,0,6886,0,0,12752957611,0,0,0,0,0,0,-1995,0,0
12754000611,0,0,0,0,0,0,6927,0,0,12754077611,0,0,0,0,0,0,-1973,0,0
12755120611,0,0,0,0,0,0,6926,0,0,12755197611,0,0,0,0,0,0,-1998,0,0
12756240611,0,0,0,0,0,0,6902,0,0,12756317611,0,0,0,0,0,0,-1953,0,0
12757360611,0,0,0,0,0,0,6875,0,0,12757437611,0,0,0,0,0,0,-1968,0,0
12758480611,0,0,0,0,0,0,6869,0,0,12758557611,0,0,0,0,0,0,-1989,0,0
12759600611,0,0,0,0,0,0,218,0,0,12759677611,0,0,0,0,0,0,639,0,0
12760720611,0,0,0,0,0,0,287,0,0,12760797611,0,0,0,0,0,0,614,0,0
12761840611,0,0,0,0,0,0,251,0,0,12761917611,0,0,0,0,0,0,621,0,0
12762960611,0,0,0,0,0,0,253,0,0,12763037611,0,0,0,0,0,0,580,0,0
12764080611,0,0,0,0,0,0,277,0,0,12764157611,0,0,0,0,0,0,623,0,0
12765200611,0,0,0,0,0,0,214,0,0,12765277611,0,0,0,0,0,0,599,0,0
12766320611,0,0,0,0,0,0,211,0,0,12766397611,0,0,0,0,0,0,625,0,0
12767440611,0,0,0,0,0,0,242,0,0,12767517611,0,0,0,0,0,0,610,0,0
12768560611,0,0,0,0,0,0,6908,0,0,12768637611,0,0,0,0,0,0,-1972,0,0
12769680611,0,0,0,0,0,0,6897,0,0,12769757611,0,0,0,0,0,0,-1983,0,0
12770800611,0,0,0,0,0,0,6902,0,0,12770877611,0,0,0,0,0,0,-1984,0,0
12771920611,0,0,0,0,0,0,6878,0,0,12771997611,0,0,0,0,0,0,-1990,0,0
12773040611,0,0,0,0,0,0,6895,0,0,12773117611,0,0,0,0,0,0,-1957,0,0
12774160611,0,0,0,0,0,0,6891,0,0,12774237611,0,0,0,0,0,0,-2000,0,0
12775280611,0,0,0,0,0,0,6893,0,0,12775357611,0,0,0,0,0,0,-1954,0,0
12776400611,0,0,0,0,0,0,6889,0,0,12776477611,0,0,0,0,0,0,-1988,0,0
12777520611,0,0,0,0,0,0,242,0,0,12777597611,0,0,0,0,0,0,630,0,0
12778640611,0,0,0,0,0,0,280,0,0,12778717611,0,0,0,0,0,0,639,0,0
12779760611,0,0,0,0,0,0,210,0,0,12779837611,0,0,0,0,0,0,592,0,0
12780880611,0,0,0,0,0,0,279,0,0,12780957611,0,0,0,0,0,0,632,0,0
12782000611,0,0,0,0,0,0,283,0,0,12782077611,0,0,0,0,0,0,575,0,0
12783120611,0,0,0,0,0,0,242,0,0,12783197611,0,0,0,0,0,0,574,0,0
12784240611,0,0,0,0,0,0,205,0,0,12784317611,0,0,0,0,0,0,635,0,0
12785360611,0,0,0,0,0,0,301,0,0,12785437611,0,0,0,0,0,0,559,0,0
12786480611,0,0,0,0,0,0,6865,0,0,12786557611,0,0,0,0,0,0,-1965,0,0
12787600611,0,0,0,0,0,0,6903,0,0,12787677611,0,0,0,0,0,0,-2011,0,0
12788720611,0,0,0,0,0,0,6846,0,0,12788797611,0,0,0,0,0,0,-1979,0,0
12789840611,0,0,0,0,0,0,6873,0,0,12789917611,0,0,0,0,0,0,-2017,0,0
12790960611,0,0,0,0,0,0,6841,0,0,12791037611,0,0,0,0,0,0,-1994,0,0
12792080611,0,0,0,0,0,0,6893,0,0,12792157611,0,0,0,0,0,0,-1987,0,0
12793200611,0,0,0,0,0,0,6867,0,0,12793277611,0,0,0,0,0,0,-1977,0,0
12794320611,0,0,0,0,0,0,6930,0,0,12794397611,0,0,0,0,0,0,-2006,0,0
12795440611,0,0,0,0,0,0,239,0,0,12795517611,0,0,0,0,0,0,614,0,0
12796560611,0,0,0,0,0,0,240,0,0,12796637611,0,0,0,0,0,0,595,0,0
12797680611,0,0,0,0,0,0,232,0,0,12797757611,0,0,0,0,0,0,599,0,0
12798800611,0,0,0,0,0,0,220,0,0,12798877611,0,0,0,0,0,0,581,0,0
12799920611,0,0,0,0,0,0,247,0,0,12799997611,0,0,0,0,0,0,646,0,0
12801040611,0,0,0,0,0,0,252,0,0,12801117611,0,0,0,0,0,0,583,0,0
12802160611,0,0,0,0,0,0,245,0,0,12802237611,0,0,0,0,0,0,625,0,0
12803280611,0,0,0,0,0,0,258,0,0,12803357611,0,0,0,0,0,0,636,0,0
12804400611,0,0,0,0,0,0,6824,0,0,12804477611,0,0,0,0,0,0,-2000,0,0
12805520611,0,0,0,0,0,0,6854,0,0,12805597611,0,0,0,0,0,0,-1999,0,0
12806640611,0,0,0,0,0,0,6917,0,0,12806717611,0,0,0,0,0,0,-2037,0,0
12807760611,0,0,0,0,0,0,6861,0,0,12807837611,0,0,0,0,0,0,-1992,0,0
12808880611,0,0,0,0,0,0,6897,0,0,12808957611,0,0,0,0,0,0,-1988,0,0
12810000611,0,0,0,0,0,0,6903,0,0,12810077611,0,0,0,0,0,0,-1964,0,0
12811120611,0,0,0,0,0,0,6900,0,0,12811197611,0,0,0,0,0,0,-2000,0,0
12812240611,0,0,0,0,0,0,6888,0,0,12812317611,0,0,0,0,0,0,-1973,0,0
12813360611,0,0,0,0,0,0,247,0,0,12813437611,0,0,0,0,0,0,601,0,0
12814480611,0,0,0,0,0,0,214,0,0,12814557611,0,0,0,0,0,0,585,0,0
12815600611,0,0,0,0,0,0,250,0,0,12815677611,0,0,0,0,0,0,609,0,0
12816720611,0,0,0,0,0,0,242,0,0,12816797611,0,0,0,0,0,0,594,0,0
12817840611,0,0,0,0,0,0,273,0,0,12817917611,0,0,0,0,0,0,628,0,0
12818960611,0,0,0,0,0,0,226,0,0,12819037611,0,0,0,0,0,0,545,0,0
12820080611,0,0,0,0,0,0,257,0,0,12820157611,0,0,0,0,0,0,570,0,0
12821200611,0,0,0,0,0,0,234,0,0,12821277611,0,0,0,0,0,0,607,0,0
12822320611,0,0,0,0,0,0,6807,0,0,12822397611,0,0,0,0,0,0,-1985,0,0
12823440611,0,0,0,0,0,0,6917,0,0,12823517611,0,0,0,0,0,0,-1939,0,0
12824560611,0,0,0,0,0,0,6940,0,0,12824637611,0,0,0,0,0,0,-1959,0,0
12825680611,0,0,0,0,0,0,6916,0,0,12825757611,0,0,0,0,0,0,-2003,0,0
12826800611,0,0,0,0,0,0,6874,0,0,12826877611,0,0,0,0,0,0,-1962,0,0
12827920611,0,0,0,0,0,0,6865,0,0,12827997611,0,0,0,0,0,0,-1977,0,0
12829040611,0,0,0,0,0,0,6907,0,0,12829117611,0,0,0,0,0,0,-1981,0,0
12830160611,0,0,0,0,0,0,6902,0,0,12830237611,0,0,0,0,0,0,-2006,0,0
12831280611,0,0,0,0,0,0,286,0,0,12831357611,0,0,0,0,0,0,624,0,0
12832400611,0,0,0,0,0,0,232,0,0,12832477611,0,0,0,0,0,0,594,0,0
12833520611,0,0,0,0,0,0,261,0,0,12833597611,0,0,0,0,0,0,605,0,0
12834640611,0,0,0,0,0,0,232,0,0,12834717611,0,0,0,0,0,0,582,0,0
12835760611,0,0,0,0,0,0,234,0,0,12835837611,0,0,0,0,0,0,638,0,0
12836880611,0,0,0,0,0,0,226,0,0,12836957611,0,0,0,0,0,0,560,0,0
12838000611,0,0,0,0,0,0,235,0,0,12838077611,0,0,0,0,0,0,636,0,0
12839120611,0,0,0,0,0,0,292,0,0,12839197611,0,0,0,0,0,0,611,0,0
12840240611,0,0,0,0,0,0,6716,0,0,12840317611,0,0,0,0,0,0,-1933,0,0
12841360611,0,0,0,0,0,0,6943,0,0,12841437611,0,0,0,0,0,0,-1987,0,0
12842480611,0,0,0,0,0,0,6908,0,0,12842557611,0,0,0,0,0,0,-2021,0,0
12843600611,0,0,0,0,0,0,6887,0,0,12843677611,0,0,0,0,0,0,-1989,0,0
12844720611,0,0,0,0,0,0,6904,0,0,12844797611,0,0,0,0,0,0,-1969,0,0
12845840611,0,0,0,0,0,0,6943,0,0,12845917611,0,0,0,0,0,0,-1962,0,0
12846960611,0,0,0,0,0,0,6867,0,0,12847037611,0,0,0,0,0,0,-1952,0,0
12848080611,0,0,0,0,0,0,6897,0,0,12848157611,0,0,0,0,0,0,-1990,0,0
12849200611,0,0,0,0,0,0,269,0,0,12849277611,0,0,0,0,0,0,613,0,0
12850320611,0,0,0,0,0,0,244,0,0,12850397611,0,0,0,0,0,0,601,0,0
12851440611,0,0,0,0,0,0,235,0,0,12851517611,0,0,0,0,0,0,619,0,0
12852560611,0,0,0,0,0,0,290,0,0,12852637611,0,0,0,0,0,0,649,0,0
12853680611,0,0,0,0,0,0,249,0,0,12853757611,0,0,0,0,0,0,618,0,0
12854800611,0,0,0,0,0,0,246,0,0,12854877611,0,0,0,0,0,0,629,0,0
12855920611,0,0,0,0,0,0,282,0,0,12855997611,0,0,0,0,0,0,612,0,0
12857040611,0,0,0,0,0,0,236,0,0,12857117611,0,0,0,0,0,0,603,0,0
12858160611,0,0,0,0,0,0,6579,0,0,12858237611,0,0,0,0,0,0,-1954,0,0
12859280611,0,0,0,0,0,0,6915,0,0,12859357611,0,0,0,0,0,0,-2003,0,0
12860400611,0,0,0,0,0,0,6925,0,0,12860477611,0,0,0,0,0,0,-1986,0,0
12861520611,0,0,0,0,0,0,6898,0,0,12861597611,0,0,0,0,0,0,-2020,0,0
12862640611,0,0,0,0,0,0,6919,0,0,12862717611,0,0,0,0,0,0,-1973,0,0
12863760611,0,0,0,0,0,0,6861,0,0,12863837611,0,0,0,0,0,0,-2003,0,0
12864880611,0,0,0,0,0,0,6888,0,0,12864957611,0,0,0,0,0,0,-2021,0,0
12866000611,0,0,0,0,0,0,6861,0,0,12866077611,0,0,0,0,0,0,-2004,0,0
12867120611,0,0,0,0,0,0,339,0,0,12867197611,0,0,0,0,0,0,659,0,0
12868240611,0,0,0,0,0,0,252,0,0,12868317611,0,0,0,0,0,0,614,0,0
12869360611,0,0,0,0,0,0,267,0,0,12869437611,0,0,0,0,0,0,621,0,0
12870480611,0,0,0,0,0,0,197,0,0,12870557611,0,0,0,0,0,0,610,0,0
12871600611,0,0,0,0,0,0,265,0,0,12871677611,0,0,0,0,0,0,578,0,0
12872720611,0,0,0,0,0,0,241,0,0,12872797611,0,0,0,0,0,0,628,0,0
12873840611,0,0,0,0,0,0,286,0,0,12873917611,0,0,0,0,0,0,628,0,0
12874960611,0,0,0,0,0,0,212,0,0,12875037611,0,0,0,0,0,0,584,0,0
12876080611,0,0,0,0,0,0,6229,0,0,12876157611,0,0,0,0,0,0,-1976,0,0
12877200611,0,0,0,0,0,0,6925,0,0,12877277611,0,0,0,0,0,0,-2000,0,0
12878320611,0,0,0,0,0,0,6842,0,0,12878397611,0,0,0,0,0,0,-1952,0,0
12879440611,0,0,0,0,0,0,6885,0,0,12879517611,0,0,0,0,0,0,-1960,0,0
12880560611,0,0,0,0,0,0,6891,0,0,12880637611,0,0,0,0,0,0,-1991,0,0
12881680611,0,0,0,0,0,0,6847,0,0,12881757611,0,0,0,0,0,0,-1930,0,0
12882800611,0,0,0,0,0,0,6934,0,0,12882877611,0,0,0,0,0,0,-1969,0,0
12883920611,0,0,0,0,0,0,6880,0,0,12883997611,0,0,0,0,0,0,-1995,0,0
12885040611,0,0,0,0,0,0,402,0,0,12885117611,0,0,0,0,0,0,624,0,0
12886160611,0,0,0,0,0,0,213,0,0,12886237611,0,0,0,0,0,0,658,0,0
12887280611,0,0,0,0,0,0,247,0,0,12887357611,0,0,0,0,0,0,632,0,0
12888400611,0,0,0,0,0,0,266,0,0,12888477611,0,0,0,0,0,0,574,0,0
12889520611,0,0,0,0,0,0,262,0,0,12889597611,0,0,0,0,0,0,599,0,0
12890640611,0,0,0,0,0,0,262,0,0,12890717611,0,0,0,0,0,0,636,0,0
12891760611,0,0,0,0,0,0,224,0,0,12891837611,0,0,0,0,0,0,628,0,0
12892880611,0,0,0,0,0,0,229,0,0,12892957611,0,0,0,0,0,0,599,0,0
12894000611,0,0,0,0,0,0,5549,0,0,12894077611,0,0,0,0,0,0,-1927,0,0
12895120611,0,0,0,0,0,0,6908,0,0,12895197611,0,0,0,0,0,0,-1953,0,0
12896240611,0,0,0,0,0,0,6928,0,0,12896317611,0,0,0,0,0,0,-1933,0,0
12897360611,0,0,0,0,0,0,6864,0,0,12897437611,0,0,0,0,0,0,-1938,0,0
12898480611,0,0,0,0,0,0,6887,0,0,12898557611,0,0,0,0,0,0,-2056,0,0
12899600611,0,0,0,0,0,0,6906,0,0,12899677611,0,0,0,0,0,0,-2012,0,0
12900720611,0,0,0,0,0,0,6892,0,0,12900797611,0,0,0,0,0,0,-1955,0,0
12901840611,0,0,0,0,0,0,6914,0,0,12901917611,0,0,0,0,0,0,-1928,0,0
12902960611,0,0,0,0,0,0,1108,0,0,12903037611,0,0,0,0,0,0,598,0,0
12904080611,0,0,0,0,0,0,236,0,0,12904157611,0,0,0,0,0,0,618,0,0
12905200611,0,0,0,0,0,0,225,0,0,12905277611,0,0,0,0,0,0,621,0,0
12906320611,0,0,0,0,0,0,253,0,0,12906397611,0,0,0,0,0,0,609,0,0
12907440611,0,0,0,0,0,0,223,0,0,12907517611,0,0,0,0,0,0,611,0,0
12908560611,0,0,0,0,0,0,260,0,0,12908637611,0,0,0,0,0,0,591,0,0
12909680611,0,0,0,0,0,0,231,0,0,12909757611,0,0,0,0,0,0,644,0,0
12910800611,0,0,0,0,0,0,208,0,0,12910877611,0,0,0,0,0,0,553,0,0
12911920611,0,0,0,0,0,0,4132,0,0,12911997611,0,0,0,0,0,0,-1805,0,0
12913040611,0,0,0,0,0,0,6947,0,0,12913117611,0,0,0,0,0,0,-2003,0,0
12914160611,0,0,0,0,0,0,6914,0,0,12914237611,0,0,0,0,0,0,-2013,0,0
12915280611,0,0,0,0,0,0,6860,0,0,12915357611,0,0,0,0,0,0,-1939,0,0
12916400611,0,0,0,0,0,0,6879,0,0,12916477611,0,0,0,0,0,0,-1985,0,0
12917520611,0,0,0,0,0,0,6890,0,0,12917597611,0,0,0,0,0,0,-1915,0,0
12918640611,0,0,0,0,0,0,6886,0,0,12918717611,0,0,0,0,0,0,-2006,0,0
12919760611,0,0,0,0,0,0,6889,0,0,12919837611,0,0,0,0,0,0,-1989,0,0
12920880611,0,0,0,0,0,0,3795,0,0,12920957611,0,0,0,0,0,0,558,0,0
12922000611,0,0,0,0,0,0,203,0,0,12922077611,0,0,0,0,0,0,645,0,0
12923120611,0,0,0,0,0,0,201,0,0,12923197611,0,0,0,0,0,0,611,0,0
12924240611,0,0,0,0,0,0,297,0,0,12924317611,0,0,0,0,0,0,576,0,0
12925360611,0,0,0,0,0,0,233,0,0,12925437611,0,0,0,0,0,0,589,0,0
12926480611,0,0,0,0,0,0,234,0,0,12926557611,0,0,0,0,0,0,624,0,0
12927600611,0,0,0,0,0,0,222,0,0,12927677611,0,0,0,0,0,0,599,0,0
12928720611,0,0,0,0,0,0,248,0,0,12928797611,0,0,0,0,0,0,603,0,0
12929840611,0,0,0,0,0,0,842,0,0,12929917611,0,0,0,0,0,0,-1631,0,0
12930960611,0,0,0,0,0,0,6901,0,0,12931037611,0,0,0,0,0,0,-1964,0,0
12932080611,0,0,0,0,0,0,6911,0,0,12932157611,0,0,0,0,0,0,-1993,0,0
12933200611,0,0,0,0,0,0,6901,0,0,12933277611,0,0,0,0,0,0,-1996,0,0
12934320611,0,0,0,0,0,0,6925,0,0,12934397611,0,0,0,0,0,0,-2007,0,0
12935440611,0,0,0,0,0,0,6906,0,0,12935517611,0,0,0,0,0,0,-1997,0,0
12936560611,0,0,0,0,0,0,6900,0,0,12936637611,0,0,0,0,0,0,-1979,0,0
12937680611,0,0,0,0,0,0,6934,0,0,12937757611,0,0,0,0,0,0,-2022,0,0
12938800611,0,0,0,0,0,0,6883,0,0,12938877611,0,0,0,0,0,0,454,0,0
12939920611,0,0,0,0,0,0,249,0,0,12939997611,0,0,0,0,0,0,627,0,0
12941040611,0,0,0,0,0,0,220,0,0,12941117611,0,0,0,0,0,0,598,0,0
12942160611,0,0,0,0,0,0,223,0,0,12942237611,0,0,0,0,0,0,610,0,0
12943280611,0,0,0,0,0,0,216,0,0,12943357611,0,0,0,0,0,0,622,0,0
12944400611,0,0,0,0,0,0,234,0,0,12944477611,0,0,0,0,0,0,586,0,0
12945520611,0,0,0,0,0,0,263,0,0,12945597611,0,0,0,0,0,0,652,0,0
12946640611,0,0,0,0,0,0,267,0,0,12946717611,0,0,0,0,0,0,602,0,0
12947760611,0,0,0,0,0,0,240,0,0,12947837611,0,0,0,0,0,0,607,0,0
12948880611,0,0,0,0,0,0,262,0,0,12948957611,0,0,0,0,0,0,575,0,0
12950000611,0,0,0,0,0,0,230,0,0,12950077611,0,0,0,0,0,0,629,0,0
12951120611,0,0,0,0,0,0,234,0,0,12951197611,0,0,0,0,0,0,612,0,0
12952240611,0,0,0,0,0,0,189,0,0,12952317611,0,0,0,0,0,0,587,0,0
12953360611,0,0,0,0,0,0,239,0,0,12953437611,0,0,0,0,0,0,560,0,0
12954480611,0,0,0,0,0,0,259,0,0,12954557611,0,0,0,0,0,0,599,0,0
12955600611,0,0,0,0,0,0,199,0,0,12955677611,0,0,0,0,0,0,628,0,0
12956720611,0,0,0,0,0,0,215,0,0,12956797611,0,0,0,0,0,0,660,0,0
12957840611,0,0,0,0,0,0,244,0,0,12957917611,0,0,0,0,0,0,620,0,0
12958960611,0,0,0,0,0,0,233,0,0,12959037611,0,0,0,0,0,0,634,0,0
12960080611,0,0,0,0,0,0,209,0,0,12960157611,0,0,0,0,0,0,588,0,0
12961200611,0,0,0,0,0,0,201,0,0,12961277611,0,0,0,0,0,0,576,0,0
12962320611,0,0,0,0,0,0,230,0,0,12962397611,0,0,0,0,0,0,598,0,0
12963440611,0,0,0,0,0,0,197,0,0,12963517611,0,0,0,0,0,0,588,0,0
12964560611,0,0,0,0,0,0,205,0,0,12964637611,0,0,0,0,0,0,595,0,0
12965680611,0,0,0,0,0,0,238,0,0,12965757611,0,0,0,0,0,0,642,0,0
12966800611,0,0,0,0,0,0,277,0,0,12966877611,0,0,0,0,0,0,611,0,0
12967920611,0,0,0,0,0,0,217,0,0,12967997611,0,0,0,0,0,0,605,0,0
12969040611,0,0,0,0,0,0,239,0,0,12969117611,0,0,0,0,0,0,624,0,0
12970160611,0,0,0,0,0,0,263,0,0,12970237611,0,0,0,0,0,0,597,0,0
12971280611,0,0,0,0,0,0,199,0,0,12971357611,0,0,0,0,0,0,669,0,0
12972400611,0,0,0,0,0,0,220,0,0,12972477611,0,0,0,0,0,0,610,0,0
12973520611,0,0,0,0,0,0,250,0,0,12973597611,0,0,0,0,0,0,604,0,0
12974640611,0,0,0,0,0,0,233,0,0,12974717611,0,0,0,0,0,0,599,0,0
12975760611,0,0,0,0,0,0,245,0,0,12975837611,0,0,0,0,0,0,655,0,0
12976880611,0,0,0,0,0,0,208,0,0,12976957611,0,0,0,0,0,0,571,0,0
12978000611,0,0,0,0,0,0,231,0,0,12978077611,0,0,0,0,0,0,604,0,0
12979120611,0,0,0,0,0,0,242,0,0,12979197611,0,0,0,0,0,0,579,0,0
12980240611,0,0,0,0,0,0,255,0,0,12980317611,0,0,0,0,0,0,634,0,0
12981360611,0,0,0,0,0,0,250,0,0,12981437611,0,0,0,0,0,0,616,0,0
12982480611,0,0,0,0,0,0,202,0,0,12982557611,0,0,0,0,0,0,578,0,0
12983600611,0,0,0,0,0,0,235,0,0,12983677611,0,0,0,0,0,0,551,0,0
12984720611,0,0,0,0,0,0,258,0,0,12984797611,0,0,0,0,0,0,599,0,0
12985840611,0,0,0,0,0,0,289,0,0,12985917611,0,0,0,0,0,0,630,0,0
12986960611,0,0,0,0,0,0,216,0,0,12987037611,0,0,0,0,0,0,589,0,0
12988080611,0,0,0,0,0,0,231,0,0,12988157611,0,0,0,0,0,0,603,0,0
12989200611,0,0,0,0,0,0,219,0,0,12989277611,0,0,0,0,0,0,627,0,0
12990320611,0,0,0,0,0,0,284,0,0,12990397611,0,0,0,0,0,0,586,0,0
12991440611,0,0,0,0,0,0,268,0,0,12991517611,0,0,0,0,0,0,645,0,0
12992560611,0,0,0,0,0,0,254,0,0,12992637611,0,0,0,0,0,0,612,0,0
12993680611,0,0,0,0,0,0,225,0,0,12993757611,0,0,0,0,0,0,607,0,0
12994800611,0,0,0,0,0,0,230,0,0,12994877611,0,0,0,0,0,0,599,0,0
12995920611,0,0,0,0,0,0,255,0,0,12995997611,0,0,0,0,0,0,622,0,0
12997040611,0,0,0,0,0,0,223,0,0,12997117611,0,0,0,0,0,0,580,0,0
12998160611,0,0,0,0,0,0,249,0,0,12998237611,0,0,0,0,0,0,572,0,0
12999280611,0,0,0,0,0,0,248,0,0,12999357611,0,0,0,0,0,0,616,0,0
13000400611,0,0,0,0,0,0,210,0,0,13000477611,0,0,0,0,0,0,583,0,0
13001520611,0,0,0,0,0,0,249,0,0,13001597611,0,0,0,0,0,0,642,0,0
13002640611,0,0,0,0,0,0,263,0,0,13002717611,0,0,0,0,0,0,581,0,0
13003760611,0,0,0,0,0,0,250,0,0,13003837611,0,0,0,0,0,0,623,0,0
13004880611,0,0,0,0,0,0,277,0,0,13004957611,0,0,0,0,0,0,567,0,0
13006000611,0,0,0,0,0,0,237,0,0,13006077611,0,0,0,0,0,0,568,0,0
13007120611,0,0,0,0,0,0,237,0,0,13007197611,0,0,0,0,0,0,606,0,0
13008240611,0,0,0,0,0,0,254,0,0,13008317611,0,0,0,0,0,0,636,0,0
13009360611,0,0,0,0,0,0,263,0,0,13009437611,0,0,0,0,0,0,616,0,0
13010480611,0,0,0,0,0,0,252,0,0,13010557611,0,0,0,0,0,0,643,0,0
13011600611,0,0,0,0,0,0,251,0,0,13011677611,0,0,0,0,0,0,636,0,0
13012720611,0,0,0,0,0,0,222,0,0,13012797611,0,0,0,0,0,0,625,0,0
13013840611,0,0,0,0,0,0,223,0,0,13013917611,0,0,0,0,0,0,618,0,0
13014960611,0,0,0,0,0,0,206,0,0,13015037611,0,0,0,0,0,0,611,0,0
13016080611,0,0,0,0,0,0,179,0,0,13016157611,0,0,0,0,0,0,592,0,0
13017200611,0,0,0,0,0,0,225,0,0,13017277611,0,0,0,0,0,0,593,0,0
13018320611,0,0,0,0,0,0,245,0,0,13018397611,0,0,0,0,0,0,567,0,0
13019440611,0,0,0,0,0,0,264,0,0,13019517611,0,0,0,0,0,0,630,0,0
13020560611,0,0,0,0,0,0,237,0,0,13020637611,0,0,0,0,0,0,610,0,0
13021680611,0,0,0,0,0,0,231,0,0,13021757611,0,0,0,0,0,0,590,0,0
13022800611,0,0,0,0,0,0,210,0,0,13022877611,0,0,0,0,0,0,592,0,0
13023920611,0,0,0,0,0,0,223,0,0,13023997611,0,0,0,0,0,0,634,0,0
13025040611,0,0,0,0,0,0,248,0,0,13025117611,0,0,0,0,0,0,572,0,0
13026160611,0,0,0,0,0,0,271,0,0,13026237611,0,0,0,0,0,0,612,0,0
13027280611,0,0,0,0,0,0,254,0,0,13027357611,0,0,0,0,0,0,570,0,0
13028400611,0,0,0,0,0,0,227,0,0,13028477611,0,0,0,0,0,0,586,0,0
13029520611,0,0,0,0,0,0,265,0,0,13029597611,0,0,0,0,0,0,612,0,0
13030640611,0,0,0,0,0,0,247,0,0,13030717611,0,0,0,0,0,0,583,0,0
13031760611,0,0,0,0,0,0,231,0,0,13031837611,0,0,0,0,0,0,660,0,0
13032880611,0,0,0,0,0,0,210,0,0,13032957611,0,0,0,0,0,0,634,0,0
13034000611,0,0,0,0,0,0,234,0,0,13034077611,0,0,0,0,0,0,606,0,0
13035120611,0,0,0,0,0,0,257,0,0,13035197611,0,0,0,0,0,0,605,0,0
13036240611,0,0,0,0,0,0,250,0,0,13036317611,0,0,0,0,0,0,568,0,0
13037360611,0,0,0,0,0,0,228,0,0,13037437611,0,0,0,0,0,0,615,0,0
13038480611,0,0,0,0,0,0,172,0,0,13038557611,0,0,0,0,0,0,590,0,0
13039600611,0,0,0,0,0,0,241,0,0,13039677611,0,0,0,0,0,0,573,0,0
13040720611,0,0,0,0,0,0,215,0,0,13040797611,0,0,0,0,0,0,619,0,0
13041840611,0,0,0,0,0,0,262,0,0,13041917611,0,0,0,0,0,0,617,0,0
13042960611,0,0,0,0,0,0,271,0,0,13043037611,0,0,0,0,0,0,617,0,0
13044080611,0,0,0,0,0,0,217,0,0,13044157611,0,0,0,0,0,0,604,0,0
13045200611,0,0,0,0,0,0,230,0,0,13045277611,0,0,0,0,0,0,567,0,0
13046320611,0,0,0,0,0,0,190,0,0,13046397611,0,0,0,0,0,0,608,0,0
13047440611,0,0,0,0,0,0,264,0,0,13047517611,0,0,0,0,0,0,628,0,0
13048560611,0,0,0,0,0,0,259,0,0,13048637611,0,0,0,0,0,0,627,0,0
13049680611,0,0,0,0,0,0,236,0,0,13049757611,0,0,0,0,0,0,590,0,0
13050800611,0,0,0,0,0,0,283,0,0,13050877611,0,0,0,0,0,0,623,0,0
13051920611,0,0,0,0,0,0,248,0,0,13051997611,0,0,0,0,0,0,589,0,0
13053040611,0,0,0,0,0,0,248,0,0,13053117611,0,0,0,0,0,0,611,0,0
13054160611,0,0,0,0,0,0,248,0,0,13054237611,0,0,0,0,0,0,617,0,0
13055280611,0,0,0,0,0,0,244,0,0,13055357611,0,0,0,0,0,0,630,0,0
13056400611,0,0,0,0,0,0,223,0,0,13056477611,0,0,0,0,0,0,611,0,0
13057520611,0,0,0,0,0,0,204,0,0,13057597611,0,0,0,0,0,0,652,0,0
13058640611,0,0,0,0,0,0,220,0,0,13058717611,0,0,0,0,0,0,609,0,0
13059760611,0,0,0,0,0,0,234,0,0,13059837611,0,0,0,0,0,0,680,0,0
13060880611,0,0,0,0,0,0,3099,0,0,13060957611,0,0,0,0,0,0,-1783,0,0
13062000611,0,0,0,0,0,0,6896,0,0,13062077611,0,0,0,0,0,0,-2000,0,0
13063120611,0,0,0,0,0,0,6973,0,0,13063197611,0,0,0,0,0,0,-1990,0,0
13064240611,0,0,0,0,0,0,6888,0,0,13064317611,0,0,0,0,0,0,-1992,0,0
13065360611,0,0,0,0,0,0,6897,0,0,13065437611,0,0,0,0,0,0,-1983,0,0
13066480611,0,0,0,0,0,0,6901,0,0,13066557611,0,0,0,0,0,0,-2051,0,0
13067600611,0,0,0,0,0,0,6920,0,0,13067677611,0,0,0,0,0,0,-1994,0,0
13068720611,0,0,0,0,0,0,6916,0,0,13068797611,0,0,0,0,0,0,-1980,0,0
13069840611,0,0,0,0,0,0,3480,0,0,13069917611,0,0,0,0,0,0,592,0,0
13070960611,0,0,0,0,0,0,238,0,0,13071037611,0,0,0,0,0,0,585,0,0
13072080611,0,0,0,0,0,0,224,0,0,13072157611,0,0,0,0,0,0,655,0,0
13073200611,0,0,0,0,0,0,242,0,0,13073277611,0,0,0,0,0,0,587,0,0
13074320611,0,0,0,0,0,0,266,0,0,13074397611,0,0,0,0,0,0,568,0,0
13075440611,0,0,0,0,0,0,219,0,0,13075517611,0,0,0,0,0,0,615,0,0
13076560611,0,0,0,0,0,0,259,0,0,13076637611,0,0,0,0,0,0,631,0,0
13077680611,0,0,0,0,0,0,225,0,0,13077757611,0,0,0,0,0,0,600,0,0
13078800611,0,0,0,0,0,0,1244,0,0,13078877611,0,0,0,0,0,0,-1688,0,0
13079920611,0,0,0,0,0,0,6931,0,0,13079997611,0,0,0,0,0,0,-1990,0,0
13081040611,0,0,0,0,0,0,6909,0,0,13081117611,0,0,0,0,0,0,-1998,0,0
13082160611,0,0,0,0,0,0,6902,0,0,13082237611,0,0,0,0,0,0,-1982,0,0
13083280611,0,0,0,0,0,0,6924,0,0,13083357611,0,0,0,0,0,0,-1991,0,0
13084400611,0,0,0,0,0,0,6937,0,0,13084477611,0,0,0,0,0,0,-1963,0,0
13085520611,0,0,0,0,0,0,6882,0,0,13085597611,0,0,0,0,0,0,-1959,0,0
13086640611,0,0,0,0,0,0,6897,0,0,13086717611,0,0,0,0,0,0,-2019,0,0
13087760611,0,0,0,0,0,0,6885,0,0,13087837611,0,0,0,0,0,0,478,0,0
13088880611,0,0,0,0,0,0,261,0,0,13088957611,0,0,0,0,0,0,642,0,0
13090000611,0,0,0,0,0,0,207,0,0,13090077611,0,0,0,0,0,0,623,0,0
13091120611,0,0,0,0,0,0,199,0,0,13091197611,0,0,0,0,0,0,569,0,0
13092240611,0,0,0,0,0,0,230,0,0,13092317611,0,0,0,0,0,0,578,0,0
13093360611,0,0,0,0,0,0,273,0,0,13093437611,0,0,0,0,0,0,610,0,0
13094480611,0,0,0,0,0,0,277,0,0,13094557611,0,0,0,0,0,0,608,0,0
13095600611,0,0,0,0,0,0,255,0,0,13095677611,0,0,0,0,0,0,565,0,0
13096720611,0,0,0,0,0,0,245,0,0,13096797611,0,0,0,0,0,0,-1386,0,0
13097840611,0,0,0,0,0,0,6912,0,0,13097917611,0,0,0,0,0,0,-1992,0,0
13098960611,0,0,0,0,0,0,6910,0,0,13099037611,0,0,0,0,0,0,-2028,0,0
13100080611,0,0,0,0,0,0,6903,0,0,13100157611,0,0,0,0,0,0,-2012,0,0
13101200611,0,0,0,0,0,0,6927,0,0,13101277611,0,0,0,0,0,0,-1965,0,0
13102320611,0,0,0,0,0,0,6916,0,0,13102397611,0,0,0,0,0,0,-1979,0,0
13103440611,0,0,0,0,0,0,6881,0,0,13103517611,0,0,0,0,0,0,-1996,0,0
13104560611,0,0,0,0,0,0,6908,0,0,13104637611,0,0,0,0,0,0,-2057,0,0
13105680611,0,0,0,0,0,0,6839,0,0,13105757611,0,0,0,0,0,0,47,0,0
13106800611,0,0,0,0,0,0,256,0,0,13106877611,0,0,0,0,0,0,613,0,0
13107920611,0,0,0,0,0,0,242,0,0,13107997611,0,0,0,0,0,0,636,0,0
13109040611,0,0,0,0,0,0,259,0,0,13109117611,0,0,0,0,0,0,600,0,0
13110160611,0,0,0,0,0,0,269,0,0,13110237611,0,0,0,0,0,0,584,0,0
13111280611,0,0,0,0,0,0,238,0,0,13111357611,0,0,0,0,0,0,615,0,0
13112400611,0,0,0,0,0,0,240,0,0,13112477611,0,0,0,0,0,0,590,0,0
13113520611,0,0,0,0,0,0,220,0,0,13113597611,0,0,0,0,0,0,580,0,0
13114640611,0,0,0,0,0,0,258,0,0,13114717611,0,0,0,0,0,0,-617,0,0
13115760611,0,0,0,0,0,0,6881,0,0,13115837611,0,0,0,0,0,0,-1989,0,0
13116880611,0,0,0,0,0,0,6893,0,0,13116957611,0,0,0,0,0,0,-1952,0,0
13118000611,0,0,0,0,0,0,6900,0,0,13118077611,0,0,0,0,0,0,-2031,0,0
13119120611,0,0,0,0,0,0,6912,0,0,13119197611,0,0,0,0,0,0,-1991,0,0
13120240611,0,0,0,0,0,0,6878,0,0,13120317611,0,0,0,0,0,0,-2006,0,0
13121360611,0,0,0,0,0,0,6927,0,0,13121437611,0,0,0,0,0,0,-2013,0,0
13122480611,0,0,0,0,0,0,6897,0,0,13122557611,0,0,0,0,0,0,-1991,0,0
13123600611,0,0,0,0,0,0,6912,0,0,13123677611,0,0,0,0,0,0,-1266,0,0
13124720611,0,0,0,0,0,0,216,0,0,13124797611,0,0,0,0,0,0,623,0,0
13125840611,0,0,0,0,0,0,261,0,0,13125917611,0,0,0,0,0,0,562,0,0
13126960611,0,0,0,0,0,0,277,0,0,13127037611,0,0,0,0,0,0,599,0,0
13128080611,0,0,0,0,0,0,260,0,0,13128157611,0,0,0,0,0,0,594,0,0
13129200611,0,0,0,0,0,0,225,0,0,13129277611,0,0,0,0,0,0,575,0,0
13130320611,0,0,0,0,0,0,281,0,0,13130397611,0,0,0,0,0,0,612,0,0
13131440611,0,0,0,0,0,0,214,0,0,13131517611,0,0,0,0,0,0,616,0,0
13132560611,0,0,0,0,0,0,269,0,0,13132637611,0,0,0,0,0,0,562,0,0
13133680611,0,0,0,0,0,0,6890,0,0,13133757611,0,0,0,0,0,0,-1967,0,0
13134800611,0,0,0,0,0,0,6891,0,0,13134877611,0,0,0,0,0,0,-2021,0,0
13135920611,0,0,0,0,0,0,6926,0,0,13135997611,0,0,0,0,0,0,-1991,0,0
13137040611,0,0,0,0,0,0,6886,0,0,13137117611,0,0,0,0,0,0,-1988,0,0
13138160611,0,0,0,0,0,0,6920,0,0,13138237611,0,0,0,0,0,0,-1955,0,0
13139280611,0,0,0,0,0,0,6886,0,0,13139357611,0,0,0,0,0,0,-1972,0,0
13140400611,0,0,0,0,0,0,6863,0,0,13140477611,0,0,0,0,0,0,-2007,0,0
13141520611,0,0,0,0,0,0,6942,0,0,13141597611,0,0,0,0,0,0,-1999,0,0
13142640611,0,0,0,0,0,0,275,0,0,13142717611,0,0,0,0,0,0,616,0,0
13143760611,0,0,0,0,0,0,256,0,0,13143837611,0,0,0,0,0,0,602,0,0
13144880611,0,0,0,0,0,0,276,0,0,13144957611,0,0,0,0,0,0,623,0,0
13146000611,0,0,0,0,0,0,219,0,0,13146077611,0,0,0,0,0,0,651,0,0
13147120611,0,0,0,0,0,0,249,0,0,13147197611,0,0,0,0,0,0,594,0,0
13148240611,0,0,0,0,0,0,237,0,0,13148317611,0,0,0,0,0,0,635,0,0
13149360611,0,0,0,0,0,0,245,0,0,13149437611,0,0,0,0,0,0,638,0,0
13150480611,0,0,0,0,0,0,198,0,0,13150557611,0,0,0,0,0,0,645,0,0
13151600611,0,0,0,0,0,0,6924,0,0,13151677611,0,0,0,0,0,0,-2009,0,0
13152720611,0,0,0,0,0,0,6873,0,0,13152797611,0,0,0,0,0,0,-1978,0,0
13153840611,0,0,0,0,0,0,6892,0,0,13153917611,0,0,0,0,0,0,-2022,0,0
13154960611,0,0,0,0,0,0,6906,0,0,13155037611,0,0,0,0,0,0,-1987,0,0
13156080611,0,0,0,0,0,0,6873,0,0,13156157611,0,0,0,0,0,0,-1963,0,0
13157200611,0,0,0,0,0,0,6941,0,0,13157277611,0,0,0,0,0,0,-1983,0,0
13158320611,0,0,0,0,0,0,6874,0,0,13158397611,0,0,0,0,0,0,-1981,0,0
13159440611,0,0,0,0,0,0,6903,0,0,13159517611,0,0,0,0,0,0,-1947,0,0
13160560611,0,0,0,0,0,0,219,0,0,13160637611,0,0,0,0,0,0,597,0,0
13161680611,0,0,0,0,0,0,220,0,0,13161757611,0,0,0,0,0,0,599,0,0
13162800611,0,0,0,0,0,0,247,0,0,13162877611,0,0,0,0,0,0,574,0,0
13163920611,0,0,0,0,0,0,212,0,0,13163997611,0,0,0,0,0,0,644,0,0
13165040611,0,0,0,0,0,0,264,0,0,13165117611,0,0,0,0,0,0,616,0,0
13166160611,0,0,0,0,0,0,268,0,0,13166237611,0,0,0,0,0,0,642,0,0
13167280611,0,0,0,0,0,0,301,0,0,13167357611,0,0,0,0,0,0,624,0,0
13168400611,0,0,0,0,0,0,266,0,0,13168477611,0,0,0,0,0,0,599,0,0
13169520611,0,0,0,0,0,0,6908,0,0,13169597611,0,0,0,0,0,0,-2023,0,0
13170640611,0,0,0,0,0,0,6916,0,0,13170717611,0,0,0,0,0,0,-1977,0,0
13171760611,0,0,0,0,0,0,6898,0,0,13171837611,0,0,0,0,0,0,-1977,0,0
13172880611,0,0,0,0,0,0,6894,0,0,13172957611,0,0,0,0,0,0,-1980,0,0
13174000611,0,0,0,0,0,0,6897,0,0,13174077611,0,0,0,0,0,0,-1978,0,0
13175120611,0,0,0,0,0,0,6870,0,0,13175197611,0,0,0,0,0,0,-1948,0,0
13176240611,0,0,0,0,0,0,6934,0,0,13176317611,0,0,0,0,0,0,-1978,0,0
13177360611,0,0,0,0,0,0,6895,0,0,13177437611,0,0,0,0,0,0,-2016,0,0
13178480611,0,0,0,0,0,0,192,0,0,13178557611,0,0,0,0,0,0,594,0,0
13179600611,0,0,0,0,0,0,232,0,0,13179677611,0,0,0,0,0,0,597,0,0
13180720611,0,0,0,0,0,0,261,0,0,13180797611,0,0,0,0,0,0,652,0,0
13181840611,0,0,0,0,0,0,231,0,0,13181917611,0,0,0,0,0,0,620,0,0
13182960611,0,0,0,0,0,0,257,0,0,13183037611,0,0,0,0,0,0,622,0,0
13184080611,0,0,0,0,0,0,210,0,0,13184157611,0,0,0,0,0,0,582,0,0
13185200611,0,0,0,0,0,0,206,0,0,13185277611,0,0,0,0,0,0,616,0,0
13186320611,0,0,0,0,0,0,242,0,0,13186397611,0,0,0,0,0,0,635,0,0
13187440611,0,0,0,0,0,0,6924,0,0,13187517611,0,0,0,0,0,0,-2000,0,0
13188560611,0,0,0,0,0,0,6875,0,0,13188637611,0,0,0,0,0,0,-2025,0,0
13189680611,0,0,0,0,0,0,6858,0,0,13189757611,0,0,0,0,0,0,-2020,0,0
13190800611,0,0,0,0,0,0,6880,0,0,13190877611,0,0,0,0,0,0,-1964,0,0
13191920611,0,0,0,0,0,0,6918,0,0,13191997611,0,0,0,0,0,0,-1952,0,0
13193040611,0,0,0,0,0,0,6899,0,0,13193117611,0,0,0,0,0,0,-1992,0,0
13194160611,0,0,0,0,0,0,6906,0,0,13194237611,0,0,0,0,0,0,-1920,0,0
13195280611,0,0,0,0,0,0,6867,0,0,13195357611,0,0,0,0,0,0,-1993,0,0
13196400611,0,0,0,0,0,0,219,0,0,13196477611,0,0,0,0,0,0,608,0,0
13197520611,0,0,0,0,0,0,251,0,0,13197597611,0,0,0,0,0,0,631,0,0
13198640611,0,0,0,0,0,0,239,0,0,13198717611,0,0,0,0,0,0,602,0,0
13199760611,0,0,0,0,0,0,197,0,0,13199837611,0,0,0,0,0,0,605,0,0
13200880611,0,0,0,0,0,0,273,0,0,13200957611,0,0,0,0,0,0,645,0,0
13202000611,0,0,0,0,0,0,182,0,0,13202077611,0,0,0,0,0,0,598,0,0
13203120611,0,0,0,0,0,0,267,0,0,13203197611,0,0,0,0,0,0,577,0,0
13204240611,0,0,0,0,0,0,258,0,0,13204317611,0,0,0,0,0,0,602,0,0
13205360611,0,0,0,0,0,0,6895,0,0,13205437611,0,0,0,0,0,0,-1956,0,0
13206480611,0,0,0,0,0,0,6910,0,0,13206557611,0,0,0,0,0,0,-1965,0,0
13207600611,0,0,0,0,0,0,6942,0,0,13207677611,0,0,0,0,0,0,-1991,0,0
13208720611,0,0,0,0,0,0,6898,0,0,13208797611,0,0,0,0,0,0,-1992,0,0
13209840611,0,0,0,0,0,0,6894,0,0,13209917611,0,0,0,0,0,0,-2035,0,0
13210960611,0,0,0,0,0,0,6946,0,0,13211037611,0,0,0,0,0,0,-1956,0,0
13212080611,0,0,0,0,0,0,6898,0,0,13212157611,0,0,0,0,0,0,-2023,0,0
13213200611,0,0,0,0,0,0,6882,0,0,13213277611,0,0,0,0,0,0,-2010,0,0
13214320611,0,0,0,0,0,0,253,0,0,13214397611,0,0,0,0,0,0,620,0,0
13215440611,0,0,0,0,0,0,229,0,0,13215517611,0,0,0,0,0,0,590,0,0
13216560611,0,0,0,0,0,0,216,0,0,13216637611,0,0,0,0,0,0,610,0,0
13217680611,0,0,0,0,0,0,232,0,0,13217757611,0,0,0,0,0,0,619,0,0
13218800611,0,0,0,0,0,0,204,0,0,13218877611,0,0,0,0,0,0,555,0,0
13219920611,0,0,0,0,0,0,251,0,0,13219997611,0,0,0,0,0,0,604,0,0
13221040611,0,0,0,0,0,0,297,0,0,13221117611,0,0,0,0,0,0,605,0,0
13222160611,0,0,0,0,0,0,220,0,0,13222237611,0,0,0,0,0,0,602,0,0
13223280611,0,0,0,0,0,0,6858,0,0,13223357611,0,0,0,0,0,0,-2016,0,0
13224400611,0,0,0,0,0,0,6909,0,0,13224477611,0,0,0,0,0,0,-2023,0,0
13225520611,0,0,0,0,0,0,6934,0,0,13225597611,0,0,0,0,0,0,-1990,0,0
13226640611,0,0,0,0,0,0,6901,0,0,13226717611,0,0,0,0,0,0,-1979,0,0
13227760611,0,0,0,0,0,0,6891,0,0,13227837611,0,0,0,0,0,0,-2000,0,0
13228880611,0,0,0,0,0,0,6914,0,0,13228957611,0,0,0,0,0,0,-2008,0,0
13230000611,0,0,0,0,0,0,6943,0,0,13230077611,0,0,0,0,0,0,-2038,0,0
13231120611,0,0,0,0,0,0,6896,0,0,13231197611,0,0,0,0,0,0,-2014,0,0
13232240611,0,0,0,0,0,0,257,0,0,13232317611,0,0,0,0,0,0,595,0,0
13233360611,0,0,0,0,0,0,174,0,0,13233437611,0,0,0,0,0,0,637,0,0
13234480611,0,0,0,0,0,0,203,0,0,13234557611,0,0,0,0,0,0,579,0,0
13235600611,0,0,0,0,0,0,226,0,0,13235677611,0,0,0,0,0,0,616,0,0
13236720611,0,0,0,0,0,0,208,0,0,13236797611,0,0,0,0,0,0,625,0,0
13237840611,0,0,0,0,0,0,227,0,0,13237917611,0,0,0,0,0,0,644,0,0
13238960611,0,0,0,0,0,0,267,0,0,13239037611,0,0,0,0,0,0,601,0,0
13240080611,0,0,0,0,0,0,263,0,0,13240157611,0,0,0,0,0,0,574,0,0
13241200611,0,0,0,0,0,0,6902,0,0,13241277611,0,0,0,0,0,0,-2028,0,0
13242320611,0,0,0,0,0,0,6907,0,0,13242397611,0,0,0,0,0,0,-2010,0,0
13243440611,0,0,0,0,0,0,6876,0,0,13243517611,0,0,0,0,0,0,-1939,0,0
13244560611,0,0,0,0,0,0,6937,0,0,13244637611,0,0,0,0,0,0,-2014,0,0
13245680611,0,0,0,0,0,0,6937,0,0,13245757611,0,0,0,0,0,0,-1952,0,0
13246800611,0,0,0,0,0,0,6857,0,0,13246877611,0,0,0,0,0,0,-2018,0,0
13247920611,0,0,0,0,0,0,6879,0,0,13247997611,0,0,0,0,0,0,-1997,0,0
13249040611,0,0,0,0,0,0,6912,0,0,13249117611,0,0,0,0,0,0,-1940,0,0
13250160611,0,0,0,0,0,0,211,0,0,13250237611,0,0,0,0,0,0,623,0,0
13251280611,0,0,0,0,0,0,232,0,0,13251357611,0,0,0,0,0,0,565,0,0
13252400611,0,0,0,0,0,0,225,0,0,13252477611,0,0,0,0,0,0,642,0,0
13253520611,0,0,0,0,0,0,233,0,0,13253597611,0,0,0,0,0,0,640,0,0
13254640611,0,0,0,0,0,0,281,0,0,13254717611,0,0,0,0,0,0,628,0,0
13255760611,0,0,0,0,0,0,221,0,0,13255837611,0,0,0,0,0,0,624,0,0
13256880611,0,0,0,0,0,0,239,0,0,13256957611,0,0,0,0,0,0,608,0,0
13258000611,0,0,0,0,0,0,224,0,0,13258077611,0,0,0,0,0,0,642,0,0
13259120611,0,0,0,0,0,0,6884,0,0,13259197611,0,0,0,0,0,0,-1979,0,0
13260240611,0,0,0,0,0,0,6887,0,0,13260317611,0,0,0,0,0,0,-1964,0,0
13261360611,0,0,0,0,0,0,6899,0,0,13261437611,0,0,0,0,0,0,-2018,0,0
13262480611,0,0,0,0,0,0,6896,0,0,13262557611,0,0,0,0,0,0,-1969,0,0
13263600611,0,0,0,0,0,0,6873,0,0,13263677611,0,0,0,0,0,0,-1985,0,0
13264720611,0,0,0,0,0,0,6914,0,0,13264797611,0,0,0,0,0,0,-2013,0,0
13265840611,0,0,0,0,0,0,6928,0,0,13265917611,0,0,0,0,0,0,-2004,0,0
13266960611,0,0,0,0,0,0,6937,0,0,13267037611,0,0,0,0,0,0,-1999,0,0
13268080611,0,0,0,0,0,0,313,0,0,13268157611,0,0,0,0,0,0,597,0,0
13269200611,0,0,0,0,0,0,210,0,0,13269277611,0,0,0,0,0,0,597,0,0
13270320611,0,0,0,0,0,0,251,0,0,13270397611,0,0,0,0,0,0,603,0,0
13271440611,0,0,0,0,0,0,208,0,0,13271517611,0,0,0,0,0,0,589,0,0
13272560611,0,0,0,0,0,0,252,0,0,13272637611,0,0,0,0,0,0,604,0,0
13273680611,0,0,0,0,0,0,227,0,0,13273757611,0,0,0,0,0,0,594,0,0
13274800611,0,0,0,0,0,0,236,0,0,13274877611,0,0,0,0,0,0,630,0,0
13275920611,0,0,0,0,0,0,215,0,0,13275997611,0,0,0,0,0,0,574,0,0
13277040611,0,0,0,0,0,0,6892,0,0,13277117611,0,0,0,0,0,0,-1956,0,0
13278160611,0,0,0,0,0,0,6865,0,0,13278237611,0,0,0,0,0,0,-2029,0,0
13279280611,0,0,0,0,0,0,6912,0,0,13279357611,0,0,0,0,0,0,-2016,0,0
13280400611,0,0,0,0,0,0,6910,0,0,13280477611,0,0,0,0,0,0,-2000,0,0
13281520611,0,0,0,0,0,0,6899,0,0,13281597611,0,0,0,0,0,0,-1948,0,0
13282640611,0,0,0,0,0,0,6893,0,0,13282717611,0,0,0,0,0,0,-1995,0,0
13283760611,0,0,0,0,0,0,6937,0,0,13283837611,0,0,0,0,0,0,-1960,0,0
13284880611,0,0,0,0,0,0,6930,0,0,13284957611,0,0,0,0,0,0,-1963,0,0
13286000611,0,0,0,0,0,0,197,0,0,13286077611,0,0,0,0,0,0,575,0,0
13287120611,0,0,0,0,0,0,242,0,0,13287197611,0,0,0,0,0,0,590,0,0
13288240611,0,0,0,0,0,0,256,0,0,13288317611,0,0,0,0,0,0,604,0,0
13289360611,0,0,0,0,0,0,257,0,0,13289437611,0,0,0,0,0,0,603,0,0
13290480611,0,0,0,0,0,0,233,0,0,13290557611,0,0,0,0,0,0,581,0,0
13291600611,0,0,0,0,0,0,215,0,0,13291677611,0,0,0,0,0,0,607,0,0
13292720611,0,0,0,0,0,0,226,0,0,13292797611,0,0,0,0,0,0,602,0,0
13293840611,0,0,0,0,0,0,272,0,0,13293917611,0,0,0,0,0,0,595,0,0
13294960611,0,0,0,0,0,0,6892,0,0,13295037611,0,0,0,0,0,0,-1955,0,0
13296080611,0,0,0,0,0,0,6894,0,0,13296157611,0,0,0,0,0,0,-1998,0,0
13297200611,0,0,0,0,0,0,6918,0,0,13297277611,0,0,0,0,0,0,-1979,0,0
13298320611,0,0,0,0,0,0,6909,0,0,13298397611,0,0,0,0,0,0,-1997,0,0
13299440611,0,0,0,0,0,0,6879,0,0,13299517611,0,0,0,0,0,0,-2018,0,0
13300560611,0,0,0,0,0,0,6919,0,0,13300637611,0,0,0,0,0,0,-1960,0,0
13301680611,0,0,0,0,0,0,6910,0,0,13301757611,0,0,0,0,0,0,-1991,0,0
13302800611,0,0,0,0,0,0,6869,0,0,13302877611,0,0,0,0,0,0,-2019,0,0
13303920611,0,0,0,0,0,0,221,0,0,13303997611,0,0,0,0,0,0,579,0,0
13305040611,0,0,0,0,0,0,236,0,0,13305117611,0,0,0,0,0,0,616,0,0
13306160611,0,0,0,0,0,0,211,0,0,13306237611,0,0,0,0,0,0,610,0,0
13307280611,0,0,0,0,0,0,216,0,0,13307357611,0,0,0,0,0,0,585,0,0
13308400611,0,0,0,0,0,0,265,0,0,13308477611,0,0,0,0,0,0,643,0,0
13309520611,0,0,0,0,0,0,282,0,0,13309597611,0,0,0,0,0,0,586,0,0
13310640611,0,0,0,0,0,0,195,0,0,13310717611,0,0,0,0,0,0,618,0,0
13311760611,0,0,0,0,0,0,266,0,0,13311837611,0,0,0,0,0,0,590,0,0
13312880611,0,0,0,0,0,0,6885,0,0,13312957611,0,0,0,0,0,0,-1976,0,0
13314000611,0,0,0,0,0,0,6879,0,0,13314077611,0,0,0,0,0,0,-1963,0,0
13315120611,0,0,0,0,0,0,6897,0,0,13315197611,0,0,0,0,0,0,-1988,0,0
13316240611,0,0,0,0,0,0,6880,0,0,13316317611,0,0,0,0,0,0,-2014,0,0
13317360611,0,0,0,0,0,0,6869,0,0,13317437611,0,0,0,0,0,0,-1986,0,0
13318480611,0,0,0,0,0,0,6878,0,0,13318557611,0,0,0,0,0,0,-1963,0,0
13319600611,0,0,0,0,0,0,6879,0,0,13319677611,0,0,0,0,0,0,-1959,0,0
13320720611,0,0,0,0,0,0,6893,0,0,13320797611,0,0,0,0,0,0,-1987,0,0
13321840611,0,0,0,0,0,0,226,0,0,13321917611,0,0,0,0,0,0,609,0,0
13322960611,0,0,0,0,0,0,224,0,0,13323037611,0,0,0,0,0,0,618,0,0
13324080611,0,0,0,0,0,0,260,0,0,13324157611,0,0,0,0,0,0,640,0,0
13325200611,0,0,0,0,0,0,241,0,0,13325277611,0,0,0,0,0,0,611,0,0
13326320611,0,0,0,0,0,0,223,0,0,13326397611,0,0,0,0,0,0,635,0,0
13327440611,0,0,0,0,0,0,264,0,0,13327517611,0,0,0,0,0,0,619,0,0
13328560611,0,0,0,0,0,0,240,0,0,13328637611,0,0,0,0,0,0,618,0,0
13329680611,0,0,0,0,0,0,231,0,0,13329757611,0,0,0,0,0,0,596,0,0
13330800611,0,0,0,0,0,0,6867,0,0,13330877611,0,0,0,0,0,0,-2001,0,0
13331920611,0,0,0,0,0,0,6897,0,0,13331997611,0,0,0,0,0,0,-1976,0,0
13333040611,0,0,0,0,0,0,6928,0,0,13333117611,0,0,0,0,0,0,-1985,0,0
13334160611,0,0,0,0,0,0,6908,0,0,13334237611,0,0,0,0,0,0,-1959,0,0
13335280611,0,0,0,0,0,0,6956,0,0,13335357611,0,0,0,0,0,0,-1962,0,0
13336400611,0,0,0,0,0,0,6905,0,0,13336477611,0,0,0,0,0,0,-1988,0,0
13337520611,0,0,0,0,0,0,6935,0,0,13337597611,0,0,0,0,0,0,-2003,0,0
13338640611,0,0,0,0,0,0,6872,0,0,13338717611,0,0,0,0,0,0,-2019,0,0
13339760611,0,0,0,0,0,0,199,0,0,13339837611,0,0,0,0,0,0,647,0,0
13340880611,0,0,0,0,0,0,212,0,0,13340957611,0,0,0,0,0,0,631,0,0
13342000611,0,0,0,0,0,0,229,0,0,13342077611,0,0,0,0,0,0,599,0,0
13343120611,0,0,0,0,0,0,207,0,0,13343197611,0,0,0,0,0,0,623,0,0
13344240611,0,0,0,0,0,0,238,0,0,13344317611,0,0,0,0,0,0,653,0,0
13345360611,0,0,0,0,0,0,213,0,0,13345437611,0,0,0,0,0,0,583,0,0
13346480611,0,0,0,0,0,0,230,0,0,13346557611,0,0,0,0,0,0,597,0,0
13347600611,0,0,0,0,0,0,239,0,0,13347677611,0,0,0,0,0,0,570,0,0
13348720611,0,0,0,0,0,0,6915,0,0,13348797611,0,0,0,0,0,0,-2006,0,0
13349840611,0,0,0,0,0,0,6935,0,0,13349917611,0,0,0,0,0,0,-2003,0,0
13350960611,0,0,0,0,0,0,6878,0,0,13351037611,0,0,0,0,0,0,-1979,0,0
13352080611,0,0,0,0,0,0,6871,0,0,13352157611,0,0,0,0,0,0,-1982,0,0
13353200611,0,0,0,0,0,0,6863,0,0,13353277611,0,0,0,0,0,0,-1948,0,0
13354320611,0,0,0,0,0,0,6844,0,0,13354397611,0,0,0,0,0,0,-1984,0,0
13355440611,0,0,0,0,0,0,6899,0,0,13355517611,0,0,0,0,0,0,-2023,0,0
13356560611,0,0,0,0,0,0,6883,0,0,13356637611,0,0,0,0,0,0,-2007,0,0
13357680611,0,0,0,0,0,0,216,0,0,13357757611,0,0,0,0,0,0,607,0,0
13358800611,0,0,0,0,0,0,215,0,0,13358877611,0,0,0,0,0,0,639,0,0
13359920611,0,0,0,0,0,0,239,0,0,13359997611,0,0,0,0,0,0,601,0,0
13361040611,0,0,0,0,0,0,245,0,0,13361117611,0,0,0,0,0,0,556,0,0
13362160611,0,0,0,0,0,0,222,0,0,13362237611,0,0,0,0,0,0,589,0,0
13363280611,0,0,0,0,0,0,239,0,0,13363357611,0,0,0,0,0,0,597,0,0
13364400611,0,0,0,0,0,0,211,0,0,13364477611,0,0,0,0,0,0,618,0,0
13365520611,0,0,0,0,0,0,232,0,0,13365597611,0,0,0,0,0,0,585,0,0
13366640611,0,0,0,0,0,0,6921,0,0,13366717611,0,0,0,0,0,0,-1972,0,0
13367760611,0,0,0,0,0,0,6880,0,0,13367837611,0,0,0,0,0,0,-2019,0,0
13368880611,0,0,0,0,0,0,6947,0,0,13368957611,0,0,0,0,0,0,-1950,0,0
13370000611,0,0,0,0,0,0,6924,0,0,13370077611,0,0,0,0,0,0,-2017,0,0
13371120611,0,0,0,0,0,0,6861,0,0,13371197611,0,0,0,0,0,0,-1992,0,0
13372240611,0,0,0,0,0,0,6866,0,0,13372317611,0,0,0,0,0,0,-1981,0,0
13373360611,0,0,0,0,0,0,6878,0,0,13373437611,0,0,0,0,0,0,-1994,0,0
13374480611,0,0,0,0,0,0,6892,0,0,13374557611,0,0,0,0,0,0,-1966,0,0
13375600611,0,0,0,0,0,0,263,0,0,13375677611,0,0,0,0,0,0,629,0,0
13376720611,0,0,0,0,0,0,246,0,0,13376797611,0,0,0,0,0,0,636,0,0
13377840611,0,0,0,0,0,0,235,0,0,13377917611,0,0,0,0,0,0,605,0,0
13378960611,0,0,0,0,0,0,223,0,0,13379037611,0,0,0,0,0,0,646,0,0
13380080611,0,0,0,0,0,0,243,0,0,13380157611,0,0,0,0,0,0,572,0,0
13381200611,0,0,0,0,0,0,202,0,0,13381277611,0,0,0,0,0,0,548,0,0
13382320611,0,0,0,0,0,0,211,0,0,13382397611,0,0,0,0,0,0,595,0,0
13383440611,0,0,0,0,0,0,233,0,0,13383517611,0,0,0,0,0,0,567,0,0
13384560611,0,0,0,0,0,0,6887,0,0,13384637611,0,0,0,0,0,0,-2032,0,0
13385680611,0,0,0,0,0,0,6884,0,0,13385757611,0,0,0,0,0,0,-2007,0,0
13386800611,0,0,0,0,0,0,6876,0,0,13386877611,0,0,0,0,0,0,-1972,0,0
13387920611,0,0,0,0,0,0,6925,0,0,13387997611,0,0,0,0,0,0,-2004,0,0
13389040611,0,0,0,0,0,0,6917,0,0,13389117611,0,0,0,0,0,0,-1985,0,0
13390160611,0,0,0,0,0,0,6917,0,0,13390237611,0,0,0,0,0,0,-1948,0,0
13391280611,0,0,0,0,0,0,6860,0,0,13391357611,0,0,0,0,0,0,-1960,0,0
13392400611,0,0,0,0,0,0,6886,0,0,13392477611,0,0,0,0,0,0,-1962,0,0
13393520611,0,0,0,0,0,0,223,0,0,13393597611,0,0,0,0,0,0,585,0,0
13394640611,0,0,0,0,0,0,249,0,0,13394717611,0,0,0,0,0,0,612,0,0
13395760611,0,0,0,0,0,0,210,0,0,13395837611,0,0,0,0,0,0,594,0,0
13396880611,0,0,0,0,0,0,205,0,0,13396957611,0,0,0,0,0,0,597,0,0
13398000611,0,0,0,0,0,0,238,0,0,13398077611,0,0,0,0,0,0,621,0,0
13399120611,0,0,0,0,0,0,229,0,0,13399197611,0,0,0,0,0,0,607,0,0
13400240611,0,0,0,0,0,0,246,0,0,13400317611,0,0,0,0,0,0,593,0,0
13401360611,0,0,0,0,0,0,242,0,0,13401437611,0,0,0,0,0,0,621,0,0
13402480611,0,0,0,0,0,0,6877,0,0,13402557611,0,0,0,0,0,0,-1992,0,0
13403600611,0,0,0,0,0,0,6911,0,0,13403677611,0,0,0,0,0,0,-1948,0,0
13404720611,0,0,0,0,0,0,6889,0,0,13404797611,0,0,0,0,0,0,-1984,0,0
13405840611,0,0,0,0,0,0,6885,0,0,13405917611,0,0,0,0,0,0,-1986,0,0
13406960611,0,0,0,0,0,0,6897,0,0,13407037611,0,0,0,0,0,0,-2004,0,0
13408080611,0,0,0,0,0,0,6897,0,0,13408157611,0,0,0,0,0,0,-2001,0,0
13409200611,0,0,0,0,0,0,6875,0,0,13409277611,0,0,0,0,0,0,-1965,0,0
13410320611,0,0,0,0,0,0,6894,0,0,13410397611,0,0,0,0,0,0,-1951,0,0
13411440611,0,0,0,0,0,0,213,0,0,13411517611,0,0,0,0,0,0,617,0,0
13412560611,0,0,0,0,0,0,263,0,0,13412637611,0,0,0,0,0,0,614,0,0
13413680611,0,0,0,0,0,0,202,0,0,13413757611,0,0,0,0,0,0,591,0,0
13414800611,0,0,0,0,0,0,233,0,0,13414877611,0,0,0,0,0,0,586,0,0
13415920611,0,0,0,0,0,0,222,0,0,13415997611,0,0,0,0,0,0,608,0,0
13417040611,0,0,0,0,0,0,229,0,0,13417117611,0,0,0,0,0,0,597,0,0
13418160611,0,0,0,0,0,0,272,0,0,13418237611,0,0,0,0,0,0,591,0,0
13419280611,0,0,0,0,0,0,265,0,0,13419357611,0,0,0,0,0,0,573,0,0
13420400611,0,0,0,0,0,0,6948,0,0,13420477611,0,0,0,0,0,0,-1945,0,0
13421520611,0,0,0,0,0,0,6925,0,0,13421597611,0,0,0,0,0,0,-2016,0,0
13422640611,0,0,0,0,0,0,6868,0,0,13422717611,0,0,0,0,0,0,-1992,0,0
13423760611,0,0,0,0,0,0,6880,0,0,13423837611,0,0,0,0,0,0,-1998,0,0
13424880611,0,0,0,0,0,0,6918,0,0,13424957611,0,0,0,0,0,0,-1994,0,0
13426000611,0,0,0,0,0,0,6913,0,0,13426077611,0,0,0,0,0,0,-2025,0,0
13427120611,0,0,0,0,0,0,6933,0,0,13427197611,0,0,0,0,0,0,-1989,0,0
13428240611,0,0,0,0,0,0,6884,0,0,13428317611,0,0,0,0,0,0,-1968,0,0
13429360611,0,0,0,0,0,0,256,0,0,13429437611,0,0,0,0,0,0,565,0,0
13430480611,0,0,0,0,0,0,293,0,0,13430557611,0,0,0,0,0,0,580,0,0
13431600611,0,0,0,0,0,0,230,0,0,13431677611,0,0,0,0,0,0,557,0,0
13432720611,0,0,0,0,0,0,279,0,0,13432797611,0,0,0,0,0,0,629,0,0
13433840611,0,0,0,0,0,0,218,0,0,13433917611,0,0,0,0,0,0,611,0,0
13434960611,0,0,0,0,0,0,244,0,0,13435037611,0,0,0,0,0,0,591,0,0
13436080611,0,0,0,0,0,0,240,0,0,13436157611,0,0,0,0,0,0,612,0,0
13437200611,0,0,0,0,0,0,215,0,0,13437277611,0,0,0,0,0,0,600,0,0
13438320611,0,0,0,0,0,0,6909,0,0,13438397611,0,0,0,0,0,0,-1953,0,0
13439440611,0,0,0,0,0,0,6913,0,0,13439517611,0,0,0,0,0,0,-1940,0,0
13440560611,0,0,0,0,0,0,6923,0,0,13440637611,0,0,0,0,0,0,-1971,0,0
13441680611,0,0,0,0,0,0,6902,0,0,13441757611,0,0,0,0,0,0,-2017,0,0
13442800611,0,0,0,0,0,0,6881,0,0,13442877611,0,0,0,0,0,0,-1965,0,0
13443920611,0,0,0,0,0,0,6905,0,0,13443997611,0,0,0,0,0,0,-2023,0,0
13445040611,0,0,0,0,0,0,6881,0,0,13445117611,0,0,0,0,0,0,-1936,0,0
13446160611,0,0,0,0,0,0,6927,0,0,13446237611,0,0,0,0,0,0,-2006,0,0
13447280611,0,0,0,0,0,0,232,0,0,13447357611,0,0,0,0,0,0,607,0,0
13448400611,0,0,0,0,0,0,256,0,0,13448477611,0,0,0,0,0,0,613,0,0
13449520611,0,0,0,0,0,0,249,0,0,13449597611,0,0,0,0,0,0,650,0,0
13450640611,0,0,0,0,0,0,247,0,0,13450717611,0,0,0,0,0,0,632,0,0
13451760611,0,0,0,0,0,0,271,0,0,13451837611,0,0,0,0,0,0,614,0,0
13452880611,0,0,0,0,0,0,213,0,0,13452957611,0,0,0,0,0,0,585,0,0
13454000611,0,0,0,0,0,0,245,0,0,13454077611,0,0,0,0,0,0,594,0,0
13455120611,0,0,0,0,0,0,258,0,0,13455197611,0,0,0,0,0,0,620,0,0
13456240611,0,0,0,0,0,0,6883,0,0,13456317611,0,0,0,0,0,0,-2003,0,0
13457360611,0,0,0,0,0,0,6912,0,0,13457437611,0,0,0,0,0,0,-1990,0,0
13458480611,0,0,0,0,0,0,6881,0,0,13458557611,0,0,0,0,0,0,-1955,0,0
13459600611,0,0,0,0,0,0,6897,0,0,13459677611,0,0,0,0,0,0,-1977,0,0
13460720611,0,0,0,0,0,0,6889,0,0,13460797611,0,0,0,0,0,0,-1980,0,0
13461840611,0,0,0,0,0,0,6922,0,0,13461917611,0,0,0,0,0,0,-2000,0,0
13462960611,0,0,0,0,0,0,6877,0,0,13463037611,0,0,0,0,0,0,-1979,0,0
13464080611,0,0,0,0,0,0,6884,0,0,13464157611,0,0,0,0,0,0,-1937,0,0
13465200611,0,0,0,0,0,0,279,0,0,13465277611,0,0,0,0,0,0,634,0,0
13466320611,0,0,0,0,0,0,221,0,0,13466397611,0,0,0,0,0,0,597,0,0
13467440611,0,0,0,0,0,0,211,0,0,13467517611,0,0,0,0,0,0,641,0,0
13468560611,0,0,0,0,0,0,193,0,0,13468637611,0,0,0,0,0,0,591,0,0
13469680611,0,0,0,0,0,0,262,0,0,13469757611,0,0,0,0,0,0,602,0,0
13470800611,0,0,0,0,0,0,237,0,0,13470877611,0,0,0,0,0,0,583,0,0
13471920611,0,0,0,0,0,0,243,0,0,13471997611,0,0,0,0,0,0,628,0,0
13473040611,0,0,0,0,0,0,233,0,0,13473117611,0,0,0,0,0,0,597,0,0
13474160611,0,0,0,0,0,0,6893,0,0,13474237611,0,0,0,0,0,0,-1999,0,0
13475280611,0,0,0,0,0,0,6896,0,0,13475357611,0,0,0,0,0,0,-2000,0,0
13476400611,0,0,0,0,0,0,6901,0,0,13476477611,0,0,0,0,0,0,-2017,0,0
13477520611,0,0,0,0,0,0,6913,0,0,13477597611,0,0,0,0,0,0,-2058,0,0
13478640611,0,0,0,0,0,0,6879,0,0,13478717611,0,0,0,0,0,0,-1962,0,0
13479760611,0,0,0,0,0,0,6932,0,0,13479837611,0,0,0,0,0,0,-1955,0,0
13480880611,0,0,0,0,0,0,6914,0,0,13480957611,0,0,0,0,0,0,-2012,0,0
13482000611,0,0,0,0,0,0,6876,0,0,13482077611,0,0,0,0,0,0,-2021,0,0
13483120611,0,0,0,0,0,0,223,0,0,13483197611,0,0,0,0,0,0,599,0,0
13484240611,0,0,0,0,0,0,192,0,0,13484317611,0,0,0,0,0,0,688,0,0
13485360611,0,0,0,0,0,0,248,0,0,13485437611,0,0,0,0,0,0,633,0,0
13486480611,0,0,0,0,0,0,238,0,0,13486557611,0,0,0,0,0,0,625,0,0
13487600611,0,0,0,0,0,0,266,0,0,13487677611,0,0,0,0,0,0,654,0,0
13488720611,0,0,0,0,0,0,254,0,0,13488797611,0,0,0,0,0,0,592,0,0
13489840611,0,0,0,0,0,0,203,0,0,13489917611,0,0,0,0,0,0,611,0,0
13490960611,0,0,0,0,0,0,186,0,0,13491037611,0,0,0,0,0,0,643,0,0
13492080611,0,0,0,0,0,0,6871,0,0,13492157611,0,0,0,0,0,0,-2021,0,0
13493200611,0,0,0,0,0,0,6900,0,0,13493277611,0,0,0,0,0,0,-2005,0,0
13494320611,0,0,0,0,0,0,6888,0,0,13494397611,0,0,0,0,0,0,-2005,0,0
13495440611,0,0,0,0,0,0,6911,0,0,13495517611,0,0,0,0,0,0,-2001,0,0
13496560611,0,0,0,0,0,0,6896,0,0,13496637611,0,0,0,0,0,0,-2003,0,0
13497680611,0,0,0,0,0,0,6879,0,0,13497757611,0,0,0,0,0,0,-1955,0,0
13498800611,0,0,0,0,0,0,6938,0,0,13498877611,0,0,0,0,0,0,-1990,0,0
13499920611,0,0,0,0,0,0,6874,0,0,13499997611,0,0,0,0,0,0,-1983,0,0
13501040611,0,0,0,0,0,0,278,0,0,13501117611,0,0,0,0,0,0,583,0,0
13502160611,0,0,0,0,0,0,260,0,0,13502237611,0,0,0,0,0,0,583,0,0
13503280611,0,0,0,0,0,0,231,0,0,13503357611,0,0,0,0,0,0,628,0,0
13504400611,0,0,0,0,0,0,215,0,0,13504477611,0,0,0,0,0,0,610,0,0
13505520611,0,0,0,0,0,0,228,0,0,13505597611,0,0,0,0,0,0,566,0,0
13506640611,0,0,0,0,0,0,280,0,0,13506717611,0,0,0,0,0,0,608,0,0
13507760611,0,0,0,0,0,0,261,0,0,13507837611,0,0,0,0,0,0,645,0,0
13508880611,0,0,0,0,0,0,211,0,0,13508957611,0,0,0,0,0,0,630,0,0
13510000611,0,0,0,0,0,0,6902,0,0,13510077611,0,0,0,0,0,0,-1960,0,0
13511120611,0,0,0,0,0,0,6849,0,0,13511197611,0,0,0,0,0,0,-1994,0,0
13512240611,0,0,0,0,0,0,6905,0,0,13512317611,0,0,0,0,0,0,-1998,0,0
13513360611,0,0,0,0,0,0,6867,0,0,13513437611,0,0,0,0,0,0,-1977,0,0
13514480611,0,0,0,0,0,0,6903,0,0,13514557611,0,0,0,0,0,0,-1975,0,0
13515600611,0,0,0,0,0,0,6935,0,0,13515677611,0,0,0,0,0,0,-2005,0,0
13516720611,0,0,0,0,0,0,6915,0,0,13516797611,0,0,0,0,0,0,-2012,0,0
13517840611,0,0,0,0,0,0,6885,0,0,13517917611,0,0,0,0,0,0,-1982,0,0
13518960611,0,0,0,0,0,0,235,0,0,13519037611,0,0,0,0,0,0,608,0,0
13520080611,0,0,0,0,0,0,241,0,0,13520157611,0,0,0,0,0,0,586,0,0
13521200611,0,0,0,0,0,0,249,0,0,13521277611,0,0,0,0,0,0,579,0,0
13522320611,0,0,0,0,0,0,204,0,0,13522397611,0,0,0,0,0,0,626,0,0
13523440611,0,0,0,0,0,0,235,0,0,13523517611,0,0,0,0,0,0,643,0,0
13524560611,0,0,0,0,0,0,207,0,0,13524637611,0,0,0,0,0,0,583,0,0
13525680611,0,0,0,0,0,0,232,0,0,13525757611,0,0,0,0,0,0,608,0,0
13526800611,0,0,0,0,0,0,260,0,0,13526877611,0,0,0,0,0,0,632,0,0
13527920611,0,0,0,0,0,0,6918,0,0,13527997611,0,0,0,0,0,0,-1999,0,0
13529040611,0,0,0,0,0,0,6914,0,0,13529117611,0,0,0,0,0,0,-1979,0,0
13530160611,0,0,0,0,0,0,6913,0,0,13530237611,0,0,0,0,0,0,-1992,0,0
13531280611,0,0,0,0,0,0,6914,0,0,13531357611,0,0,0,0,0,0,-1991,0,0
13532400611,0,0,0,0,0,0,6913,0,0,13532477611,0,0,0,0,0,0,-1996,0,0
13533520611,0,0,0,0,0,0,6904,0,0,13533597611,0,0,0,0,0,0,-1975,0,0
13534640611,0,0,0,0,0,0,6888,0,0,13534717611,0,0,0,0,0,0,-1984,0,0
13535760611,0,0,0,0,0,0,6876,0,0,13535837611,0,0,0,0,0,0,-2019,0,0
13536880611,0,0,0,0,0,0,247,0,0,13536957611,0,0,0,0,0,0,569,0,0
13538000611,0,0,0,0,0,0,216,0,0,13538077611,0,0,0,0,0,0,610,0,0
13539120611,0,0,0,0,0,0,221,0,0,13539197611,0,0,0,0,0,0,589,0,0
13540240611,0,0,0,0,0,0,220,0,0,13540317611,0,0,0,0,0,0,591,0,0
13541360611,0,0,0,0,0,0,231,0,0,13541437611,0,0,0,0,0,0,614,0,0
13542480611,0,0,0,0,0,0,233,0,0,13542557611,0,0,0,0,0,0,622,0,0
13543600611,0,0,0,0,0,0,233,0,0,13543677611,0,0,0,0,0,0,618,0,0
13544720611,0,0,0,0,0,0,234,0,0,13544797611,0,0,0,0,0,0,592,0,0
13545840611,0,0,0,0,0,0,6910,0,0,13545917611,0,0,0,0,0,0,-1916,0,0
13546960611,0,0,0,0,0,0,6853,0,0,13547037611,0,0,0,0,0,0,-2017,0,0
13548080611,0,0,0,0,0,0,6850,0,0,13548157611,0,0,0,0,0,0,-2002,0,0
13549200611,0,0,0,0,0,0,6894,0,0,13549277611,0,0,0,0,0,0,-1991,0,0
13550320611,0,0,0,0,0,0,6924,0,0,13550397611,0,0,0,0,0,0,-2005,0,0
13551440611,0,0,0,0,0,0,6884,0,0,13551517611,0,0,0,0,0,0,-1973,0,0
13552560611,0,0,0,0,0,0,6886,0,0,13552637611,0,0,0,0,0,0,-2005,0,0
13553680611,0,0,0,0,0,0,6919,0,0,13553757611,0,0,0,0,0,0,-1983,0,0
13554800611,0,0,0,0,0,0,229,0,0,13554877611,0,0,0,0,0,0,623,0,0
13555920611,0,0,0,0,0,0,266,0,0,13555997611,0,0,0,0,0,0,624,0,0
13557040611,0,0,0,0,0,0,223,0,0,13557117611,0,0,0,0,0,0,632,0,0
13558160611,0,0,0,0,0,0,216,0,0,13558237611,0,0,0,0,0,0,623,0,0
13559280611,0,0,0,0,0,0,239,0,0,13559357611,0,0,0,0,0,0,591,0,0
13560400611,0,0,0,0,0,0,221,0,0,13560477611,0,0,0,0,0,0,598,0,0
13561520611,0,0,0,0,0,0,227,0,0,13561597611,0,0,0,0,0,0,573,0,0
13562640611,0,0,0,0,0,0,246,0,0,13562717611,0,0,0,0,0,0,558,0,0
13563760611,0,0,0,0,0,0,6884,0,0,13563837611,0,0,0,0,0,0,-1968,0,0
13564880611,0,0,0,0,0,0,6905,0,0,13564957611,0,0,0,0,0,0,-1998,0,0
13566000611,0,0,0,0,0,0,6912,0,0,13566077611,0,0,0,0,0,0,-2015,0,0
13567120611,0,0,0,0,0,0,6896,0,0,13567197611,0,0,0,0,0,0,-2011,0,0
13568240611,0,0,0,0,0,0,6926,0,0,13568317611,0,0,0,0,0,0,-2004,0,0
13569360611,0,0,0,0,0,0,6928,0,0,13569437611,0,0,0,0,0,0,-1952,0,0
13570480611,0,0,0,0,0,0,6896,0,0,13570557611,0,0,0,0,0,0,-1979,0,0
13571600611,0,0,0,0,0,0,6952,0,0,13571677611,0,0,0,0,0,0,-2003,0,0
13572720611,0,0,0,0,0,0,234,0,0,13572797611,0,0,0,0,0,0,610,0,0
13573840611,0,0,0,0,0,0,233,0,0,13573917611,0,0,0,0,0,0,589,0,0
13574960611,0,0,0,0,0,0,254,0,0,13575037611,0,0,0,0,0,0,614,0,0
13576080611,0,0,0,0,0,0,247,0,0,13576157611,0,0,0,0,0,0,594,0,0
13577200611,0,0,0,0,0,0,235,0,0,13577277611,0,0,0,0,0,0,622,0,0
13578320611,0,0,0,0,0,0,241,0,0,13578397611,0,0,0,0,0,0,595,0,0
13579440611,0,0,0,0,0,0,286,0,0,13579517611,0,0,0,0,0,0,593,0,0
13580560611,0,0,0,0,0,0,255,0,0,13580637611,0,0,0,0,0,0,614,0,0
13581680611,0,0,0,0,0,0,6921,0,0,13581757611,0,0,0,0,0,0,-2000,0,0
13582800611,0,0,0,0,0,0,6910,0,0,13582877611,0,0,0,0,0,0,-2015,0,0
13583920611,0,0,0,0,0,0,6862,0,0,13583997611,0,0,0,0,0,0,-2009,0,0
13585040611,0,0,0,0,0,0,6851,0,0,13585117611,0,0,0,0,0,0,-2005,0,0
13586160611,0,0,0,0,0,0,6871,0,0,13586237611,0,0,0,0,0,0,-1986,0,0
13587280611,0,0,0,0,0,0,6945,0,0,13587357611,0,0,0,0,0,0,-2018,0,0
13588400611,0,0,0,0,0,0,6860,0,0,13588477611,0,0,0,0,0,0,-2021,0,0
13589520611,0,0,0,0,0,0,6859,0,0,13589597611,0,0,0,0,0,0,-1972,0,0
13590640611,0,0,0,0,0,0,223,0,0,13590717611,0,0,0,0,0,0,630,0,0
13591760611,0,0,0,0,0,0,232,0,0,13591837611,0,0,0,0,0,0,607,0,0
13592880611,0,0,0,0,0,0,186,0,0,13592957611,0,0,0,0,0,0,628,0,0
13594000611,0,0,0,0,0,0,258,0,0,13594077611,0,0,0,0,0,0,630,0,0
13595120611,0,0,0,0,0,0,242,0,0,13595197611,0,0,0,0,0,0,619,0,0
13596240611,0,0,0,0,0,0,210,0,0,13596317611,0,0,0,0,0,0,628,0,0
13597360611,0,0,0,0,0,0,226,0,0,13597437611,0,0,0,0,0,0,573,0,0
13598480611,0,0,0,0,0,0,288,0,0,13598557611,0,0,0,0,0,0,595,0,0
13599600611,0,0,0,0,0,0,6884,0,0,13599677611,0,0,0,0,0,0,-2004,0,0
13600720611,0,0,0,0,0,0,6906,0,0,13600797611,0,0,0,0,0,0,-1969,0,0
13601840611,0,0,0,0,0,0,6927,0,0,13601917611,0,0,0,0,0,0,-2008,0,0
13602960611,0,0,0,0,0,0,6916,0,0,13603037611,0,0,0,0,0,0,-2002,0,0
13604080611,0,0,0,0,0,0,6878,0,0,13604157611,0,0,0,0,0,0,-2006,0,0
13605200611,0,0,0,0,0,0,6893,0,0,13605277611,0,0,0,0,0,0,-1987,0,0
13606320611,0,0,0,0,0,0,6883,0,0,13606397611,0,0,0,0,0,0,-1988,0,0
13607440611,0,0,0,0,0,0,6870,0,0,13607517611,0,0,0,0,0,0,-1935,0,0
13608560611,0,0,0,0,0,0,200,0,0,13608637611,0,0,0,0,0,0,673,0,0
13609680611,0,0,0,0,0,0,278,0,0,13609757611,0,0,0,0,0,0,622,0,0
13610800611,0,0,0,0,0,0,216,0,0,13610877611,0,0,0,0,0,0,625,0,0
13611920611,0,0,0,0,0,0,206,0,0,13611997611,0,0,0,0,0,0,576,0,0
13613040611,0,0,0,0,0,0,230,0,0,13613117611,0,0,0,0,0,0,564,0,0
13614160611,0,0,0,0,0,0,260,0,0,13614237611,0,0,0,0,0,0,593,0,0
13615280611,0,0,0,0,0,0,217,0,0,13615357611,0,0,0,0,0,0,619,0,0
13616400611,0,0,0,0,0,0,266,0,0,13616477611,0,0,0,0,0,0,598,0,0
13617520611,0,0,0,0,0,0,6858,0,0,13617597611,0,0,0,0,0,0,-1972,0,0
13618640611,0,0,0,0,0,0,6897,0,0,13618717611,0,0,0,0,0,0,-1968,0,0
13619760611,0,0,0,0,0,0,6908,0,0,13619837611,0,0,0,0,0,0,-1972,0,0
13620880611,0,0,0,0,0,0,6904,0,0,13620957611,0,0,0,0,0,0,-1975,0,0
13622000611,0,0,0,0,0,0,6877,0,0,13622077611,0,0,0,0,0,0,-1953,0,0
13623120611,0,0,0,0,0,0,6888,0,0,13623197611,0,0,0,0,0,0,-1979,0,0
13624240611,0,0,0,0,0,0,6894,0,0,13624317611,0,0,0,0,0,0,-2002,0,0
13625360611,0,0,0,0,0,0,6932,0,0,13625437611,0,0,0,0,0,0,-2006,0,0
13626480611,0,0,0,0,0,0,280,0,0,13626557611,0,0,0,0,0,0,617,0,0
13627600611,0,0,0,0,0,0,238,0,0,13627677611,0,0,0,0,0,0,601,0,0
13628720611,0,0,0,0,0,0,203,0,0,13628797611,0,0,0,0,0,0,601,0,0
13629840611,0,0,0,0,0,0,202,0,0,13629917611,0,0,0,0,0,0,607,0,0
13630960611,0,0,0,0,0,0,269,0,0,13631037611,0,0,0,0,0,0,586,0,0
13632080611,0,0,0,0,0,0,220,0,0,13632157611,0,0,0,0,0,0,609,0,0
13633200611,0,0,0,0,0,0,268,0,0,13633277611,0,0,0,0,0,0,574,0,0
13634320611,0,0,0,0,0,0,250,0,0,13634397611,0,0,0,0,0,0,591,0,0
13635440611,0,0,0,0,0,0,6886,0,0,13635517611,0,0,0,0,0,0,-2003,0,0
13636560611,0,0,0,0,0,0,6898,0,0,13636637611,0,0,0,0,0,0,-1973,0,0
13637680611,0,0,0,0,0,0,6868,0,0,13637757611,0,0,0,0,0,0,-2011,0,0
13638800611,0,0,0,0,0,0,6880,0,0,13638877611,0,0,0,0,0,0,-1971,0,0
13639920611,0,0,0,0,0,0,6906,0,0,13639997611,0,0,0,0,0,0,-1962,0,0
13641040611,0,0,0,0,0,0,6897,0,0,13641117611,0,0,0,0,0,0,-1922,0,0
13642160611,0,0,0,0,0,0,6906,0,0,13642237611,0,0,0,0,0,0,-1977,0,0
13643280611,0,0,0,0,0,0,6939,0,0,13643357611,0,0,0,0,0,0,-2025,0,0
13644400611,0,0,0,0,0,0,231,0,0,13644477611,0,0,0,0,0,0,559,0,0
13645520611,0,0,0,0,0,0,271,0,0,13645597611,0,0,0,0,0,0,630,0,0
13646640611,0,0,0,0,0,0,217,0,0,13646717611,0,0,0,0,0,0,597,0,0
13647760611,0,0,0,0,0,0,279,0,0,13647837611,0,0,0,0,0,0,605,0,0
13648880611,0,0,0,0,0,0,261,0,0,13648957611,0,0,0,0,0,0,598,0,0
13650000611,0,0,0,0,0,0,242,0,0,13650077611,0,0,0,0,0,0,569,0,0
13651120611,0,0,0,0,0,0,214,0,0,13651197611,0,0,0,0,0,0,608,0,0
13652240611,0,0,0,0,0,0,272,0,0,13652317611,0,0,0,0,0,0,651,0,0
13653360611,0,0,0,0,0,0,6820,0,0,13653437611,0,0,0,0,0,0,-1987,0,0
13654480611,0,0,0,0,0,0,6878,0,0,13654557611,0,0,0,0,0,0,-1925,0,0
13655600611,0,0,0,0,0,0,6860,0,0,13655677611,0,0,0,0,0,0,-1936,0,0
13656720611,0,0,0,0,0,0,6915,0,0,13656797611,0,0,0,0,0,0,-1994,0,0
13657840611,0,0,0,0,0,0,6943,0,0,13657917611,0,0,0,0,0,0,-1980,0,0
13658960611,0,0,0,0,0,0,6874,0,0,13659037611,0,0,0,0,0,0,-2001,0,0
13660080611,0,0,0,0,0,0,6875,0,0,13660157611,0,0,0,0,0,0,-1971,0,0
13661200611,0,0,0,0,0,0,6886,0,0,13661277611,0,0,0,0,0,0,-1955,0,0
13662320611,0,0,0,0,0,0,266,0,0,13662397611,0,0,0,0,0,0,594,0,0
13663440611,0,0,0,0,0,0,271,0,0,13663517611,0,0,0,0,0,0,613,0,0
13664560611,0,0,0,0,0,0,251,0,0,13664637611,0,0,0,0,0,0,627,0,0
13665680611,0,0,0,0,0,0,252,0,0,13665757611,0,0,0,0,0,0,607,0,0
13666800611,0,0,0,0,0,0,193,0,0,13666877611,0,0,0,0,0,0,636,0,0
13667920611,0,0,0,0,0,0,216,0,0,13667997611,0,0,0,0,0,0,583,0,0
13669040611,0,0,0,0,0,0,259,0,0,13669117611,0,0,0,0,0,0,619,0,0
13670160611,0,0,0,0,0,0,271,0,0,13670237611,0,0,0,0,0,0,634,0,0
13671280611,0,0,0,0,0,0,6836,0,0,13671357611,0,0,0,0,0,0,-1936,0,0
13672400611,0,0,0,0,0,0,6869,0,0,13672477611,0,0,0,0,0,0,-2008,0,0
13673520611,0,0,0,0,0,0,6838,0,0,13673597611,0,0,0,0,0,0,-1995,0,0
13674640611,0,0,0,0,0,0,6912,0,0,13674717611,0,0,0,0,0,0,-1998,0,0
13675760611,0,0,0,0,0,0,6901,0,0,13675837611,0,0,0,0,0,0,-1981,0,0
13676880611,0,0,0,0,0,0,6909,0,0,13676957611,0,0,0,0,0,0,-1965,0,0
13678000611,0,0,0,0,0,0,6860,0,0,13678077611,0,0,0,0,0,0,-1941,0,0
13679120611,0,0,0,0,0,0,6885,0,0,13679197611,0,0,0,0,0,0,-1991,0,0
13680240611,0,0,0,0,0,0,262,0,0,13680317611,0,0,0,0,0,0,601,0,0
13681360611,0,0,0,0,0,0,243,0,0,13681437611,0,0,0,0,0,0,615,0,0
13682480611,0,0,0,0,0,0,183,0,0,13682557611,0,0,0,0,0,0,638,0,0
13683600611,0,0,0,0,0,0,216,0,0,13683677611,0,0,0,0,0,0,640,0,0
13684720611,0,0,0,0,0,0,211,0,0,13684797611,0,0,0,0,0,0,590,0,0
13685840611,0,0,0,0,0,0,243,0,0,13685917611,0,0,0,0,0,0,591,0,0
13686960611,0,0,0,0,0,0,248,0,0,13687037611,0,0,0,0,0,0,592,0,0
13688080611,0,0,0,0,0,0,228,0,0,13688157611,0,0,0,0,0,0,589,0,0
13689200611,0,0,0,0,0,0,6804,0,0,13689277611,0,0,0,0,0,0,-1987,0,0
13690320611,0,0,0,0,0,0,6895,0,0,13690397611,0,0,0,0,0,0,-1988,0,0
13691440611,0,0,0,0,0,0,6869,0,0,13691517611,0,0,0,0,0,0,-1993,0,0
13692560611,0,0,0,0,0,0,6853,0,0,13692637611,0,0,0,0,0,0,-1936,0,0
13693680611,0,0,0,0,0,0,6850,0,0,13693757611,0,0,0,0,0,0,-1989,0,0
13694800611,0,0,0,0,0,0,6922,0,0,13694877611,0,0,0,0,0,0,-1985,0,0
13695920611,0,0,0,0,0,0,6840,0,0,13695997611,0,0,0,0,0,0,-2002,0,0
13697040611,0,0,0,0,0,0,6892,0,0,13697117611,0,0,0,0,0,0,-1968,0,0
13698160611,0,0,0,0,0,0,253,0,0,13698237611,0,0,0,0,0,0,604,0,0
13699280611,0,0,0,0,0,0,251,0,0,13699357611,0,0,0,0,0,0,616,0,0
13700400611,0,0,0,0,0,0,245,0,0,13700477611,0,0,0,0,0,0,663,0,0
13701520611,0,0,0,0,0,0,201,0,0,13701597611,0,0,0,0,0,0,616,0,0
13702640611,0,0,0,0,0,0,268,0,0,13702717611,0,0,0,0,0,0,600,0,0
13703760611,0,0,0,0,0,0,235,0,0,13703837611,0,0,0,0,0,0,628,0,0
13704880611,0,0,0,0,0,0,235,0,0,13704957611,0,0,0,0,0,0,625,0,0
13706000611,0,0,0,0,0,0,246,0,0,13706077611,0,0,0,0,0,0,581,0,0
13707120611,0,0,0,0,0,0,6728,0,0,13707197611,0,0,0,0,0,0,-1972,0,0
13708240611,0,0,0,0,0,0,6899,0,0,13708317611,0,0,0,0,0,0,-1963,0,0
13709360611,0,0,0,0,0,0,6913,0,0,13709437611,0,0,0,0,0,0,-1971,0,0
13710480611,0,0,0,0,0,0,6904,0,0,13710557611,0,0,0,0,0,0,-2006,0,0
13711600611,0,0,0,0,0,0,6860,0,0,13711677611,0,0,0,0,0,0,-1977,0,0
13712720611,0,0,0,0,0,0,6874,0,0,13712797611,0,0,0,0,0,0,-1979,0,0
13713840611,0,0,0,0,0,0,6906,0,0,13713917611,0,0,0,0,0,0,-1956,0,0
13714960611,0,0,0,0,0,0,6895,0,0,13715037611,0,0,0,0,0,0,-1948,0,0
13716080611,0,0,0,0,0,0,278,0,0,13716157611,0,0,0,0,0,0,594,0,0
13717200611,0,0,0,0,0,0,242,0,0,13717277611,0,0,0,0,0,0,598,0,0
13718320611,0,0,0,0,0,0,225,0,0,13718397611,0,0,0,0,0,0,591,0,0
13719440611,0,0,0,0,0,0,200,0,0,13719517611,0,0,0,0,0,0,634,0,0
13720560611,0,0,0,0,0,0,206,0,0,13720637611,0,0,0,0,0,0,612,0,0
13721680611,0,0,0,0,0,0,207,0,0,13721757611,0,0,0,0,0,0,609,0,0
13722800611,0,0,0,0,0,0,209,0,0,13722877611,0,0,0,0,0,0,576,0,0
13723920611,0,0,0,0,0,0,216,0,0,13723997611,0,0,0,0,0,0,578,0,0
13725040611,0,0,0,0,0,0,6574,0,0,13725117611,0,0,0,0,0,0,-1954,0,0
13726160611,0,0,0,0,0,0,6890,0,0,13726237611,0,0,0,0,0,0,-1974,0,0
13727280611,0,0,0,0,0,0,6891,0,0,13727357611,0,0,0,0,0,0,-1980,0,0
13728400611,0,0,0,0,0,0,6908,0,0,13728477611,0,0,0,0,0,0,-2017,0,0
13729520611,0,0,0,0,0,0,6912,0,0,13729597611,0,0,0,0,0,0,-1957,0,0
13730640611,0,0,0,0,0,0,6942,0,0,13730717611,0,0,0,0,0,0,-1986,0,0
13731760611,0,0,0,0,0,0,6899,0,0,13731837611,0,0,0,0,0,0,-1960,0,0
13732880611,0,0,0,0,0,0,6920,0,0,13732957611,0,0,0,0,0,0,-1953,0,0
13734000611,0,0,0,0,0,0,281,0,0,13734077611,0,0,0,0,0,0,612,0,0
13735120611,0,0,0,0,0,0,254,0,0,13735197611,0,0,0,0,0,0,597,0,0
13736240611,0,0,0,0,0,0,234,0,0,13736317611,0,0,0,0,0,0,621,0,0
13737360611,0,0,0,0,0,0,248,0,0,13737437611,0,0,0,0,0,0,587,0,0
13738480611,0,0,0,0,0,0,242,0,0,13738557611,0,0,0,0,0,0,615,0,0
13739600611,0,0,0,0,0,0,245,0,0,13739677611,0,0,0,0,0,0,614,0,0
13740720611,0,0,0,0,0,0,236,0,0,13740797611,0,0,0,0,0,0,639,0,0
13741840611,0,0,0,0,0,0,232,0,0,13741917611,0,0,0,0,0,0,622,0,0
13742960611,0,0,0,0,0,0,6280,0,0,13743037611,0,0,0,0,0,0,-1900,0,0
13744080611,0,0,0,0,0,0,6885,0,0,13744157611,0,0,0,0,0,0,-1959,0,0
13745200611,0,0,0,0,0,0,6889,0,0,13745277611,0,0,0,0,0,0,-1998,0,0
13746320611,0,0,0,0,0,0,6891,0,0,13746397611,0,0,0,0,0,0,-1990,0,0
13747440611,0,0,0,0,0,0,6876,0,0,13747517611,0,0,0,0,0,0,-1994,0,0
13748560611,0,0,0,0,0,0,6882,0,0,13748637611,0,0,0,0,0,0,-1966,0,0
13749680611,0,0,0,0,0,0,6876,0,0,13749757611,0,0,0,0,0,0,-1933,0,0
13750800611,0,0,0,0,0,0,6904,0,0,13750877611,0,0,0,0,0,0,-2009,0,0
13751920611,0,0,0,0,0,0,430,0,0,13751997611,0,0,0,0,0,0,594,0,0
13753040611,0,0,0,0,0,0,248,0,0,13753117611,0,0,0,0,0,0,589,0,0
13754160611,0,0,0,0,0,0,272,0,0,13754237611,0,0,0,0,0,0,616,0,0
13755280611,0,0,0,0,0,0,232,0,0,13755357611,0,0,0,0,0,0,587,0,0
13756400611,0,0,0,0,0,0,242,0,0,13756477611,0,0,0,0,0,0,604,0,0
13757520611,0,0,0,0,0,0,280,0,0,13757597611,0,0,0,0,0,0,615,0,0
13758640611,0,0,0,0,0,0,225,0,0,13758717611,0,0,0,0,0,0,601,0,0
13759760611,0,0,0,0,0,0,242,0,0,13759837611,0,0,0,0,0,0,621,0,0
13760880611,0,0,0,0,0,0,5618,0,0,13760957611,0,0,0,0,0,0,-1913,0,0
13762000611,0,0,0,0,0,0,6891,0,0,13762077611,0,0,0,0,0,0,-1959,0,0
13763120611,0,0,0,0,0,0,6907,0,0,13763197611,0,0,0,0,0,0,-1998,0,0
13764240611,0,0,0,0,0,0,6901,0,0,13764317611,0,0,0,0,0,0,-1998,0,0
13765360611,0,0,0,0,0,0,6827,0,0,13765437611,0,0,0,0,0,0,-1967,0,0
13766480611,0,0,0,0,0,0,6865,0,0,13766557611,0,0,0,0,0,0,-2017,0,0
13767600611,0,0,0,0,0,0,6873,0,0,13767677611,0,0,0,0,0,0,-1975,0,0
13768720611,0,0,0,0,0,0,6870,0,0,13768797611,0,0,0,0,0,0,-2014,0,0
13769840611,0,0,0,0,0,0,944,0,0,13769917611,0,0,0,0,0,0,584,0,0
13770960611,0,0,0,0,0,0,286,0,0,13771037611,0,0,0,0,0,0,614,0,0
13772080611,0,0,0,0,0,0,199,0,0,13772157611,0,0,0,0,0,0,569,0,0
13773200611,0,0,0,0,0,0,230,0,0,13773277611,0,0,0,0,0,0,612,0,0
13774320611,0,0,0,0,0,0,246,0,0,13774397611,0,0,0,0,0,0,595,0,0
13775440611,0,0,0,0,0,0,243,0,0,13775517611,0,0,0,0,0,0,635,0,0
13776560611,0,0,0,0,0,0,246,0,0,13776637611,0,0,0,0,0,0,630,0,0
13777680611,0,0,0,0,0,0,234,0,0,13777757611,0,0,0,0,0,0,608,0,0
13778800611,0,0,0,0,0,0,4288,0,0,13778877611,0,0,0,0,0,0,-1849,0,0
13779920611,0,0,0,0,0,0,6902,0,0,13779997611,0,0,0,0,0,0,-1975,0,0
13781040611,0,0,0,0,0,0,6930,0,0,13781117611,0,0,0,0,0,0,-1974,0,0
13782160611,0,0,0,0,0,0,6898,0,0,13782237611,0,0,0,0,0,0,-1960,0,0
13783280611,0,0,0,0,0,0,6906,0,0,13783357611,0,0,0,0,0,0,-1951,0,0
13784400611,0,0,0,0,0,0,6880,0,0,13784477611,0,0,0,0,0,0,-2009,0,0
13785520611,0,0,0,0,0,0,6858,0,0,13785597611,0,0,0,0,0,0,-1977,0,0
13786640611,0,0,0,0,0,0,6878,0,0,13786717611,0,0,0,0,0,0,-1974,0,0
13787760611,0,0,0,0,0,0,3437,0,0,13787837611,0,0,0,0,0,0,586,0,0
13788880611,0,0,0,0,0,0,234,0,0,13788957611,0,0,0,0,0,0,614,0,0
13790000611,0,0,0,0,0,0,245,0,0,13790077611,0,0,0,0,0,0,603,0,0
13791120611,0,0,0,0,0,0,257,0,0,13791197611,0,0,0,0,0,0,612,0,0
13792240611,0,0,0,0,0,0,251,0,0,13792317611,0,0,0,0,0,0,589,0,0
13793360611,0,0,0,0,0,0,253,0,0,13793437611,0,0,0,0,0,0,580,0,0
13794480611,0,0,0,0,0,0,247,0,0,13794557611,0,0,0,0,0,0,605,0,0
13795600611,0,0,0,0,0,0,222,0,0,13795677611,0,0,0,0,0,0,591,0,0
13796720611,0,0,0,0,0,0,1213,0,0,13796797611,0,0,0,0,0,0,-1690,0,0
13797840611,0,0,0,0,0,0,6864,0,0,13797917611,0,0,0,0,0,0,-2006,0,0
13798960611,0,0,0,0,0,0,6925,0,0,13799037611,0,0,0,0,0,0,-1992,0,0
13800080611,0,0,0,0,0,0,6893,0,0,13800157611,0,0,0,0,0,0,-1978,0,0
13801200611,0,0,0,0,0,0,6895,0,0,13801277611,0,0,0,0,0,0,-1972,0,0
13802320611,0,0,0,0,0,0,6901,0,0,13802397611,0,0,0,0,0,0,-1973,0,0
13803440611,0,0,0,0,0,0,6873,0,0,13803517611,0,0,0,0,0,0,-2004,0,0
13804560611,0,0,0,0,0,0,6878,0,0,13804637611,0,0,0,0,0,0,-1980,0,0
13805680611,0,0,0,0,0,0,6868,0,0,13805757611,0,0,0,0,0,0,530,0,0
13806800611,0,0,0,0,0,0,229,0,0,13806877611,0,0,0,0,0,0,556,0,0
13807920611,0,0,0,0,0,0,202,0,0,13807997611,0,0,0,0,0,0,577,0,0
13809040611,0,0,0,0,0,0,206,0,0,13809117611,0,0,0,0,0,0,586,0,0
13810160611,0,0,0,0,0,0,231,0,0,13810237611,0,0,0,0,0,0,673,0,0
13811280611,0,0,0,0,0,0,209,0,0,13811357611,0,0,0,0,0,0,603,0,0
13812400611,0,0,0,0,0,0,257,0,0,13812477611,0,0,0,0,0,0,609,0,0
13813520611,0,0,0,0,0,0,213,0,0,13813597611,0,0,0,0,0,0,569,0,0
13814640611,0,0,0,0,0,0,210,0,0,13814717611,0,0,0,0,0,0,596,0,0
13815760611,0,0,0,0,0,0,253,0,0,13815837611,0,0,0,0,0,0,585,0,0
13816880611,0,0,0,0,0,0,253,0,0,13816957611,0,0,0,0,0,0,652,0,0
13818000611,0,0,0,0,0,0,271,0,0,13818077611,0,0,0,0,0,0,597,0,0
13819120611,0,0,0,0,0,0,258,0,0,13819197611,0,0,0,0,0,0,628,0,0
13820240611,0,0,0,0,0,0,238,0,0,13820317611,0,0,0,0,0,0,616,0,0
13821360611,0,0,0,0,0,0,254,0,0,13821437611,0,0,0,0,0,0,617,0,0
13822480611,0,0,0,0,0,0,282,0,0,13822557611,0,0,0,0,0,0,599,0,0
13823600611,0,0,0,0,0,0,249,0,0,13823677611,0,0,0,0,0,0,654,0,0
13824720611,0,0,0,0,0,0,219,0,0,13824797611,0,0,0,0,0,0,593,0,0
13825840611,0,0,0,0,0,0,243,0,0,13825917611,0,0,0,0,0,0,566,0,0
13826960611,0,0,0,0,0,0,245,0,0,13827037611,0,0,0,0,0,0,624,0,0
13828080611,0,0,0,0,0,0,225,0,0,13828157611,0,0,0,0,0,0,634,0,0
13829200611,0,0,0,0,0,0,211,0,0,13829277611,0,0,0,0,0,0,630,0,0
13830320611,0,0,0,0,0,0,257,0,0,13830397611,0,0,0,0,0,0,610,0,0
13831440611,0,0,0,0,0,0,222,0,0,13831517611,0,0,0,0,0,0,596,0,0
13832560611,0,0,0,0,0,0,247,0,0,13832637611,0,0,0,0,0,0,619,0,0
13833680611,0,0,0,0,0,0,229,0,0,13833757611,0,0,0,0,0,0,593,0,0
13834800611,0,0,0,0,0,0,229,0,0,13834877611,0,0,0,0,0,0,640,0,0
13835920611,0,0,0,0,0,0,228,0,0,13835997611,0,0,0,0,0,0,575,0,0
13837040611,0,0,0,0,0,0,258,0,0,13837117611,0,0,0,0,0,0,641,0,0
13838160611,0,0,0,0,0,0,231,0,0,13838237611,0,0,0,0,0,0,610,0,0
13839280611,0,0,0,0,0,0,222,0,0,13839357611,0,0,0,0,0,0,605,0,0
13840400611,0,0,0,0,0,0,258,0,0,13840477611,0,0,0,0,0,0,615,0,0
13841520611,0,0,0,0,0,0,250,0,0,13841597611,0,0,0,0,0,0,616,0,0
13842640611,0,0,0,0,0,0,257,0,0,13842717611,0,0,0,0,0,0,605,0,0
13843760611,0,0,0,0,0,0,250,0,0,13843837611,0,0,0,0,0,0,593,0,0
13844880611,0,0,0,0,0,0,274,0,0,13844957611,0,0,0,0,0,0,603,0,0
13846000611,0,0,0,0,0,0,230,0,0,13846077611,0,0,0,0,0,0,614,0,0
13847120611,0,0,0,0,0,0,236,0,0,13847197611,0,0,0,0,0,0,643,0,0
13848240611,0,0,0,0,0,0,238,0,0,13848317611,0,0,0,0,0,0,633,0,0
13849360611,0,0,0,0,0,0,194,0,0,13849437611,0,0,0,0,0,0,668,0,0
13850480611,0,0,0,0,0,0,222,0,0,13850557611,0,0,0,0,0,0,642,0,0
13851600611,0,0,0,0,0,0,228,0,0,13851677611,0,0,0,0,0,0,587,0,0
13852720611,0,0,0,0,0,0,217,0,0,13852797611,0,0,0,0,0,0,574,0,0
13853840611,0,0,0,0,0,0,211,0,0,13853917611,0,0,0,0,0,0,597,0,0
13854960611,0,0,0,0,0,0,235,0,0,13855037611,0,0,0,0,0,0,613,0,0
13856080611,0,0,0,0,0,0,263,0,0,13856157611,0,0,0,0,0,0,621,0,0
13857200611,0,0,0,0,0,0,221,0,0,13857277611,0,0,0,0,0,0,590,0,0
13858320611,0,0,0,0,0,0,221,0,0,13858397611,0,0,0,0,0,0,593,0,0
13859440611,0,0,0,0,0,0,239,0,0,13859517611,0,0,0,0,0,0,639,0,0
13860560611,0,0,0,0,0,0,252,0,0,13860637611,0,0,0,0,0,0,635,0,0
13861680611,0,0,0,0,0,0,242,0,0,13861757611,0,0,0,0,0,0,572,0,0
13862800611,0,0,0,0,0,0,208,0,0,13862877611,0,0,0,0,0,0,628,0,0
13863920611,0,0,0,0,0,0,207,0,0,13863997611,0,0,0,0,0,0,631,0,0
13865040611,0,0,0,0,0,0,241,0,0,13865117611,0,0,0,0,0,0,598,0,0
13866160611,0,0,0,0,0,0,219,0,0,13866237611,0,0,0,0,0,0,619,0,0
13867280611,0,0,0,0,0,0,213,0,0,13867357611,0,0,0,0,0,0,607,0,0
13868400611,0,0,0,0,0,0,210,0,0,13868477611,0,0,0,0,0,0,571,0,0
13869520611,0,0,0,0,0,0,235,0,0,13869597611,0,0,0,0,0,0,581,0,0
13870640611,0,0,0,0,0,0,272,0,0,13870717611,0,0,0,0,0,0,605,0,0
13871760611,0,0,0,0,0,0,237,0,0,13871837611,0,0,0,0,0,0,579,0,0
13872880611,0,0,0,0,0,0,261,0,0,13872957611,0,0,0,0,0,0,609,0,0
13874000611,0,0,0,0,0,0,260,0,0,13874077611,0,0,0,0,0,0,639,0,0
13875120611,0,0,0,0,0,0,259,0,0,13875197611,0,0,0,0,0,0,565,0,0
13876240611,0,0,0,0,0,0,260,0,0,13876317611,0,0,0,0,0,0,646,0,0
13877360611,0,0,0,0,0,0,257,0,0,13877437611,0,0,0,0,0,0,562,0,0
13878480611,0,0,0,0,0,0,239,0,0,13878557611,0,0,0,0,0,0,604,0,0
13879600611,0,0,0,0,0,0,226,0,0,13879677611,0,0,0,0,0,0,603,0,0
13880720611,0,0,0,0,0,0,266,0,0,13880797611,0,0,0,0,0,0,588,0,0
13881840611,0,0,0,0,0,0,219,0,0,13881917611,0,0,0,0,0,0,537,0,0
13882960611,0,0,0,0,0,0,257,0,0,13883037611,0,0,0,0,0,0,597,0,0
13884080611,0,0,0,0,0,0,248,0,0,13884157611,0,0,0,0,0,0,615,0,0
13885200611,0,0,0,0,0,0,261,0,0,13885277611,0,0,0,0,0,0,592,0,0
13886320611,0,0,0,0,0,0,279,0,0,13886397611,0,0,0,0,0,0,588,0,0
13887440611,0,0,0,0,0,0,246,0,0,13887517611,0,0,0,0,0,0,626,0,0
13888560611,0,0,0,0,0,0,238,0,0,13888637611,0,0,0,0,0,0,598,0,0
13889680611,0,0,0,0,0,0,207,0,0,13889757611,0,0,0,0,0,0,639,0,0
13890800611,0,0,0,0,0,0,255,0,0,13890877611,0,0,0,0,0,0,635,0,0
13891920611,0,0,0,0,0,0,236,0,0,13891997611,0,0,0,0,0,0,600,0,0
13893040611,0,0,0,0,0,0,253,0,0,13893117611,0,0,0,0,0,0,617,0,0
13894160611,0,0,0,0,0,0,255,0,0,13894237611,0,0,0,0,0,0,630,0,0
13895280611,0,0,0,0,0,0,284,0,0,13895357611,0,0,0,0,0,0,622,0,0
13896400611,0,0,0,0,0,0,240,0,0,13896477611,0,0,0,0,0,0,617,0,0
13897520611,0,0,0,0,0,0,212,0,0,13897597611,0,0,0,0,0,0,587,0,0
13898640611,0,0,0,0,0,0,234,0,0,13898717611,0,0,0,0,0,0,570,0,0
13899760611,0,0,0,0,0,0,261,0,0,13899837611,0,0,0,0,0,0,587,0,0
13900880611,0,0,0,0,0,0,259,0,0,13900957611,0,0,0,0,0,0,621,0,0
13902000611,0,0,0,0,0,0,216,0,0,13902077611,0,0,0,0,0,0,613,0,0
13903120611,0,0,0,0,0,0,235,0,0,13903197611,0,0,0,0,0,0,607,0,0
13904240611,0,0,0,0,0,0,278,0,0,13904317611,0,0,0,0,0,0,633,0,0
13905360611,0,0,0,0,0,0,267,0,0,13905437611,0,0,0,0,0,0,626,0,0
13906480611,0,0,0,0,0,0,224,0,0,13906557611,0,0,0,0,0,0,595,0,0
13907600611,0,0,0,0,0,0,254,0,0,13907677611,0,0,0,0,0,0,577,0,0
13908720611,0,0,0,0,0,0,227,0,0,13908797611,0,0,0,0,0,0,622,0,0
13909840611,0,0,0,0,0,0,290,0,0,13909917611,0,0,0,0,0,0,608,0,0
13910960611,0,0,0,0,0,0,255,0,0,13911037611,0,0,0,0,0,0,592,0,0
13912080611,0,0,0,0,0,0,264,0,0,13912157611,0,0,0,0,0,0,575,0,0
13913200611,0,0,0,0,0,0,227,0,0,13913277611,0,0,0,0,0,0,671,0,0
13914320611,0,0,0,0,0,0,272,0,0,13914397611,0,0,0,0,0,0,662,0,0
13915440611,0,0,0,0,0,0,259,0,0,13915517611,0,0,0,0,0,0,583,0,0
13916560611,0,0,0,0,0,0,237,0,0,13916637611,0,0,0,0,0,0,635,0,0
13917680611,0,0,0,0,0,0,233,0,0,13917757611,0,0,0,0,0,0,654,0,0
13918800611,0,0,0,0,0,0,258,0,0,13918877611,0,0,0,0,0,0,604,0,0
13919920611,0,0,0,0,0,0,225,0,0,13919997611,0,0,0,0,0,0,631,0,0
13921040611,0,0,0,0,0,0,213,0,0,13921117611,0,0,0,0,0,0,646,0,0
13922160611,0,0,0,0,0,0,197,0,0,13922237611,0,0,0,0,0,0,565,0,0
13923280611,0,0,0,0,0,0,266,0,0,13923357611,0,0,0,0,0,0,585,0,0
13924400611,0,0,0,0,0,0,255,0,0,13924477611,0,0,0,0,0,0,635,0,0
13925520611,0,0,0,0,0,0,226,0,0,13925597611,0,0,0,0,0,0,620,0,0
13926640611,0,0,0,0,0,0,264,0,0,13926717611,0,0,0,0,0,0,628,0,0
13927760611,0,0,0,0,0,0,237,0,0,13927837611,0,0,0,0,0,0,640,0,0
13928880611,0,0,0,0,0,0,3380,0,0,13928957611,0,0,0,0,0,0,-1821,0,0
13930000611,0,0,0,0,0,0,6897,0,0,13930077611,0,0,0,0,0,0,-2020,0,0
13931120611,0,0,0,0,0,0,6889,0,0,13931197611,0,0,0,0,0,0,-2007,0,0
13932240611,0,0,0,0,0,0,6907,0,0,13932317611,0,0,0,0,0,0,-1997,0,0
13933360611,0,0,0,0,0,0,6900,0,0,13933437611,0,0,0,0,0,0,-2006,0,0
13934480611,0,0,0,0,0,0,6916,0,0,13934557611,0,0,0,0,0,0,-1962,0,0
13935600611,0,0,0,0,0,0,6905,0,0,13935677611,0,0,0,0,0,0,-2025,0,0
13936720611,0,0,0,0,0,0,6894,0,0,13936797611,0,0,0,0,0,0,-1977,0,0
13937840611,0,0,0,0,0,0,3112,0,0,13937917611,0,0,0,0,0,0,569,0,0
13938960611,0,0,0,0,0,0,303,0,0,13939037611,0,0,0,0,0,0,593,0,0
13940080611,0,0,0,0,0,0,216,0,0,13940157611,0,0,0,0,0,0,631,0,0
13941200611,0,0,0,0,0,0,206,0,0,13941277611,0,0,0,0,0,0,617,0,0
13942320611,0,0,0,0,0,0,217,0,0,13942397611,0,0,0,0,0,0,577,0,0
13943440611,0,0,0,0,0,0,251,0,0,13943517611,0,0,0,0,0,0,621,0,0
13944560611,0,0,0,0,0,0,215,0,0,13944637611,0,0,0,0,0,0,596,0,0
13945680611,0,0,0,0,0,0,272,0,0,13945757611,0,0,0,0,0,0,617,0,0
13946800611,0,0,0,0,0,0,1660,0,0,13946877611,0,0,0,0,0,0,-1693,0,0
13947920611,0,0,0,0,0,0,6922,0,0,13947997611,0,0,0,0,0,0,-1965,0,0
13949040611,0,0,0,0,0,0,6918,0,0,13949117611,0,0,0,0,0,0,-2028,0,0
13950160611,0,0,0,0,0,0,6899,0,0,13950237611,0,0,0,0,0,0,-1975,0,0
13951280611,0,0,0,0,0,0,6908,0,0,13951357611,0,0,0,0,0,0,-1964,0,0
13952400611,0,0,0,0,0,0,6888,0,0,13952477611,0,0,0,0,0,0,-1971,0,0
13953520611,0,0,0,0,0,0,6881,0,0,13953597611,0,0,0,0,0,0,-2010,0,0
13954640611,0,0,0,0,0,0,6895,0,0,13954717611,0,0,0,0,0,0,-1986,0,0
13955760611,0,0,0,0,0,0,6854,0,0,13955837611,0,0,0,0,0,0,544,0,0
13956880611,0,0,0,0,0,0,213,0,0,13956957611,0,0,0,0,0,0,615,0,0
13958000611,0,0,0,0,0,0,265,0,0,13958077611,0,0,0,0,0,0,592,0,0
13959120611,0,0,0,0,0,0,252,0,0,13959197611,0,0,0,0,0,0,674,0,0
13960240611,0,0,0,0,0,0,236,0,0,13960317611,0,0,0,0,0,0,618,0,0
13961360611,0,0,0,0,0,0,221,0,0,13961437611,0,0,0,0,0,0,592,0,0
13962480611,0,0,0,0,0,0,287,0,0,13962557611,0,0,0,0,0,0,583,0,0
13963600611,0,0,0,0,0,0,231,0,0,13963677611,0,0,0,0,0,0,575,0,0
13964720611,0,0,0,0,0,0,221,0,0,13964797611,0,0,0,0,0,0,-1414,0,0
13965840611,0,0,0,0,0,0,6938,0,0,13965917611,0,0,0,0,0,0,-2007,0,0
13966960611,0,0,0,0,0,0,6809,0,0,13967037611,0,0,0,0,0,0,-2015,0,0
13968080611,0,0,0,0,0,0,6919,0,0,13968157611,0,0,0,0,0,0,-2010,0,0
13969200611,0,0,0,0,0,0,6889,0,0,13969277611,0,0,0,0,0,0,-1968,0,0
13970320611,0,0,0,0,0,0,6926,0,0,13970397611,0,0,0,0,0,0,-1962,0,0
13971440611,0,0,0,0,0,0,6876,0,0,13971517611,0,0,0,0,0,0,-1977,0,0
13972560611,0,0,0,0,0,0,6873,0,0,13972637611,0,0,0,0,0,0,-1995,0,0
13973680611,0,0,0,0,0,0,6869,0,0,13973757611,0,0,0,0,0,0,143,0,0
13974800611,0,0,0,0,0,0,193,0,0,13974877611,0,0,0,0,0,0,643,0,0
13975920611,0,0,0,0,0,0,222,0,0,13975997611,0,0,0,0,0,0,581,0,0
13977040611,0,0,0,0,0,0,263,0,0,13977117611,0,0,0,0,0,0,663,0,0
13978160611,0,0,0,0,0,0,243,0,0,13978237611,0,0,0,0,0,0,594,0,0
13979280611,0,0,0,0,0,0,245,0,0,13979357611,0,0,0,0,0,0,557,0,0
13980400611,0,0,0,0,0,0,254,0,0,13980477611,0,0,0,0,0,0,649,0,0
13981520611,0,0,0,0,0,0,219,0,0,13981597611,0,0,0,0,0,0,584,0,0
13982640611,0,0,0,0,0,0,282,0,0,13982717611,0,0,0,0,0,0,-795,0,0
13983760611,0,0,0,0,0,0,6886,0,0,13983837611,0,0,0,0,0,0,-1979,0,0
13984880611,0,0,0,0,0,0,6908,0,0,13984957611,0,0,0,0,0,0,-1987,0,0
13986000611,0,0,0,0,0,0,6886,0,0,13986077611,0,0,0,0,0,0,-1971,0,0
13987120611,0,0,0,0,0,0,6896,0,0,13987197611,0,0,0,0,0,0,-1981,0,0
13988240611,0,0,0,0,0,0,6877,0,0,13988317611,0,0,0,0,0,0,-2009,0,0
13989360611,0,0,0,0,0,0,6871,0,0,13989437611,0,0,0,0,0,0,-1993,0,0
13990480611,0,0,0,0,0,0,6939,0,0,13990557611,0,0,0,0,0,0,-1993,0,0
13991600611,0,0,0,0,0,0,6904,0,0,13991677611,0,0,0,0,0,0,-1034,0,0
13992720611,0,0,0,0,0,0,256,0,0,13992797611,0,0,0,0,0,0,600,0,0
13993840611,0,0,0,0,0,0,261,0,0,13993917611,0,0,0,0,0,0,582,0,0
13994960611,0,0,0,0,0,0,218,0,0,13995037611,0,0,0,0,0,0,603,0,0
13996080611,0,0,0,0,0,0,207,0,0,13996157611,0,0,0,0,0,0,623,0,0
13997200611,0,0,0,0,0,0,223,0,0,13997277611,0,0,0,0,0,0,611,0,0
13998320611,0,0,0,0,0,0,265,0,0,13998397611,0,0,0,0,0,0,560,0,0
13999440611,0,0,0,0,0,0,205,0,0,13999517611,0,0,0,0,0,0,605,0,0
14000560611,0,0,0,0,0,0,211,0,0,14000637611,0,0,0,0,0,0,514,0,0
14001680611,0,0,0,0,0,0,6883,0,0,14001757611,0,0,0,0,0,0,-2003,0,0
14002800611,0,0,0,0,0,0,6908,0,0,14002877611,0,0,0,0,0,0,-2029,0,0
14003920611,0,0,0,0,0,0,6865,0,0,14003997611,0,0,0,0,0,0,-1942,0,0
14005040611,0,0,0,0,0,0,6909,0,0,14005117611,0,0,0,0,0,0,-1963,0,0
14006160611,0,0,0,0,0,0,6874,0,0,14006237611,0,0,0,0,0,0,-2005,0,0
14007280611,0,0,0,0,0,0,6894,0,0,14007357611,0,0,0,0,0,0,-2040,0,0
14008400611,0,0,0,0,0,0,6869,0,0,14008477611,0,0,0,0,0,0,-1977,0,0
14009520611,0,0,0,0,0,0,6944,0,0,14009597611,0,0,0,0,0,0,-1994,0,0
14010640611,0,0,0,0,0,0,289,0,0,14010717611,0,0,0,0,0,0,586,0,0
14011760611,0,0,0,0,0,0,216,0,0,14011837611,0,0,0,0,0,0,658,0,0
14012880611,0,0,0,0,0,0,280,0,0,14012957611,0,0,0,0,0,0,618,0,0
14014000611,0,0,0,0,0,0,254,0,0,14014077611,0,0,0,0,0,0,599,0,0
14015120611,0,0,0,0,0,0,225,0,0,14015197611,0,0,0,0,0,0,625,0,0
14016240611,0,0,0,0,0,0,248,0,0,14016317611,0,0,0,0,0,0,593,0,0
14017360611,0,0,0,0,0,0,264,0,0,14017437611,0,0,0,0,0,0,632,0,0
14018480611,0,0,0,0,0,0,236,0,0,14018557611,0,0,0,0,0,0,609,0,0
14019600611,0,0,0,0,0,0,6936,0,0,14019677611,0,0,0,0,0,0,-2048,0,0
14020720611,0,0,0,0,0,0,6872,0,0,14020797611,0,0,0,0,0,0,-1999,0,0
14021840611,0,0,0,0,0,0,6862,0,0,14021917611,0,0,0,0,0,0,-2009,0,0
14022960611,0,0,0,0,0,0,6887,0,0,14023037611,0,0,0,0,0,0,-2017,0,0
14024080611,0,0,0,0,0,0,6897,0,0,14024157611,0,0,0,0,0,0,-1987,0,0
14025200611,0,0,0,0,0,0,6902,0,0,14025277611,0,0,0,0,0,0,-1975,0,0
14026320611,0,0,0,0,0,0,6902,0,0,14026397611,0,0,0,0,0,0,-1995,0,0
14027440611,0,0,0,0,0,0,6917,0,0,14027517611,0,0,0,0,0,0,-1996,0,0
14028560611,0,0,0,0,0,0,275,0,0,14028637611,0,0,0,0,0,0,596,0,0
14029680611,0,0,0,0,0,0,270,0,0,14029757611,0,0,0,0,0,0,561,0,0
14030800611,0,0,0,0,0,0,276,0,0,14030877611,0,0,0,0,0,0,589,0,0
14031920611,0,0,0,0,0,0,259,0,0,14031997611,0,0,0,0,0,0,566,0,0
14033040611,0,0,0,0,0,0,223,0,0,14033117611,0,0,0,0,0,0,594,0,0
14034160611,0,0,0,0,0,0,264,0,0,14034237611,0,0,0,0,0,0,594,0,0
14035280611,0,0,0,0,0,0,234,0,0,14035357611,0,0,0,0,0,0,622,0,0
14036400611,0,0,0,0,0,0,200,0,0,14036477611,0,0,0,0,0,0,584,0,0
14037520611,0,0,0,0,0,0,6883,0,0,14037597611,0,0,0,0,0,0,-1972,0,0
14038640611,0,0,0,0,0,0,6871,0,0,14038717611,0,0,0,0,0,0,-2005,0,0
14039760611,0,0,0,0,0,0,6906,0,0,14039837611,0,0,0,0,0,0,-2044,0,0
14040880611,0,0,0,0,0,0,6886,0,0,14040957611,0,0,0,0,0,0,-1975,0,0
14042000611,0,0,0,0,0,0,6912,0,0,14042077611,0,0,0,0,0,0,-2021,0,0
14043120611,0,0,0,0,0,0,6886,0,0,14043197611,0,0,0,0,0,0,-1965,0,0
14044240611,0,0,0,0,0,0,6875,0,0,14044317611,0,0,0,0,0,0,-1963,0,0
14045360611,0,0,0,0,0,0,6930,0,0,14045437611,0,0,0,0,0,0,-2015,0,0
14046480611,0,0,0,0,0,0,216,0,0,14046557611,0,0,0,0,0,0,619,0,0
14047600611,0,0,0,0,0,0,183,0,0,14047677611,0,0,0,0,0,0,627,0,0
14048720611,0,0,0,0,0,0,208,0,0,14048797611,0,0,0,0,0,0,628,0,0
14049840611,0,0,0,0,0,0,253,0,0,14049917611,0,0,0,0,0,0,614,0,0
14050960611,0,0,0,0,0,0,179,0,0,14051037611,0,0,0,0,0,0,583,0,0
14052080611,0,0,0,0,0,0,242,0,0,14052157611,0,0,0,0,0,0,623,0,0
14053200611,0,0,0,0,0,0,283,0,0,14053277611,0,0,0,0,0,0,572,0,0
14054320611,0,0,0,0,0,0,259,0,0,14054397611,0,0,0,0,0,0,595,0,0
14055440611,0,0,0,0,0,0,6844,0,0,14055517611,0,0,0,0,0,0,-2025,0,0
14056560611,0,0,0,0,0,0,6902,0,0,14056637611,0,0,0,0,0,0,-2035,0,0
14057680611,0,0,0,0,0,0,6874,0,0,14057757611,0,0,0,0,0,0,-1954,0,0
14058800611,0,0,0,0,0,0,6922,0,0,14058877611,0,0,0,0,0,0,-2002,0,0
14059920611,0,0,0,0,0,0,6892,0,0,14059997611,0,0,0,0,0,0,-2035,0,0
14061040611,0,0,0,0,0,0,6950,0,0,14061117611,0,0,0,0,0,0,-1948,0,0
14062160611,0,0,0,0,0,0,6883,0,0,14062237611,0,0,0,0,0,0,-1979,0,0
14063280611,0,0,0,0,0,0,6893,0,0,14063357611,0,0,0,0,0,0,-1941,0,0
14064400611,0,0,0,0,0,0,225,0,0,14064477611,0,0,0,0,0,0,636,0,0
14065520611,0,0,0,0,0,0,270,0,0,14065597611,0,0,0,0,0,0,577,0,0
14066640611,0,0,0,0,0,0,268,0,0,14066717611,0,0,0,0,0,0,605,0,0
14067760611,0,0,0,0,0,0,223,0,0,14067837611,0,0,0,0,0,0,621,0,0
14068880611,0,0,0,0,0,0,236,0,0,14068957611,0,0,0,0,0,0,636,0,0
14070000611,0,0,0,0,0,0,253,0,0,14070077611,0,0,0,0,0,0,636,0,0
14071120611,0,0,0,0,0,0,271,0,0,14071197611,0,0,0,0,0,0,586,0,0
14072240611,0,0,0,0,0,0,259,0,0,14072317611,0,0,0,0,0,0,619,0,0
14073360611,0,0,0,0,0,0,6957,0,0,14073437611,0,0,0,0,0,0,-2008,0,0
14074480611,0,0,0,0,0,0,6893,0,0,14074557611,0,0,0,0,0,0,-1999,0,0
14075600611,0,0,0,0,0,0,6905,0,0,14075677611,0,0,0,0,0,0,-1976,0,0
14076720611,0,0,0,0,0,0,6909,0,0,14076797611,0,0,0,0,0,0,-2047,0,0
14077840611,0,0,0,0,0,0,6851,0,0,14077917611,0,0,0,0,0,0,-2002,0,0
14078960611,0,0,0,0,0,0,6929,0,0,14079037611,0,0,0,0,0,0,-2019,0,0
14080080611,0,0,0,0,0,0,6903,0,0,14080157611,0,0,0,0,0,0,-1979,0,0
14081200611,0,0,0,0,0,0,6891,0,0,14081277611,0,0,0,0,0,0,-2020,0,0
14082320611,0,0,0,0,0,0,221,0,0,14082397611,0,0,0,0,0,0,622,0,0
14083440611,0,0,0,0,0,0,214,0,0,14083517611,0,0,0,0,0,0,612,0,0
14084560611,0,0,0,0,0,0,231,0,0,14084637611,0,0,0,0,0,0,607,0,0
14085680611,0,0,0,0,0,0,279,0,0,14085757611,0,0,0,0,0,0,665,0,0
14086800611,0,0,0,0,0,0,238,0,0,14086877611,0,0,0,0,0,0,552,0,0
14087920611,0,0,0,0,0,0,235,0,0,14087997611,0,0,0,0,0,0,607,0,0
14089040611,0,0,0,0,0,0,264,0,0,14089117611,0,0,0,0,0,0,611,0,0
14090160611,0,0,0,0,0,0,252,0,0,14090237611,0,0,0,0,0,0,588,0,0
14091280611,0,0,0,0,0,0,6864,0,0,14091357611,0,0,0,0,0,0,-2007,0,0
14092400611,0,0,0,0,0,0,6907,0,0,14092477611,0,0,0,0,0,0,-1993,0,0
14093520611,0,0,0,0,0,0,6888,0,0,14093597611,0,0,0,0,0,0,-1945,0,0
14094640611,0,0,0,0,0,0,6894,0,0,14094717611,0,0,0,0,0,0,-2002,0,0
14095760611,0,0,0,0,0,0,6897,0,0,14095837611,0,0,0,0,0,0,-1996,0,0
14096880611,0,0,0,0,0,0,6887,0,0,14096957611,0,0,0,0,0,0,-1996,0,0
14098000611,0,0,0,0,0,0,6896,0,0,14098077611,0,0,0,0,0,0,-2006,0,0
14099120611,0,0,0,0,0,0,6852,0,0,14099197611,0,0,0,0,0,0,-2002,0,0
14100240611,0,0,0,0,0,0,271,0,0,14100317611,0,0,0,0,0,0,627,0,0
14101360611,0,0,0,0,0,0,217,0,0,14101437611,0,0,0,0,0,0,622,0,0
14102480611,0,0,0,0,0,0,223,0,0,14102557611,0,0,0,0,0,0,628,0,0
14103600611,0,0,0,0,0,0,245,0,0,14103677611,0,0,0,0,0,0,605,0,0
14104720611,0,0,0,0,0,0,213,0,0,14104797611,0,0,0,0,0,0,570,0,0
14105840611,0,0,0,0,0,0,250,0,0,14105917611,0,0,0,0,0,0,611,0,0
14106960611,0,0,0,0,0,0,201,0,0,14107037611,0,0,0,0,0,0,573,0,0
14108080611,0,0,0,0,0,0,270,0,0,14108157611,0,0,0,0,0,0,655,0,0
14109200611,0,0,0,0,0,0,6933,0,0,14109277611,0,0,0,0,0,0,-2007,0,0
14110320611,0,0,0,0,0,0,6905,0,0,14110397611,0,0,0,0,0,0,-1981,0,0
14111440611,0,0,0,0,0,0,6873,0,0,14111517611,0,0,0,0,0,0,-1985,0,0
14112560611,0,0,0,0,0,0,6850,0,0,14112637611,0,0,0,0,0,0,-1992,0,0
14113680611,0,0,0,0,0,0,6845,0,0,14113757611,0,0,0,0,0,0,-2032,0,0
14114800611,0,0,0,0,0,0,6861,0,0,14114877611,0,0,0,0,0,0,-1989,0,0
14115920611,0,0,0,0,0,0,6909,0,0,14115997611,0,0,0,0,0,0,-1919,0,0
14117040611,0,0,0,0,0,0,6920,0,0,14117117611,0,0,0,0,0,0,-1999,0,0
14118160611,0,0,0,0,0,0,277,0,0,14118237611,0,0,0,0,0,0,643,0,0
14119280611,0,0,0,0,0,0,231,0,0,14119357611,0,0,0,0,0,0,586,0,0
14120400611,0,0,0,0,0,0,236,0,0,14120477611,0,0,0,0,0,0,563,0,0
14121520611,0,0,0,0,0,0,212,0,0,14121597611,0,0,0,0,0,0,608,0,0
14122640611,0,0,0,0,0,0,211,0,0,14122717611,0,0,0,0,0,0,605,0,0
14123760611,0,0,0,0,0,0,241,0,0,14123837611,0,0,0,0,0,0,600,0,0
14124880611,0,0,0,0,0,0,291,0,0,14124957611,0,0,0,0,0,0,619,0,0
14126000611,0,0,0,0,0,0,273,0,0,14126077611,0,0,0,0,0,0,601,0,0
14127120611,0,0,0,0,0,0,6841,0,0,14127197611,0,0,0,0,0,0,-1977,0,0
14128240611,0,0,0,0,0,0,6898,0,0,14128317611,0,0,0,0,0,0,-1978,0,0
14129360611,0,0,0,0,0,0,6936,0,0,14129437611,0,0,0,0,0,0,-2006,0,0
14130480611,0,0,0,0,0,0,6884,0,0,14130557611,0,0,0,0,0,0,-1990,0,0
14131600611,0,0,0,0,0,0,6860,0,0,14131677611,0,0,0,0,0,0,-1980,0,0
14132720611,0,0,0,0,0,0,6868,0,0,14132797611,0,0,0,0,0,0,-2010,0,0
14133840611,0,0,0,0,0,0,6928,0,0,14133917611,0,0,0,0,0,0,-2017,0,0
14134960611,0,0,0,0,0,0,6884,0,0,14135037611,0,0,0,0,0,0,-1971,0,0
14136080611,0,0,0,0,0,0,251,0,0,14136157611,0,0,0,0,0,0,633,0,0
14137200611,0,0,0,0,0,0,248,0,0,14137277611,0,0,0,0,0,0,607,0,0
14138320611,0,0,0,0,0,0,262,0,0,14138397611,0,0,0,0,0,0,601,0,0
14139440611,0,0,0,0,0,0,248,0,0,14139517611,0,0,0,0,0,0,604,0,0
14140560611,0,0,0,0,0,0,208,0,0,14140637611,0,0,0,0,0,0,631,0,0
14141680611,0,0,0,0,0,0,244,0,0,14141757611,0,0,0,0,0,0,652,0,0
14142800611,0,0,0,0,0,0,272,0,0,14142877611,0,0,0,0,0,0,623,0,0
14143920611,0,0,0,0,0,0,236,0,0,14143997611,0,0,0,0,0,0,544,0,0
14145040611,0,0,0,0,0,0,6907,0,0,14145117611,0,0,0,0,0,0,-1967,0,0
14146160611,0,0,0,0,0,0,6911,0,0,14146237611,0,0,0,0,0,0,-1961,0,0
14147280611,0,0,0,0,0,0,6918,0,0,14147357611,0,0,0,0,0,0,-1963,0,0
14148400611,0,0,0,0,0,0,6876,0,0,14148477611,0,0,0,0,0,0,-1984,0,0
14149520611,0,0,0,0,0,0,6928,0,0,14149597611,0,0,0,0,0,0,-2003,0,0
14150640611,0,0,0,0,0,0,6885,0,0,14150717611,0,0,0,0,0,0,-1986,0,0
14151760611,0,0,0,0,0,0,6832,0,0,14151837611,0,0,0,0,0,0,-2017,0,0
14152880611,0,0,0,0,0,0,6899,0,0,14152957611,0,0,0,0,0,0,-1990,0,0
14154000611,0,0,0,0,0,0,253,0,0,14154077611,0,0,0,0,0,0,602,0,0
14155120611,0,0,0,0,0,0,244,0,0,14155197611,0,0,0,0,0,0,614,0,0
14156240611,0,0,0,0,0,0,249,0,0,14156317611,0,0,0,0,0,0,612,0,0
14157360611,0,0,0,0,0,0,250,0,0,14157437611,0,0,0,0,0,0,578,0,0
14158480611,0,0,0,0,0,0,217,0,0,14158557611,0,0,0,0,0,0,606,0,0
14159600611,0,0,0,0,0,0,233,0,0,14159677611,0,0,0,0,0,0,588,0,0
14160720611,0,0,0,0,0,0,224,0,0,14160797611,0,0,0,0,0,0,614,0,0
14161840611,0,0,0,0,0,0,228,0,0,14161917611,0,0,0,0,0,0,663,0,0
14162960611,0,0,0,0,0,0,6911,0,0,14163037611,0,0,0,0,0,0,-1976,0,0
14164080611,0,0,0,0,0,0,6891,0,0,14164157611,0,0,0,0,0,0,-1955,0,0
14165200611,0,0,0,0,0,0,6933,0,0,14165277611,0,0,0,0,0,0,-1968,0,0
14166320611,0,0,0,0,0,0,6852,0,0,14166397611,0,0,0,0,0,0,-2004,0,0
14167440611,0,0,0,0,0,0,6874,0,0,14167517611,0,0,0,0,0,0,-1976,0,0
14168560611,0,0,0,0,0,0,6894,0,0,14168637611,0,0,0,0,0,0,-1991,0,0
14169680611,0,0,0,0,0,0,6899,0,0,14169757611,0,0,0,0,0,0,-1986,0,0
14170800611,0,0,0,0,0,0,6893,0,0,14170877611,0,0,0,0,0,0,-1994,0,0
14171920611,0,0,0,0,0,0,260,0,0,14171997611,0,0,0,0,0,0,586,0,0
14173040611,0,0,0,0,0,0,248,0,0,14173117611,0,0,0,0,0,0,614,0,0
14174160611,0,0,0,0,0,0,245,0,0,14174237611,0,0,0,0,0,0,620,0,0
14175280611,0,0,0,0,0,0,251,0,0,14175357611,0,0,0,0,0,0,640,0,0
14176400611,0,0,0,0,0,0,253,0,0,14176477611,0,0,0,0,0,0,646,0,0
14177520611,0,0,0,0,0,0,245,0,0,14177597611,0,0,0,0,0,0,631,0,0
14178640611,0,0,0,0,0,0,207,0,0,14178717611,0,0,0,0,0,0,601,0,0
14179760611,0,0,0,0,0,0,232,0,0,14179837611,0,0,0,0,0,0,591,0,0
14180880611,0,0,0,0,0,0,6921,0,0,14180957611,0,0,0,0,0,0,-1985,0,0
14182000611,0,0,0,0,0,0,6851,0,0,14182077611,0,0,0,0,0,0,-2011,0,0
14183120611,0,0,0,0,0,0,6871,0,0,14183197611,0,0,0,0,0,0,-1963,0,0
14184240611,0,0,0,0,0,0,6916,0,0,14184317611,0,0,0,0,0,0,-1999,0,0
14185360611,0,0,0,0,0,0,6892,0,0,14185437611,0,0,0,0,0,0,-2023,0,0
14186480611,0,0,0,0,0,0,6903,0,0,14186557611,0,0,0,0,0,0,-1964,0,0
14187600611,0,0,0,0,0,0,6905,0,0,14187677611,0,0,0,0,0,0,-1993,0,0
14188720611,0,0,0,0,0,0,6903,0,0,14188797611,0,0,0,0,0,0,-1984,0,0
14189840611,0,0,0,0,0,0,267,0,0,14189917611,0,0,0,0,0,0,613,0,0
14190960611,0,0,0,0,0,0,255,0,0,14191037611,0,0,0,0,0,0,618,0,0
14192080611,0,0,0,0,0,0,234,0,0,14192157611,0,0,0,0,0,0,616,0,0
14193200611,0,0,0,0,0,0,223,0,0,14193277611,0,0,0,0,0,0,603,0,0
14194320611,0,0,0,0,0,0,239,0,0,14194397611,0,0,0,0,0,0,662,0,0
14195440611,0,0,0,0,0,0,277,0,0,14195517611,0,0,0,0,0,0,575,0,0
14196560611,0,0,0,0,0,0,222,0,0,14196637611,0,0,0,0,0,0,655,0,0
14197680611,0,0,0,0,0,0,271,0,0,14197757611,0,0,0,0,0,0,620,0,0
14198800611,0,0,0,0,0,0,6889,0,0,14198877611,0,0,0,0,0,0,-1990,0,0
14199920611,0,0,0,0,0,0,6882,0,0,14199997611,0,0,0,0,0,0,-2051,0,0
14201040611,0,0,0,0,0,0,6876,0,0,14201117611,0,0,0,0,0,0,-1983,0,0
14202160611,0,0,0,0,0,0,6893,0,0,14202237611,0,0,0,0,0,0,-2018,0,0
14203280611,0,0,0,0,0,0,6892,0,0,14203357611,0,0,0,0,0,0,-1954,0,0
14204400611,0,0,0,0,0,0,6911,0,0,14204477611,0,0,0,0,0,0,-1991,0,0
14205520611,0,0,0,0,0,0,6863,0,0,14205597611,0,0,0,0,0,0,-1971,0,0
14206640611,0,0,0,0,0,0,6913,0,0,14206717611,0,0,0,0,0,0,-2010,0,0
14207760611,0,0,0,0,0,0,252,0,0,14207837611,0,0,0,0,0,0,637,0,0
14208880611,0,0,0,0,0,0,219,0,0,14208957611,0,0,0,0,0,0,562,0,0
14210000611,0,0,0,0,0,0,226,0,0,14210077611,0,0,0,0,0,0,607,0,0
14211120611,0,0,0,0,0,0,245,0,0,14211197611,0,0,0,0,0,0,642,0,0
14212240611,0,0,0,0,0,0,235,0,0,14212317611,0,0,0,0,0,0,610,0,0
14213360611,0,0,0,0,0,0,225,0,0,14213437611,0,0,0,0,0,0,559,0,0
14214480611,0,0,0,0,0,0,224,0,0,14214557611,0,0,0,0,0,0,618,0,0
14215600611,0,0,0,0,0,0,196,0,0,14215677611,0,0,0,0,0,0,632,0,0
14216720611,0,0,0,0,0,0,6919,0,0,14216797611,0,0,0,0,0,0,-2011,0,0
14217840611,0,0,0,0,0,0,6897,0,0,14217917611,0,0,0,0,0,0,-2020,0,0
14218960611,0,0,0,0,0,0,6865,0,0,14219037611,0,0,0,0,0,0,-2012,0,0
14220080611,0,0,0,0,0,0,6844,0,0,14220157611,0,0,0,0,0,0,-2038,0,0
14221200611,0,0,0,0,0,0,6896,0,0,14221277611,0,0,0,0,0,0,-1992,0,0
14222320611,0,0,0,0,0,0,6907,0,0,14222397611,0,0,0,0,0,0,-1995,0,0
14223440611,0,0,0,0,0,0,6869,0,0,14223517611,0,0,0,0,0,0,-2005,0,0
14224560611,0,0,0,0,0,0,6927,0,0,14224637611,0,0,0,0,0,0,-2005,0,0
14225680611,0,0,0,0,0,0,235,0,0,14225757611,0,0,0,0,0,0,553,0,0
14226800611,0,0,0,0,0,0,277,0,0,14226877611,0,0,0,0,0,0,579,0,0
14227920611,0,0,0,0,0,0,250,0,0,14227997611,0,0,0,0,0,0,589,0,0
14229040611,0,0,0,0,0,0,280,0,0,14229117611,0,0,0,0,0,0,655,0,0
14230160611,0,0,0,0,0,0,266,0,0,14230237611,0,0,0,0,0,0,626,0,0
14231280611,0,0,0,0,0,0,228,0,0,14231357611,0,0,0,0,0,0,607,0,0
14232400611,0,0,0,0,0,0,230,0,0,14232477611,0,0,0,0,0,0,626,0,0
14233520611,0,0,0,0,0,0,221,0,0,14233597611,0,0,0,0,0,0,605,0,0
14234640611,0,0,0,0,0,0,6892,0,0,14234717611,0,0,0,0,0,0,-1990,0,0
14235760611,0,0,0,0,0,0,6916,0,0,14235837611,0,0,0,0,0,0,-1981,0,0
14236880611,0,0,0,0,0,0,6889,0,0,14236957611,0,0,0,0,0,0,-2003,0,0
14238000611,0,0,0,0,0,0,6908,0,0,14238077611,0,0,0,0,0,0,-1996,0,0
14239120611,0,0,0,0,0,0,6921,0,0,14239197611,0,0,0,0,0,0,-2017,0,0
14240240611,0,0,0,0,0,0,6868,0,0,14240317611,0,0,0,0,0,0,-1949,0,0
14241360611,0,0,0,0,0,0,6886,0,0,14241437611,0,0,0,0,0,0,-2004,0,0
14242480611,0,0,0,0,0,0,6883,0,0,14242557611,0,0,0,0,0,0,-1988,0,0
14243600611,0,0,0,0,0,0,215,0,0,14243677611,0,0,0,0,0,0,619,0,0
14244720611,0,0,0,0,0,0,283,0,0,14244797611,0,0,0,0,0,0,612,0,0
14245840611,0,0,0,0,0,0,260,0,0,14245917611,0,0,0,0,0,0,611,0,0
14246960611,0,0,0,0,0,0,218,0,0,14247037611,0,0,0,0,0,0,567,0,0
14248080611,0,0,0,0,0,0,300,0,0,14248157611,0,0,0,0,0,0,584,0,0
14249200611,0,0,0,0,0,0,258,0,0,14249277611,0,0,0,0,0,0,613,0,0
14250320611,0,0,0,0,0,0,282,0,0,14250397611,0,0,0,0,0,0,615,0,0
14251440611,0,0,0,0,0,0,262,0,0,14251517611,0,0,0,0,0,0,617,0,0
14252560611,0,0,0,0,0,0,6893,0,0,14252637611,0,0,0,0,0,0,-1999,0,0
14253680611,0,0,0,0,0,0,6901,0,0,14253757611,0,0,0,0,0,0,-2011,0,0
14254800611,0,0,0,0,0,0,6899,0,0,14254877611,0,0,0,0,0,0,-1992,0,0
14255920611,0,0,0,0,0,0,6858,0,0,14255997611,0,0,0,0,0,0,-1899,0,0
14257040611,0,0,0,0,0,0,6891,0,0,14257117611,0,0,0,0,0,0,-1964,0,0
14258160611,0,0,0,0,0,0,6911,0,0,14258237611,0,0,0,0,0,0,-1959,0,0
14259280611,0,0,0,0,0,0,6876,0,0,14259357611,0,0,0,0,0,0,-1985,0,0
14260400611,0,0,0,0,0,0,6885,0,0,14260477611,0,0,0,0,0,0,-1983,0,0
14261520611,0,0,0,0,0,0,242,0,0,14261597611,0,0,0,0,0,0,575,0,0
14262640611,0,0,0,0,0,0,205,0,0,14262717611,0,0,0,0,0,0,585,0,0
14263760611,0,0,0,0,0,0,258,0,0,14263837611,0,0,0,0,0,0,625,0,0
14264880611,0,0,0,0,0,0,261,0,0,14264957611,0,0,0,0,0,0,620,0,0
14266000611,0,0,0,0,0,0,208,0,0,14266077611,0,0,0,0,0,0,593,0,0
14267120611,0,0,0,0,0,0,245,0,0,14267197611,0,0,0,0,0,0,596,0,0
14268240611,0,0,0,0,0,0,199,0,0,14268317611,0,0,0,0,0,0,636,0,0
14269360611,0,0,0,0,0,0,196,0,0,14269437611,0,0,0,0,0,0,646,0,0
14270480611,0,0,0,0,0,0,6849,0,0,14270557611,0,0,0,0,0,0,-1939,0,0
14271600611,0,0,0,0,0,0,6893,0,0,14271677611,0,0,0,0,0,0,-2005,0,0
14272720611,0,0,0,0,0,0,6861,0,0,14272797611,0,0,0,0,0,0,-2007,0,0
14273840611,0,0,0,0,0,0,6889,0,0,14273917611,0,0,0,0,0,0,-1988,0,0
14274960611,0,0,0,0,0,0,6912,0,0,14275037611,0,0,0,0,0,0,-1966,0,0
14276080611,0,0,0,0,0,0,6890,0,0,14276157611,0,0,0,0,0,0,-2014,0,0
14277200611,0,0,0,0,0,0,6887,0,0,14277277611,0,0,0,0,0,0,-1994,0,0
14278320611,0,0,0,0,0,0,6906,0,0,14278397611,0,0,0,0,0,0,-1979,0,0
14279440611,0,0,0,0,0,0,208,0,0,14279517611,0,0,0,0,0,0,608,0,0
14280560611,0,0,0,0,0,0,255,0,0,14280637611,0,0,0,0,0,0,627,0,0
14281680611,0,0,0,0,0,0,270,0,0,14281757611,0,0,0,0,0,0,587,0,0
14282800611,0,0,0,0,0,0,249,0,0,14282877611,0,0,0,0,0,0,607,0,0
14283920611,0,0,0,0,0,0,232,0,0,14283997611,0,0,0,0,0,0,585,0,0
14285040611,0,0,0,0,0,0,226,0,0,14285117611,0,0,0,0,0,0,629,0,0
14286160611,0,0,0,0,0,0,248,0,0,14286237611,0,0,0,0,0,0,639,0,0
14287280611,0,0,0,0,0,0,198,0,0,14287357611,0,0,0,0,0,0,593,0,0
14288400611,0,0,0,0,0,0,6870,0,0,14288477611,0,0,0,0,0,0,-2001,0,0
14289520611,0,0,0,0,0,0,6847,0,0,14289597611,0,0,0,0,0,0,-1984,0,0
14290640611,0,0,0,0,0,0,6915,0,0,14290717611,0,0,0,0,0,0,-1998,0,0
14291760611,0,0,0,0,0,0,6868,0,0,14291837611,0,0,0,0,0,0,-1991,0,0
14292880611,0,0,0,0,0,0,6892,0,0,14292957611,0,0,0,0,0,0,-1971,0,0
14294000611,0,0,0,0,0,0,6892,0,0,14294077611,0,0,0,0,0,0,-1949,0,0
14295120611,0,0,0,0,0,0,6890,0,0,14295197611,0,0,0,0,0,0,-1983,0,0
14296240611,0,0,0,0,0,0,6856,0,0,14296317611,0,0,0,0,0,0,-2009,0,0
14297360611,0,0,0,0,0,0,297,0,0,14297437611,0,0,0,0,0,0,596,0,0
14298480611,0,0,0,0,0,0,225,0,0,14298557611,0,0,0,0,0,0,657,0,0
14299600611,0,0,0,0,0,0,254,0,0,14299677611,0,0,0,0,0,0,648,0,0
14300720611,0,0,0,0,0,0,228,0,0,14300797611,0,0,0,0,0,0,574,0,0
14301840611,0,0,0,0,0,0,229,0,0,14301917611,0,0,0,0,0,0,605,0,0
14302960611,0,0,0,0,0,0,239,0,0,14303037611,0,0,0,0,0,0,596,0,0
14304080611,0,0,0,0,0,0,266,0,0,14304157611,0,0,0,0,0,0,588,0,0
14305200611,0,0,0,0,0,0,243,0,0,14305277611,0,0,0,0,0,0,561,0,0
14306320611,0,0,0,0,0,0,6882,0,0,14306397611,0,0,0,0,0,0,-1950,0,0
14307440611,0,0,0,0,0,0,6919,0,0,14307517611,0,0,0,0,0,0,-1944,0,0
14308560611,0,0,0,0,0,0,6930,0,0,14308637611,0,0,0,0,0,0,-2020,0,0
14309680611,0,0,0,0,0,0,6879,0,0,14309757611,0,0,0,0,0,0,-1960,0,0
14310800611,0,0,0,0,0,0,6909,0,0,14310877611,0,0,0,0,0,0,-1987,0,0
14311920611,0,0,0,0,0,0,6914,0,0,14311997611,0,0,0,0,0,0,-1986,0,0
14313040611,0,0,0,0,0,0,6871,0,0,14313117611,0,0,0,0,0,0,-1983,0,0
14314160611,0,0,0,0,0,0,6863,0,0,14314237611,0,0,0,0,0,0,-1999,0,0
14315280611,0,0,0,0,0,0,275,0,0,14315357611,0,0,0,0,0,0,599,0,0
14316400611,0,0,0,0,0,0,247,0,0,14316477611,0,0,0,0,0,0,641,0,0
14317520611,0,0,0,0,0,0,260,0,0,14317597611,0,0,0,0,0,0,590,0,0
14318640611,0,0,0,0,0,0,246,0,0,14318717611,0,0,0,0,0,0,613,0,0
14319760611,0,0,0,0,0,0,245,0,0,14319837611,0,0,0,0,0,0,604,0,0
14320880611,0,0,0,0,0,0,262,0,0,14320957611,0,0,0,0,0,0,547,0,0
14322000611,0,0,0,0,0,0,236,0,0,14322077611,0,0,0,0,0,0,589,0,0
14323120611,0,0,0,0,0,0,228,0,0,14323197611,0,0,0,0,0,0,588,0,0
14324240611,0,0,0,0,0,0,6876,0,0,14324317611,0,0,0,0,0,0,-1944,0,0
14325360611,0,0,0,0,0,0,6903,0,0,14325437611,0,0,0,0,0,0,-1964,0,0
14326480611,0,0,0,0,0,0,6905,0,0,14326557611,0,0,0,0,0,0,-1981,0,0
14327600611,0,0,0,0,0,0,6929,0,0,14327677611,0,0,0,0,0,0,-2022,0,0
14328720611,0,0,0,0,0,0,6945,0,0,14328797611,0,0,0,0,0,0,-1911,0,0
14329840611,0,0,0,0,0,0,6871,0,0,14329917611,0,0,0,0,0,0,-2018,0,0
14330960611,0,0,0,0,0,0,6897,0,0,14331037611,0,0,0,0,0,0,-1978,0,0
14332080611,0,0,0,0,0,0,6897,0,0,14332157611,0,0,0,0,0,0,-1968,0,0
14333200611,0,0,0,0,0,0,230,0,0,14333277611,0,0,0,0,0,0,659,0,0
14334320611,0,0,0,0,0,0,253,0,0,14334397611,0,0,0,0,0,0,587,0,0
14335440611,0,0,0,0,0,0,220,0,0,14335517611,0,0,0,0,0,0,629,0,0
14336560611,0,0,0,0,0,0,242,0,0,14336637611,0,0,0,0,0,0,604,0,0
14337680611,0,0,0,0,0,0,249,0,0,14337757611,0,0,0,0,0,0,650,0,0
14338800611,0,0,0,0,0,0,221,0,0,14338877611,0,0,0,0,0,0,609,0,0
14339920611,0,0,0,0,0,0,245,0,0,14339997611,0,0,0,0,0,0,583,0,0
14341040611,0,0,0,0,0,0,272,0,0,14341117611,0,0,0,0,0,0,662,0,0
14342160611,0,0,0,0,0,0,6931,0,0,14342237611,0,0,0,0,0,0,-2014,0,0
14343280611,0,0,0,0,0,0,6880,0,0,14343357611,0,0,0,0,0,0,-1986,0,0
14344400611,0,0,0,0,0,0,6906,0,0,14344477611,0,0,0,0,0,0,-1997,0,0
14345520611,0,0,0,0,0,0,6892,0,0,14345597611,0,0,0,0,0,0,-1983,0,0
14346640611,0,0,0,0,0,0,6954,0,0,14346717611,0,0,0,0,0,0,-1987,0,0
14347760611,0,0,0,0,0,0,6871,0,0,14347837611,0,0,0,0,0,0,-1932,0,0
14348880611,0,0,0,0,0,0,6872,0,0,14348957611,0,0,0,0,0,0,-1997,0,0
14350000611,0,0,0,0,0,0,6908,0,0,14350077611,0,0,0,0,0,0,-1981,0,0
14351120611,0,0,0,0,0,0,245,0,0,14351197611,0,0,0,0,0,0,644,0,0
14352240611,0,0,0,0,0,0,265,0,0,14352317611,0,0,0,0,0,0,617,0,0
14353360611,0,0,0,0,0,0,204,0,0,14353437611,0,0,0,0,0,0,597,0,0
14354480611,0,0,0,0,0,0,239,0,0,14354557611,0,0,0,0,0,0,636,0,0
14355600611,0,0,0,0,0,0,221,0,0,14355677611,0,0,0,0,0,0,544,0,0
14356720611,0,0,0,0,0,0,209,0,0,14356797611,0,0,0,0,0,0,590,0,0
14357840611,0,0,0,0,0,0,242,0,0,14357917611,0,0,0,0,0,0,639,0,0
14358960611,0,0,0,0,0,0,217,0,0,14359037611,0,0,0,0,0,0,617,0,0
14360080611,0,0,0,0,0,0,6924,0,0,14360157611,0,0,0,0,0,0,-1981,0,0
14361200611,0,0,0,0,0,0,6875,0,0,14361277611,0,0,0,0,0,0,-1987,0,0
14362320611,0,0,0,0,0,0,6873,0,0,14362397611,0,0,0,0,0,0,-2015,0,0
14363440611,0,0,0,0,0,0,6911,0,0,14363517611,0,0,0,0,0,0,-2000,0,0
14364560611,0,0,0,0,0,0,6899,0,0,14364637611,0,0,0,0,0,0,-1960,0,0
14365680611,0,0,0,0,0,0,6861,0,0,14365757611,0,0,0,0,0,0,-1979,0,0
14366800611,0,0,0,0,0,0,6911,0,0,14366877611,0,0,0,0,0,0,-2006,0,0
14367920611,0,0,0,0,0,0,6856,0,0,14367997611,0,0,0,0,0,0,-1979,0,0
14369040611,0,0,0,0,0,0,223,0,0,14369117611,0,0,0,0,0,0,650,0,0
14370160611,0,0,0,0,0,0,255,0,0,14370237611,0,0,0,0,0,0,618,0,0
14371280611,0,0,0,0,0,0,235,0,0,14371357611,0,0,0,0,0,0,578,0,0
14372400611,0,0,0,0,0,0,211,0,0,14372477611,0,0,0,0,0,0,620,0,0
14373520611,0,0,0,0,0,0,235,0,0,14373597611,0,0,0,0,0,0,666,0,0
14374640611,0,0,0,0,0,0,281,0,0,14374717611,0,0,0,0,0,0,581,0,0
14375760611,0,0,0,0,0,0,274,0,0,14375837611,0,0,0,0,0,0,593,0,0
14376880611,0,0,0,0,0,0,255,0,0,14376957611,0,0,0,0,0,0,599,0,0
14378000611,0,0,0,0,0,0,6884,0,0,14378077611,0,0,0,0,0,0,-1974,0,0
14379120611,0,0,0,0,0,0,6852,0,0,14379197611,0,0,0,0,0,0,-1968,0,0
14380240611,0,0,0,0,0,0,6855,0,0,14380317611,0,0,0,0,0,0,-1981,0,0
14381360611,0,0,0,0,0,0,6886,0,0,14381437611,0,0,0,0,0,0,-2022,0,0
14382480611,0,0,0,0,0,0,6898,0,0,14382557611,0,0,0,0,0,0,-2011,0,0
14383600611,0,0,0,0,0,0,6892,0,0,14383677611,0,0,0,0,0,0,-1970,0,0
14384720611,0,0,0,0,0,0,6855,0,0,14384797611,0,0,0,0,0,0,-1969,0,0
14385840611,0,0,0,0,0,0,6874,0,0,14385917611,0,0,0,0,0,0,-1951,0,0
14386960611,0,0,0,0,0,0,230,0,0,14387037611,0,0,0,0,0,0,608,0,0
14388080611,0,0,0,0,0,0,215,0,0,14388157611,0,0,0,0,0,0,585,0,0
14389200611,0,0,0,0,0,0,231,0,0,14389277611,0,0,0,0,0,0,610,0,0
14390320611,0,0,0,0,0,0,243,0,0,14390397611,0,0,0,0,0,0,645,0,0
14391440611,0,0,0,0,0,0,253,0,0,14391517611,0,0,0,0,0,0,619,0,0
14392560611,0,0,0,0,0,0,212,0,0,14392637611,0,0,0,0,0,0,603,0,0
14393680611,0,0,0,0,0,0,262,0,0,14393757611,0,0,0,0,0,0,586,0,0
14394800611,0,0,0,0,0,0,216,0,0,14394877611,0,0,0,0,0,0,628,0,0
14395920611,0,0,0,0,0,0,6868,0,0,14395997611,0,0,0,0,0,0,-1950,0,0
14397040611,0,0,0,0,0,0,6880,0,0,14397117611,0,0,0,0,0,0,-2033,0,0
14398160611,0,0,0,0,0,0,6899,0,0,14398237611,0,0,0,0,0,0,-2023,0,0
14399280611,0,0,0,0,0,0,6911,0,0,14399357611,0,0,0,0,0,0,-1999,0,0
14400400611,0,0,0,0,0,0,6898,0,0,14400477611,0,0,0,0,0,0,-1976,0,0
14401520611,0,0,0,0,0,0,6864,0,0,14401597611,0,0,0,0,0,0,-1997,0,0
14402640611,0,0,0,0,0,0,6927,0,0,14402717611,0,0,0,0,0,0,-1996,0,0
14403760611,0,0,0,0,0,0,6872,0,0,14403837611,0,0,0,0,0,0,-2028,0,0
14404880611,0,0,0,0,0,0,251,0,0,14404957611,0,0,0,0,0,0,582,0,0
14406000611,0,0,0,0,0,0,260,0,0,14406077611,0,0,0,0,0,0,634,0,0
14407120611,0,0,0,0,0,0,209,0,0,14407197611,0,0,0,0,0,0,571,0,0
14408240611,0,0,0,0,0,0,214,0,0,14408317611,0,0,0,0,0,0,622,0,0
14409360611,0,0,0,0,0,0,311,0,0,14409437611,0,0,0,0,0,0,623,0,0
14410480611,0,0,0,0,0,0,232,0,0,14410557611,0,0,0,0,0,0,584,0,0
14411600611,0,0,0,0,0,0,220,0,0,14411677611,0,0,0,0,0,0,563,0,0
14412720611,0,0,0,0,0,0,235,0,0,14412797611,0,0,0,0,0,0,569,0,0
14413840611,0,0,0,0,0,0,6884,0,0,14413917611,0,0,0,0,0,0,-1996,0,0
14414960611,0,0,0,0,0,0,6887,0,0,14415037611,0,0,0,0,0,0,-2044,0,0
14416080611,0,0,0,0,0,0,6831,0,0,14416157611,0,0,0,0,0,0,-1998,0,0
14417200611,0,0,0,0,0,0,6869,0,0,14417277611,0,0,0,0,0,0,-1934,0,0
14418320611,0,0,0,0,0,0,6895,0,0,14418397611,0,0,0,0,0,0,-1943,0,0
14419440611,0,0,0,0,0,0,6898,0,0,14419517611,0,0,0,0,0,0,-2038,0,0
14420560611,0,0,0,0,0,0,6887,0,0,14420637611,0,0,0,0,0,0,-2007,0,0
14421680611,0,0,0,0,0,0,6874,0,0,14421757611,0,0,0,0,0,0,-1977,0,0
14422800611,0,0,0,0,0,0,246,0,0,14422877611,0,0,0,0,0,0,602,0,0
14423920611,0,0,0,0,0,0,228,0,0,14423997611,0,0,0,0,0,0,558,0,0
14425040611,0,0,0,0,0,0,267,0,0,14425117611,0,0,0,0,0,0,605,0,0
14426160611,0,0,0,0,0,0,204,0,0,14426237611,0,0,0,0,0,0,628,0,0
14427280611,0,0,0,0,0,0,244,0,0,14427357611,0,0,0,0,0,0,604,0,0
14428400611,0,0,0,0,0,0,218,0,0,14428477611,0,0,0,0,0,0,585,0,0
14429520611,0,0,0,0,0,0,261,0,0,14429597611,0,0,0,0,0,0,571,0,0
14430640611,0,0,0,0,0,0,279,0,0,14430717611,0,0,0,0,0,0,624,0,0
14431760611,0,0,0,0,0,0,6898,0,0,14431837611,0,0,0,0,0,0,-1987,0,0
14432880611,0,0,0,0,0,0,6871,0,0,14432957611,0,0,0,0,0,0,-1955,0,0
14434000611,0,0,0,0,0,0,6900,0,0,14434077611,0,0,0,0,0,0,-2022,0,0
14435120611,0,0,0,0,0,0,6871,0,0,14435197611,0,0,0,0,0,0,-2015,0,0
14436240611,0,0,0,0,0,0,6897,0,0,14436317611,0,0,0,0,0,0,-2022,0,0
14437360611,0,0,0,0,0,0,6950,0,0,14437437611,0,0,0,0,0,0,-2000,0,0
14438480611,0,0,0,0,0,0,6840,0,0,14438557611,0,0,0,0,0,0,-2020,0,0
14439600611,0,0,0,0,0,0,6905,0,0,14439677611,0,0,0,0,0,0,-1969,0,0
14440720611,0,0,0,0,0,0,217,0,0,14440797611,0,0,0,0,0,0,619,0,0
14441840611,0,0,0,0,0,0,246,0,0,14441917611,0,0,0,0,0,0,580,0,0
14442960611,0,0,0,0,0,0,251,0,0,14443037611,0,0,0,0,0,0,623,0,0
14444080611,0,0,0,0,0,0,228,0,0,14444157611,0,0,0,0,0,0,637,0,0
14445200611,0,0,0,0,0,0,253,0,0,14445277611,0,0,0,0,0,0,629,0,0
14446320611,0,0,0,0,0,0,223,0,0,14446397611,0,0,0,0,0,0,605,0,0
14447440611,0,0,0,0,0,0,285,0,0,14447517611,0,0,0,0,0,0,628,0,0
14448560611,0,0,0,0,0,0,204,0,0,14448637611,0,0,0,0,0,0,599,0,0
14449680611,0,0,0,0,0,0,6865,0,0,14449757611,0,0,0,0,0,0,-1985,0,0
14450800611,0,0,0,0,0,0,6915,0,0,14450877611,0,0,0,0,0,0,-2010,0,0
14451920611,0,0,0,0,0,0,6843,0,0,14451997611,0,0,0,0,0,0,-1968,0,0
14453040611,0,0,0,0,0,0,6903,0,0,14453117611,0,0,0,0,0,0,-2022,0,0
14454160611,0,0,0,0,0,0,6921,0,0,14454237611,0,0,0,0,0,0,-1987,0,0
14455280611,0,0,0,0,0,0,6883,0,0,14455357611,0,0,0,0,0,0,-1971,0,0
14456400611,0,0,0,0,0,0,6916,0,0,14456477611,0,0,0,0,0,0,-2001,0,0
14457520611,0,0,0,0,0,0,6921,0,0,14457597611,0,0,0,0,0,0,-1988,0,0
14458640611,0,0,0,0,0,0,269,0,0,14458717611,0,0,0,0,0,0,654,0,0
14459760611,0,0,0,0,0,0,213,0,0,14459837611,0,0,0,0,0,0,602,0,0
14460880611,0,0,0,0,0,0,209,0,0,14460957611,0,0,0,0,0,0,642,0,0
14462000611,0,0,0,0,0,0,233,0,0,14462077611,0,0,0,0,0,0,577,0,0
14463120611,0,0,0,0,0,0,219,0,0,14463197611,0,0,0,0,0,0,625,0,0
14464240611,0,0,0,0,0,0,270,0,0,14464317611,0,0,0,0,0,0,573,0,0
14465360611,0,0,0,0,0,0,182,0,0,14465437611,0,0,0,0,0,0,593,0,0
14466480611,0,0,0,0,0,0,261,0,0,14466557611,0,0,0,0,0,0,555,0,0
14467600611,0,0,0,0,0,0,6904,0,0,14467677611,0,0,0,0,0,0,-2035,0,0
14468720611,0,0,0,0,0,0,6928,0,0,14468797611,0,0,0,0,0,0,-1973,0,0
14469840611,0,0,0,0,0,0,6855,0,0,14469917611,0,0,0,0,0,0,-2007,0,0
14470960611,0,0,0,0,0,0,6859,0,0,14471037611,0,0,0,0,0,0,-2018,0,0
14472080611,0,0,0,0,0,0,6859,0,0,14472157611,0,0,0,0,0,0,-1985,0,0
14473200611,0,0,0,0,0,0,6905,0,0,14473277611,0,0,0,0,0,0,-1999,0,0
14474320611,0,0,0,0,0,0,6905,0,0,14474397611,0,0,0,0,0,0,-2008,0,0
14475440611,0,0,0,0,0,0,6928,0,0,14475517611,0,0,0,0,0,0,-1988,0,0
14476560611,0,0,0,0,0,0,245,0,0,14476637611,0,0,0,0,0,0,621,0,0
14477680611,0,0,0,0,0,0,229,0,0,14477757611,0,0,0,0,0,0,548,0,0
14478800611,0,0,0,0,0,0,253,0,0,14478877611,0,0,0,0,0,0,613,0,0
14479920611,0,0,0,0,0,0,236,0,0,14479997611,0,0,0,0,0,0,611,0,0
14481040611,0,0,0,0,0,0,229,0,0,14481117611,0,0,0,0,0,0,627,0,0
14482160611,0,0,0,0,0,0,243,0,0,14482237611,0,0,0,0,0,0,588,0,0
14483280611,0,0,0,0,0,0,218,0,0,14483357611,0,0,0,0,0,0,650,0,0
14484400611,0,0,0,0,0,0,287,0,0,14484477611,0,0,0,0,0,0,611,0,0
14485520611,0,0,0,0,0,0,6843,0,0,14485597611,0,0,0,0,0,0,-1973,0,0
14486640611,0,0,0,0,0,0,6874,0,0,14486717611,0,0,0,0,0,0,-2025,0,0
14487760611,0,0,0,0,0,0,6865,0,0,14487837611,0,0,0,0,0,0,-1980,0,0
14488880611,0,0,0,0,0,0,6876,0,0,14488957611,0,0,0,0,0,0,-1999,0,0
14490000611,0,0,0,0,0,0,6874,0,0,14490077611,0,0,0,0,0,0,-1992,0,0
14491120611,0,0,0,0,0,0,6895,0,0,14491197611,0,0,0,0,0,0,-1990,0,0
14492240611,0,0,0,0,0,0,6882,0,0,14492317611,0,0,0,0,0,0,-1940,0,0
14493360611,0,0,0,0,0,0,6868,0,0,14493437611,0,0,0,0,0,0,-1986,0,0
14494480611,0,0,0,0,0,0,246,0,0,14494557611,0,0,0,0,0,0,640,0,0
14495600611,0,0,0,0,0,0,235,0,0,14495677611,0,0,0,0,0,0,625,0,0
14496720611,0,0,0,0,0,0,212,0,0,14496797611,0,0,0,0,0,0,607,0,0
14497840611,0,0,0,0,0,0,251,0,0,14497917611,0,0,0,0,0,0,605,0,0
14498960611,0,0,0,0,0,0,222,0,0,14499037611,0,0,0,0,0,0,595,0,0
14500080611,0,0,0,0,0,0,282,0,0,14500157611,0,0,0,0,0,0,600,0,0
14501200611,0,0,0,0,0,0,248,0,0,14501277611,0,0,0,0,0,0,615,0,0
14502320611,0,0,0,0,0,0,251,0,0,14502397611,0,0,0,0,0,0,620,0,0
14503440611,0,0,0,0,0,0,6864,0,0,14503517611,0,0,0,0,0,0,-1975,0,0
14504560611,0,0,0,0,0,0,6921,0,0,14504637611,0,0,0,0,0,0,-2008,0,0
14505680611,0,0,0,0,0,0,6839,0,0,14505757611,0,0,0,0,0,0,-2027,0,0
14506800611,0,0,0,0,0,0,6916,0,0,14506877611,0,0,0,0,0,0,-1975,0,0
14507920611,0,0,0,0,0,0,6915,0,0,14507997611,0,0,0,0,0,0,-1995,0,0
14509040611,0,0,0,0,0,0,6913,0,0,14509117611,0,0,0,0,0,0,-2046,0,0
14510160611,0,0,0,0,0,0,6863,0,0,14510237611,0,0,0,0,0,0,-1969,0,0
14511280611,0,0,0,0,0,0,6859,0,0,14511357611,0,0,0,0,0,0,-1984,0,0
14512400611,0,0,0,0,0,0,267,0,0,14512477611,0,0,0,0,0,0,627,0,0
14513520611,0,0,0,0,0,0,267,0,0,14513597611,0,0,0,0,0,0,593,0,0
14514640611,0,0,0,0,0,0,269,0,0,14514717611,0,0,0,0,0,0,588,0,0
14515760611,0,0,0,0,0,0,262,0,0,14515837611,0,0,0,0,0,0,613,0,0
14516880611,0,0,0,0,0,0,254,0,0,14516957611,0,0,0,0,0,0,569,0,0
14518000611,0,0,0,0,0,0,246,0,0,14518077611,0,0,0,0,0,0,584,0,0
14519120611,0,0,0,0,0,0,278,0,0,14519197611,0,0,0,0,0,0,579,0,0
14520240611,0,0,0,0,0,0,253,0,0,14520317611,0,0,0,0,0,0,622,0,0
14521360611,0,0,0,0,0,0,6866,0,0,14521437611,0,0,0,0,0,0,-2054,0,0
14522480611,0,0,0,0,0,0,6882,0,0,14522557611,0,0,0,0,0,0,-2026,0,0
14523600611,0,0,0,0,0,0,6869,0,0,14523677611,0,0,0,0,0,0,-1938,0,0
14524720611,0,0,0,0,0,0,6895,0,0,14524797611,0,0,0,0,0,0,-1990,0,0
14525840611,0,0,0,0,0,0,6916,0,0,14525917611,0,0,0,0,0,0,-1953,0,0
14526960611,0,0,0,0,0,0,6922,0,0,14527037611,0,0,0,0,0,0,-2027,0,0
14528080611,0,0,0,0,0,0,6855,0,0,14528157611,0,0,0,0,0,0,-1973,0,0
14529200611,0,0,0,0,0,0,6903,0,0,14529277611,0,0,0,0,0,0,-1991,0,0
14530320611,0,0,0,0,0,0,245,0,0,14530397611,0,0,0,0,0,0,554,0,0
14531440611,0,0,0,0,0,0,224,0,0,14531517611,0,0,0,0,0,0,584,0,0
14532560611,0,0,0,0,0,0,256,0,0,14532637611,0,0,0,0,0,0,629,0,0
14533680611,0,0,0,0,0,0,217,0,0,14533757611,0,0,0,0,0,0,587,0,0
14534800611,0,0,0,0,0,0,218,0,0,14534877611,0,0,0,0,0,0,563,0,0
14535920611,0,0,0,0,0,0,211,0,0,14535997611,0,0,0,0,0,0,618,0,0
14537040611,0,0,0,0,0,0,242,0,0,14537117611,0,0,0,0,0,0,571,0,0
14538160611,0,0,0,0,0,0,229,0,0,14538237611,0,0,0,0,0,0,615,0,0
14539280611,0,0,0,0,0,0,6819,0,0,14539357611,0,0,0,0,0,0,-1978,0,0
14540400611,0,0,0,0,0,0,6897,0,0,14540477611,0,0,0,0,0,0,-2036,0,0
14541520611,0,0,0,0,0,0,6898,0,0,14541597611,0,0,0,0,0,0,-1947,0,0
14542640611,0,0,0,0,0,0,6870,0,0,14542717611,0,0,0,0,0,0,-1977,0,0
14543760611,0,0,0,0,0,0,6841,0,0,14543837611,0,0,0,0,0,0,-2031,0,0
14544880611,0,0,0,0,0,0,6862,0,0,14544957611,0,0,0,0,0,0,-2013,0,0
14546000611,0,0,0,0,0,0,6877,0,0,14546077611,0,0,0,0,0,0,-1953,0,0
14547120611,0,0,0,0,0,0,6904,0,0,14547197611,0,0,0,0,0,0,-1999,0,0
14548240611,0,0,0,0,0,0,265,0,0,14548317611,0,0,0,0,0,0,624,0,0
14549360611,0,0,0,0,0,0,243,0,0,14549437611,0,0,0,0,0,0,630,0,0
14550480611,0,0,0,0,0,0,235,0,0,14550557611,0,0,0,0,0,0,619,0,0
14551600611,0,0,0,0,0,0,226,0,0,14551677611,0,0,0,0,0,0,620,0,0
14552720611,0,0,0,0,0,0,244,0,0,14552797611,0,0,0,0,0,0,614,0,0
14553840611,0,0,0,0,0,0,205,0,0,14553917611,0,0,0,0,0,0,637,0,0
14554960611,0,0,0,0,0,0,274,0,0,14555037611,0,0,0,0,0,0,596,0,0
14556080611,0,0,0,0,0,0,200,0,0,14556157611,0,0,0,0,0,0,614,0,0
14557200611,0,0,0,0,0,0,6801,0,0,14557277611,0,0,0,0,0,0,-1959,0,0
14558320611,0,0,0,0,0,0,6883,0,0,14558397611,0,0,0,0,0,0,-1967,0,0
14559440611,0,0,0,0,0,0,6893,0,0,14559517611,0,0,0,0,0,0,-1980,0,0
14560560611,0,0,0,0,0,0,6909,0,0,14560637611,0,0,0,0,0,0,-1977,0,0
14561680611,0,0,0,0,0,0,6870,0,0,14561757611,0,0,0,0,0,0,-1984,0,0
14562800611,0,0,0,0,0,0,6885,0,0,14562877611,0,0,0,0,0,0,-2003,0,0
14563920611,0,0,0,0,0,0,6827,0,0,14563997611,0,0,0,0,0,0,-2010,0,0
14565040611,0,0,0,0,0,0,6905,0,0,14565117611,0,0,0,0,0,0,-1987,0,0
14566160611,0,0,0,0,0,0,219,0,0,14566237611,0,0,0,0,0,0,547,0,0
14567280611,0,0,0,0,0,0,290,0,0,14567357611,0,0,0,0,0,0,617,0,0
14568400611,0,0,0,0,0,0,236,0,0,14568477611,0,0,0,0,0,0,616,0,0
14569520611,0,0,0,0,0,0,266,0,0,14569597611,0,0,0,0,0,0,587,0,0
14570640611,0,0,0,0,0,0,236,0,0,14570717611,0,0,0,0,0,0,599,0,0
14571760611,0,0,0,0,0,0,195,0,0,14571837611,0,0,0,0,0,0,615,0,0
14572880611,0,0,0,0,0,0,242,0,0,14572957611,0,0,0,0,0,0,585,0,0
14574000611,0,0,0,0,0,0,261,0,0,14574077611,0,0,0,0,0,0,622,0,0
14575120611,0,0,0,0,0,0,6669,0,0,14575197611,0,0,0,0,0,0,-1991,0,0
14576240611,0,0,0,0,0,0,6882,0,0,14576317611,0,0,0,0,0,0,-1989,0,0
14577360611,0,0,0,0,0,0,6922,0,0,14577437611,0,0,0,0,0,0,-1984,0,0
14578480611,0,0,0,0,0,0,6904,0,0,14578557611,0,0,0,0,0,0,-1976,0,0
14579600611,0,0,0,0,0,0,6882,0,0,14579677611,0,0,0,0,0,0,-1983,0,0
14580720611,0,0,0,0,0,0,6857,0,0,14580797611,0,0,0,0,0,0,-1932,0,0
14581840611,0,0,0,0,0,0,6941,0,0,14581917611,0,0,0,0,0,0,-1954,0,0
14582960611,0,0,0,0,0,0,6878,0,0,14583037611,0,0,0,0,0,0,-2001,0,0
14584080611,0,0,0,0,0,0,235,0,0,14584157611,0,0,0,0,0,0,589,0,0
14585200611,0,0,0,0,0,0,232,0,0,14585277611,0,0,0,0,0,0,599,0,0
14586320611,0,0,0,0,0,0,224,0,0,14586397611,0,0,0,0,0,0,581,0,0
14587440611,0,0,0,0,0,0,250,0,0,14587517611,0,0,0,0,0,0,617,0,0
14588560611,0,0,0,0,0,0,207,0,0,14588637611,0,0,0,0,0,0,603,0,0
14589680611,0,0,0,0,0,0,248,0,0,14589757611,0,0,0,0,0,0,592,0,0
14590800611,0,0,0,0,0,0,238,0,0,14590877611,0,0,0,0,0,0,581,0,0
14591920611,0,0,0,0,0,0,233,0,0,14591997611,0,0,0,0,0,0,596,0,0
14593040611,0,0,0,0,0,0,6580,0,0,14593117611,0,0,0,0,0,0,-1952,0,0
14594160611,0,0,0,0,0,0,6954,0,0,14594237611,0,0,0,0,0,0,-1996,0,0
14595280611,0,0,0,0,0,0,6893,0,0,14595357611,0,0,0,0,0,0,-1981,0,0
14596400611,0,0,0,0,0,0,6868,0,0,14596477611,0,0,0,0,0,0,-1953,0,0
14597520611,0,0,0,0,0,0,6919,0,0,14597597611,0,0,0,0,0,0,-2008,0,0
14598640611,0,0,0,0,0,0,6922,0,0,14598717611,0,0,0,0,0,0,-1992,0,0
14599760611,0,0,0,0,0,0,6869,0,0,14599837611,0,0,0,0,0,0,-2027,0,0
14600880611,0,0,0,0,0,0,6876,0,0,14600957611,0,0,0,0,0,0,-1993,0,0
14602000611,0,0,0,0,0,0,259,0,0,14602077611,0,0,0,0,0,0,610,0,0
14603120611,0,0,0,0,0,0,254,0,0,14603197611,0,0,0,0,0,0,598,0,0
14604240611,0,0,0,0,0,0,255,0,0,14604317611,0,0,0,0,0,0,586,0,0
14605360611,0,0,0,0,0,0,214,0,0,14605437611,0,0,0,0,0,0,626,0,0
14606480611,0,0,0,0,0,0,221,0,0,14606557611,0,0,0,0,0,0,624,0,0
14607600611,0,0,0,0,0,0,248,0,0,14607677611,0,0,0,0,0,0,559,0,0
14608720611,0,0,0,0,0,0,229,0,0,14608797611,0,0,0,0,0,0,652,0,0
14609840611,0,0,0,0,0,0,232,0,0,14609917611,0,0,0,0,0,0,639,0,0
14610960611,0,0,0,0,0,0,6305,0,0,14611037611,0,0,0,0,0,0,-1911,0,0
14612080611,0,0,0,0,0,0,6875,0,0,14612157611,0,0,0,0,0,0,-2007,0,0
14613200611,0,0,0,0,0,0,6925,0,0,14613277611,0,0,0,0,0,0,-1973,0,0
14614320611,0,0,0,0,0,0,6908,0,0,14614397611,0,0,0,0,0,0,-1996,0,0
14615440611,0,0,0,0,0,0,6899,0,0,14615517611,0,0,0,0,0,0,-1965,0,0
14616560611,0,0,0,0,0,0,6897,0,0,14616637611,0,0,0,0,0,0,-1979,0,0
14617680611,0,0,0,0,0,0,6890,0,0,14617757611,0,0,0,0,0,0,-1995,0,0
14618800611,0,0,0,0,0,0,6889,0,0,14618877611,0,0,0,0,0,0,-1996,0,0
14619920611,0,0,0,0,0,0,309,0,0,14619997611,0,0,0,0,0,0,597,0,0
14621040611,0,0,0,0,0,0,253,0,0,14621117611,0,0,0,0,0,0,597,0,0
14622160611,0,0,0,0,0,0,205,0,0,14622237611,0,0,0,0,0,0,603,0,0
14623280611,0,0,0,0,0,0,201,0,0,14623357611,0,0,0,0,0,0,629,0,0
14624400611,0,0,0,0,0,0,201,0,0,14624477611,0,0,0,0,0,0,627,0,0
14625520611,0,0,0,0,0,0,239,0,0,14625597611,0,0,0,0,0,0,612,0,0
14626640611,0,0,0,0,0,0,266,0,0,14626717611,0,0,0,0,0,0,624,0,0
14627760611,0,0,0,0,0,0,281,0,0,14627837611,0,0,0,0,0,0,625,0,0
14628880611,0,0,0,0,0,0,5768,0,0,14628957611,0,0,0,0,0,0,-1931,0,0
14630000611,0,0,0,0,0,0,6889,0,0,14630077611,0,0,0,0,0,0,-1977,0,0
14631120611,0,0,0,0,0,0,6842,0,0,14631197611,0,0,0,0,0,0,-2002,0,0
14632240611,0,0,0,0,0,0,6874,0,0,14632317611,0,0,0,0,0,0,-1954,0,0
14633360611,0,0,0,0,0,0,6917,0,0,14633437611,0,0,0,0,0,0,-1957,0,0
14634480611,0,0,0,0,0,0,6848,0,0,14634557611,0,0,0,0,0,0,-1986,0,0
14635600611,0,0,0,0,0,0,6899,0,0,14635677611,0,0,0,0,0,0,-1950,0,0
14636720611,0,0,0,0,0,0,6909,0,0,14636797611,0,0,0,0,0,0,-1998,0,0
14637840611,0,0,0,0,0,0,799,0,0,14637917611,0,0,0,0,0,0,629,0,0
14638960611,0,0,0,0,0,0,210,0,0,14639037611,0,0,0,0,0,0,624,0,0
14640080611,0,0,0,0,0,0,226,0,0,14640157611,0,0,0,0,0,0,588,0,0
14641200611,0,0,0,0,0,0,272,0,0,14641277611,0,0,0,0,0,0,610,0,0
14642320611,0,0,0,0,0,0,242,0,0,14642397611,0,0,0,0,0,0,643,0,0
14643440611,0,0,0,0,0,0,276,0,0,14643517611,0,0,0,0,0,0,619,0,0
14644560611,0,0,0,0,0,0,271,0,0,14644637611,0,0,0,0,0,0,638,0,0
14645680611,0,0,0,0,0,0,225,0,0,14645757611,0,0,0,0,0,0,590,0,0
14646800611,0,0,0,0,0,0,4512,0,0,14646877611,0,0,0,0,0,0,-1872,0,0
14647920611,0,0,0,0,0,0,6900,0,0,14647997611,0,0,0,0,0,0,-1983,0,0
14649040611,0,0,0,0,0,0,6869,0,0,14649117611,0,0,0,0,0,0,-1979,0,0
14650160611,0,0,0,0,0,0,6869,0,0,14650237611,0,0,0,0,0,0,-1997,0,0
14651280611,0,0,0,0,0,0,6897,0,0,14651357611,0,0,0,0,0,0,-2036,0,0
14652400611,0,0,0,0,0,0,6919,0,0,14652477611,0,0,0,0,0,0,-1986,0,0
14653520611,0,0,0,0,0,0,6878,0,0,14653597611,0,0,0,0,0,0,-2003,0,0
14654640611,0,0,0,0,0,0,6884,0,0,14654717611,0,0,0,0,0,0,-1988,0,0
14655760611,0,0,0,0,0,0,3098,0,0,14655837611,0,0,0,0,0,0,591,0,0
14656880611,0,0,0,0,0,0,218,0,0,14656957611,0,0,0,0,0,0,595,0,0
14658000611,0,0,0,0,0,0,238,0,0,14658077611,0,0,0,0,0,0,580,0,0
14659120611,0,0,0,0,0,0,263,0,0,14659197611,0,0,0,0,0,0,630,0,0
14660240611,0,0,0,0,0,0,239,0,0,14660317611,0,0,0,0,0,0,641,0,0
14661360611,0,0,0,0,0,0,258,0,0,14661437611,0,0,0,0,0,0,585,0,0
14662480611,0,0,0,0,0,0,224,0,0,14662557611,0,0,0,0,0,0,620,0,0
14663600611,0,0,0,0,0,0,252,0,0,14663677611,0,0,0,0,0,0,636,0,0
14664720611,0,0,0,0,0,0,1720,0,0,14664797611,0,0,0,0,0,0,-1729,0,0
14665840611,0,0,0,0,0,0,6860,0,0,14665917611,0,0,0,0,0,0,-1968,0,0
14666960611,0,0,0,0,0,0,6875,0,0,14667037611,0,0,0,0,0,0,-2007,0,0
14668080611,0,0,0,0,0,0,6884,0,0,14668157611,0,0,0,0,0,0,-1984,0,0
14669200611,0,0,0,0,0,0,6919,0,0,14669277611,0,0,0,0,0,0,-1950,0,0
14670320611,0,0,0,0,0,0,6905,0,0,14670397611,0,0,0,0,0,0,-1978,0,0
14671440611,0,0,0,0,0,0,6890,0,0,14671517611,0,0,0,0,0,0,-1967,0,0
14672560611,0,0,0,0,0,0,6858,0,0,14672637611,0,0,0,0,0,0,-1990,0,0
14673680611,0,0,0,0,0,0,6852,0,0,14673757611,0,0,0,0,0,0,521,0,0
14674800611,0,0,0,0,0,0,237,0,0,14674877611,0,0,0,0,0,0,630,0,0
14675920611,0,0,0,0,0,0,263,0,0,14675997611,0,0,0,0,0,0,579,0,0
14677040611,0,0,0,0,0,0,214,0,0,14677117611,0,0,0,0,0,0,652,0,0
14678160611,0,0,0,0,0,0,211,0,0,14678237611,0,0,0,0,0,0,583,0,0
14679280611,0,0,0,0,0,0,186,0,0,14679357611,0,0,0,0,0,0,592,0,0
14680400611,0,0,0,0,0,0,253,0,0,14680477611,0,0,0,0,0,0,561,0,0
14681520611,0,0,0,0,0,0,234,0,0,14681597611,0,0,0,0,0,0,633,0,0
14682640611,0,0,0,0,0,0,204,0,0,14682717611,0,0,0,0,0,0,622,0,0
14683760611,0,0,0,0,0,0,212,0,0,14683837611,0,0,0,0,0,0,625,0,0
14684880611,0,0,0,0,0,0,238,0,0,14684957611,0,0,0,0,0,0,628,0,0
14686000611,0,0,0,0,0,0,238,0,0,14686077611,0,0,0,0,0,0,629,0,0
14687120611,0,0,0,0,0,0,222,0,0,14687197611,0,0,0,0,0,0,596,0,0
14688240611,0,0,0,0,0,0,237,0,0,14688317611,0,0,0,0,0,0,594,0,0
14689360611,0,0,0,0,0,0,248,0,0,14689437611,0,0,0,0,0,0,606,0,0
14690480611,0,0,0,0,0,0,236,0,0,14690557611,0,0,0,0,0,0,634,0,0
14691600611,0,0,0,0,0,0,239,0,0,14691677611,0,0,0,0,0,0,594,0,0
14692720611,0,0,0,0,0,0,222,0,0,14692797611,0,0,0,0,0,0,644,0,0
14693840611,0,0,0,0,0,0,263,0,0,14693917611,0,0,0,0,0,0,616,0,0
14694960611,0,0,0,0,0,0,228,0,0,14695037611,0,0,0,0,0,0,612,0,0
14696080611,0,0,0,0,0,0,208,0,0,14696157611,0,0,0,0,0,0,604,0,0
14697200611,0,0,0,0,0,0,257,0,0,14697277611,0,0,0,0,0,0,591,0,0
14698320611,0,0,0,0,0,0,242,0,0,14698397611,0,0,0,0,0,0,598,0,0
14699440611,0,0,0,0,0,0,263,0,0,14699517611,0,0,0,0,0,0,569,0,0
14700560611,0,0,0,0,0,0,253,0,0,14700637611,0,0,0,0,0,0,585,0,0
14701680611,0,0,0,0,0,0,267,0,0,14701757611,0,0,0,0,0,0,605,0,0
14702800611,0,0,0,0,0,0,219,0,0,14702877611,0,0,0,0,0,0,603,0,0
14703920611,0,0,0,0,0,0,240,0,0,14703997611,0,0,0,0,0,0,608,0,0
14705040611,0,0,0,0,0,0,230,0,0,14705117611,0,0,0,0,0,0,613,0,0
14706160611,0,0,0,0,0,0,314,0,0,14706237611,0,0,0,0,0,0,581,0,0
14707280611,0,0,0,0,0,0,246,0,0,14707357611,0,0,0,0,0,0,584,0,0
14708400611,0,0,0,0,0,0,267,0,0,14708477611,0,0,0,0,0,0,635,0,0
14709520611,0,0,0,0,0,0,176,0,0,14709597611,0,0,0,0,0,0,593,0,0
14710640611,0,0,0,0,0,0,243,0,0,14710717611,0,0,0,0,0,0,580,0,0
14711760611,0,0,0,0,0,0,248,0,0,14711837611,0,0,0,0,0,0,580,0,0
14712880611,0,0,0,0,0,0,228,0,0,14712957611,0,0,0,0,0,0,650,0,0
14714000611,0,0,0,0,0,0,243,0,0,14714077611,0,0,0,0,0,0,634,0,0
14715120611,0,0,0,0,0,0,265,0,0,14715197611,0,0,0,0,0,0,589,0,0
14716240611,0,0,0,0,0,0,287,0,0,14716317611,0,0,0,0,0,0,606,0,0
14717360611,0,0,0,0,0,0,241,0,0,14717437611,0,0,0,0,0,0,634,0,0
14718480611,0,0,0,0,0,0,227,0,0,14718557611,0,0,0,0,0,0,561,0,0
14719600611,0,0,0,0,0,0,268,0,0,14719677611,0,0,0,0,0,0,571,0,0
14720720611,0,0,0,0,0,0,255,0,0,14720797611,0,0,0,0,0,0,572,0,0
14721840611,0,0,0,0,0,0,237,0,0,14721917611,0,0,0,0,0,0,627,0,0
14722960611,0,0,0,0,0,0,233,0,0,14723037611,0,0,0,0,0,0,605,0,0
14724080611,0,0,0,0,0,0,201,0,0,14724157611,0,0,0,0,0,0,606,0,0
14725200611,0,0,0,0,0,0,292,0,0,14725277611,0,0,0,0,0,0,604,0,0
14726320611,0,0,0,0,0,0,236,0,0,14726397611,0,0,0,0,0,0,583,0,0
14727440611,0,0,0,0,0,0,215,0,0,14727517611,0,0,0,0,0,0,578,0,0
14728560611,0,0,0,0,0,0,263,0,0,14728637611,0,0,0,0,0,0,568,0,0
14729680611,0,0,0,0,0,0,227,0,0,14729757611,0,0,0,0,0,0,643,0,0
14730800611,0,0,0,0,0,0,248,0,0,14730877611,0,0,0,0,0,0,656,0,0
14731920611,0,0,0,0,0,0,242,0,0,14731997611,0,0,0,0,0,0,634,0,0
14733040611,0,0,0,0,0,0,212,0,0,14733117611,0,0,0,0,0,0,586,0,0
14734160611,0,0,0,0,0,0,191,0,0,14734237611,0,0,0,0,0,0,651,0,0
14735280611,0,0,0,0,0,0,237,0,0,14735357611,0,0,0,0,0,0,591,0,0
14736400611,0,0,0,0,0,0,263,0,0,14736477611,0,0,0,0,0,0,623,0,0
14737520611,0,0,0,0,0,0,207,0,0,14737597611,0,0,0,0,0,0,606,0,0
14738640611,0,0,0,0,0,0,199,0,0,14738717611,0,0,0,0,0,0,603,0,0
14739760611,0,0,0,0,0,0,250,0,0,14739837611,0,0,0,0,0,0,619,0,0
14740880611,0,0,0,0,0,0,254,0,0,14740957611,0,0,0,0,0,0,634,0,0
14742000611,0,0,0,0,0,0,220,0,0,14742077611,0,0,0,0,0,0,601,0,0
14743120611,0,0,0,0,0,0,236,0,0,14743197611,0,0,0,0,0,0,581,0,0
14744240611,0,0,0,0,0,0,229,0,0,14744317611,0,0,0,0,0,0,617,0,0
14745360611,0,0,0,0,0,0,246,0,0,14745437611,0,0,0,0,0,0,602,0,0
14746480611,0,0,0,0,0,0,245,0,0,14746557611,0,0,0,0,0,0,624,0,0
14747600611,0,0,0,0,0,0,236,0,0,14747677611,0,0,0,0,0,0,659,0,0
14748720611,0,0,0,0,0,0,256,0,0,14748797611,0,0,0,0,0,0,649,0,0
14749840611,0,0,0,0,0,0,237,0,0,14749917611,0,0,0,0,0,0,633,0,0
14750960611,0,0,0,0,0,0,235,0,0,14751037611,0,0,0,0,0,0,616,0,0
14752080611,0,0,0,0,0,0,241,0,0,14752157611,0,0,0,0,0,0,561,0,0
14753200611,0,0,0,0,0,0,262,0,0,14753277611,0,0,0,0,0,0,576,0,0
14754320611,0,0,0,0,0,0,214,0,0,14754397611,0,0,0,0,0,0,604,0,0
14755440611,0,0,0,0,0,0,257,0,0,14755517611,0,0,0,0,0,0,643,0,0
14756560611,0,0,0,0,0,0,259,0,0,14756637611,0,0,0,0,0,0,568,0,0
14757680611,0,0,0,0,0,0,240,0,0,14757757611,0,0,0,0,0,0,599,0,0
14758800611,0,0,0,0,0,0,233,0,0,14758877611,0,0,0,0,0,0,626,0,0
14759920611,0,0,0,0,0,0,264,0,0,14759997611,0,0,0,0,0,0,641,0,0
14761040611,0,0,0,0,0,0,255,0,0,14761117611,0,0,0,0,0,0,601,0,0
14762160611,0,0,0,0,0,0,290,0,0,14762237611,0,0,0,0,0,0,588,0,0
14763280611,0,0,0,0,0,0,281,0,0,14763357611,0,0,0,0,0,0,639,0,0
14764400611,0,0,0,0,0,0,286,0,0,14764477611,0,0,0,0,0,0,614,0,0
14765520611,0,0,0,0,0,0,217,0,0,14765597611,0,0,0,0,0,0,571,0,0
14766640611,0,0,0,0,0,0,285,0,0,14766717611,0,0,0,0,0,0,562,0,0
14767760611,0,0,0,0,0,0,194,0,0,14767837611,0,0,0,0,0,0,572,0,0
14768880611,0,0,0,0,0,0,239,0,0,14768957611,0,0,0,0,0,0,631,0,0
14770000611,0,0,0,0,0,0,221,0,0,14770077611,0,0,0,0,0,0,611,0,0
14771120611,0,0,0,0,0,0,249,0,0,14771197611,0,0,0,0,0,0,568,0,0
14772240611,0,0,0,0,0,0,223,0,0,14772317611,0,0,0,0,0,0,612,0,0
14773360611,0,0,0,0,0,0,255,0,0,14773437611,0,0,0,0,0,0,566,0,0
14774480611,0,0,0,0,0,0,230,0,0,14774557611,0,0,0,0,0,0,621,0,0
14775600611,0,0,0,0,0,0,259,0,0,14775677611,0,0,0,0,0,0,614,0,0
14776720611,0,0,0,0,0,0,237,0,0,14776797611,0,0,0,0,0,0,620,0,0
14777840611,0,0,0,0,0,0,245,0,0,14777917611,0,0,0,0,0,0,604,0,0
14778960611,0,0,0,0,0,0,261,0,0,14779037611,0,0,0,0,0,0,574,0,0
14780080611,0,0,0,0,0,0,239,0,0,14780157611,0,0,0,0,0,0,590,0,0
14781200611,0,0,0,0,0,0,241,0,0,14781277611,0,0,0,0,0,0,584,0,0
14782320611,0,0,0,0,0,0,251,0,0,14782397611,0,0,0,0,0,0,608,0,0
14783440611,0,0,0,0,0,0,229,0,0,14783517611,0,0,0,0,0,0,644,0,0
14784560611,0,0,0,0,0,0,268,0,0,14784637611,0,0,0,0,0,0,620,0,0
14785680611,0,0,0,0,0,0,213,0,0,14785757611,0,0,0,0,0,0,588,0,0
14786800611,0,0,0,0,0,0,235,0,0,14786877611,0,0,0,0,0,0,583,0,0
14787920611,0,0,0,0,0,0,285,0,0,14787997611,0,0,0,0,0,0,625,0,0
14789040611,0,0,0,0,0,0,267,0,0,14789117611,0,0,0,0,0,0,627,0,0
14790160611,0,0,0,0,0,0,291,0,0,14790237611,0,0,0,0,0,0,549,0,0
14791280611,0,0,0,0,0,0,239,0,0,14791357611,0,0,0,0,0,0,597,0,0
14792400611,0,0,0,0,0,0,266,0,0,14792477611,0,0,0,0,0,0,614,0,0
14793520611,0,0,0,0,0,0,205,0,0,14793597611,0,0,0,0,0,0,594,0,0
14794640611,0,0,0,0,0,0,210,0,0,14794717611,0,0,0,0,0,0,612,0,0
14795760611,0,0,0,0,0,0,225,0,0,14795837611,0,0,0,0,0,0,563,0,0
14796880611,0,0,0,0,0,0,3693,0,0,14796957611,0,0,0,0,0,0,-1779,0,0
14798000611,0,0,0,0,0,0,6916,0,0,14798077611,0,0,0,0,0,0,-1953,0,0
14799120611,0,0,0,0,0,0,6929,0,0,14799197611,0,0,0,0,0,0,-1998,0,0
14800240611,0,0,0,0,0,0,6890,0,0,14800317611,0,0,0,0,0,0,-1964,0,0
14801360611,0,0,0,0,0,0,6891,0,0,14801437611,0,0,0,0,0,0,-2001,0,0
14802480611,0,0,0,0,0,0,6926,0,0,14802557611,0,0,0,0,0,0,-1987,0,0
14803600611,0,0,0,0,0,0,6964,0,0,14803677611,0,0,0,0,0,0,-1982,0,0
14804720611,0,0,0,0,0,0,6941,0,0,14804797611,0,0,0,0,0,0,-1983,0,0
14805840611,0,0,0,0,0,0,2763,0,0,14805917611,0,0,0,0,0,0,546,0,0
14806960611,0,0,0,0,0,0,202,0,0,14807037611,0,0,0,0,0,0,594,0,0
14808080611,0,0,0,0,0,0,231,0,0,14808157611,0,0,0,0,0,0,584,0,0
14809200611,0,0,0,0,0,0,249,0,0,14809277611,0,0,0,0,0,0,637,0,0
14810320611,0,0,0,0,0,0,240,0,0,14810397611,0,0,0,0,0,0,655,0,0
14811440611,0,0,0,0,0,0,222,0,0,14811517611,0,0,0,0,0,0,593,0,0
14812560611,0,0,0,0,0,0,219,0,0,14812637611,0,0,0,0,0,0,598,0,0
14813680611,0,0,0,0,0,0,186,0,0,14813757611,0,0,0,0,0,0,591,0,0
14814800611,0,0,0,0,0,0,2120,0,0,14814877611,0,0,0,0,0,0,-1710,0,0
14815920611,0,0,0,0,0,0,6878,0,0,14815997611,0,0,0,0,0,0,-1998,0,0
14817040611,0,0,0,0,0,0,6915,0,0,14817117611,0,0,0,0,0,0,-2021,0,0
14818160611,0,0,0,0,0,0,6900,0,0,14818237611,0,0,0,0,0,0,-2026,0,0
14819280611,0,0,0,0,0,0,6867,0,0,14819357611,0,0,0,0,0,0,-1944,0,0
14820400611,0,0,0,0,0,0,6938,0,0,14820477611,0,0,0,0,0,0,-1927,0,0
14821520611,0,0,0,0,0,0,6930,0,0,14821597611,0,0,0,0,0,0,-1996,0,0
14822640611,0,0,0,0,0,0,6886,0,0,14822717611,0,0,0,0,0,0,-1946,0,0
14823760611,0,0,0,0,0,0,6873,0,0,14823837611,0,0,0,0,0,0,515,0,0
14824880611,0,0,0,0,0,0,232,0,0,14824957611,0,0,0,0,0,0,612,0,0
14826000611,0,0,0,0,0,0,256,0,0,14826077611,0,0,0,0,0,0,642,0,0
14827120611,0,0,0,0,0,0,236,0,0,14827197611,0,0,0,0,0,0,613,0,0
14828240611,0,0,0,0,0,0,263,0,0,14828317611,0,0,0,0,0,0,620,0,0
14829360611,0,0,0,0,0,0,215,0,0,14829437611,0,0,0,0,0,0,568,0,0
14830480611,0,0,0,0,0,0,253,0,0,14830557611,0,0,0,0,0,0,622,0,0
14831600611,0,0,0,0,0,0,226,0,0,14831677611,0,0,0,0,0,0,627,0,0
14832720611,0,0,0,0,0,0,256,0,0,14832797611,0,0,0,0,0,0,-1454,0,0
14833840611,0,0,0,0,0,0,6874,0,0,14833917611,0,0,0,0,0,0,-1973,0,0
14834960611,0,0,0,0,0,0,6893,0,0,14835037611,0,0,0,0,0,0,-2001,0,0
14836080611,0,0,0,0,0,0,6855,0,0,14836157611,0,0,0,0,0,0,-2008,0,0
14837200611,0,0,0,0,0,0,6886,0,0,14837277611,0,0,0,0,0,0,-1961,0,0
14838320611,0,0,0,0,0,0,6848,0,0,14838397611,0,0,0,0,0,0,-1994,0,0
14839440611,0,0,0,0,0,0,6901,0,0,14839517611,0,0,0,0,0,0,-1988,0,0
14840560611,0,0,0,0,0,0,6897,0,0,14840637611,0,0,0,0,0,0,-1979,0,0
14841680611,0,0,0,0,0,0,6919,0,0,14841757611,0,0,0,0,0,0,173,0,0
14842800611,0,0,0,0,0,0,216,0,0,14842877611,0,0,0,0,0,0,632,0,0
14843920611,0,0,0,0,0,0,241,0,0,14843997611,0,0,0,0,0,0,590,0,0
14845040611,0,0,0,0,0,0,203,0,0,14845117611,0,0,0,0,0,0,620,0,0
14846160611,0,0,0,0,0,0,198,0,0,14846237611,0,0,0,0,0,0,611,0,0
14847280611,0,0,0,0,0,0,223,0,0,14847357611,0,0,0,0,0,0,578,0,0
14848400611,0,0,0,0,0,0,228,0,0,14848477611,0,0,0,0,0,0,618,0,0
14849520611,0,0,0,0,0,0,243,0,0,14849597611,0,0,0,0,0,0,636,0,0
14850640611,0,0,0,0,0,0,288,0,0,14850717611,0,0,0,0,0,0,-859,0,0
14851760611,0,0,0,0,0,0,6855,0,0,14851837611,0,0,0,0,0,0,-1957,0,0
14852880611,0,0,0,0,0,0,6925,0,0,14852957611,0,0,0,0,0,0,-1982,0,0
14854000611,0,0,0,0,0,0,6904,0,0,14854077611,0,0,0,0,0,0,-1940,0,0
14855120611,0,0,0,0,0,0,6889,0,0,14855197611,0,0,0,0,0,0,-1994,0,0
14856240611,0,0,0,0,0,0,6878,0,0,14856317611,0,0,0,0,0,0,-1973,0,0
14857360611,0,0,0,0,0,0,6892,0,0,14857437611,0,0,0,0,0,0,-1995,0,0
14858480611,0,0,0,0,0,0,6860,0,0,14858557611,0,0,0,0,0,0,-1993,0,0
14859600611,0,0,0,0,0,0,6885,0,0,14859677611,0,0,0,0,0,0,-910,0,0
14860720611,0,0,0,0,0,0,279,0,0,14860797611,0,0,0,0,0,0,624,0,0
14861840611,0,0,0,0,0,0,244,0,0,14861917611,0,0,0,0,0,0,580,0,0
14862960611,0,0,0,0,0,0,205,0,0,14863037611,0,0,0,0,0,0,601,0,0
14864080611,0,0,0,0,0,0,226,0,0,14864157611,0,0,0,0,0,0,616,0,0
14865200611,0,0,0,0,0,0,198,0,0,14865277611,0,0,0,0,0,0,619,0,0
14866320611,0,0,0,0,0,0,244,0,0,14866397611,0,0,0,0,0,0,591,0,0
14867440611,0,0,0,0,0,0,214,0,0,14867517611,0,0,0,0,0,0,639,0,0
14868560611,0,0,0,0,0,0,274,0,0,14868637611,0,0,0,0,0,0,390,0,0
14869680611,0,0,0,0,0,0,6912,0,0,14869757611,0,0,0,0,0,0,-2008,0,0
14870800611,0,0,0,0,0,0,6885,0,0,14870877611,0,0,0,0,0,0,-2003,0,0
14871920611,0,0,0,0,0,0,6876,0,0,14871997611,0,0,0,0,0,0,-2012,0,0
14873040611,0,0,0,0,0,0,6881,0,0,14873117611,0,0,0,0,0,0,-1964,0,0
14874160611,0,0,0,0,0,0,6897,0,0,14874237611,0,0,0,0,0,0,-2007,0,0
14875280611,0,0,0,0,0,0,6897,0,0,14875357611,0,0,0,0,0,0,-1984,0,0
14876400611,0,0,0,0,0,0,6905,0,0,14876477611,0,0,0,0,0,0,-1971,0,0
14877520611,0,0,0,0,0,0,6891,0,0,14877597611,0,0,0,0,0,0,-1965,0,0
14878640611,0,0,0,0,0,0,209,0,0,14878717611,0,0,0,0,0,0,624,0,0
14879760611,0,0,0,0,0,0,261,0,0,14879837611,0,0,0,0,0,0,592,0,0
14880880611,0,0,0,0,0,0,211,0,0,14880957611,0,0,0,0,0,0,560,0,0
14882000611,0,0,0,0,0,0,243,0,0,14882077611,0,0,0,0,0,0,621,0,0
14883120611,0,0,0,0,0,0,265,0,0,14883197611,0,0,0,0,0,0,590,0,0
14884240611,0,0,0,0,0,0,266,0,0,14884317611,0,0,0,0,0,0,628,0,0
14885360611,0,0,0,0,0,0,174,0,0,14885437611,0,0,0,0,0,0,607,0,0
14886480611,0,0,0,0,0,0,267,0,0,14886557611,0,0,0,0,0,0,636,0,0
14887600611,0,0,0,0,0,0,6888,0,0,14887677611,0,0,0,0,0,0,-2009,0,0
14888720611,0,0,0,0,0,0,6933,0,0,14888797611,0,0,0,0,0,0,-1941,0,0
14889840611,0,0,0,0,0,0,6909,0,0,14889917611,0,0,0,0,0,0,-1965,0,0
14890960611,0,0,0,0,0,0,6913,0,0,14891037611,0,0,0,0,0,0,-2005,0,0
14892080611,0,0,0,0,0,0,6902,0,0,14892157611,0,0,0,0,0,0,-2009,0,0
14893200611,0,0,0,0,0,0,6893,0,0,14893277611,0,0,0,0,0,0,-1997,0,0
14894320611,0,0,0,0,0,0,6910,0,0,14894397611,0,0,0,0,0,0,-1964,0,0
14895440611,0,0,0,0,0,0,6835,0,0,14895517611,0,0,0,0,0,0,-1971,0,0
14896560611,0,0,0,0,0,0,255,0,0,14896637611,0,0,0,0,0,0,629,0,0
14897680611,0,0,0,0,0,0,231,0,0,14897757611,0,0,0,0,0,0,619,0,0
14898800611,0,0,0,0,0,0,199,0,0,14898877611,0,0,0,0,0,0,609,0,0
14899920611,0,0,0,0,0,0,246,0,0,14899997611,0,0,0,0,0,0,610,0,0
14901040611,0,0,0,0,0,0,244,0,0,14901117611,0,0,0,0,0,0,614,0,0
14902160611,0,0,0,0,0,0,247,0,0,14902237611,0,0,0,0,0,0,550,0,0
14903280611,0,0,0,0,0,0,258,0,0,14903357611,0,0,0,0,0,0,613,0,0
14904400611,0,0,0,0,0,0,258,0,0,14904477611,0,0,0,0,0,0,627,0,0
14905520611,0,0,0,0,0,0,6883,0,0,14905597611,0,0,0,0,0,0,-2020,0,0
14906640611,0,0,0,0,0,0,6898,0,0,14906717611,0,0,0,0,0,0,-2017,0,0
14907760611,0,0,0,0,0,0,6874,0,0,14907837611,0,0,0,0,0,0,-1981,0,0
14908880611,0,0,0,0,0,0,6851,0,0,14908957611,0,0,0,0,0,0,-1963,0,0
14910000611,0,0,0,0,0,0,6863,0,0,14910077611,0,0,0,0,0,0,-1989,0,0
14911120611,0,0,0,0,0,0,6870,0,0,14911197611,0,0,0,0,0,0,-1942,0,0
14912240611,0,0,0,0,0,0,6891,0,0,14912317611,0,0,0,0,0,0,-2019,0,0
14913360611,0,0,0,0,0,0,6855,0,0,14913437611,0,0,0,0,0,0,-1967,0,0
14914480611,0,0,0,0,0,0,236,0,0,14914557611,0,0,0,0,0,0,618,0,0
14915600611,0,0,0,0,0,0,257,0,0,14915677611,0,0,0,0,0,0,601,0,0
14916720611,0,0,0,0,0,0,226,0,0,14916797611,0,0,0,0,0,0,648,0,0
14917840611,0,0,0,0,0,0,256,0,0,14917917611,0,0,0,0,0,0,645,0,0
14918960611,0,0,0,0,0,0,239,0,0,14919037611,0,0,0,0,0,0,629,0,0
14920080611,0,0,0,0,0,0,262,0,0,14920157611,0,0,0,0,0,0,589,0,0
14921200611,0,0,0,0,0,0,235,0,0,14921277611,0,0,0,0,0,0,612,0,0
14922320611,0,0,0,0,0,0,194,0,0,14922397611,0,0,0,0,0,0,603,0,0
14923440611,0,0,0,0,0,0,6918,0,0,14923517611,0,0,0,0,0,0,-1984,0,0
14924560611,0,0,0,0,0,0,6860,0,0,14924637611,0,0,0,0,0,0,-2015,0,0
14925680611,0,0,0,0,0,0,6893,0,0,14925757611,0,0,0,0,0,0,-2056,0,0
14926800611,0,0,0,0,0,0,6895,0,0,14926877611,0,0,0,0,0,0,-2020,0,0
14927920611,0,0,0,0,0,0,6871,0,0,14927997611,0,0,0,0,0,0,-1975,0,0
14929040611,0,0,0,0,0,0,6854,0,0,14929117611,0,0,0,0,0,0,-1959,0,0
14930160611,0,0,0,0,0,0,6887,0,0,14930237611,0,0,0,0,0,0,-2052,0,0
14931280611,0,0,0,0,0,0,6890,0,0,14931357611,0,0,0,0,0,0,-1977,0,0
14932400611,0,0,0,0,0,0,215,0,0,14932477611,0,0,0,0,0,0,596,0,0
14933520611,0,0,0,0,0,0,243,0,0,14933597611,0,0,0,0,0,0,592,0,0
14934640611,0,0,0,0,0,0,280,0,0,14934717611,0,0,0,0,0,0,622,0,0
14935760611,0,0,0,0,0,0,212,0,0,14935837611,0,0,0,0,0,0,629,0,0
14936880611,0,0,0,0,0,0,302,0,0,14936957611,0,0,0,0,0,0,617,0,0
14938000611,0,0,0,0,0,0,229,0,0,14938077611,0,0,0,0,0,0,627,0,0
14939120611,0,0,0,0,0,0,263,0,0,14939197611,0,0,0,0,0,0,612,0,0
14940240611,0,0,0,0,0,0,235,0,0,14940317611,0,0,0,0,0,0,581,0,0
14941360611,0,0,0,0,0,0,6917,0,0,14941437611,0,0,0,0,0,0,-2012,0,0
14942480611,0,0,0,0,0,0,6907,0,0,14942557611,0,0,0,0,0,0,-1976,0,0
14943600611,0,0,0,0,0,0,6885,0,0,14943677611,0,0,0,0,0,0,-1972,0,0
14944720611,0,0,0,0,0,0,6919,0,0,14944797611,0,0,0,0,0,0,-1964,0,0
14945840611,0,0,0,0,0,0,6903,0,0,14945917611,0,0,0,0,0,0,-2012,0,0
14946960611,0,0,0,0,0,0,6897,0,0,14947037611,0,0,0,0,0,0,-2010,0,0
14948080611,0,0,0,0,0,0,6918,0,0,14948157611,0,0,0,0,0,0,-1962,0,0
14949200611,0,0,0,0,0,0,6935,0,0,14949277611,0,0,0,0,0,0,-1982,0,0
14950320611,0,0,0,0,0,0,228,0,0,14950397611,0,0,0,0,0,0,578,0,0
14951440611,0,0,0,0,0,0,224,0,0,14951517611,0,0,0,0,0,0,627,0,0
14952560611,0,0,0,0,0,0,214,0,0,14952637611,0,0,0,0,0,0,606,0,0
14953680611,0,0,0,0,0,0,235,0,0,14953757611,0,0,0,0,0,0,627,0,0
14954800611,0,0,0,0,0,0,196,0,0,14954877611,0,0,0,0,0,0,602,0,0
14955920611,0,0,0,0,0,0,225,0,0,14955997611,0,0,0,0,0,0,596,0,0
14957040611,0,0,0,0,0,0,220,0,0,14957117611,0,0,0,0,0,0,599,0,0
14958160611,0,0,0,0,0,0,259,0,0,14958237611,0,0,0,0,0,0,599,0,0
14959280611,0,0,0,0,0,0,6863,0,0,14959357611,0,0,0,0,0,0,-1982,0,0
14960400611,0,0,0,0,0,0,6910,0,0,14960477611,0,0,0,0,0,0,-1982,0,0
14961520611,0,0,0,0,0,0,6906,0,0,14961597611,0,0,0,0,0,0,-1984,0,0
14962640611,0,0,0,0,0,0,6918,0,0,14962717611,0,0,0,0,0,0,-1999,0,0
14963760611,0,0,0,0,0,0,6911,0,0,14963837611,0,0,0,0,0,0,-2001,0,0
14964880611,0,0,0,0,0,0,6898,0,0,14964957611,0,0,0,0,0,0,-2016,0,0
14966000611,0,0,0,0,0,0,6904,0,0,14966077611,0,0,0,0,0,0,-1967,0,0
14967120611,0,0,0,0,0,0,6947,0,0,14967197611,0,0,0,0,0,0,-1995,0,0
14968240611,0,0,0,0,0,0,229,0,0,14968317611,0,0,0,0,0,0,597,0,0
14969360611,0,0,0,0,0,0,219,0,0,14969437611,0,0,0,0,0,0,553,0,0
14970480611,0,0,0,0,0,0,261,0,0,14970557611,0,0,0,0,0,0,622,0,0
14971600611,0,0,0,0,0,0,247,0,0,14971677611,0,0,0,0,0,0,591,0,0
14972720611,0,0,0,0,0,0,209,0,0,14972797611,0,0,0,0,0,0,632,0,0
14973840611,0,0,0,0,0,0,219,0,0,14973917611,0,0,0,0,0,0,627,0,0
14974960611,0,0,0,0,0,0,308,0,0,14975037611,0,0,0,0,0,0,614,0,0
14976080611,0,0,0,0,0,0,264,0,0,14976157611,0,0,0,0,0,0,603,0,0
14977200611,0,0,0,0,0,0,6898,0,0,14977277611,0,0,0,0,0,0,-2025,0,0
14978320611,0,0,0,0,0,0,6895,0,0,14978397611,0,0,0,0,0,0,-1998,0,0
14979440611,0,0,0,0,0,0,6888,0,0,14979517611,0,0,0,0,0,0,-2026,0,0
14980560611,0,0,0,0,0,0,6899,0,0,14980637611,0,0,0,0,0,0,-1999,0,0
14981680611,0,0,0,0,0,0,6917,0,0,14981757611,0,0,0,0,0,0,-1986,0,0
14982800611,0,0,0,0,0,0,6835,0,0,14982877611,0,0,0,0,0,0,-1980,0,0
14983920611,0,0,0,0,0,0,6915,0,0,14983997611,0,0,0,0,0,0,-1983,0,0
14985040611,0,0,0,0,0,0,6927,0,0,14985117611,0,0,0,0,0,0,-1980,0,0
14986160611,0,0,0,0,0,0,264,0,0,14986237611,0,0,0,0,0,0,613,0,0
14987280611,0,0,0,0,0,0,205,0,0,14987357611,0,0,0,0,0,0,607,0,0
14988400611,0,0,0,0,0,0,218,0,0,14988477611,0,0,0,0,0,0,611,0,0
14989520611,0,0,0,0,0,0,249,0,0,14989597611,0,0,0,0,0,0,615,0,0
14990640611,0,0,0,0,0,0,238,0,0,14990717611,0,0,0,0,0,0,653,0,0
14991760611,0,0,0,0,0,0,189,0,0,14991837611,0,0,0,0,0,0,590,0,0
14992880611,0,0,0,0,0,0,269,0,0,14992957611,0,0,0,0,0,0,644,0,0
14994000611,0,0,0,0,0,0,250,0,0,14994077611,0,0,0,0,0,0,613,0,0
14995120611,0,0,0,0,0,0,6883,0,0,14995197611,0,0,0,0,0,0,-1994,0,0
14996240611,0,0,0,0,0,0,6893,0,0,14996317611,0,0,0,0,0,0,-1965,0,0
14997360611,0,0,0,0,0,0,6899,0,0,14997437611,0,0,0,0,0,0,-1965,0,0
14998480611,0,0,0,0,0,0,6907,0,0,14998557611,0,0,0,0,0,0,-2018,0,0
14999600611,0,0,0,0,0,0,6855,0,0,14999677611,0,0,0,0,0,0,-2001,0,0
15000720611,0,0,0,0,0,0,6889,0,0,15000797611,0,0,0,0,0,0,-1971,0,0
15001840611,0,0,0,0,0,0,6931,0,0,15001917611,0,0,0,0,0,0,-2018,0,0
15002960611,0,0,0,0,0,0,6851,0,0,15003037611,0,0,0,0,0,0,-1987,0,0
15004080611,0,0,0,0,0,0,240,0,0,15004157611,0,0,0,0,0,0,625,0,0
15005200611,0,0,0,0,0,0,263,0,0,15005277611,0,0,0,0,0,0,624,0,0
15006320611,0,0,0,0,0,0,290,0,0,15006397611,0,0,0,0,0,0,677,0,0
15007440611,0,0,0,0,0,0,231,0,0,15007517611,0,0,0,0,0,0,586,0,0
15008560611,0,0,0,0,0,0,211,0,0,15008637611,0,0,0,0,0,0,536,0,0
15009680611,0,0,0,0,0,0,252,0,0,15009757611,0,0,0,0,0,0,607,0,0
15010800611,0,0,0,0,0,0,251,0,0,15010877611,0,0,0,0,0,0,567,0,0
15011920611,0,0,0,0,0,0,220,0,0,15011997611,0,0,0,0,0,0,629,0,0
15013040611,0,0,0,0,0,0,6804,0,0,15013117611,0,0,0,0,0,0,-1959,0,0
15014160611,0,0,0,0,0,0,6888,0,0,15014237611,0,0,0,0,0,0,-2011,0,0
15015280611,0,0,0,0,0,0,6889,0,0,15015357611,0,0,0,0,0,0,-1963,0,0
15016400611,0,0,0,0,0,0,6880,0,0,15016477611,0,0,0,0,0,0,-1981,0,0
15017520611,0,0,0,0,0,0,6870,0,0,15017597611,0,0,0,0,0,0,-1970,0,0
15018640611,0,0,0,0,0,0,6903,0,0,15018717611,0,0,0,0,0,0,-1962,0,0
15019760611,0,0,0,0,0,0,6935,0,0,15019837611,0,0,0,0,0,0,-1991,0,0
15020880611,0,0,0,0,0,0,6889,0,0,15020957611,0,0,0,0,0,0,-2028,0,0
15022000611,0,0,0,0,0,0,266,0,0,15022077611,0,0,0,0,0,0,638,0,0
15023120611,0,0,0,0,0,0,203,0,0,15023197611,0,0,0,0,0,0,578,0,0
15024240611,0,0,0,0,0,0,284,0,0,15024317611,0,0,0,0,0,0,595,0,0
15025360611,0,0,0,0,0,0,248,0,0,15025437611,0,0,0,0,0,0,549,0,0
15026480611,0,0,0,0,0,0,237,0,0,15026557611,0,0,0,0,0,0,616,0,0
15027600611,0,0,0,0,0,0,270,0,0,15027677611,0,0,0,0,0,0,635,0,0
15028720611,0,0,0,0,0,0,223,0,0,15028797611,0,0,0,0,0,0,633,0,0
15029840611,0,0,0,0,0,0,257,0,0,15029917611,0,0,0,0,0,0,626,0,0
15030960611,0,0,0,0,0,0,6909,0,0,15031037611,0,0,0,0,0,0,-2003,0,0
15032080611,0,0,0,0,0,0,6879,0,0,15032157611,0,0,0,0,0,0,-2001,0,0
15033200611,0,0,0,0,0,0,6890,0,0,15033277611,0,0,0,0,0,0,-1962,0,0
15034320611,0,0,0,0,0,0,6914,0,0,15034397611,0,0,0,0,0,0,-2031,0,0
15035440611,0,0,0,0,0,0,6917,0,0,15035517611,0,0,0,0,0,0,-1983,0,0
15036560611,0,0,0,0,0,0,6856,0,0,15036637611,0,0,0,0,0,0,-2031,0,0
15037680611,0,0,0,0,0,0,6869,0,0,15037757611,0,0,0,0,0,0,-1964,0,0
15038800611,0,0,0,0,0,0,6912,0,0,15038877611,0,0,0,0,0,0,-1998,0,0
15039920611,0,0,0,0,0,0,245,0,0,15039997611,0,0,0,0,0,0,604,0,0
15041040611,0,0,0,0,0,0,233,0,0,15041117611,0,0,0,0,0,0,597,0,0
15042160611,0,0,0,0,0,0,221,0,0,15042237611,0,0,0,0,0,0,595,0,0
15043280611,0,0,0,0,0,0,235,0,0,15043357611,0,0,0,0,0,0,639,0,0
15044400611,0,0,0,0,0,0,237,0,0,15044477611,0,0,0,0,0,0,574,0,0
15045520611,0,0,0,0,0,0,210,0,0,15045597611,0,0,0,0,0,0,564,0,0
15046640611,0,0,0,0,0,0,190,0,0,15046717611,0,0,0,0,0,0,611,0,0
15047760611,0,0,0,0,0,0,243,0,0,15047837611,0,0,0,0,0,0,564,0,0
15048880611,0,0,0,0,0,0,6893,0,0,15048957611,0,0,0,0,0,0,-1980,0,0
15050000611,0,0,0,0,0,0,6892,0,0,15050077611,0,0,0,0,0,0,-1964,0,0
15051120611,0,0,0,0,0,0,6886,0,0,15051197611,0,0,0,0,0,0,-1985,0,0
15052240611,0,0,0,0,0,0,6844,0,0,15052317611,0,0,0,0,0,0,-2014,0,0
15053360611,0,0,0,0,0,0,6916,0,0,15053437611,0,0,0,0,0,0,-1952,0,0
15054480611,0,0,0,0,0,0,6888,0,0,15054557611,0,0,0,0,0,0,-1951,0,0
15055600611,0,0,0,0,0,0,6874,0,0,15055677611,0,0,0,0,0,0,-1955,0,0
15056720611,0,0,0,0,0,0,6900,0,0,15056797611,0,0,0,0,0,0,-1965,0,0
15057840611,0,0,0,0,0,0,247,0,0,15057917611,0,0,0,0,0,0,636,0,0
15058960611,0,0,0,0,0,0,233,0,0,15059037611,0,0,0,0,0,0,604,0,0
15060080611,0,0,0,0,0,0,249,0,0,15060157611,0,0,0,0,0,0,594,0,0
15061200611,0,0,0,0,0,0,255,0,0,15061277611,0,0,0,0,0,0,670,0,0
15062320611,0,0,0,0,0,0,189,0,0,15062397611,0,0,0,0,0,0,617,0,0
15063440611,0,0,0,0,0,0,243,0,0,15063517611,0,0,0,0,0,0,557,0,0
15064560611,0,0,0,0,0,0,255,0,0,15064637611,0,0,0,0,0,0,552,0,0
15065680611,0,0,0,0,0,0,290,0,0,15065757611,0,0,0,0,0,0,638,0,0
15066800611,0,0,0,0,0,0,6878,0,0,15066877611,0,0,0,0,0,0,-1981,0,0
15067920611,0,0,0,0,0,0,6872,0,0,15067997611,0,0,0,0,0,0,-1992,0,0
15069040611,0,0,0,0,0,0,6867,0,0,15069117611,0,0,0,0,0,0,-2006,0,0
15070160611,0,0,0,0,0,0,6856,0,0,15070237611,0,0,0,0,0,0,-2004,0,0
15071280611,0,0,0,0,0,0,6897,0,0,15071357611,0,0,0,0,0,0,-1976,0,0
15072400611,0,0,0,0,0,0,6869,0,0,15072477611,0,0,0,0,0,0,-1973,0,0
15073520611,0,0,0,0,0,0,6925,0,0,15073597611,0,0,0,0,0,0,-2023,0,0
15074640611,0,0,0,0,0,0,6901,0,0,15074717611,0,0,0,0,0,0,-1956,0,0
15075760611,0,0,0,0,0,0,224,0,0,15075837611,0,0,0,0,0,0,634,0,0
15076880611,0,0,0,0,0,0,224,0,0,15076957611,0,0,0,0,0,0,594,0,0
15078000611,0,0,0,0,0,0,200,0,0,15078077611,0,0,0,0,0,0,618,0,0
15079120611,0,0,0,0,0,0,222,0,0,15079197611,0,0,0,0,0,0,620,0,0
15080240611,0,0,0,0,0,0,244,0,0,15080317611,0,0,0,0,0,0,616,0,0
15081360611,0,0,0,0,0,0,247,0,0,15081437611,0,0,0,0,0,0,575,0,0
15082480611,0,0,0,0,0,0,239,0,0,15082557611,0,0,0,0,0,0,627,0,0
15083600611,0,0,0,0,0,0,212,0,0,15083677611,0,0,0,0,0,0,646,0,0
15084720611,0,0,0,0,0,0,6929,0,0,15084797611,0,0,0,0,0,0,-1970,0,0
15085840611,0,0,0,0,0,0,6895,0,0,15085917611,0,0,0,0,0,0,-1929,0,0
15086960611,0,0,0,0,0,0,6920,0,0,15087037611,0,0,0,0,0,0,-1994,0,0
15088080611,0,0,0,0,0,0,6843,0,0,15088157611,0,0,0,0,0,0,-1996,0,0
15089200611,0,0,0,0,0,0,6918,0,0,15089277611,0,0,0,0,0,0,-2000,0,0
15090320611,0,0,0,0,0,0,6870,0,0,15090397611,0,0,0,0,0,0,-2011,0,0
15091440611,0,0,0,0,0,0,6899,0,0,15091517611,0,0,0,0,0,0,-1984,0,0
15092560611,0,0,0,0,0,0,6859,0,0,15092637611,0,0,0,0,0,0,-2039,0,0
15093680611,0,0,0,0,0,0,195,0,0,15093757611,0,0,0,0,0,0,591,0,0
15094800611,0,0,0,0,0,0,269,0,0,15094877611,0,0,0,0,0,0,605,0,0
15095920611,0,0,0,0,0,0,276,0,0,15095997611,0,0,0,0,0,0,644,0,0
15097040611,0,0,0,0,0,0,282,0,0,15097117611,0,0,0,0,0,0,612,0,0
15098160611,0,0,0,0,0,0,264,0,0,15098237611,0,0,0,0,0,0,570,0,0
15099280611,0,0,0,0,0,0,270,0,0,15099357611,0,0,0,0,0,0,563,0,0
15100400611,0,0,0,0,0,0,232,0,0,15100477611,0,0,0,0,0,0,579,0,0
15101520611,0,0,0,0,0,0,209,0,0,15101597611,0,0,0,0,0,0,622,0,0
15102640611,0,0,0,0,0,0,6892,0,0,15102717611,0,0,0,0,0,0,-1962,0,0
15103760611,0,0,0,0,0,0,6901,0,0,15103837611,0,0,0,0,0,0,-1981,0,0
15104880611,0,0,0,0,0,0,6867,0,0,15104957611,0,0,0,0,0,0,-1944,0,0
15106000611,0,0,0,0,0,0,6850,0,0,15106077611,0,0,0,0,0,0,-1978,0,0
15107120611,0,0,0,0,0,0,6871,0,0,15107197611,0,0,0,0,0,0,-2043,0,0
15108240611,0,0,0,0,0,0,6936,0,0,15108317611,0,0,0,0,0,0,-2019,0,0
15109360611,0,0,0,0,0,0,6893,0,0,15109437611,0,0,0,0,0,0,-1980,0,0
15110480611,0,0,0,0,0,0,6843,0,0,15110557611,0,0,0,0,0,0,-2009,0,0
15111600611,0,0,0,0,0,0,263,0,0,15111677611,0,0,0,0,0,0,596,0,0
15112720611,0,0,0,0,0,0,259,0,0,15112797611,0,0,0,0,0,0,579,0,0
15113840611,0,0,0,0,0,0,256,0,0,15113917611,0,0,0,0,0,0,589,0,0
15114960611,0,0,0,0,0,0,249,0,0,15115037611,0,0,0,0,0,0,600,0,0
15116080611,0,0,0,0,0,0,204,0,0,15116157611,0,0,0,0,0,0,627,0,0
15117200611,0,0,0,0,0,0,298,0,0,15117277611,0,0,0,0,0,0,598,0,0
15118320611,0,0,0,0,0,0,262,0,0,15118397611,0,0,0,0,0,0,635,0,0
15119440611,0,0,0,0,0,0,239,0,0,15119517611,0,0,0,0,0,0,639,0,0
15120560611,0,0,0,0,0,0,6897,0,0,15120637611,0,0,0,0,0,0,-1985,0,0
15121680611,0,0,0,0,0,0,6885,0,0,15121757611,0,0,0,0,0,0,-1987,0,0
15122800611,0,0,0,0,0,0,6861,0,0,15122877611,0,0,0,0,0,0,-1978,0,0
15123920611,0,0,0,0,0,0,6860,0,0,15123997611,0,0,0,0,0,0,-1970,0,0
15125040611,0,0,0,0,0,0,6851,0,0,15125117611,0,0,0,0,0,0,-2023,0,0
15126160611,0,0,0,0,0,0,6889,0,0,15126237611,0,0,0,0,0,0,-1974,0,0
15127280611,0,0,0,0,0,0,6932,0,0,15127357611,0,0,0,0,0,0,-2004,0,0
15128400611,0,0,0,0,0,0,6865,0,0,15128477611,0,0,0,0,0,0,-2005,0,0
15129520611,0,0,0,0,0,0,231,0,0,15129597611,0,0,0,0,0,0,617,0,0
15130640611,0,0,0,0,0,0,283,0,0,15130717611,0,0,0,0,0,0,622,0,0
15131760611,0,0,0,0,0,0,211,0,0,15131837611,0,0,0,0,0,0,621,0,0
15132880611,0,0,0,0,0,0,246,0,0,15132957611,0,0,0,0,0,0,537,0,0
15134000611,0,0,0,0,0,0,313,0,0,15134077611,0,0,0,0,0,0,667,0,0
15135120611,0,0,0,0,0,0,224,0,0,15135197611,0,0,0,0,0,0,672,0,0
15136240611,0,0,0,0,0,0,204,0,0,15136317611,0,0,0,0,0,0,605,0,0
15137360611,0,0,0,0,0,0,239,0,0,15137437611,0,0,0,0,0,0,611,0,0
15138480611,0,0,0,0,0,0,6887,0,0,15138557611,0,0,0,0,0,0,-2030,0,0
15139600611,0,0,0,0,0,0,6895,0,0,15139677611,0,0,0,0,0,0,-1997,0,0
15140720611,0,0,0,0,0,0,6856,0,0,15140797611,0,0,0,0,0,0,-1989,0,0
15141840611,0,0,0,0,0,0,6911,0,0,15141917611,0,0,0,0,0,0,-1948,0,0
15142960611,0,0,0,0,0,0,6924,0,0,15143037611,0,0,0,0,0,0,-1961,0,0
15144080611,0,0,0,0,0,0,6872,0,0,15144157611,0,0,0,0,0,0,-1998,0,0
15145200611,0,0,0,0,0,0,6934,0,0,15145277611,0,0,0,0,0,0,-1983,0,0
15146320611,0,0,0,0,0,0,6861,0,0,15146397611,0,0,0,0,0,0,-2003,0,0
15147440611,0,0,0,0,0,0,202,0,0,15147517611,0,0,0,0,0,0,642,0,0
15148560611,0,0,0,0,0,0,248,0,0,15148637611,0,0,0,0,0,0,625,0,0
15149680611,0,0,0,0,0,0,242,0,0,15149757611,0,0,0,0,0,0,631,0,0
15150800611,0,0,0,0,0,0,238,0,0,15150877611,0,0,0,0,0,0,589,0,0
15151920611,0,0,0,0,0,0,242,0,0,15151997611,0,0,0,0,0,0,590,0,0
15153040611,0,0,0,0,0,0,242,0,0,15153117611,0,0,0,0,0,0,599,0,0
15154160611,0,0,0,0,0,0,234,0,0,15154237611,0,0,0,0,0,0,609,0,0
15155280611,0,0,0,0,0,0,217,0,0,15155357611,0,0,0,0,0,0,598,0,0
15156400611,0,0,0,0,0,0,6885,0,0,15156477611,0,0,0,0,0,0,-1961,0,0
15157520611,0,0,0,0,0,0,6893,0,0,15157597611,0,0,0,0,0,0,-1976,0,0
15158640611,0,0,0,0,0,0,6922,0,0,15158717611,0,0,0,0,0,0,-1980,0,0
15159760611,0,0,0,0,0,0,6940,0,0,15159837611,0,0,0,0,0,0,-1950,0,0
15160880611,0,0,0,0,0,0,6888,0,0,15160957611,0,0,0,0,0,0,-1994,0,0
15162000611,0,0,0,0,0,0,6873,0,0,15162077611,0,0,0,0,0,0,-1961,0,0
15163120611,0,0,0,0,0,0,6869,0,0,15163197611,0,0,0,0,0,0,-1963,0,0
15164240611,0,0,0,0,0,0,6857,0,0,15164317611,0,0,0,0,0,0,-2047,0,0
15165360611,0,0,0,0,0,0,221,0,0,15165437611,0,0,0,0,0,0,614,0,0
15166480611,0,0,0,0,0,0,210,0,0,15166557611,0,0,0,0,0,0,597,0,0
15167600611,0,0,0,0,0,0,244,0,0,15167677611,0,0,0,0,0,0,576,0,0
15168720611,0,0,0,0,0,0,222,0,0,15168797611,0,0,0,0,0,0,620,0,0
15169840611,0,0,0,0,0,0,227,0,0,15169917611,0,0,0,0,0,0,626,0,0
15170960611,0,0,0,0,0,0,193,0,0,15171037611,0,0,0,0,0,0,596,0,0
15172080611,0,0,0,0,0,0,287,0,0,15172157611,0,0,0,0,0,0,580,0,0
15173200611,0,0,0,0,0,0,231,0,0,15173277611,0,0,0,0,0,0,623,0,0
15174320611,0,0,0,0,0,0,6910,0,0,15174397611,0,0,0,0,0,0,-2003,0,0
15175440611,0,0,0,0,0,0,6895,0,0,15175517611,0,0,0,0,0,0,-1992,0,0
15176560611,0,0,0,0,0,0,6953,0,0,15176637611,0,0,0,0,0,0,-1988,0,0
15177680611,0,0,0,0,0,0,6918,0,0,15177757611,0,0,0,0,0,0,-1977,0,0
15178800611,0,0,0,0,0,0,6883,0,0,15178877611,0,0,0,0,0,0,-1971,0,0
15179920611,0,0,0,0,0,0,6929,0,0,15179997611,0,0,0,0,0,0,-1978,0,0
15181040611,0,0,0,0,0,0,6850,0,0,15181117611,0,0,0,0,0,0,-1978,0,0
15182160611,0,0,0,0,0,0,6908,0,0,15182237611,0,0,0,0,0,0,-2003,0,0
15183280611,0,0,0,0,0,0,230,0,0,15183357611,0,0,0,0,0,0,566,0,0
15184400611,0,0,0,0,0,0,256,0,0,15184477611,0,0,0,0,0,0,645,0,0
15185520611,0,0,0,0,0,0,213,0,0,15185597611,0,0,0,0,0,0,637,0,0
15186640611,0,0,0,0,0,0,299,0,0,15186717611,0,0,0,0,0,0,611,0,0
15187760611,0,0,0,0,0,0,239,0,0,15187837611,0,0,0,0,0,0,582,0,0
15188880611,0,0,0,0,0,0,248,0,0,15188957611,0,0,0,0,0,0,610,0,0
15190000611,0,0,0,0,0,0,235,0,0,15190077611,0,0,0,0,0,0,592,0,0
15191120611,0,0,0,0,0,0,216,0,0,15191197611,0,0,0,0,0,0,631,0,0
15192240611,0,0,0,0,0,0,6920,0,0,15192317611,0,0,0,0,0,0,-1998,0,0
15193360611,0,0,0,0,0,0,6908,0,0,15193437611,0,0,0,0,0,0,-1989,0,0
15194480611,0,0,0,0,0,0,6866,0,0,15194557611,0,0,0,0,0,0,-1974,0,0
15195600611,0,0,0,0,0,0,6846,0,0,15195677611,0,0,0,0,0,0,-1986,0,0
15196720611,0,0,0,0,0,0,6860,0,0,15196797611,0,0,0,0,0,0,-1939,0,0
15197840611,0,0,0,0,0,0,6849,0,0,15197917611,0,0,0,0,0,0,-1959,0,0
15198960611,0,0,0,0,0,0,6895,0,0,15199037611,0,0,0,0,0,0,-1987,0,0
15200080611,0,0,0,0,0,0,6862,0,0,15200157611,0,0,0,0,0,0,-1990,0,0
15201200611,0,0,0,0,0,0,262,0,0,15201277611,0,0,0,0,0,0,620,0,0
15202320611,0,0,0,0,0,0,278,0,0,15202397611,0,0,0,0,0,0,609,0,0
15203440611,0,0,0,0,0,0,210,0,0,15203517611,0,0,0,0,0,0,607,0,0
15204560611,0,0,0,0,0,0,242,0,0,15204637611,0,0,0,0,0,0,580,0,0
15205680611,0,0,0,0,0,0,230,0,0,15205757611,0,0,0,0,0,0,571,0,0
15206800611,0,0,0,0,0,0,225,0,0,15206877611,0,0,0,0,0,0,600,0,0
15207920611,0,0,0,0,0,0,262,0,0,15207997611,0,0,0,0,0,0,599,0,0
15209040611,0,0,0,0,0,0,236,0,0,15209117611,0,0,0,0,0,0,637,0,0
15210160611,0,0,0,0,0,0,6893,0,0,15210237611,0,0,0,0,0,0,-1981,0,0
15211280611,0,0,0,0,0,0,6888,0,0,15211357611,0,0,0,0,0,0,-2015,0,0
15212400611,0,0,0,0,0,0,6904,0,0,15212477611,0,0,0,0,0,0,-2007,0,0
15213520611,0,0,0,0,0,0,6846,0,0,15213597611,0,0,0,0,0,0,-1987,0,0
15214640611,0,0,0,0,0,0,6880,0,0,15214717611,0,0,0,0,0,0,-2008,0,0
15215760611,0,0,0,0,0,0,6897,0,0,15215837611,0,0,0,0,0,0,-2026,0,0
15216880611,0,0,0,0,0,0,6893,0,0,15216957611,0,0,0,0,0,0,-1956,0,0
15218000611,0,0,0,0,0,0,6873,0,0,15218077611,0,0,0,0,0,0,-1981,0,0
15219120611,0,0,0,0,0,0,198,0,0,15219197611,0,0,0,0,0,0,597,0,0
15220240611,0,0,0,0,0,0,260,0,0,15220317611,0,0,0,0,0,0,560,0,0
15221360611,0,0,0,0,0,0,209,0,0,15221437611,0,0,0,0,0,0,603,0,0
15222480611,0,0,0,0,0,0,224,0,0,15222557611,0,0,0,0,0,0,583,0,0
15223600611,0,0,0,0,0,0,290,0,0,15223677611,0,0,0,0,0,0,602,0,0
15224720611,0,0,0,0,0,0,236,0,0,15224797611,0,0,0,0,0,0,625,0,0
15225840611,0,0,0,0,0,0,246,0,0,15225917611,0,0,0,0,0,0,625,0,0
15226960611,0,0,0,0,0,0,212,0,0,15227037611,0,0,0,0,0,0,611,0,0
15228080611,0,0,0,0,0,0,6879,0,0,15228157611,0,0,0,0,0,0,-1996,0,0
15229200611,0,0,0,0,0,0,6905,0,0,15229277611,0,0,0,0,0,0,-1999,0,0
15230320611,0,0,0,0,0,0,6905,0,0,15230397611,0,0,0,0,0,0,-2011,0,0
15231440611,0,0,0,0,0,0,6903,0,0,15231517611,0,0,0,0,0,0,-2030,0,0
15232560611,0,0,0,0,0,0,6915,0,0,15232637611,0,0,0,0,0,0,-1969,0,0
15233680611,0,0,0,0,0,0,6884,0,0,15233757611,0,0,0,0,0,0,-1991,0,0
15234800611,0,0,0,0,0,0,6874,0,0,15234877611,0,0,0,0,0,0,-1985,0,0
15235920611,0,0,0,0,0,0,6873,0,0,15235997611,0,0,0,0,0,0,-1962,0,0
15237040611,0,0,0,0,0,0,234,0,0,15237117611,0,0,0,0,0,0,579,0,0
15238160611,0,0,0,0,0,0,215,0,0,15238237611,0,0,0,0,0,0,595,0,0
15239280611,0,0,0,0,0,0,206,0,0,15239357611,0,0,0,0,0,0,603,0,0
15240400611,0,0,0,0,0,0,233,0,0,15240477611,0,0,0,0,0,0,584,0,0
15241520611,0,0,0,0,0,0,257,0,0,15241597611,0,0,0,0,0,0,620,0,0
15242640611,0,0,0,0,0,0,245,0,0,15242717611,0,0,0,0,0,0,645,0,0
15243760611,0,0,0,0,0,0,215,0,0,15243837611,0,0,0,0,0,0,586,0,0
15244880611,0,0,0,0,0,0,266,0,0,15244957611,0,0,0,0,0,0,591,0,0
15246000611,0,0,0,0,0,0,6891,0,0,15246077611,0,0,0,0,0,0,-1973,0,0
15247120611,0,0,0,0,0,0,6917,0,0,15247197611,0,0,0,0,0,0,-2006,0,0
15248240611,0,0,0,0,0,0,6899,0,0,15248317611,0,0,0,0,0,0,-1957,0,0
15249360611,0,0,0,0,0,0,6881,0,0,15249437611,0,0,0,0,0,0,-2028,0,0
15250480611,0,0,0,0,0,0,6860,0,0,15250557611,0,0,0,0,0,0,-2019,0,0
15251600611,0,0,0,0,0,0,6918,0,0,15251677611,0,0,0,0,0,0,-2007,0,0
15252720611,0,0,0,0,0,0,6862,0,0,15252797611,0,0,0,0,0,0,-1980,0,0
15253840611,0,0,0,0,0,0,6881,0,0,15253917611,0,0,0,0,0,0,-2001,0,0
15254960611,0,0,0,0,0,0,270,0,0,15255037611,0,0,0,0,0,0,615,0,0
15256080611,0,0,0,0,0,0,253,0,0,15256157611,0,0,0,0,0,0,583,0,0
15257200611,0,0,0,0,0,0,233,0,0,15257277611,0,0,0,0,0,0,623,0,0
15258320611,0,0,0,0,0,0,193,0,0,15258397611,0,0,0,0,0,0,607,0,0
15259440611,0,0,0,0,0,0,238,0,0,15259517611,0,0,0,0,0,0,637,0,0
15260560611,0,0,0,0,0,0,253,0,0,15260637611,0,0,0,0,0,0,551,0,0
15261680611,0,0,0,0,0,0,212,0,0,15261757611,0,0,0,0,0,0,614,0,0
15262800611,0,0,0,0,0,0,263,0,0,15262877611,0,0,0,0,0,0,614,0,0
15263920611,0,0,0,0,0,0,6897,0,0,15263997611,0,0,0,0,0,0,-2026,0,0
15265040611,0,0,0,0,0,0,6869,0,0,15265117611,0,0,0,0,0,0,-1972,0,0
15266160611,0,0,0,0,0,0,6883,0,0,15266237611,0,0,0,0,0,0,-1969,0,0
15267280611,0,0,0,0,0,0,6876,0,0,15267357611,0,0,0,0,0,0,-1997,0,0
15268400611,0,0,0,0,0,0,6896,0,0,15268477611,0,0,0,0,0,0,-2006,0,0
15269520611,0,0,0,0,0,0,6910,0,0,15269597611,0,0,0,0,0,0,-1983,0,0
15270640611,0,0,0,0,0,0,6871,0,0,15270717611,0,0,0,0,0,0,-2045,0,0
15271760611,0,0,0,0,0,0,6893,0,0,15271837611,0,0,0,0,0,0,-1976,0,0
15272880611,0,0,0,0,0,0,238,0,0,15272957611,0,0,0,0,0,0,622,0,0
15274000611,0,0,0,0,0,0,238,0,0,15274077611,0,0,0,0,0,0,612,0,0
15275120611,0,0,0,0,0,0,199,0,0,15275197611,0,0,0,0,0,0,604,0,0
15276240611,0,0,0,0,0,0,254,0,0,15276317611,0,0,0,0,0,0,640,0,0
15277360611,0,0,0,0,0,0,269,0,0,15277437611,0,0,0,0,0,0,633,0,0
15278480611,0,0,0,0,0,0,220,0,0,15278557611,0,0,0,0,0,0,593,0,0
15279600611,0,0,0,0,0,0,221,0,0,15279677611,0,0,0,0,0,0,632,0,0
15280720611,0,0,0,0,0,0,299,0,0,15280797611,0,0,0,0,0,0,623,0,0
15281840611,0,0,0,0,0,0,6918,0,0,15281917611,0,0,0,0,0,0,-1988,0,0
15282960611,0,0,0,0,0,0,6893,0,0,15283037611,0,0,0,0,0,0,-2001,0,0
15284080611,0,0,0,0,0,0,6875,0,0,15284157611,0,0,0,0,0,0,-2006,0,0
15285200611,0,0,0,0,0,0,6928,0,0,15285277611,0,0,0,0,0,0,-1994,0,0
15286320611,0,0,0,0,0,0,6912,0,0,15286397611,0,0,0,0,0,0,-1927,0,0
15287440611,0,0,0,0,0,0,6902,0,0,15287517611,0,0,0,0,0,0,-1976,0,0
15288560611,0,0,0,0,0,0,6893,0,0,15288637611,0,0,0,0,0,0,-1998,0,0
15289680611,0,0,0,0,0,0,6869,0,0,15289757611,0,0,0,0,0,0,-1991,0,0
15290800611,0,0,0,0,0,0,272,0,0,15290877611,0,0,0,0,0,0,616,0,0
15291920611,0,0,0,0,0,0,258,0,0,15291997611,0,0,0,0,0,0,567,0,0
15293040611,0,0,0,0,0,0,252,0,0,15293117611,0,0,0,0,0,0,597,0,0
15294160611,0,0,0,0,0,0,252,0,0,15294237611,0,0,0,0,0,0,586,0,0
15295280611,0,0,0,0,0,0,234,0,0,15295357611,0,0,0,0,0,0,565,0,0
15296400611,0,0,0,0,0,0,191,0,0,15296477611,0,0,0,0,0,0,639,0,0
15297520611,0,0,0,0,0,0,244,0,0,15297597611,0,0,0,0,0,0,557,0,0
15298640611,0,0,0,0,0,0,241,0,0,15298717611,0,0,0,0,0,0,621,0,0
15299760611,0,0,0,0,0,0,6834,0,0,15299837611,0,0,0,0,0,0,-1979,0,0
15300880611,0,0,0,0,0,0,6900,0,0,15300957611,0,0,0,0,0,0,-1997,0,0
15302000611,0,0,0,0,0,0,6829,0,0,15302077611,0,0,0,0,0,0,-1991,0,0
15303120611,0,0,0,0,0,0,6940,0,0,15303197611,0,0,0,0,0,0,-2022,0,0
15304240611,0,0,0,0,0,0,6893,0,0,15304317611,0,0,0,0,0,0,-2016,0,0
15305360611,0,0,0,0,0,0,6893,0,0,15305437611,0,0,0,0,0,0,-1982,0,0
15306480611,0,0,0,0,0,0,6889,0,0,15306557611,0,0,0,0,0,0,-1961,0,0
15307600611,0,0,0,0,0,0,6893,0,0,15307677611,0,0,0,0,0,0,-1977,0,0
15308720611,0,0,0,0,0,0,238,0,0,15308797611,0,0,0,0,0,0,583,0,0
15309840611,0,0,0,0,0,0,228,0,0,15309917611,0,0,0,0,0,0,631,0,0
15310960611,0,0,0,0,0,0,273,0,0,15311037611,0,0,0,0,0,0,578,0,0
15312080611,0,0,0,0,0,0,213,0,0,15312157611,0,0,0,0,0,0,601,0,0
15313200611,0,0,0,0,0,0,250,0,0,15313277611,0,0,0,0,0,0,578,0,0
15314320611,0,0,0,0,0,0,228,0,0,15314397611,0,0,0,0,0,0,614,0,0
15315440611,0,0,0,0,0,0,237,0,0,15315517611,0,0,0,0,0,0,561,0,0
15316560611,0,0,0,0,0,0,241,0,0,15316637611,0,0,0,0,0,0,616,0,0
15317680611,0,0,0,0,0,0,6875,0,0,15317757611,0,0,0,0,0,0,-1991,0,0
15318800611,0,0,0,0,0,0,6883,0,0,15318877611,0,0,0,0,0,0,-1955,0,0
15319920611,0,0,0,0,0,0,6901,0,0,15319997611,0,0,0,0,0,0,-2017,0,0
15321040611,0,0,0,0,0,0,6846,0,0,15321117611,0,0,0,0,0,0,-1979,0,0
15322160611,0,0,0,0,0,0,6892,0,0,15322237611,0,0,0,0,0,0,-1995,0,0
15323280611,0,0,0,0,0,0,6899,0,0,15323357611,0,0,0,0,0,0,-1958,0,0
15324400611,0,0,0,0,0,0,6849,0,0,15324477611,0,0,0,0,0,0,-1996,0,0
15325520611,0,0,0,0,0,0,6916,0,0,15325597611,0,0,0,0,0,0,-1946,0,0
15326640611,0,0,0,0,0,0,261,0,0,15326717611,0,0,0,0,0,0,615,0,0
15327760611,0,0,0,0,0,0,255,0,0,15327837611,0,0,0,0,0,0,547,0,0
15328880611,0,0,0,0,0,0,226,0,0,15328957611,0,0,0,0,0,0,611,0,0
15330000611,0,0,0,0,0,0,259,0,0,15330077611,0,0,0,0,0,0,611,0,0
15331120611,0,0,0,0,0,0,246,0,0,15331197611,0,0,0,0,0,0,612,0,0
15332240611,0,0,0,0,0,0,199,0,0,15332317611,0,0,0,0,0,0,590,0,0
15333360611,0,0,0,0,0,0,243,0,0,15333437611,0,0,0,0,0,0,542,0,0
15334480611,0,0,0,0,0,0,214,0,0,15334557611,0,0,0,0,0,0,592,0,0
15335600611,0,0,0,0,0,0,6889,0,0,15335677611,0,0,0,0,0,0,-1951,0,0
15336720611,0,0,0,0,0,0,6932,0,0,15336797611,0,0,0,0,0,0,-1983,0,0
15337840611,0,0,0,0,0,0,6880,0,0,15337917611,0,0,0,0,0,0,-1996,0,0
15338960611,0,0,0,0,0,0,6870,0,0,15339037611,0,0,0,0,0,0,-1992,0,0
15340080611,0,0,0,0,0,0,6900,0,0,15340157611,0,0,0,0,0,0,-1967,0,0
15341200611,0,0,0,0,0,0,6890,0,0,15341277611,0,0,0,0,0,0,-1993,0,0
15342320611,0,0,0,0,0,0,6871,0,0,15342397611,0,0,0,0,0,0,-1954,0,0
15343440611,0,0,0,0,0,0,6850,0,0,15343517611,0,0,0,0,0,0,-1966,0,0
15344560611,0,0,0,0,0,0,244,0,0,15344637611,0,0,0,0,0,0,624,0,0
15345680611,0,0,0,0,0,0,263,0,0,15345757611,0,0,0,0,0,0,651,0,0
15346800611,0,0,0,0,0,0,270,0,0,15346877611,0,0,0,0,0,0,618,0,0
15347920611,0,0,0,0,0,0,256,0,0,15347997611,0,0,0,0,0,0,619,0,0
15349040611,0,0,0,0,0,0,240,0,0,15349117611,0,0,0,0,0,0,594,0,0
15350160611,0,0,0,0,0,0,219,0,0,15350237611,0,0,0,0,0,0,619,0,0
15351280611,0,0,0,0,0,0,235,0,0,15351357611,0,0,0,0,0,0,567,0,0
15352400611,0,0,0,0,0,0,237,0,0,15352477611,0,0,0,0,0,0,635,0,0
15353520611,0,0,0,0,0,0,6886,0,0,15353597611,0,0,0,0,0,0,-1984,0,0
15354640611,0,0,0,0,0,0,6920,0,0,15354717611,0,0,0,0,0,0,-2020,0,0
15355760611,0,0,0,0,0,0,6868,0,0,15355837611,0,0,0,0,0,0,-2019,0,0
15356880611,0,0,0,0,0,0,6903,0,0,15356957611,0,0,0,0,0,0,-1972,0,0
15358000611,0,0,0,0,0,0,6844,0,0,15358077611,0,0,0,0,0,0,-2011,0,0
15359120611,0,0,0,0,0,0,6903,0,0,15359197611,0,0,0,0,0,0,-1978,0,0
15360240611,0,0,0,0,0,0,6894,0,0,15360317611,0,0,0,0,0,0,-1978,0,0
15361360611,0,0,0,0,0,0,6914,0,0,15361437611,0,0,0,0,0,0,-2003,0,0
15362480611,0,0,0,0,0,0,267,0,0,15362557611,0,0,0,0,0,0,635,0,0
15363600611,0,0,0,0,0,0,212,0,0,15363677611,0,0,0,0,0,0,639,0,0
15364720611,0,0,0,0,0,0,226,0,0,15364797611,0,0,0,0,0,0,639,0,0
15365840611,0,0,0,0,0,0,235,0,0,15365917611,0,0,0,0,0,0,614,0,0
15366960611,0,0,0,0,0,0,275,0,0,15367037611,0,0,0,0,0,0,627,0,0
15368080611,0,0,0,0,0,0,244,0,0,15368157611,0,0,0,0,0,0,577,0,0
15369200611,0,0,0,0,0,0,243,0,0,15369277611,0,0,0,0,0,0,587,0,0
15370320611,0,0,0,0,0,0,229,0,0,15370397611,0,0,0,0,0,0,614,0,0
15371440611,0,0,0,0,0,0,6866,0,0,15371517611,0,0,0,0,0,0,-1973,0,0
15372560611,0,0,0,0,0,0,6881,0,0,15372637611,0,0,0,0,0,0,-1999,0,0
15373680611,0,0,0,0,0,0,6919,0,0,15373757611,0,0,0,0,0,0,-1965,0,0
15374800611,0,0,0,0,0,0,6907,0,0,15374877611,0,0,0,0,0,0,-1973,0,0
15375920611,0,0,0,0,0,0,6866,0,0,15375997611,0,0,0,0,0,0,-2002,0,0
15377040611,0,0,0,0,0,0,6910,0,0,15377117611,0,0,0,0,0,0,-1983,0,0
15378160611,0,0,0,0,0,0,6910,0,0,15378237611,0,0,0,0,0,0,-1998,0,0
15379280611,0,0,0,0,0,0,6893,0,0,15379357611,0,0,0,0,0,0,-1974,0,0
15380400611,0,0,0,0,0,0,257,0,0,15380477611,0,0,0,0,0,0,626,0,0
15381520611,0,0,0,0,0,0,215,0,0,15381597611,0,0,0,0,0,0,645,0,0
15382640611,0,0,0,0,0,0,259,0,0,15382717611,0,0,0,0,0,0,581,0,0
15383760611,0,0,0,0,0,0,249,0,0,15383837611,0,0,0,0,0,0,623,0,0
15384880611,0,0,0,0,0,0,227,0,0,15384957611,0,0,0,0,0,0,635,0,0
15386000611,0,0,0,0,0,0,265,0,0,15386077611,0,0,0,0,0,0,604,0,0
15387120611,0,0,0,0,0,0,248,0,0,15387197611,0,0,0,0,0,0,645,0,0
15388240611,0,0,0,0,0,0,259,0,0,15388317611,0,0,0,0,0,0,608,0,0
15389360611,0,0,0,0,0,0,6846,0,0,15389437611,0,0,0,0,0,0,-1998,0,0
15390480611,0,0,0,0,0,0,6877,0,0,15390557611,0,0,0,0,0,0,-1979,0,0
15391600611,0,0,0,0,0,0,6873,0,0,15391677611,0,0,0,0,0,0,-2013,0,0
15392720611,0,0,0,0,0,0,6819,0,0,15392797611,0,0,0,0,0,0,-1993,0,0
15393840611,0,0,0,0,0,0,6921,0,0,15393917611,0,0,0,0,0,0,-2006,0,0
15394960611,0,0,0,0,0,0,6875,0,0,15395037611,0,0,0,0,0,0,-1984,0,0
15396080611,0,0,0,0,0,0,6884,0,0,15396157611,0,0,0,0,0,0,-1989,0,0
15397200611,0,0,0,0,0,0,6915,0,0,15397277611,0,0,0,0,0,0,-1974,0,0
15398320611,0,0,0,0,0,0,279,0,0,15398397611,0,0,0,0,0,0,575,0,0
15399440611,0,0,0,0,0,0,203,0,0,15399517611,0,0,0,0,0,0,564,0,0
15400560611,0,0,0,0,0,0,233,0,0,15400637611,0,0,0,0,0,0,590,0,0
15401680611,0,0,0,0,0,0,264,0,0,15401757611,0,0,0,0,0,0,557,0,0
15402800611,0,0,0,0,0,0,223,0,0,15402877611,0,0,0,0,0,0,619,0,0
15403920611,0,0,0,0,0,0,261,0,0,15403997611,0,0,0,0,0,0,620,0,0
15405040611,0,0,0,0,0,0,250,0,0,15405117611,0,0,0,0,0,0,604,0,0
15406160611,0,0,0,0,0,0,219,0,0,15406237611,0,0,0,0,0,0,604,0,0
15407280611,0,0,0,0,0,0,6843,0,0,15407357611,0,0,0,0,0,0,-1965,0,0
15408400611,0,0,0,0,0,0,6864,0,0,15408477611,0,0,0,0,0,0,-1987,0,0
15409520611,0,0,0,0,0,0,6898,0,0,15409597611,0,0,0,0,0,0,-1996,0,0
15410640611,0,0,0,0,0,0,6911,0,0,15410717611,0,0,0,0,0,0,-1974,0,0
15411760611,0,0,0,0,0,0,6869,0,0,15411837611,0,0,0,0,0,0,-1953,0,0
15412880611,0,0,0,0,0,0,6883,0,0,15412957611,0,0,0,0,0,0,-1965,0,0
15414000611,0,0,0,0,0,0,6840,0,0,15414077611,0,0,0,0,0,0,-1958,0,0
15415120611,0,0,0,0,0,0,6886,0,0,15415197611,0,0,0,0,0,0,-1952,0,0
15416240611,0,0,0,0,0,0,271,0,0,15416317611,0,0,0,0,0,0,611,0,0
15417360611,0,0,0,0,0,0,254,0,0,15417437611,0,0,0,0,0,0,586,0,0
15418480611,0,0,0,0,0,0,273,0,0,15418557611,0,0,0,0,0,0,598,0,0
15419600611,0,0,0,0,0,0,308,0,0,15419677611,0,0,0,0,0,0,618,0,0
15420720611,0,0,0,0,0,0,240,0,0,15420797611,0,0,0,0,0,0,596,0,0
15421840611,0,0,0,0,0,0,194,0,0,15421917611,0,0,0,0,0,0,617,0,0
15422960611,0,0,0,0,0,0,234,0,0,15423037611,0,0,0,0,0,0,622,0,0
15424080611,0,0,0,0,0,0,237,0,0,15424157611,0,0,0,0,0,0,597,0,0
15425200611,0,0,0,0,0,0,6794,0,0,15425277611,0,0,0,0,0,0,-1966,0,0
15426320611,0,0,0,0,0,0,6834,0,0,15426397611,0,0,0,0,0,0,-1992,0,0
15427440611,0,0,0,0,0,0,6832,0,0,15427517611,0,0,0,0,0,0,-1978,0,0
15428560611,0,0,0,0,0,0,6865,0,0,15428637611,0,0,0,0,0,0,-2016,0,0
15429680611,0,0,0,0,0,0,6911,0,0,15429757611,0,0,0,0,0,0,-1979,0,0
15430800611,0,0,0,0,0,0,6916,0,0,15430877611,0,0,0,0,0,0,-1998,0,0
15431920611,0,0,0,0,0,0,6904,0,0,15431997611,0,0,0,0,0,0,-1986,0,0
15433040611,0,0,0,0,0,0,6863,0,0,15433117611,0,0,0,0,0,0,-2017,0,0
15434160611,0,0,0,0,0,0,230,0,0,15434237611,0,0,0,0,0,0,579,0,0
15435280611,0,0,0,0,0,0,247,0,0,15435357611,0,0,0,0,0,0,575,0,0
15436400611,0,0,0,0,0,0,239,0,0,15436477611,0,0,0,0,0,0,605,0,0
15437520611,0,0,0,0,0,0,251,0,0,15437597611,0,0,0,0,0,0,582,0,0
15438640611,0,0,0,0,0,0,270,0,0,15438717611,0,0,0,0,0,0,613,0,0
15439760611,0,0,0,0,0,0,252,0,0,15439837611,0,0,0,0,0,0,589,0,0
15440880611,0,0,0,0,0,0,229,0,0,15440957611,0,0,0,0,0,0,602,0,0
15442000611,0,0,0,0,0,0,215,0,0,15442077611,0,0,0,0,0,0,607,0,0
15443120611,0,0,0,0,0,0,6697,0,0,15443197611,0,0,0,0,0,0,-1966,0,0
15444240611,0,0,0,0,0,0,6885,0,0,15444317611,0,0,0,0,0,0,-1961,0,0
15445360611,0,0,0,0,0,0,6913,0,0,15445437611,0,0,0,0,0,0,-1994,0,0
15446480611,0,0,0,0,0,0,6882,0,0,15446557611,0,0,0,0,0,0,-1978,0,0
15447600611,0,0,0,0,0,0,6864,0,0,15447677611,0,0,0,0,0,0,-1966,0,0
15448720611,0,0,0,0,0,0,6903,0,0,15448797611,0,0,0,0,0,0,-1961,0,0
15449840611,0,0,0,0,0,0,6900,0,0,15449917611,0,0,0,0,0,0,-1965,0,0
15450960611,0,0,0,0,0,0,6864,0,0,15451037611,0,0,0,0,0,0,-1997,0,0
15452080611,0,0,0,0,0,0,274,0,0,15452157611,0,0,0,0,0,0,610,0,0
15453200611,0,0,0,0,0,0,288,0,0,15453277611,0,0,0,0,0,0,638,0,0
15454320611,0,0,0,0,0,0,247,0,0,15454397611,0,0,0,0,0,0,563,0,0
15455440611,0,0,0,0,0,0,216,0,0,15455517611,0,0,0,0,0,0,610,0,0
15456560611,0,0,0,0,0,0,218,0,0,15456637611,0,0,0,0,0,0,657,0,0
15457680611,0,0,0,0,0,0,265,0,0,15457757611,0,0,0,0,0,0,586,0,0
15458800611,0,0,0,0,0,0,226,0,0,15458877611,0,0,0,0,0,0,615,0,0
15459920611,0,0,0,0,0,0,264,0,0,15459997611,0,0,0,0,0,0,602,0,0
15461040611,0,0,0,0,0,0,6663,0,0,15461117611,0,0,0,0,0,0,-1990,0,0
15462160611,0,0,0,0,0,0,6842,0,0,15462237611,0,0,0,0,0,0,-1994,0,0
15463280611,0,0,0,0,0,0,6908,0,0,15463357611,0,0,0,0,0,0,-1959,0,0
15464400611,0,0,0,0,0,0,6916,0,0,15464477611,0,0,0,0,0,0,-1979,0,0
15465520611,0,0,0,0,0,0,6923,0,0,15465597611,0,0,0,0,0,0,-1966,0,0
15466640611,0,0,0,0,0,0,6870,0,0,15466717611,0,0,0,0,0,0,-1959,0,0
15467760611,0,0,0,0,0,0,6890,0,0,15467837611,0,0,0,0,0,0,-1940,0,0
15468880611,0,0,0,0,0,0,6884,0,0,15468957611,0,0,0,0,0,0,-1939,0,0
15470000611,0,0,0,0,0,0,296,0,0,15470077611,0,0,0,0,0,0,566,0,0
15471120611,0,0,0,0,0,0,239,0,0,15471197611,0,0,0,0,0,0,570,0,0
15472240611,0,0,0,0,0,0,251,0,0,15472317611,0,0,0,0,0,0,623,0,0
15473360611,0,0,0,0,0,0,247,0,0,15473437611,0,0,0,0,0,0,635,0,0
15474480611,0,0,0,0,0,0,233,0,0,15474557611,0,0,0,0,0,0,636,0,0
15475600611,0,0,0,0,0,0,234,0,0,15475677611,0,0,0,0,0,0,561,0,0
15476720611,0,0,0,0,0,0,251,0,0,15476797611,0,0,0,0,0,0,618,0,0
15477840611,0,0,0,0,0,0,253,0,0,15477917611,0,0,0,0,0,0,606,0,0
15478960611,0,0,0,0,0,0,6330,0,0,15479037611,0,0,0,0,0,0,-1939,0,0
15480080611,0,0,0,0,0,0,6884,0,0,15480157611,0,0,0,0,0,0,-1983,0,0
15481200611,0,0,0,0,0,0,6869,0,0,15481277611,0,0,0,0,0,0,-1992,0,0
15482320611,0,0,0,0,0,0,6843,0,0,15482397611,0,0,0,0,0,0,-1952,0,0
15483440611,0,0,0,0,0,0,6882,0,0,15483517611,0,0,0,0,0,0,-2004,0,0
15484560611,0,0,0,0,0,0,6865,0,0,15484637611,0,0,0,0,0,0,-1959,0,0
15485680611,0,0,0,0,0,0,6854,0,0,15485757611,0,0,0,0,0,0,-1981,0,0
15486800611,0,0,0,0,0,0,6826,0,0,15486877611,0,0,0,0,0,0,-1957,0,0
15487920611,0,0,0,0,0,0,357,0,0,15487997611,0,0,0,0,0,0,656,0,0
15489040611,0,0,0,0,0,0,242,0,0,15489117611,0,0,0,0,0,0,574,0,0
15490160611,0,0,0,0,0,0,260,0,0,15490237611,0,0,0,0,0,0,573,0,0
15491280611,0,0,0,0,0,0,191,0,0,15491357611,0,0,0,0,0,0,688,0,0
15492400611,0,0,0,0,0,0,249,0,0,15492477611,0,0,0,0,0,0,633,0,0
15493520611,0,0,0,0,0,0,223,0,0,15493597611,0,0,0,0,0,0,612,0,0
15494640611,0,0,0,0,0,0,315,0,0,15494717611,0,0,0,0,0,0,606,0,0
15495760611,0,0,0,0,0,0,249,0,0,15495837611,0,0,0,0,0,0,576,0,0
15496880611,0,0,0,0,0,0,5822,0,0,15496957611,0,0,0,0,0,0,-1946,0,0
15498000611,0,0,0,0,0,0,6884,0,0,15498077611,0,0,0,0,0,0,-1991,0,0
15499120611,0,0,0,0,0,0,6868,0,0,15499197611,0,0,0,0,0,0,-1994,0,0
15500240611,0,0,0,0,0,0,6891,0,0,15500317611,0,0,0,0,0,0,-1997,0,0
15501360611,0,0,0,0,0,0,6889,0,0,15501437611,0,0,0,0,0,0,-2032,0,0
15502480611,0,0,0,0,0,0,6880,0,0,15502557611,0,0,0,0,0,0,-1943,0,0
15503600611,0,0,0,0,0,0,6867,0,0,15503677611,0,0,0,0,0,0,-1975,0,0
15504720611,0,0,0,0,0,0,6898,0,0,15504797611,0,0,0,0,0,0,-1988,0,0
15505840611,0,0,0,0,0,0,706,0,0,15505917611,0,0,0,0,0,0,590,0,0
15506960611,0,0,0,0,0,0,203,0,0,15507037611,0,0,0,0,0,0,622,0,0
15508080611,0,0,0,0,0,0,305,0,0,15508157611,0,0,0,0,0,0,606,0,0
15509200611,0,0,0,0,0,0,248,0,0,15509277611,0,0,0,0,0,0,585,0,0
15510320611,0,0,0,0,0,0,218,0,0,15510397611,0,0,0,0,0,0,626,0,0
15511440611,0,0,0,0,0,0,227,0,0,15511517611,0,0,0,0,0,0,606,0,0
15512560611,0,0,0,0,0,0,227,0,0,15512637611,0,0,0,0,0,0,628,0,0
15513680611,0,0,0,0,0,0,205,0,0,15513757611,0,0,0,0,0,0,614,0,0
15514800611,0,0,0,0,0,0,4673,0,0,15514877611,0,0,0,0,0,0,-1875,0,0
15515920611,0,0,0,0,0,0,6862,0,0,15515997611,0,0,0,0,0,0,-1928,0,0
15517040611,0,0,0,0,0,0,6884,0,0,15517117611,0,0,0,0,0,0,-1961,0,0
15518160611,0,0,0,0,0,0,6869,0,0,15518237611,0,0,0,0,0,0,-1952,0,0
15519280611,0,0,0,0,0,0,6877,0,0,15519357611,0,0,0,0,0,0,-1956,0,0
15520400611,0,0,0,0,0,0,6878,0,0,15520477611,0,0,0,0,0,0,-1958,0,0
15521520611,0,0,0,0,0,0,6902,0,0,15521597611,0,0,0,0,0,0,-2006,0,0
15522640611,0,0,0,0,0,0,6921,0,0,15522717611,0,0,0,0,0,0,-2035,0,0
15523760611,0,0,0,0,0,0,2776,0,0,15523837611,0,0,0,0,0,0,626,0,0
15524880611,0,0,0,0,0,0,265,0,0,15524957611,0,0,0,0,0,0,589,0,0
15526000611,0,0,0,0,0,0,231,0,0,15526077611,0,0,0,0,0,0,604,0,0
15527120611,0,0,0,0,0,0,253,0,0,15527197611,0,0,0,0,0,0,611,0,0
15528240611,0,0,0,0,0,0,264,0,0,15528317611,0,0,0,0,0,0,637,0,0
15529360611,0,0,0,0,0,0,288,0,0,15529437611,0,0,0,0,0,0,618,0,0
15530480611,0,0,0,0,0,0,236,0,0,15530557611,0,0,0,0,0,0,592,0,0
15531600611,0,0,0,0,0,0,237,0,0,15531677611,0,0,0,0,0,0,583,0,0
15532720611,0,0,0,0,0,0,2071,0,0,15532797611,0,0,0,0,0,0,-1759,0,0
15533840611,0,0,0,0,0,0,6917,0,0,15533917611,0,0,0,0,0,0,-2000,0,0
15534960611,0,0,0,0,0,0,6904,0,0,15535037611,0,0,0,0,0,0,-1988,0,0
15536080611,0,0,0,0,0,0,6876,0,0,15536157611,0,0,0,0,0,0,-2008,0,0
15537200611,0,0,0,0,0,0,6878,0,0,15537277611,0,0,0,0,0,0,-1975,0,0
15538320611,0,0,0,0,0,0,6926,0,0,15538397611,0,0,0,0,0,0,-1987,0,0
15539440611,0,0,0,0,0,0,6856,0,0,15539517611,0,0,0,0,0,0,-1990,0,0
15540560611,0,0,0,0,0,0,6887,0,0,15540637611,0,0,0,0,0,0,-1957,0,0
15541680611,0,0,0,0,0,0,6871,0,0,15541757611,0,0,0,0,0,0,527,0,0
15542800611,0,0,0,0,0,0,234,0,0,15542877611,0,0,0,0,0,0,626,0,0
15543920611,0,0,0,0,0,0,266,0,0,15543997611,0,0,0,0,0,0,614,0,0
15545040611,0,0,0,0,0,0,266,0,0,15545117611,0,0,0,0,0,0,598,0,0
15546160611,0,0,0,0,0,0,256,0,0,15546237611,0,0,0,0,0,0,599,0,0
15547280611,0,0,0,0,0,0,223,0,0,15547357611,0,0,0,0,0,0,601,0,0
15548400611,0,0,0,0,0,0,207,0,0,15548477611,0,0,0,0,0,0,592,0,0
15549520611,0,0,0,0,0,0,275,0,0,15549597611,0,0,0,0,0,0,645,0,0
15550640611,0,0,0,0,0,0,202,0,0,15550717611,0,0,0,0,0,0,631,0,0
15551760611,0,0,0,0,0,0,229,0,0,15551837611,0,0,0,0,0,0,615,0,0
15552880611,0,0,0,0,0,0,267,0,0,15552957611,0,0,0,0,0,0,600,0,0
15554000611,0,0,0,0,0,0,210,0,0,15554077611,0,0,0,0,0,0,628,0,0
15555120611,0,0,0,0,0,0,232,0,0,15555197611,0,0,0,0,0,0,605,0,0
15556240611,0,0,0,0,0,0,239,0,0,15556317611,0,0,0,0,0,0,574,0,0
15557360611,0,0,0,0,0,0,248,0,0,15557437611,0,0,0,0,0,0,635,0,0
15558480611,0,0,0,0,0,0,211,0,0,15558557611,0,0,0,0,0,0,619,0,0
15559600611,0,0,0,0,0,0,283,0,0,15559677611,0,0,0,0,0,0,608,0,0
15560720611,0,0,0,0,0,0,245,0,0,15560797611,0,0,0,0,0,0,639,0,0
15561840611,0,0,0,0,0,0,203,0,0,15561917611,0,0,0,0,0,0,582,0,0
15562960611,0,0,0,0,0,0,250,0,0,15563037611,0,0,0,0,0,0,622,0,0
15564080611,0,0,0,0,0,0,237,0,0,15564157611,0,0,0,0,0,0,623,0,0
15565200611,0,0,0,0,0,0,205,0,0,15565277611,0,0,0,0,0,0,621,0,0
15566320611,0,0,0,0,0,0,257,0,0,15566397611,0,0,0,0,0,0,578,0,0
15567440611,0,0,0,0,0,0,287,0,0,15567517611,0,0,0,0,0,0,611,0,0
15568560611,0,0,0,0,0,0,247,0,0,15568637611,0,0,0,0,0,0,621,0,0
15569680611,0,0,0,0,0,0,232,0,0,15569757611,0,0,0,0,0,0,580,0,0
15570800611,0,0,0,0,0,0,228,0,0,15570877611,0,0,0,0,0,0,576,0,0
15571920611,0,0,0,0,0,0,195,0,0,15571997611,0,0,0,0,0,0,598,0,0
15573040611,0,0,0,0,0,0,266,0,0,15573117611,0,0,0,0,0,0,600,0,0
15574160611,0,0,0,0,0,0,241,0,0,15574237611,0,0,0,0,0,0,561,0,0
15575280611,0,0,0,0,0,0,277,0,0,15575357611,0,0,0,0,0,0,652,0,0
15576400611,0,0,0,0,0,0,242,0,0,15576477611,0,0,0,0,0,0,579,0,0
15577520611,0,0,0,0,0,0,275,0,0,15577597611,0,0,0,0,0,0,552,0,0
15578640611,0,0,0,0,0,0,218,0,0,15578717611,0,0,0,0,0,0,588,0,0
15579760611,0,0,0,0,0,0,238,0,0,15579837611,0,0,0,0,0,0,591,0,0
15580880611,0,0,0,0,0,0,210,0,0,15580957611,0,0,0,0,0,0,632,0,0
15582000611,0,0,0,0,0,0,225,0,0,15582077611,0,0,0,0,0,0,587,0,0
15583120611,0,0,0,0,0,0,208,0,0,15583197611,0,0,0,0,0,0,596,0,0
15584240611,0,0,0,0,0,0,233,0,0,15584317611,0,0,0,0,0,0,601,0,0
15585360611,0,0,0,0,0,0,230,0,0,15585437611,0,0,0,0,0,0,585,0,0
15586480611,0,0,0,0,0,0,237,0,0,15586557611,0,0,0,0,0,0,620,0,0
15587600611,0,0,0,0,0,0,273,0,0,15587677611,0,0,0,0,0,0,602,0,0
15588720611,0,0,0,0,0,0,258,0,0,15588797611,0,0,0,0,0,0,582,0,0
15589840611,0,0,0,0,0,0,241,0,0,15589917611,0,0,0,0,0,0,646,0,0
15590960611,0,0,0,0,0,0,238,0,0,15591037611,0,0,0,0,0,0,604,0,0
15592080611,0,0,0,0,0,0,270,0,0,15592157611,0,0,0,0,0,0,564,0,0
15593200611,0,0,0,0,0,0,253,0,0,15593277611,0,0,0,0,0,0,643,0,0
15594320611,0,0,0,0,0,0,213,0,0,15594397611,0,0,0,0,0,0,622,0,0
15595440611,0,0,0,0,0,0,284,0,0,15595517611,0,0,0,0,0,0,635,0,0
15596560611,0,0,0,0,0,0,217,0,0,15596637611,0,0,0,0,0,0,685,0,0
15597680611,0,0,0,0,0,0,236,0,0,15597757611,0,0,0,0,0,0,583,0,0
15598800611,0,0,0,0,0,0,236,0,0,15598877611,0,0,0,0,0,0,624,0,0
15599920611,0,0,0,0,0,0,272,0,0,15599997611,0,0,0,0,0,0,589,0,0
15601040611,0,0,0,0,0,0,190,0,0,15601117611,0,0,0,0,0,0,606,0,0
15602160611,0,0,0,0,0,0,209,0,0,15602237611,0,0,0,0,0,0,588,0,0
15603280611,0,0,0,0,0,0,176,0,0,15603357611,0,0,0,0,0,0,608,0,0
15604400611,0,0,0,0,0,0,244,0,0,15604477611,0,0,0,0,0,0,600,0,0
15605520611,0,0,0,0,0,0,243,0,0,15605597611,0,0,0,0,0,0,593,0,0
15606640611,0,0,0,0,0,0,274,0,0,15606717611,0,0,0,0,0,0,609,0,0
15607760611,0,0,0,0,0,0,281,0,0,15607837611,0,0,0,0,0,0,602,0,0
15608880611,0,0,0,0,0,0,264,0,0,15608957611,0,0,0,0,0,0,591,0,0
15610000611,0,0,0,0,0,0,290,0,0,15610077611,0,0,0,0,0,0,546,0,0
15611120611,0,0,0,0,0,0,242,0,0,15611197611,0,0,0,0,0,0,640,0,0
15612240611,0,0,0,0,0,0,215,0,0,15612317611,0,0,0,0,0,0,619,0,0
15613360611,0,0,0,0,0,0,243,0,0,15613437611,0,0,0,0,0,0,600,0,0
15614480611,0,0,0,0,0,0,228,0,0,15614557611,0,0,0,0,0,0,623,0,0
15615600611,0,0,0,0,0,0,214,0,0,15615677611,0,0,0,0,0,0,566,0,0
15616720611,0,0,0,0,0,0,215,0,0,15616797611,0,0,0,0,0,0,641,0,0
15617840611,0,0,0,0,0,0,311,0,0,15617917611,0,0,0,0,0,0,607,0,0
15618960611,0,0,0,0,0,0,252,0,0,15619037611,0,0,0,0,0,0,597,0,0
15620080611,0,0,0,0,0,0,225,0,0,15620157611,0,0,0,0,0,0,638,0,0
15621200611,0,0,0,0,0,0,247,0,0,15621277611,0,0,0,0,0,0,585,0,0
15622320611,0,0,0,0,0,0,242,0,0,15622397611,0,0,0,0,0,0,675,0,0
15623440611,0,0,0,0,0,0,247,0,0,15623517611,0,0,0,0,0,0,603,0,0
15624560611,0,0,0,0,0,0,253,0,0,15624637611,0,0,0,0,0,0,626,0,0
15625680611,0,0,0,0,0,0,269,0,0,15625757611,0,0,0,0,0,0,655,0,0
15626800611,0,0,0,0,0,0,272,0,0,15626877611,0,0,0,0,0,0,584,0,0
15627920611,0,0,0,0,0,0,256,0,0,15627997611,0,0,0,0,0,0,614,0,0
15629040611,0,0,0,0,0,0,209,0,0,15629117611,0,0,0,0,0,0,568,0,0
15630160611,0,0,0,0,0,0,239,0,0,15630237611,0,0,0,0,0,0,584,0,0
15631280611,0,0,0,0,0,0,249,0,0,15631357611,0,0,0,0,0,0,602,0,0
15632400611,0,0,0,0,0,0,215,0,0,15632477611,0,0,0,0,0,0,597,0,0
15633520611,0,0,0,0,0,0,202,0,0,15633597611,0,0,0,0,0,0,667,0,0
15634640611,0,0,0,0,0,0,233,0,0,15634717611,0,0,0,0,0,0,586,0,0
15635760611,0,0,0,0,0,0,270,0,0,15635837611,0,0,0,0,0,0,600,0,0
15636880611,0,0,0,0,0,0,260,0,0,15636957611,0,0,0,0,0,0,639,0,0
15638000611,0,0,0,0,0,0,263,0,0,15638077611,0,0,0,0,0,0,577,0,0
15639120611,0,0,0,0,0,0,224,0,0,15639197611,0,0,0,0,0,0,570,0,0
15640240611,0,0,0,0,0,0,230,0,0,15640317611,0,0,0,0,0,0,595,0,0
15641360611,0,0,0,0,0,0,227,0,0,15641437611,0,0,0,0,0,0,610,0,0
15642480611,0,0,0,0,0,0,266,0,0,15642557611,0,0,0,0,0,0,644,0,0
15643600611,0,0,0,0,0,0,271,0,0,15643677611,0,0,0,0,0,0,632,0,0
15644720611,0,0,0,0,0,0,215,0,0,15644797611,0,0,0,0,0,0,566,0,0
15645840611,0,0,0,0,0,0,248,0,0,15645917611,0,0,0,0,0,0,644,0,0
15646960611,0,0,0,0,0,0,211,0,0,15647037611,0,0,0,0,0,0,587,0,0
15648080611,0,0,0,0,0,0,272,0,0,15648157611,0,0,0,0,0,0,592,0,0
15649200611,0,0,0,0,0,0,238,0,0,15649277611,0,0,0,0,0,0,602,0,0
15650320611,0,0,0,0,0,0,235,0,0,15650397611,0,0,0,0,0,0,597,0,0
15651440611,0,0,0,0,0,0,232,0,0,15651517611,0,0,0,0,0,0,576,0,0
15652560611,0,0,0,0,0,0,235,0,0,15652637611,0,0,0,0,0,0,570,0,0
15653680611,0,0,0,0,0,0,201,0,0,15653757611,0,0,0,0,0,0,657,0,0
15654800611,0,0,0,0,0,0,274,0,0,15654877611,0,0,0,0,0,0,661,0,0
15655920611,0,0,0,0,0,0,230,0,0,15655997611,0,0,0,0,0,0,617,0,0
15657040611,0,0,0,0,0,0,242,0,0,15657117611,0,0,0,0,0,0,593,0,0
15658160611,0,0,0,0,0,0,221,0,0,15658237611,0,0,0,0,0,0,626,0,0
15659280611,0,0,0,0,0,0,241,0,0,15659357611,0,0,0,0,0,0,596,0,0
15660400611,0,0,0,0,0,0,252,0,0,15660477611,0,0,0,0,0,0,626,0,0
15661520611,0,0,0,0,0,0,232,0,0,15661597611,0,0,0,0,0,0,586,0,0
15662640611,0,0,0,0,0,0,268,0,0,15662717611,0,0,0,0,0,0,573,0,0
15663760611,0,0,0,0,0,0,227,0,0,15663837611,0,0,0,0,0,0,584,0,0
15664880611,0,0,0,0,0,0,3899,0,0,15664957611,0,0,0,0,0,0,-1846,0,0
15666000611,0,0,0,0,0,0,6868,0,0,15666077611,0,0,0,0,0,0,-2003,0,0
15667120611,0,0,0,0,0,0,6894,0,0,15667197611,0,0,0,0,0,0,-1954,0,0
15668240611,0,0,0,0,0,0,6871,0,0,15668317611,0,0,0,0,0,0,-2013,0,0
15669360611,0,0,0,0,0,0,6862,0,0,15669437611,0,0,0,0,0,0,-1978,0,0
15670480611,0,0,0,0,0,0,6910,0,0,15670557611,0,0,0,0,0,0,-2020,0,0
15671600611,0,0,0,0,0,0,6875,0,0,15671677611,0,0,0,0,0,0,-2016,0,0
15672720611,0,0,0,0,0,0,6932,0,0,15672797611,0,0,0,0,0,0,-2025,0,0
15673840611,0,0,0,0,0,0,2500,0,0,15673917611,0,0,0,0,0,0,556,0,0
15674960611,0,0,0,0,0,0,216,0,0,15675037611,0,0,0,0,0,0,591,0,0
15676080611,0,0,0,0,0,0,249,0,0,15676157611,0,0,0,0,0,0,623,0,0
15677200611,0,0,0,0,0,0,221,0,0,15677277611,0,0,0,0,0,0,622,0,0
15678320611,0,0,0,0,0,0,267,0,0,15678397611,0,0,0,0,0,0,635,0,0
15679440611,0,0,0,0,0,0,250,0,0,15679517611,0,0,0,0,0,0,634,0,0
15680560611,0,0,0,0,0,0,256,0,0,15680637611,0,0,0,0,0,0,589,0,0
15681680611,0,0,0,0,0,0,242,0,0,15681757611,0,0,0,0,0,0,633,0,0
15682800611,0,0,0,0,0,0,2410,0,0,15682877611,0,0,0,0,0,0,-1735,0,0
15683920611,0,0,0,0,0,0,6932,0,0,15683997611,0,0,0,0,0,0,-1995,0,0
15685040611,0,0,0,0,0,0,6878,0,0,15685117611,0,0,0,0,0,0,-1992,0,0
15686160611,0,0,0,0,0,0,6934,0,0,15686237611,0,0,0,0,0,0,-2007,0,0
15687280611,0,0,0,0,0,0,6892,0,0,15687357611,0,0,0,0,0,0,-1998,0,0
15688400611,0,0,0,0,0,0,6859,0,0,15688477611,0,0,0,0,0,0,-1998,0,0
15689520611,0,0,0,0,0,0,6911,0,0,15689597611,0,0,0,0,0,0,-1999,0,0
15690640611,0,0,0,0,0,0,6880,0,0,15690717611,0,0,0,0,0,0,-1945,0,0
15691760611,0,0,0,0,0,0,6770,0,0,15691837611,0,0,0,0,0,0,558,0,0
15692880611,0,0,0,0,0,0,214,0,0,15692957611,0,0,0,0,0,0,570,0,0
15694000611,0,0,0,0,0,0,181,0,0,15694077611,0,0,0,0,0,0,585,0,0
15695120611,0,0,0,0,0,0,240,0,0,15695197611,0,0,0,0,0,0,550,0,0
15696240611,0,0,0,0,0,0,300,0,0,15696317611,0,0,0,0,0,0,638,0,0
15697360611,0,0,0,0,0,0,237,0,0,15697437611,0,0,0,0,0,0,606,0,0
15698480611,0,0,0,0,0,0,255,0,0,15698557611,0,0,0,0,0,0,605,0,0
15699600611,0,0,0,0,0,0,221,0,0,15699677611,0,0,0,0,0,0,630,0,0
15700720611,0,0,0,0,0,0,224,0,0,15700797611,0,0,0,0,0,0,-1448,0,0
15701840611,0,0,0,0,0,0,6881,0,0,15701917611,0,0,0,0,0,0,-2028,0,0
15702960611,0,0,0,0,0,0,6902,0,0,15703037611,0,0,0,0,0,0,-2006,0,0
15704080611,0,0,0,0,0,0,6936,0,0,15704157611,0,0,0,0,0,0,-1977,0,0
15705200611,0,0,0,0,0,0,6882,0,0,15705277611,0,0,0,0,0,0,-1987,0,0
15706320611,0,0,0,0,0,0,6892,0,0,15706397611,0,0,0,0,0,0,-1952,0,0
15707440611,0,0,0,0,0,0,6883,0,0,15707517611,0,0,0,0,0,0,-1946,0,0
15708560611,0,0,0,0,0,0,6867,0,0,15708637611,0,0,0,0,0,0,-2014,0,0
15709680611,0,0,0,0,0,0,6867,0,0,15709757611,0,0,0,0,0,0,317,0,0
15710800611,0,0,0,0,0,0,213,0,0,15710877611,0,0,0,0,0,0,573,0,0
15711920611,0,0,0,0,0,0,229,0,0,15711997611,0,0,0,0,0,0,628,0,0
15713040611,0,0,0,0,0,0,241,0,0,15713117611,0,0,0,0,0,0,596,0,0
15714160611,0,0,0,0,0,0,275,0,0,15714237611,0,0,0,0,0,0,612,0,0
15715280611,0,0,0,0,0,0,261,0,0,15715357611,0,0,0,0,0,0,676,0,0
15716400611,0,0,0,0,0,0,237,0,0,15716477611,0,0,0,0,0,0,591,0,0
15717520611,0,0,0,0,0,0,250,0,0,15717597611,0,0,0,0,0,0,612,0,0
15718640611,0,0,0,0,0,0,238,0,0,15718717611,0,0,0,0,0,0,-910,0,0
15719760611,0,0,0,0,0,0,6924,0,0,15719837611,0,0,0,0,0,0,-2024,0,0
15720880611,0,0,0,0,0,0,6899,0,0,15720957611,0,0,0,0,0,0,-2009,0,0
15722000611,0,0,0,0,0,0,6840,0,0,15722077611,0,0,0,0,0,0,-1974,0,0
15723120611,0,0,0,0,0,0,6875,0,0,15723197611,0,0,0,0,0,0,-2021,0,0
15724240611,0,0,0,0,0,0,6909,0,0,15724317611,0,0,0,0,0,0,-2033,0,0
15725360611,0,0,0,0,0,0,6898,0,0,15725437611,0,0,0,0,0,0,-2007,0,0
15726480611,0,0,0,0,0,0,6893,0,0,15726557611,0,0,0,0,0,0,-1979,0,0
15727600611,0,0,0,0,0,0,6898,0,0,15727677611,0,0,0,0,0,0,-733,0,0
15728720611,0,0,0,0,0,0,241,0,0,15728797611,0,0,0,0,0,0,602,0,0
15729840611,0,0,0,0,0,0,232,0,0,15729917611,0,0,0,0,0,0,545,0,0
15730960611,0,0,0,0,0,0,246,0,0,15731037611,0,0,0,0,0,0,637,0,0
15732080611,0,0,0,0,0,0,238,0,0,15732157611,0,0,0,0,0,0,589,0,0
15733200611,0,0,0,0,0,0,269,0,0,15733277611,0,0,0,0,0,0,592,0,0
15734320611,0,0,0,0,0,0,223,0,0,15734397611,0,0,0,0,0,0,620,0,0
15735440611,0,0,0,0,0,0,236,0,0,15735517611,0,0,0,0,0,0,590,0,0
15736560611,0,0,0,0,0,0,268,0,0,15736637611,0,0,0,0,0,0,239,0,0
15737680611,0,0,0,0,0,0,6914,0,0,15737757611,0,0,0,0,0,0,-2028,0,0
15738800611,0,0,0,0,0,0,6885,0,0,15738877611,0,0,0,0,0,0,-1987,0,0
15739920611,0,0,0,0,0,0,6875,0,0,15739997611,0,0,0,0,0,0,-1977,0,0
15741040611,0,0,0,0,0,0,6885,0,0,15741117611,0,0,0,0,0,0,-2018,0,0
15742160611,0,0,0,0,0,0,6876,0,0,15742237611,0,0,0,0,0,0,-1949,0,0
15743280611,0,0,0,0,0,0,6912,0,0,15743357611,0,0,0,0,0,0,-2021,0,0
15744400611,0,0,0,0,0,0,6887,0,0,15744477611,0,0,0,0,0,0,-1997,0,0
15745520611,0,0,0,0,0,0,6870,0,0,15745597611,0,0,0,0,0,0,-1953,0,0
15746640611,0,0,0,0,0,0,255,0,0,15746717611,0,0,0,0,0,0,659,0,0
15747760611,0,0,0,0,0,0,233,0,0,15747837611,0,0,0,0,0,0,599,0,0
15748880611,0,0,0,0,0,0,224,0,0,15748957611,0,0,0,0,0,0,587,0,0
15750000611,0,0,0,0,0,0,227,0,0,15750077611,0,0,0,0,0,0,637,0,0
15751120611,0,0,0,0,0,0,227,0,0,15751197611,0,0,0,0,0,0,601,0,0
15752240611,0,0,0,0,0,0,273,0,0,15752317611,0,0,0,0,0,0,596,0,0
15753360611,0,0,0,0,0,0,219,0,0,15753437611,0,0,0,0,0,0,596,0,0
15754480611,0,0,0,0,0,0,224,0,0,15754557611,0,0,0,0,0,0,619,0,0
15755600611,0,0,0,0,0,0,6909,0,0,15755677611,0,0,0,0,0,0,-1958,0,0
15756720611,0,0,0,0,0,0,6912,0,0,15756797611,0,0,0,0,0,0,-2012,0,0
15757840611,0,0,0,0,0,0,6897,0,0,15757917611,0,0,0,0,0,0,-1945,0,0
15758960611,0,0,0,0,0,0,6846,0,0,15759037611,0,0,0,0,0,0,-1961,0,0
15760080611,0,0,0,0,0,0,6852,0,0,15760157611,0,0,0,0,0,0,-1994,0,0
15761200611,0,0,0,0,0,0,6888,0,0,15761277611,0,0,0,0,0,0,-1978,0,0
15762320611,0,0,0,0,0,0,6890,0,0,15762397611,0,0,0,0,0,0,-1967,0,0
15763440611,0,0,0,0,0,0,6892,0,0,15763517611,0,0,0,0,0,0,-1980,0,0
15764560611,0,0,0,0,0,0,251,0,0,15764637611,0,0,0,0,0,0,608,0,0
15765680611,0,0,0,0,0,0,257,0,0,15765757611,0,0,0,0,0,0,569,0,0
15766800611,0,0,0,0,0,0,215,0,0,15766877611,0,0,0,0,0,0,615,0,0
15767920611,0,0,0,0,0,0,240,0,0,15767997611,0,0,0,0,0,0,650,0,0
15769040611,0,0,0,0,0,0,224,0,0,15769117611,0,0,0,0,0,0,585,0,0
15770160611,0,0,0,0,0,0,232,0,0,15770237611,0,0,0,0,0,0,561,0,0
15771280611,0,0,0,0,0,0,243,0,0,15771357611,0,0,0,0,0,0,610,0,0
15772400611,0,0,0,0,0,0,191,0,0,15772477611,0,0,0,0,0,0,621,0,0
15773520611,0,0,0,0,0,0,6885,0,0,15773597611,0,0,0,0,0,0,-1956,0,0
15774640611,0,0,0,0,0,0,6880,0,0,15774717611,0,0,0,0,0,0,-2011,0,0
15775760611,0,0,0,0,0,0,6878,0,0,15775837611,0,0,0,0,0,0,-1961,0,0
15776880611,0,0,0,0,0,0,6921,0,0,15776957611,0,0,0,0,0,0,-1951,0,0
15778000611,0,0,0,0,0,0,6837,0,0,15778077611,0,0,0,0,0,0,-1989,0,0
15779120611,0,0,0,0,0,0,6873,0,0,15779197611,0,0,0,0,0,0,-1967,0,0
15780240611,0,0,0,0,0,0,6906,0,0,15780317611,0,0,0,0,0,0,-1981,0,0
15781360611,0,0,0,0,0,0,6869,0,0,15781437611,0,0,0,0,0,0,-2026,0,0
15782480611,0,0,0,0,0,0,229,0,0,15782557611,0,0,0,0,0,0,613,0,0
15783600611,0,0,0,0,0,0,247,0,0,15783677611,0,0,0,0,0,0,568,0,0
15784720611,0,0,0,0,0,0,214,0,0,15784797611,0,0,0,0,0,0,627,0,0
15785840611,0,0,0,0,0,0,218,0,0,15785917611,0,0,0,0,0,0,575,0,0
15786960611,0,0,0,0,0,0,202,0,0,15787037611,0,0,0,0,0,0,616,0,0
15788080611,0,0,0,0,0,0,246,0,0,15788157611,0,0,0,0,0,0,572,0,0
15789200611,0,0,0,0,0,0,217,0,0,15789277611,0,0,0,0,0,0,608,0,0
15790320611,0,0,0,0,0,0,217,0,0,15790397611,0,0,0,0,0,0,585,0,0
15791440611,0,0,0,0,0,0,6884,0,0,15791517611,0,0,0,0,0,0,-1987,0,0
15792560611,0,0,0,0,0,0,6904,0,0,15792637611,0,0,0,0,0,0,-1978,0,0
15793680611,0,0,0,0,0,0,6907,0,0,15793757611,0,0,0,0,0,0,-2032,0,0
15794800611,0,0,0,0,0,0,6938,0,0,15794877611,0,0,0,0,0,0,-1989,0,0
15795920611,0,0,0,0,0,0,6911,0,0,15795997611,0,0,0,0,0,0,-1958,0,0
15797040611,0,0,0,0,0,0,6846,0,0,15797117611,0,0,0,0,0,0,-1986,0,0
15798160611,0,0,0,0,0,0,6885,0,0,15798237611,0,0,0,0,0,0,-2038,0,0
15799280611,0,0,0,0,0,0,6869,0,0,15799357611,0,0,0,0,0,0,-2014,0,0
15800400611,0,0,0,0,0,0,238,0,0,15800477611,0,0,0,0,0,0,576,0,0
15801520611,0,0,0,0,0,0,285,0,0,15801597611,0,0,0,0,0,0,566,0,0
15802640611,0,0,0,0,0,0,233,0,0,15802717611,0,0,0,0,0,0,599,0,0
15803760611,0,0,0,0,0,0,237,0,0,15803837611,0,0,0,0,0,0,611,0,0
15804880611,0,0,0,0,0,0,246,0,0,15804957611,0,0,0,0,0,0,609,0,0
15806000611,0,0,0,0,0,0,266,0,0,15806077611,0,0,0,0,0,0,645,0,0
15807120611,0,0,0,0,0,0,275,0,0,15807197611,0,0,0,0,0,0,620,0,0
15808240611,0,0,0,0,0,0,244,0,0,15808317611,0,0,0,0,0,0,590,0,0
15809360611,0,0,0,0,0,0,6904,0,0,15809437611,0,0,0,0,0,0,-1959,0,0
15810480611,0,0,0,0,0,0,6860,0,0,15810557611,0,0,0,0,0,0,-1981,0,0
15811600611,0,0,0,0,0,0,6872,0,0,15811677611,0,0,0,0,0,0,-1978,0,0
15812720611,0,0,0,0,0,0,6840,0,0,15812797611,0,0,0,0,0,0,-1944,0,0
15813840611,0,0,0,0,0,0,6881,0,0,15813917611,0,0,0,0,0,0,-1995,0,0
15814960611,0,0,0,0,0,0,6889,0,0,15815037611,0,0,0,0,0,0,-2005,0,0
15816080611,0,0,0,0,0,0,6857,0,0,15816157611,0,0,0,0,0,0,-1995,0,0
15817200611,0,0,0,0,0,0,6912,0,0,15817277611,0,0,0,0,0,0,-1999,0,0
15818320611,0,0,0,0,0,0,245,0,0,15818397611,0,0,0,0,0,0,611,0,0
15819440611,0,0,0,0,0,0,249,0,0,15819517611,0,0,0,0,0,0,613,0,0
15820560611,0,0,0,0,0,0,229,0,0,15820637611,0,0,0,0,0,0,573,0,0
15821680611,0,0,0,0,0,0,234,0,0,15821757611,0,0,0,0,0,0,609,0,0
15822800611,0,0,0,0,0,0,241,0,0,15822877611,0,0,0,0,0,0,577,0,0
15823920611,0,0,0,0,0,0,244,0,0,15823997611,0,0,0,0,0,0,623,0,0
15825040611,0,0,0,0,0,0,250,0,0,15825117611,0,0,0,0,0,0,645,0,0
15826160611,0,0,0,0,0,0,261,0,0,15826237611,0,0,0,0,0,0,596,0,0
15827280611,0,0,0,0,0,0,6912,0,0,15827357611,0,0,0,0,0,0,-1966,0,0
15828400611,0,0,0,0,0,0,6913,0,0,15828477611,0,0,0,0,0,0,-2025,0,0
15829520611,0,0,0,0,0,0,6894,0,0,15829597611,0,0,0,0,0,0,-1973,0,0
15830640611,0,0,0,0,0,0,6892,0,0,15830717611,0,0,0,0,0,0,-2044,0,0
15831760611,0,0,0,0,0,0,6896,0,0,15831837611,0,0,0,0,0,0,-1949,0,0
15832880611,0,0,0,0,0,0,6884,0,0,15832957611,0,0,0,0,0,0,-1990,0,0
15834000611,0,0,0,0,0,0,6868,0,0,15834077611,0,0,0,0,0,0,-1954,0,0
15835120611,0,0,0,0,0,0,6928,0,0,15835197611,0,0,0,0,0,0,-2024,0,0
15836240611,0,0,0,0,0,0,243,0,0,15836317611,0,0,0,0,0,0,608,0,0
15837360611,0,0,0,0,0,0,281,0,0,15837437611,0,0,0,0,0,0,637,0,0
15838480611,0,0,0,0,0,0,221,0,0,15838557611,0,0,0,0,0,0,615,0,0
15839600611,0,0,0,0,0,0,231,0,0,15839677611,0,0,0,0,0,0,574,0,0
15840720611,0,0,0,0,0,0,207,0,0,15840797611,0,0,0,0,0,0,563,0,0
15841840611,0,0,0,0,0,0,198,0,0,15841917611,0,0,0,0,0,0,555,0,0
15842960611,0,0,0,0,0,0,253,0,0,15843037611,0,0,0,0,0,0,591,0,0
15844080611,0,0,0,0,0,0,276,0,0,15844157611,0,0,0,0,0,0,616,0,0
15845200611,0,0,0,0,0,0,6864,0,0,15845277611,0,0,0,0,0,0,-2022,0,0
15846320611,0,0,0,0,0,0,6910,0,0,15846397611,0,0,0,0,0,0,-1998,0,0
15847440611,0,0,0,0,0,0,6869,0,0,15847517611,0,0,0,0,0,0,-1981,0,0
15848560611,0,0,0,0,0,0,6872,0,0,15848637611,0,0,0,0,0,0,-1978,0,0
15849680611,0,0,0,0,0,0,6880,0,0,15849757611,0,0,0,0,0,0,-1989,0,0
15850800611,0,0,0,0,0,0,6908,0,0,15850877611,0,0,0,0,0,0,-1960,0,0
15851920611,0,0,0,0,0,0,6890,0,0,15851997611,0,0,0,0,0,0,-1955,0,0
15853040611,0,0,0,0,0,0,6849,0,0,15853117611,0,0,0,0,0,0,-1970,0,0
15854160611,0,0,0,0,0,0,263,0,0,15854237611,0,0,0,0,0,0,630,0,0
15855280611,0,0,0,0,0,0,213,0,0,15855357611,0,0,0,0,0,0,593,0,0
15856400611,0,0,0,0,0,0,225,0,0,15856477611,0,0,0,0,0,0,577,0,0
15857520611,0,0,0,0,0,0,241,0,0,15857597611,0,0,0,0,0,0,575,0,0
15858640611,0,0,0,0,0,0,216,0,0,15858717611,0,0,0,0,0,0,636,0,0
15859760611,0,0,0,0,0,0,259,0,0,15859837611,0,0,0,0,0,0,614,0,0
15860880611,0,0,0,0,0,0,223,0,0,15860957611,0,0,0,0,0,0,622,0,0
15862000611,0,0,0,0,0,0,198,0,0,15862077611,0,0,0,0,0,0,574,0,0
15863120611,0,0,0,0,0,0,6900,0,0,15863197611,0,0,0,0,0,0,-1981,0,0
15864240611,0,0,0,0,0,0,6920,0,0,15864317611,0,0,0,0,0,0,-1965,0,0
15865360611,0,0,0,0,0,0,6927,0,0,15865437611,0,0,0,0,0,0,-2003,0,0
15866480611,0,0,0,0,0,0,6861,0,0,15866557611,0,0,0,0,0,0,-1987,0,0
15867600611,0,0,0,0,0,0,6895,0,0,15867677611,0,0,0,0,0,0,-1999,0,0
15868720611,0,0,0,0,0,0,6860,0,0,15868797611,0,0,0,0,0,0,-2023,0,0
15869840611,0,0,0,0,0,0,6890,0,0,15869917611,0,0,0,0,0,0,-1978,0,0
15870960611,0,0,0,0,0,0,6913,0,0,15871037611,0,0,0,0,0,0,-1971,0,0
15872080611,0,0,0,0,0,0,240,0,0,15872157611,0,0,0,0,0,0,595,0,0
15873200611,0,0,0,0,0,0,250,0,0,15873277611,0,0,0,0,0,0,606,0,0
15874320611,0,0,0,0,0,0,309,0,0,15874397611,0,0,0,0,0,0,622,0,0
15875440611,0,0,0,0,0,0,202,0,0,15875517611,0,0,0,0,0,0,609,0,0
15876560611,0,0,0,0,0,0,231,0,0,15876637611,0,0,0,0,0,0,608,0,0
15877680611,0,0,0,0,0,0,206,0,0,15877757611,0,0,0,0,0,0,582,0,0
15878800611,0,0,0,0,0,0,227,0,0,15878877611,0,0,0,0,0,0,585,0,0
15879920611,0,0,0,0,0,0,249,0,0,15879997611,0,0,0,0,0,0,583,0,0
15881040611,0,0,0,0,0,0,6885,0,0,15881117611,0,0,0,0,0,0,-2005,0,0
15882160611,0,0,0,0,0,0,6892,0,0,15882237611,0,0,0,0,0,0,-1986,0,0
15883280611,0,0,0,0,0,0,6856,0,0,15883357611,0,0,0,0,0,0,-2039,0,0
15884400611,0,0,0,0,0,0,6847,0,0,15884477611,0,0,0,0,0,0,-1935,0,0
15885520611,0,0,0,0,0,0,6897,0,0,15885597611,0,0,0,0,0,0,-2001,0,0
15886640611,0,0,0,0,0,0,6896,0,0,15886717611,0,0,0,0,0,0,-2027,0,0
15887760611,0,0,0,0,0,0,6854,0,0,15887837611,0,0,0,0,0,0,-1935,0,0
15888880611,0,0,0,0,0,0,6846,0,0,15888957611,0,0,0,0,0,0,-1943,0,0
15890000611,0,0,0,0,0,0,212,0,0,15890077611,0,0,0,0,0,0,576,0,0
15891120611,0,0,0,0,0,0,224,0,0,15891197611,0,0,0,0,0,0,655,0,0
15892240611,0,0,0,0,0,0,280,0,0,15892317611,0,0,0,0,0,0,615,0,0
15893360611,0,0,0,0,0,0,182,0,0,15893437611,0,0,0,0,0,0,595,0,0
15894480611,0,0,0,0,0,0,207,0,0,15894557611,0,0,0,0,0,0,609,0,0
15895600611,0,0,0,0,0,0,268,0,0,15895677611,0,0,0,0,0,0,556,0,0
15896720611,0,0,0,0,0,0,287,0,0,15896797611,0,0,0,0,0,0,614,0,0
15897840611,0,0,0,0,0,0,201,0,0,15897917611,0,0,0,0,0,0,617,0,0
15898960611,0,0,0,0,0,0,6876,0,0,15899037611,0,0,0,0,0,0,-1972,0,0
15900080611,0,0,0,0,0,0,6933,0,0,15900157611,0,0,0,0,0,0,-1944,0,0
15901200611,0,0,0,0,0,0,6866,0,0,15901277611,0,0,0,0,0,0,-2012,0,0
15902320611,0,0,0,0,0,0,6908,0,0,15902397611,0,0,0,0,0,0,-2004,0,0
15903440611,0,0,0,0,0,0,6861,0,0,15903517611,0,0,0,0,0,0,-2005,0,0
15904560611,0,0,0,0,0,0,6927,0,0,15904637611,0,0,0,0,0,0,-1965,0,0
15905680611,0,0,0,0,0,0,6870,0,0,15905757611,0,0,0,0,0,0,-1965,0,0
15906800611,0,0,0,0,0,0,6858,0,0,15906877611,0,0,0,0,0,0,-1995,0,0
15907920611,0,0,0,0,0,0,261,0,0,15907997611,0,0,0,0,0,0,625,0,0
15909040611,0,0,0,0,0,0,233,0,0,15909117611,0,0,0,0,0,0,627,0,0
15910160611,0,0,0,0,0,0,235,0,0,15910237611,0,0,0,0,0,0,620,0,0
15911280611,0,0,0,0,0,0,213,0,0,15911357611,0,0,0,0,0,0,606,0,0
15912400611,0,0,0,0,0,0,244,0,0,15912477611,0,0,0,0,0,0,609,0,0
15913520611,0,0,0,0,0,0,228,0,0,15913597611,0,0,0,0,0,0,608,0,0
15914640611,0,0,0,0,0,0,264,0,0,15914717611,0,0,0,0,0,0,575,0,0
15915760611,0,0,0,0,0,0,254,0,0,15915837611,0,0,0,0,0,0,584,0,0
15916880611,0,0,0,0,0,0,6918,0,0,15916957611,0,0,0,0,0,0,-1954,0,0
15918000611,0,0,0,0,0,0,6887,0,0,15918077611,0,0,0,0,0,0,-1974,0,0
15919120611,0,0,0,0,0,0,6898,0,0,15919197611,0,0,0,0,0,0,-1939,0,0
15920240611,0,0,0,0,0,0,6887,0,0,15920317611,0,0,0,0,0,0,-1956,0,0
15921360611,0,0,0,0,0,0,6886,0,0,15921437611,0,0,0,0,0,0,-2013,0,0
15922480611,0,0,0,0,0,0,6899,0,0,15922557611,0,0,0,0,0,0,-1984,0,0
15923600611,0,0,0,0,0,0,6888,0,0,15923677611,0,0,0,0,0,0,-1975,0,0
15924720611,0,0,0,0,0,0,6912,0,0,15924797611,0,0,0,0,0,0,-2005,0,0
15925840611,0,0,0,0,0,0,217,0,0,15925917611,0,0,0,0,0,0,604,0,0
15926960611,0,0,0,0,0,0,245,0,0,15927037611,0,0,0,0,0,0,595,0,0
15928080611,0,0,0,0,0,0,254,0,0,15928157611,0,0,0,0,0,0,618,0,0
15929200611,0,0,0,0,0,0,219,0,0,15929277611,0,0,0,0,0,0,609,0,0
15930320611,0,0,0,0,0,0,226,0,0,15930397611,0,0,0,0,0,0,612,0,0
15931440611,0,0,0,0,0,0,268,0,0,15931517611,0,0,0,0,0,0,603,0,0
15932560611,0,0,0,0,0,0,199,0,0,15932637611,0,0,0,0,0,0,571,0,0
15933680611,0,0,0,0,0,0,246,0,0,15933757611,0,0,0,0,0,0,618,0,0
15934800611,0,0,0,0,0,0,6909,0,0,15934877611,0,0,0,0,0,0,-1980,0,0
15935920611,0,0,0,0,0,0,6914,0,0,15935997611,0,0,0,0,0,0,-1952,0,0
15937040611,0,0,0,0,0,0,6877,0,0,15937117611,0,0,0,0,0,0,-1955,0,0
15938160611,0,0,0,0,0,0,6855,0,0,15938237611,0,0,0,0,0,0,-1989,0,0
15939280611,0,0,0,0,0,0,6908,0,0,15939357611,0,0,0,0,0,0,-1966,0,0
15940400611,0,0,0,0,0,0,6868,0,0,15940477611,0,0,0,0,0,0,-1998,0,0
15941520611,0,0,0,0,0,0,6897,0,0,15941597611,0,0,0,0,0,0,-1965,0,0
15942640611,0,0,0,0,0,0,6857,0,0,15942717611,0,0,0,0,0,0,-1999,0,0
15943760611,0,0,0,0,0,0,241,0,0,15943837611,0,0,0,0,0,0,588,0,0
15944880611,0,0,0,0,0,0,227,0,0,15944957611,0,0,0,0,0,0,603,0,0
15946000611,0,0,0,0,0,0,238,0,0,15946077611,0,0,0,0,0,0,599,0,0
15947120611,0,0,0,0,0,0,195,0,0,15947197611,0,0,0,0,0,0,600,0,0
15948240611,0,0,0,0,0,0,249,0,0,15948317611,0,0,0,0,0,0,610,0,0
15949360611,0,0,0,0,0,0,242,0,0,15949437611,0,0,0,0,0,0,587,0,0
15950480611,0,0,0,0,0,0,227,0,0,15950557611,0,0,0,0,0,0,659,0,0
15951600611,0,0,0,0,0,0,247,0,0,15951677611,0,0,0,0,0,0,612,0,0
15952720611,0,0,0,0,0,0,6886,0,0,15952797611,0,0,0,0,0,0,-2013,0,0
15953840611,0,0,0,0,0,0,6879,0,0,15953917611,0,0,0,0,0,0,-1960,0,0
15954960611,0,0,0,0,0,0,6886,0,0,15955037611,0,0,0,0,0,0,-1975,0,0
15956080611,0,0,0,0,0,0,6888,0,0,15956157611,0,0,0,0,0,0,-2011,0,0
15957200611,0,0,0,0,0,0,6920,0,0,15957277611,0,0,0,0,0,0,-1957,0,0
15958320611,0,0,0,0,0,0,6907,0,0,15958397611,0,0,0,0,0,0,-2022,0,0
15959440611,0,0,0,0,0,0,6909,0,0,15959517611,0,0,0,0,0,0,-1956,0,0
15960560611,0,0,0,0,0,0,6873,0,0,15960637611,0,0,0,0,0,0,-1944,0,0
15961680611,0,0,0,0,0,0,227,0,0,15961757611,0,0,0,0,0,0,605,0,0
15962800611,0,0,0,0,0,0,266,0,0,15962877611,0,0,0,0,0,0,636,0,0
15963920611,0,0,0,0,0,0,228,0,0,15963997611,0,0,0,0,0,0,645,0,0
15965040611,0,0,0,0,0,0,230,0,0,15965117611,0,0,0,0,0,0,627,0,0
15966160611,0,0,0,0,0,0,241,0,0,15966237611,0,0,0,0,0,0,645,0,0
15967280611,0,0,0,0,0,0,247,0,0,15967357611,0,0,0,0,0,0,607,0,0
15968400611,0,0,0,0,0,0,249,0,0,15968477611,0,0,0,0,0,0,586,0,0
15969520611,0,0,0,0,0,0,282,0,0,15969597611,0,0,0,0,0,0,595,0,0
15970640611,0,0,0,0,0,0,6905,0,0,15970717611,0,0,0,0,0,0,-1987,0,0
15971760611,0,0,0,0,0,0,6915,0,0,15971837611,0,0,0,0,0,0,-1980,0,0
15972880611,0,0,0,0,0,0,6882,0,0,15972957611,0,0,0,0,0,0,-1963,0,0
15974000611,0,0,0,0,0,0,6907,0,0,15974077611,0,0,0,0,0,0,-1962,0,0
15975120611,0,0,0,0,0,0,6919,0,0,15975197611,0,0,0,0,0,0,-1987,0,0
15976240611,0,0,0,0,0,0,6890,0,0,15976317611,0,0,0,0,0,0,-1978,0,0
15977360611,0,0,0,0,0,0,6846,0,0,15977437611,0,0,0,0,0,0,-1988,0,0
15978480611,0,0,0,0,0,0,6891,0,0,15978557611,0,0,0,0,0,0,-1982,0,0
15979600611,0,0,0,0,0,0,234,0,0,15979677611,0,0,0,0,0,0,584,0,0
15980720611,0,0,0,0,0,0,276,0,0,15980797611,0,0,0,0,0,0,605,0,0
15981840611,0,0,0,0,0,0,266,0,0,15981917611,0,0,0,0,0,0,598,0,0
15982960611,0,0,0,0,0,0,263,0,0,15983037611,0,0,0,0,0,0,602,0,0
15984080611,0,0,0,0,0,0,232,0,0,15984157611,0,0,0,0,0,0,636,0,0
15985200611,0,0,0,0,0,0,232,0,0,15985277611,0,0,0,0,0,0,629,0,0
15986320611,0,0,0,0,0,0,253,0,0,15986397611,0,0,0,0,0,0,658,0,0
15987440611,0,0,0,0,0,0,211,0,0,15987517611,0,0,0,0,0,0,590,0,0
15988560611,0,0,0,0,0,0,6849,0,0,15988637611,0,0,0,0,0,0,-1985,0,0
15989680611,0,0,0,0,0,0,6856,0,0,15989757611,0,0,0,0,0,0,-1998,0,0
15990800611,0,0,0,0,0,0,6873,0,0,15990877611,0,0,0,0,0,0,-1977,0,0
15991920611,0,0,0,0,0,0,6851,0,0,15991997611,0,0,0,0,0,0,-1996,0,0
15993040611,0,0,0,0,0,0,6836,0,0,15993117611,0,0,0,0,0,0,-2005,0,0
15994160611,0,0,0,0,0,0,6899,0,0,15994237611,0,0,0,0,0,0,-1977,0,0
15995280611,0,0,0,0,0,0,6872,0,0,15995357611,0,0,0,0,0,0,-2026,0,0
15996400611,0,0,0,0,0,0,6875,0,0,15996477611,0,0,0,0,0,0,-2006,0,0
15997520611,0,0,0,0,0,0,246,0,0,15997597611,0,0,0,0,0,0,618,0,0
15998640611,0,0,0,0,0,0,208,0,0,15998717611,0,0,0,0,0,0,556,0,0
15999760611,0,0,0,0,0,0,246,0,0,15999837611,0,0,0,0,0,0,599,0,0
16000880611,0,0,0,0,0,0,274,0,0,16000957611,0,0,0,0,0,0,593,0,0
16002000611,0,0,0,0,0,0,215,0,0,16002077611,0,0,0,0,0,0,605,0,0
16003120611,0,0,0,0,0,0,242,0,0,16003197611,0,0,0,0,0,0,590,0,0
16004240611,0,0,0,0,0,0,221,0,0,16004317611,0,0,0,0,0,0,560,0,0
16005360611,0,0,0,0,0,0,259,0,0,16005437611,0,0,0,0,0,0,626,0,0
16006480611,0,0,0,0,0,0,6942,0,0,16006557611,0,0,0,0,0,0,-2001,0,0
16007600611,0,0,0,0,0,0,6902,0,0,16007677611,0,0,0,0,0,0,-1997,0,0
16008720611,0,0,0,0,0,0,6890,0,0,16008797611,0,0,0,0,0,0,-2001,0,0
16009840611,0,0,0,0,0,0,6849,0,0,16009917611,0,0,0,0,0,0,-2018,0,0
16010960611,0,0,0,0,0,0,6889,0,0,16011037611,0,0,0,0,0,0,-2032,0,0
16012080611,0,0,0,0,0,0,6856,0,0,16012157611,0,0,0,0,0,0,-1951,0,0
16013200611,0,0,0,0,0,0,6882,0,0,16013277611,0,0,0,0,0,0,-1923,0,0
16014320611,0,0,0,0,0,0,6885,0,0,16014397611,0,0,0,0,0,0,-1926,0,0
16015440611,0,0,0,0,0,0,267,0,0,16015517611,0,0,0,0,0,0,598,0,0
16016560611,0,0,0,0,0,0,229,0,0,16016637611,0,0,0,0,0,0,605,0,0
16017680611,0,0,0,0,0,0,282,0,0,16017757611,0,0,0,0,0,0,590,0,0
16018800611,0,0,0,0,0,0,287,0,0,16018877611,0,0,0,0,0,0,609,0,0
16019920611,0,0,0,0,0,0,242,0,0,16019997611,0,0,0,0,0,0,583,0,0
16021040611,0,0,0,0,0,0,226,0,0,16021117611,0,0,0,0,0,0,637,0,0
16022160611,0,0,0,0,0,0,222,0,0,16022237611,0,0,0,0,0,0,601,0,0
16023280611,0,0,0,0,0,0,218,0,0,16023357611,0,0,0,0,0,0,614,0,0
16024400611,0,0,0,0,0,0,6861,0,0,16024477611,0,0,0,0,0,0,-1946,0,0
16025520611,0,0,0,0,0,0,6852,0,0,16025597611,0,0,0,0,0,0,-1983,0,0
16026640611,0,0,0,0,0,0,6901,0,0,16026717611,0,0,0,0,0,0,-2002,0,0
16027760611,0,0,0,0,0,0,6883,0,0,16027837611,0,0,0,0,0,0,-1976,0,0
16028880611,0,0,0,0,0,0,6892,0,0,16028957611,0,0,0,0,0,0,-1997,0,0
16030000611,0,0,0,0,0,0,6865,0,0,16030077611,0,0,0,0,0,0,-1971,0,0
16031120611,0,0,0,0,0,0,6919,0,0,16031197611,0,0,0,0,0,0,-1986,0,0
16032240611,0,0,0,0,0,0,6899,0,0,16032317611,0,0,0,0,0,0,-1974,0,0
16033360611,0,0,0,0,0,0,248,0,0,16033437611,0,0,0,0,0,0,622,0,0
16034480611,0,0,0,0,0,0,206,0,0,16034557611,0,0,0,0,0,0,624,0,0
16035600611,0,0,0,0,0,0,220,0,0,16035677611,0,0,0,0,0,0,623,0,0
16036720611,0,0,0,0,0,0,231,0,0,16036797611,0,0,0,0,0,0,575,0,0
16037840611,0,0,0,0,0,0,241,0,0,16037917611,0,0,0,0,0,0,561,0,0
16038960611,0,0,0,0,0,0,284,0,0,16039037611,0,0,0,0,0,0,589,0,0
16040080611,0,0,0,0,0,0,237,0,0,16040157611,0,0,0,0,0,0,627,0,0
16041200611,0,0,0,0,0,0,235,0,0,16041277611,0,0,0,0,0,0,597,0,0
16042320611,0,0,0,0,0,0,6890,0,0,16042397611,0,0,0,0,0,0,-2016,0,0
16043440611,0,0,0,0,0,0,6905,0,0,16043517611,0,0,0,0,0,0,-1961,0,0
16044560611,0,0,0,0,0,0,6900,0,0,16044637611,0,0,0,0,0,0,-2041,0,0
16045680611,0,0,0,0,0,0,6888,0,0,16045757611,0,0,0,0,0,0,-1974,0,0
16046800611,0,0,0,0,0,0,6883,0,0,16046877611,0,0,0,0,0,0,-1970,0,0
16047920611,0,0,0,0,0,0,6867,0,0,16047997611,0,0,0,0,0,0,-1965,0,0
16049040611,0,0,0,0,0,0,6877,0,0,16049117611,0,0,0,0,0,0,-1954,0,0
16050160611,0,0,0,0,0,0,6874,0,0,16050237611,0,0,0,0,0,0,-1974,0,0
16051280611,0,0,0,0,0,0,242,0,0,16051357611,0,0,0,0,0,0,612,0,0
16052400611,0,0,0,0,0,0,216,0,0,16052477611,0,0,0,0,0,0,590,0,0
16053520611,0,0,0,0,0,0,225,0,0,16053597611,0,0,0,0,0,0,591,0,0
16054640611,0,0,0,0,0,0,243,0,0,16054717611,0,0,0,0,0,0,628,0,0
16055760611,0,0,0,0,0,0,206,0,0,16055837611,0,0,0,0,0,0,626,0,0
16056880611,0,0,0,0,0,0,217,0,0,16056957611,0,0,0,0,0,0,658,0,0
16058000611,0,0,0,0,0,0,220,0,0,16058077611,0,0,0,0,0,0,598,0,0
16059120611,0,0,0,0,0,0,259,0,0,16059197611,0,0,0,0,0,0,614,0,0
16060240611,0,0,0,0,0,0,6908,0,0,16060317611,0,0,0,0,0,0,-1983,0,0
16061360611,0,0,0,0,0,0,6899,0,0,16061437611,0,0,0,0,0,0,-1963,0,0
16062480611,0,0,0,0,0,0,6891,0,0,16062557611,0,0,0,0,0,0,-1970,0,0
16063600611,0,0,0,0,0,0,6878,0,0,16063677611,0,0,0,0,0,0,-1983,0,0
16064720611,0,0,0,0,0,0,6888,0,0,16064797611,0,0,0,0,0,0,-1979,0,0
16065840611,0,0,0,0,0,0,6832,0,0,16065917611,0,0,0,0,0,0,-1973,0,0
16066960611,0,0,0,0,0,0,6893,0,0,16067037611,0,0,0,0,0,0,-1992,0,0
16068080611,0,0,0,0,0,0,6886,0,0,16068157611,0,0,0,0,0,0,-1962,0,0
16069200611,0,0,0,0,0,0,242,0,0,16069277611,0,0,0,0,0,0,612,0,0
16070320611,0,0,0,0,0,0,196,0,0,16070397611,0,0,0,0,0,0,620,0,0
16071440611,0,0,0,0,0,0,188,0,0,16071517611,0,0,0,0,0,0,662,0,0
16072560611,0,0,0,0,0,0,289,0,0,16072637611,0,0,0,0,0,0,621,0,0
16073680611,0,0,0,0,0,0,222,0,0,16073757611,0,0,0,0,0,0,588,0,0
16074800611,0,0,0,0,0,0,229,0,0,16074877611,0,0,0,0,0,0,589,0,0
16075920611,0,0,0,0,0,0,215,0,0,16075997611,0,0,0,0,0,0,570,0,0
16077040611,0,0,0,0,0,0,231,0,0,16077117611,0,0,0,0,0,0,605,0,0
16078160611,0,0,0,0,0,0,6887,0,0,16078237611,0,0,0,0,0,0,-1970,0,0
16079280611,0,0,0,0,0,0,6866,0,0,16079357611,0,0,0,0,0,0,-1994,0,0
16080400611,0,0,0,0,0,0,6842,0,0,16080477611,0,0,0,0,0,0,-1984,0,0
16081520611,0,0,0,0,0,0,6840,0,0,16081597611,0,0,0,0,0,0,-1998,0,0
16082640611,0,0,0,0,0,0,6830,0,0,16082717611,0,0,0,0,0,0,-1989,0,0
16083760611,0,0,0,0,0,0,6903,0,0,16083837611,0,0,0,0,0,0,-1969,0,0
16084880611,0,0,0,0,0,0,6892,0,0,16084957611,0,0,0,0,0,0,-1975,0,0
16086000611,0,0,0,0,0,0,6893,0,0,16086077611,0,0,0,0,0,0,-1970,0,0
16087120611,0,0,0,0,0,0,265,0,0,16087197611,0,0,0,0,0,0,626,0,0
16088240611,0,0,0,0,0,0,247,0,0,16088317611,0,0,0,0,0,0,637,0,0
16089360611,0,0,0,0,0,0,233,0,0,16089437611,0,0,0,0,0,0,591,0,0
16090480611,0,0,0,0,0,0,222,0,0,16090557611,0,0,0,0,0,0,633,0,0
16091600611,0,0,0,0,0,0,232,0,0,16091677611,0,0,0,0,0,0,612,0,0
16092720611,0,0,0,0,0,0,227,0,0,16092797611,0,0,0,0,0,0,589,0,0
16093840611,0,0,0,0,0,0,287,0,0,16093917611,0,0,0,0,0,0,635,0,0
16094960611,0,0,0,0,0,0,233,0,0,16095037611,0,0,0,0,0,0,647,0,0
16096080611,0,0,0,0,0,0,6884,0,0,16096157611,0,0,0,0,0,0,-1948,0,0
16097200611,0,0,0,0,0,0,6882,0,0,16097277611,0,0,0,0,0,0,-1983,0,0
16098320611,0,0,0,0,0,0,6897,0,0,16098397611,0,0,0,0,0,0,-1969,0,0
16099440611,0,0,0,0,0,0,6882,0,0,16099517611,0,0,0,0,0,0,-1986,0,0
16100560611,0,0,0,0,0,0,6881,0,0,16100637611,0,0,0,0,0,0,-1966,0,0
16101680611,0,0,0,0,0,0,6868,0,0,16101757611,0,0,0,0,0,0,-1948,0,0
16102800611,0,0,0,0,0,0,6898,0,0,16102877611,0,0,0,0,0,0,-2018,0,0
16103920611,0,0,0,0,0,0,6867,0,0,16103997611,0,0,0,0,0,0,-2004,0,0
16105040611,0,0,0,0,0,0,221,0,0,16105117611,0,0,0,0,0,0,658,0,0
16106160611,0,0,0,0,0,0,243,0,0,16106237611,0,0,0,0,0,0,645,0,0
16107280611,0,0,0,0,0,0,238,0,0,16107357611,0,0,0,0,0,0,607,0,0
16108400611,0,0,0,0,0,0,263,0,0,16108477611,0,0,0,0,0,0,569,0,0
16109520611,0,0,0,0,0,0,268,0,0,16109597611,0,0,0,0,0,0,611,0,0
16110640611,0,0,0,0,0,0,242,0,0,16110717611,0,0,0,0,0,0,586,0,0
16111760611,0,0,0,0,0,0,229,0,0,16111837611,0,0,0,0,0,0,643,0,0
16112880611,0,0,0,0,0,0,248,0,0,16112957611,0,0,0,0,0,0,606,0,0
16114000611,0,0,0,0,0,0,6862,0,0,16114077611,0,0,0,0,0,0,-1974,0,0
16115120611,0,0,0,0,0,0,6920,0,0,16115197611,0,0,0,0,0,0,-2001,0,0
16116240611,0,0,0,0,0,0,6913,0,0,16116317611,0,0,0,0,0,0,-1965,0,0
16117360611,0,0,0,0,0,0,6892,0,0,16117437611,0,0,0,0,0,0,-1964,0,0
16118480611,0,0,0,0,0,0,6886,0,0,16118557611,0,0,0,0,0,0,-1932,0,0
16119600611,0,0,0,0,0,0,6891,0,0,16119677611,0,0,0,0,0,0,-2009,0,0
16120720611,0,0,0,0,0,0,6907,0,0,16120797611,0,0,0,0,0,0,-1964,0,0
16121840611,0,0,0,0,0,0,6867,0,0,16121917611,0,0,0,0,0,0,-1972,0,0
16122960611,0,0,0,0,0,0,231,0,0,16123037611,0,0,0,0,0,0,615,0,0
16124080611,0,0,0,0,0,0,239,0,0,16124157611,0,0,0,0,0,0,641,0,0
16125200611,0,0,0,0,0,0,243,0,0,16125277611,0,0,0,0,0,0,586,0,0
16126320611,0,0,0,0,0,0,207,0,0,16126397611,0,0,0,0,0,0,646,0,0
16127440611,0,0,0,0,0,0,216,0,0,16127517611,0,0,0,0,0,0,641,0,0
16128560611,0,0,0,0,0,0,212,0,0,16128637611,0,0,0,0,0,0,612,0,0
16129680611,0,0,0,0,0,0,238,0,0,16129757611,0,0,0,0,0,0,605,0,0
16130800611,0,0,0,0,0,0,267,0,0,16130877611,0,0,0,0,0,0,607,0,0
16131920611,0,0,0,0,0,0,6880,0,0,16131997611,0,0,0,0,0,0,-1963,0,0
16133040611,0,0,0,0,0,0,6912,0,0,16133117611,0,0,0,0,0,0,-1985,0,0
16134160611,0,0,0,0,0,0,6904,0,0,16134237611,0,0,0,0,0,0,-1919,0,0
16135280611,0,0,0,0,0,0,6910,0,0,16135357611,0,0,0,0,0,0,-2010,0,0
16136400611,0,0,0,0,0,0,6883,0,0,16136477611,0,0,0,0,0,0,-1959,0,0
16137520611,0,0,0,0,0,0,6890,0,0,16137597611,0,0,0,0,0,0,-2024,0,0
16138640611,0,0,0,0,0,0,6871,0,0,16138717611,0,0,0,0,0,0,-1964,0,0
16139760611,0,0,0,0,0,0,6909,0,0,16139837611,0,0,0,0,0,0,-1976,0,0
16140880611,0,0,0,0,0,0,235,0,0,16140957611,0,0,0,0,0,0,621,0,0
16142000611,0,0,0,0,0,0,251,0,0,16142077611,0,0,0,0,0,0,643,0,0
16143120611,0,0,0,0,0,0,268,0,0,16143197611,0,0,0,0,0,0,582,0,0
16144240611,0,0,0,0,0,0,252,0,0,16144317611,0,0,0,0,0,0,569,0,0
16145360611,0,0,0,0,0,0,214,0,0,16145437611,0,0,0,0,0,0,599,0,0
16146480611,0,0,0,0,0,0,236,0,0,16146557611,0,0,0,0,0,0,607,0,0
16147600611,0,0,0,0,0,0,219,0,0,16147677611,0,0,0,0,0,0,633,0,0
16148720611,0,0,0,0,0,0,221,0,0,16148797611,0,0,0,0,0,0,597,0,0
16149840611,0,0,0,0,0,0,6859,0,0,16149917611,0,0,0,0,0,0,-1974,0,0
16150960611,0,0,0,0,0,0,6882,0,0,16151037611,0,0,0,0,0,0,-1973,0,0
16152080611,0,0,0,0,0,0,6869,0,0,16152157611,0,0,0,0,0,0,-2075,0,0
16153200611,0,0,0,0,0,0,6888,0,0,16153277611,0,0,0,0,0,0,-1932,0,0
16154320611,0,0,0,0,0,0,6838,0,0,16154397611,0,0,0,0,0,0,-1975,0,0
16155440611,0,0,0,0,0,0,6854,0,0,16155517611,0,0,0,0,0,0,-2020,0,0
16156560611,0,0,0,0,0,0,6873,0,0,16156637611,0,0,0,0,0,0,-1993,0,0
16157680611,0,0,0,0,0,0,6850,0,0,16157757611,0,0,0,0,0,0,-1975,0,0
16158800611,0,0,0,0,0,0,188,0,0,16158877611,0,0,0,0,0,0,582,0,0
16159920611,0,0,0,0,0,0,274,0,0,16159997611,0,0,0,0,0,0,635,0,0
16161040611,0,0,0,0,0,0,230,0,0,16161117611,0,0,0,0,0,0,651,0,0
16162160611,0,0,0,0,0,0,234,0,0,16162237611,0,0,0,0,0,0,603,0,0
16163280611,0,0,0,0,0,0,216,0,0,16163357611,0,0,0,0,0,0,587,0,0
16164400611,0,0,0,0,0,0,261,0,0,16164477611,0,0,0,0,0,0,573,0,0
16165520611,0,0,0,0,0,0,217,0,0,16165597611,0,0,0,0,0,0,615,0,0
16166640611,0,0,0,0,0,0,233,0,0,16166717611,0,0,0,0,0,0,603,0,0
16167760611,0,0,0,0,0,0,6864,0,0,16167837611,0,0,0,0,0,0,-2010,0,0
16168880611,0,0,0,0,0,0,6850,0,0,16168957611,0,0,0,0,0,0,-1955,0,0
16170000611,0,0,0,0,0,0,6901,0,0,16170077611,0,0,0,0,0,0,-1984,0,0
16171120611,0,0,0,0,0,0,6864,0,0,16171197611,0,0,0,0,0,0,-2003,0,0
16172240611,0,0,0,0,0,0,6912,0,0,16172317611,0,0,0,0,0,0,-2014,0,0
16173360611,0,0,0,0,0,0,6891,0,0,16173437611,0,0,0,0,0,0,-2013,0,0
16174480611,0,0,0,0,0,0,6885,0,0,16174557611,0,0,0,0,0,0,-2008,0,0
16175600611,0,0,0,0,0,0,6893,0,0,16175677611,0,0,0,0,0,0,-1961,0,0
16176720611,0,0,0,0,0,0,255,0,0,16176797611,0,0,0,0,0,0,595,0,0
16177840611,0,0,0,0,0,0,267,0,0,16177917611,0,0,0,0,0,0,586,0,0
16178960611,0,0,0,0,0,0,260,0,0,16179037611,0,0,0,0,0,0,593,0,0
16180080611,0,0,0,0,0,0,255,0,0,16180157611,0,0,0,0,0,0,600,0,0
16181200611,0,0,0,0,0,0,246,0,0,16181277611,0,0,0,0,0,0,586,0,0
16182320611,0,0,0,0,0,0,220,0,0,16182397611,0,0,0,0,0,0,636,0,0
16183440611,0,0,0,0,0,0,254,0,0,16183517611,0,0,0,0,0,0,595,0,0
16184560611,0,0,0,0,0,0,245,0,0,16184637611,0,0,0,0,0,0,619,0,0
16185680611,0,0,0,0,0,0,6905,0,0,16185757611,0,0,0,0,0,0,-1983,0,0
16186800611,0,0,0,0,0,0,6889,0,0,16186877611,0,0,0,0,0,0,-2011,0,0
16187920611,0,0,0,0,0,0,6870,0,0,16187997611,0,0,0,0,0,0,-1938,0,0
16189040611,0,0,0,0,0,0,6874,0,0,16189117611,0,0,0,0,0,0,-1959,0,0
16190160611,0,0,0,0,0,0,6884,0,0,16190237611,0,0,0,0,0,0,-1945,0,0
16191280611,0,0,0,0,0,0,6888,0,0,16191357611,0,0,0,0,0,0,-1991,0,0
16192400611,0,0,0,0,0,0,6836,0,0,16192477611,0,0,0,0,0,0,-1986,0,0
16193520611,0,0,0,0,0,0,6868,0,0,16193597611,0,0,0,0,0,0,-1975,0,0
16194640611,0,0,0,0,0,0,280,0,0,16194717611,0,0,0,0,0,0,609,0,0
16195760611,0,0,0,0,0,0,245,0,0,16195837611,0,0,0,0,0,0,636,0,0
16196880611,0,0,0,0,0,0,269,0,0,16196957611,0,0,0,0,0,0,611,0,0
16198000611,0,0,0,0,0,0,210,0,0,16198077611,0,0,0,0,0,0,617,0,0
16199120611,0,0,0,0,0,0,263,0,0,16199197611,0,0,0,0,0,0,583,0,0
16200240611,0,0,0,0,0,0,216,0,0,16200317611,0,0,0,0,0,0,594,0,0
16201360611,0,0,0,0,0,0,222,0,0,16201437611,0,0,0,0,0,0,602,0,0
16202480611,0,0,0,0,0,0,224,0,0,16202557611,0,0,0,0,0,0,650,0,0
16203600611,0,0,0,0,0,0,6915,0,0,16203677611,0,0,0,0,0,0,-2013,0,0
16204720611,0,0,0,0,0,0,6898,0,0,16204797611,0,0,0,0,0,0,-1985,0,0
16205840611,0,0,0,0,0,0,6896,0,0,16205917611,0,0,0,0,0,0,-1986,0,0
16206960611,0,0,0,0,0,0,6900,0,0,16207037611,0,0,0,0,0,0,-1945,0,0
16208080611,0,0,0,0,0,0,6896,0,0,16208157611,0,0,0,0,0,0,-1983,0,0
16209200611,0,0,0,0,0,0,6867,0,0,16209277611,0,0,0,0,0,0,-1987,0,0
16210320611,0,0,0,0,0,0,6864,0,0,16210397611,0,0,0,0,0,0,-2022,0,0
16211440611,0,0,0,0,0,0,6855,0,0,16211517611,0,0,0,0,0,0,-1968,0,0
16212560611,0,0,0,0,0,0,225,0,0,16212637611,0,0,0,0,0,0,629,0,0
16213680611,0,0,0,0,0,0,241,0,0,16213757611,0,0,0,0,0,0,552,0,0
16214800611,0,0,0,0,0,0,273,0,0,16214877611,0,0,0,0,0,0,608,0,0
16215920611,0,0,0,0,0,0,268,0,0,16215997611,0,0,0,0,0,0,610,0,0
16217040611,0,0,0,0,0,0,256,0,0,16217117611,0,0,0,0,0,0,615,0,0
16218160611,0,0,0,0,0,0,284,0,0,16218237611,0,0,0,0,0,0,644,0,0
16219280611,0,0,0,0,0,0,245,0,0,16219357611,0,0,0,0,0,0,628,0,0
16220400611,0,0,0,0,0,0,209,0,0,16220477611,0,0,0,0,0,0,607,0,0
16221520611,0,0,0,0,0,0,6913,0,0,16221597611,0,0,0,0,0,0,-2009,0,0
16222640611,0,0,0,0,0,0,6889,0,0,16222717611,0,0,0,0,0,0,-1960,0,0
16223760611,0,0,0,0,0,0,6859,0,0,16223837611,0,0,0,0,0,0,-1967,0,0
16224880611,0,0,0,0,0,0,6848,0,0,16224957611,0,0,0,0,0,0,-1966,0,0
16226000611,0,0,0,0,0,0,6893,0,0,16226077611,0,0,0,0,0,0,-1947,0,0
16227120611,0,0,0,0,0,0,6870,0,0,16227197611,0,0,0,0,0,0,-1964,0,0
16228240611,0,0,0,0,0,0,6870,0,0,16228317611,0,0,0,0,0,0,-2019,0,0
16229360611,0,0,0,0,0,0,6867,0,0,16229437611,0,0,0,0,0,0,-1974,0,0
16230480611,0,0,0,0,0,0,269,0,0,16230557611,0,0,0,0,0,0,595,0,0
16231600611,0,0,0,0,0,0,226,0,0,16231677611,0,0,0,0,0,0,632,0,0
16232720611,0,0,0,0,0,0,244,0,0,16232797611,0,0,0,0,0,0,583,0,0
16233840611,0,0,0,0,0,0,229,0,0,16233917611,0,0,0,0,0,0,587,0,0
16234960611,0,0,0,0,0,0,221,0,0,16235037611,0,0,0,0,0,0,563,0,0
16236080611,0,0,0,0,0,0,259,0,0,16236157611,0,0,0,0,0,0,639,0,0
16237200611,0,0,0,0,0,0,215,0,0,16237277611,0,0,0,0,0,0,591,0,0
16238320611,0,0,0,0,0,0,291,0,0,16238397611,0,0,0,0,0,0,619,0,0
16239440611,0,0,0,0,0,0,6904,0,0,16239517611,0,0,0,0,0,0,-2028,0,0
16240560611,0,0,0,0,0,0,6869,0,0,16240637611,0,0,0,0,0,0,-1959,0,0
16241680611,0,0,0,0,0,0,6903,0,0,16241757611,0,0,0,0,0,0,-1946,0,0
16242800611,0,0,0,0,0,0,6893,0,0,16242877611,0,0,0,0,0,0,-1948,0,0
16243920611,0,0,0,0,0,0,6917,0,0,16243997611,0,0,0,0,0,0,-1968,0,0
16245040611,0,0,0,0,0,0,6861,0,0,16245117611,0,0,0,0,0,0,-1949,0,0
16246160611,0,0,0,0,0,0,6888,0,0,16246237611,0,0,0,0,0,0,-1986,0,0
16247280611,0,0,0,0,0,0,6866,0,0,16247357611,0,0,0,0,0,0,-1961,0,0
16248400611,0,0,0,0,0,0,253,0,0,16248477611,0,0,0,0,0,0,611,0,0
16249520611,0,0,0,0,0,0,266,0,0,16249597611,0,0,0,0,0,0,611,0,0
16250640611,0,0,0,0,0,0,286,0,0,16250717611,0,0,0,0,0,0,574,0,0
16251760611,0,0,0,0,0,0,228,0,0,16251837611,0,0,0,0,0,0,606,0,0
16252880611,0,0,0,0,0,0,250,0,0,16252957611,0,0,0,0,0,0,612,0,0
16254000611,0,0,0,0,0,0,242,0,0,16254077611,0,0,0,0,0,0,577,0,0
16255120611,0,0,0,0,0,0,225,0,0,16255197611,0,0,0,0,0,0,617,0,0
16256240611,0,0,0,0,0,0,271,0,0,16256317611,0,0,0,0,0,0,604,0,0
16257360611,0,0,0,0,0,0,6833,0,0,16257437611,0,0,0,0,0,0,-1972,0,0
16258480611,0,0,0,0,0,0,6842,0,0,16258557611,0,0,0,0,0,0,-2011,0,0
16259600611,0,0,0,0,0,0,6915,0,0,16259677611,0,0,0,0,0,0,-1973,0,0
16260720611,0,0,0,0,0,0,6876,0,0,16260797611,0,0,0,0,0,0,-1997,0,0
16261840611,0,0,0,0,0,0,6888,0,0,16261917611,0,0,0,0,0,0,-2006,0,0
16262960611,0,0,0,0,0,0,6860,0,0,16263037611,0,0,0,0,0,0,-1911,0,0
16264080611,0,0,0,0,0,0,6896,0,0,16264157611,0,0,0,0,0,0,-1992,0,0
16265200611,0,0,0,0,0,0,6897,0,0,16265277611,0,0,0,0,0,0,-1981,0,0
16266320611,0,0,0,0,0,0,225,0,0,16266397611,0,0,0,0,0,0,625,0,0
16267440611,0,0,0,0,0,0,260,0,0,16267517611,0,0,0,0,0,0,583,0,0
16268560611,0,0,0,0,0,0,235,0,0,16268637611,0,0,0,0,0,0,622,0,0
16269680611,0,0,0,0,0,0,263,0,0,16269757611,0,0,0,0,0,0,621,0,0
16270800611,0,0,0,0,0,0,221,0,0,16270877611,0,0,0,0,0,0,621,0,0
16271920611,0,0,0,0,0,0,274,0,0,16271997611,0,0,0,0,0,0,631,0,0
16273040611,0,0,0,0,0,0,244,0,0,16273117611,0,0,0,0,0,0,624,0,0
16274160611,0,0,0,0,0,0,238,0,0,16274237611,0,0,0,0,0,0,574,0,0
16275280611,0,0,0,0,0,0,6858,0,0,16275357611,0,0,0,0,0,0,-1974,0,0
16276400611,0,0,0,0,0,0,6852,0,0,16276477611,0,0,0,0,0,0,-1968,0,0
16277520611,0,0,0,0,0,0,6900,0,0,16277597611,0,0,0,0,0,0,-2020,0,0
16278640611,0,0,0,0,0,0,6901,0,0,16278717611,0,0,0,0,0,0,-1961,0,0
16279760611,0,0,0,0,0,0,6885,0,0,16279837611,0,0,0,0,0,0,-1950,0,0
16280880611,0,0,0,0,0,0,6810,0,0,16280957611,0,0,0,0,0,0,-1967,0,0
16282000611,0,0,0,0,0,0,6869,0,0,16282077611,0,0,0,0,0,0,-1995,0,0
16283120611,0,0,0,0,0,0,6859,0,0,16283197611,0,0,0,0,0,0,-1961,0,0
16284240611,0,0,0,0,0,0,227,0,0,16284317611,0,0,0,0,0,0,624,0,0
16285360611,0,0,0,0,0,0,268,0,0,16285437611,0,0,0,0,0,0,613,0,0
16286480611,0,0,0,0,0,0,191,0,0,16286557611,0,0,0,0,0,0,633,0,0
16287600611,0,0,0,0,0,0,211,0,0,16287677611,0,0,0,0,0,0,601,0,0
16288720611,0,0,0,0,0,0,237,0,0,16288797611,0,0,0,0,0,0,633,0,0
16289840611,0,0,0,0,0,0,253,0,0,16289917611,0,0,0,0,0,0,589,0,0
16290960611,0,0,0,0,0,0,262,0,0,16291037611,0,0,0,0,0,0,598,0,0
16292080611,0,0,0,0,0,0,240,0,0,16292157611,0,0,0,0,0,0,599,0,0
16293200611,0,0,0,0,0,0,6842,0,0,16293277611,0,0,0,0,0,0,-1977,0,0
16294320611,0,0,0,0,0,0,6837,0,0,16294397611,0,0,0,0,0,0,-1968,0,0
16295440611,0,0,0,0,0,0,6930,0,0,16295517611,0,0,0,0,0,0,-1969,0,0
16296560611,0,0,0,0,0,0,6869,0,0,16296637611,0,0,0,0,0,0,-1987,0,0
16297680611,0,0,0,0,0,0,6884,0,0,16297757611,0,0,0,0,0,0,-2016,0,0
16298800611,0,0,0,0,0,0,6892,0,0,16298877611,0,0,0,0,0,0,-1994,0,0
16299920611,0,0,0,0,0,0,6875,0,0,16299997611,0,0,0,0,0,0,-2026,0,0
16301040611,0,0,0,0,0,0,6842,0,0,16301117611,0,0,0,0,0,0,-1969,0,0
16302160611,0,0,0,0,0,0,287,0,0,16302237611,0,0,0,0,0,0,606,0,0
16303280611,0,0,0,0,0,0,207,0,0,16303357611,0,0,0,0,0,0,595,0,0
16304400611,0,0,0,0,0,0,250,0,0,16304477611,0,0,0,0,0,0,598,0,0
16305520611,0,0,0,0,0,0,200,0,0,16305597611,0,0,0,0,0,0,584,0,0
16306640611,0,0,0,0,0,0,240,0,0,16306717611,0,0,0,0,0,0,614,0,0
16307760611,0,0,0,0,0,0,215,0,0,16307837611,0,0,0,0,0,0,599,0,0
16308880611,0,0,0,0,0,0,260,0,0,16308957611,0,0,0,0,0,0,580,0,0
16310000611,0,0,0,0,0,0,248,0,0,16310077611,0,0,0,0,0,0,594,0,0
16311120611,0,0,0,0,0,0,6751,0,0,16311197611,0,0,0,0,0,0,-1969,0,0
16312240611,0,0,0,0,0,0,6883,0,0,16312317611,0,0,0,0,0,0,-1979,0,0
16313360611,0,0,0,0,0,0,6902,0,0,16313437611,0,0,0,0,0,0,-1988,0,0
16314480611,0,0,0,0,0,0,6930,0,0,16314557611,0,0,0,0,0,0,-1973,0,0
16315600611,0,0,0,0,0,0,6857,0,0,16315677611,0,0,0,0,0,0,-1979,0,0
16316720611,0,0,0,0,0,0,6847,0,0,16316797611,0,0,0,0,0,0,-1951,0,0
16317840611,0,0,0,0,0,0,6869,0,0,16317917611,0,0,0,0,0,0,-1971,0,0
16318960611,0,0,0,0,0,0,6894,0,0,16319037611,0,0,0,0,0,0,-1978,0,0
16320080611,0,0,0,0,0,0,252,0,0,16320157611,0,0,0,0,0,0,595,0,0
16321200611,0,0,0,0,0,0,254,0,0,16321277611,0,0,0,0,0,0,595,0,0
16322320611,0,0,0,0,0,0,242,0,0,16322397611,0,0,0,0,0,0,635,0,0
16323440611,0,0,0,0,0,0,260,0,0,16323517611,0,0,0,0,0,0,626,0,0
16324560611,0,0,0,0,0,0,242,0,0,16324637611,0,0,0,0,0,0,598,0,0
16325680611,0,0,0,0,0,0,220,0,0,16325757611,0,0,0,0,0,0,617,0,0
16326800611,0,0,0,0,0,0,252,0,0,16326877611,0,0,0,0,0,0,563,0,0
16327920611,0,0,0,0,0,0,230,0,0,16327997611,0,0,0,0,0,0,619,0,0
16329040611,0,0,0,0,0,0,6635,0,0,16329117611,0,0,0,0,0,0,-1962,0,0
16330160611,0,0,0,0,0,0,6886,0,0,16330237611,0,0,0,0,0,0,-1989,0,0
16331280611,0,0,0,0,0,0,6871,0,0,16331357611,0,0,0,0,0,0,-1967,0,0
16332400611,0,0,0,0,0,0,6861,0,0,16332477611,0,0,0,0,0,0,-1964,0,0
16333520611,0,0,0,0,0,0,6882,0,0,16333597611,0,0,0,0,0,0,-2030,0,0
16334640611,0,0,0,0,0,0,6909,0,0,16334717611,0,0,0,0,0,0,-1975,0,0
16335760611,0,0,0,0,0,0,6891,0,0,16335837611,0,0,0,0,0,0,-1968,0,0
16336880611,0,0,0,0,0,0,6854,0,0,16336957611,0,0,0,0,0,0,-2007,0,0
16338000611,0,0,0,0,0,0,291,0,0,16338077611,0,0,0,0,0,0,610,0,0
16339120611,0,0,0,0,0,0,248,0,0,16339197611,0,0,0,0,0,0,628,0,0
16340240611,0,0,0,0,0,0,319,0,0,16340317611,0,0,0,0,0,0,598,0,0
16341360611,0,0,0,0,0,0,235,0,0,16341437611,0,0,0,0,0,0,584,0,0
16342480611,0,0,0,0,0,0,229,0,0,16342557611,0,0,0,0,0,0,594,0,0
16343600611,0,0,0,0,0,0,277,0,0,16343677611,0,0,0,0,0,0,635,0,0
16344720611,0,0,0,0,0,0,226,0,0,16344797611,0,0,0,0,0,0,619,0,0
16345840611,0,0,0,0,0,0,216,0,0,16345917611,0,0,0,0,0,0,622,0,0
16346960611,0,0,0,0,0,0,6378,0,0,16347037611,0,0,0,0,0,0,-1914,0,0
16348080611,0,0,0,0,0,0,6899,0,0,16348157611,0,0,0,0,0,0,-1943,0,0
16349200611,0,0,0,0,0,0,6908,0,0,16349277611,0,0,0,0,0,0,-1945,0,0
16350320611,0,0,0,0,0,0,6914,0,0,16350397611,0,0,0,0,0,0,-1994,0,0
16351440611,0,0,0,0,0,0,6846,0,0,16351517611,0,0,0,0,0,0,-1968,0,0
16352560611,0,0,0,0,0,0,6865,0,0,16352637611,0,0,0,0,0,0,-1987,0,0
16353680611,0,0,0,0,0,0,6861,0,0,16353757611,0,0,0,0,0,0,-1998,0,0
16354800611,0,0,0,0,0,0,6854,0,0,16354877611,0,0,0,0,0,0,-1999,0,0
16355920611,0,0,0,0,0,0,333,0,0,16355997611,0,0,0,0,0,0,591,0,0
16357040611,0,0,0,0,0,0,233,0,0,16357117611,0,0,0,0,0,0,610,0,0
16358160611,0,0,0,0,0,0,227,0,0,16358237611,0,0,0,0,0,0,647,0,0
16359280611,0,0,0,0,0,0,208,0,0,16359357611,0,0,0,0,0,0,608,0,0
16360400611,0,0,0,0,0,0,250,0,0,16360477611,0,0,0,0,0,0,588,0,0
16361520611,0,0,0,0,0,0,268,0,0,16361597611,0,0,0,0,0,0,630,0,0
16362640611,0,0,0,0,0,0,264,0,0,16362717611,0,0,0,0,0,0,607,0,0
16363760611,0,0,0,0,0,0,253,0,0,16363837611,0,0,0,0,0,0,627,0,0
16364880611,0,0,0,0,0,0,5922,0,0,16364957611,0,0,0,0,0,0,-1932,0,0
16366000611,0,0,0,0,0,0,6895,0,0,16366077611,0,0,0,0,0,0,-1981,0,0
16367120611,0,0,0,0,0,0,6922,0,0,16367197611,0,0,0,0,0,0,-1991,0,0
16368240611,0,0,0,0,0,0,6903,0,0,16368317611,0,0,0,0,0,0,-1953,0,0
16369360611,0,0,0,0,0,0,6829,0,0,16369437611,0,0,0,0,0,0,-1954,0,0
16370480611,0,0,0,0,0,0,6872,0,0,16370557611,0,0,0,0,0,0,-1969,0,0
16371600611,0,0,0,0,0,0,6889,0,0,16371677611,0,0,0,0,0,0,-1961,0,0
16372720611,0,0,0,0,0,0,6861,0,0,16372797611,0,0,0,0,0,0,-1999,0,0
16373840611,0,0,0,0,0,0,598,0,0,16373917611,0,0,0,0,0,0,591,0,0
16374960611,0,0,0,0,0,0,233,0,0,16375037611,0,0,0,0,0,0,632,0,0
16376080611,0,0,0,0,0,0,224,0,0,16376157611,0,0,0,0,0,0,641,0,0
16377200611,0,0,0,0,0,0,208,0,0,16377277611,0,0,0,0,0,0,586,0,0
16378320611,0,0,0,0,0,0,263,0,0,16378397611,0,0,0,0,0,0,631,0,0
16379440611,0,0,0,0,0,0,237,0,0,16379517611,0,0,0,0,0,0,620,0,0
16380560611,0,0,0,0,0,0,211,0,0,16380637611,0,0,0,0,0,0,640,0,0
16381680611,0,0,0,0,0,0,233,0,0,16381757611,0,0,0,0,0,0,599,0,0
16382800611,0,0,0,0,0,0,4848,0,0,16382877611,0,0,0,0,0,0,-1881,0,0
16383920611,0,0,0,0,0,0,6888,0,0,16383997611,0,0,0,0,0,0,-1974,0,0
16385040611,0,0,0,0,0,0,6921,0,0,16385117611,0,0,0,0,0,0,-1988,0,0
16386160611,0,0,0,0,0,0,6890,0,0,16386237611,0,0,0,0,0,0,-1977,0,0
16387280611,0,0,0,0,0,0,6875,0,0,16387357611,0,0,0,0,0,0,-1956,0,0
16388400611,0,0,0,0,0,0,6895,0,0,16388477611,0,0,0,0,0,0,-1938,0,0
16389520611,0,0,0,0,0,0,6860,0,0,16389597611,0,0,0,0,0,0,-2004,0,0
16390640611,0,0,0,0,0,0,6889,0,0,16390717611,0,0,0,0,0,0,-1993,0,0
16391760611,0,0,0,0,0,0,2448,0,0,16391837611,0,0,0,0,0,0,596,0,0
16392880611,0,0,0,0,0,0,249,0,0,16392957611,0,0,0,0,0,0,625,0,0
16394000611,0,0,0,0,0,0,228,0,0,16394077611,0,0,0,0,0,0,674,0,0
16395120611,0,0,0,0,0,0,250,0,0,16395197611,0,0,0,0,0,0,640,0,0
16396240611,0,0,0,0,0,0,230,0,0,16396317611,0,0,0,0,0,0,636,0,0
16397360611,0,0,0,0,0,0,221,0,0,16397437611,0,0,0,0,0,0,617,0,0
16398480611,0,0,0,0,0,0,235,0,0,16398557611,0,0,0,0,0,0,639,0,0
16399600611,0,0,0,0,0,0,255,0,0,16399677611,0,0,0,0,0,0,613,0,0
16400720611,0,0,0,0,0,0,2467,0,0,16400797611,0,0,0,0,0,0,-1733,0,0
16401840611,0,0,0,0,0,0,6888,0,0,16401917611,0,0,0,0,0,0,-2006,0,0
16402960611,0,0,0,0,0,0,6881,0,0,16403037611,0,0,0,0,0,0,-1979,0,0
16404080611,0,0,0,0,0,0,6903,0,0,16404157611,0,0,0,0,0,0,-1946,0,0
16405200611,0,0,0,0,0,0,6873,0,0,16405277611,0,0,0,0,0,0,-1988,0,0
16406320611,0,0,0,0,0,0,6868,0,0,16406397611,0,0,0,0,0,0,-1982,0,0
16407440611,0,0,0,0,0,0,6896,0,0,16407517611,0,0,0,0,0,0,-1958,0,0
16408560611,0,0,0,0,0,0,6891,0,0,16408637611,0,0,0,0,0,0,-1981,0,0
16409680611,0,0,0,0,0,0,6731,0,0,16409757611,0,0,0,0,0,0,513,0,0
16410800611,0,0,0,0,0,0,198,0,0,16410877611,0,0,0,0,0,0,609,0,0
16411920611,0,0,0,0,0,0,258,0,0,16411997611,0,0,0,0,0,0,612,0,0
16413040611,0,0,0,0,0,0,223,0,0,16413117611,0,0,0,0,0,0,639,0,0
16414160611,0,0,0,0,0,0,284,0,0,16414237611,0,0,0,0,0,0,671,0,0
16415280611,0,0,0,0,0,0,231,0,0,16415357611,0,0,0,0,0,0,589,0,0
16416400611,0,0,0,0,0,0,260,0,0,16416477611,0,0,0,0,0,0,618,0,0
16417520611,0,0,0,0,0,0,219,0,0,16417597611,0,0,0,0,0,0,629,0,0
16418640611,0,0,0,0,0,0,257,0,0,16418717611,0,0,0,0,0,0,615,0,0
16419760611,0,0,0,0,0,0,248,0,0,16419837611,0,0,0,0,0,0,558,0,0
16420880611,0,0,0,0,0,0,251,0,0,16420957611,0,0,0,0,0,0,628,0,0
16422000611,0,0,0,0,0,0,281,0,0,16422077611,0,0,0,0,0,0,621,0,0
16423120611,0,0,0,0,0,0,245,0,0,16423197611,0,0,0,0,0,0,615,0,0
16424240611,0,0,0,0,0,0,250,0,0,16424317611,0,0,0,0,0,0,607,0,0
16425360611,0,0,0,0,0,0,198,0,0,16425437611,0,0,0,0,0,0,640,0,0
16426480611,0,0,0,0,0,0,248,0,0,16426557611,0,0,0,0,0,0,612,0,0
16427600611,0,0,0,0,0,0,252,0,0,16427677611,0,0,0,0,0,0,622,0,0
16428720611,0,0,0,0,0,0,270,0,0,16428797611,0,0,0,0,0,0,590,0,0
16429840611,0,0,0,0,0,0,260,0,0,16429917611,0,0,0,0,0,0,661,0,0
16430960611,0,0,0,0,0,0,205,0,0,16431037611,0,0,0,0,0,0,576,0,0
16432080611,0,0,0,0,0,0,221,0,0,16432157611,0,0,0,0,0,0,626,0,0
16433200611,0,0,0,0,0,0,255,0,0,16433277611,0,0,0,0,0,0,616,0,0
16434320611,0,0,0,0,0,0,228,0,0,16434397611,0,0,0,0,0,0,594,0,0
16435440611,0,0,0,0,0,0,282,0,0,16435517611,0,0,0,0,0,0,628,0,0
16436560611,0,0,0,0,0,0,250,0,0,16436637611,0,0,0,0,0,0,593,0,0
16437680611,0,0,0,0,0,0,215,0,0,16437757611,0,0,0,0,0,0,567,0,0
16438800611,0,0,0,0,0,0,250,0,0,16438877611,0,0,0,0,0,0,597,0,0
16439920611,0,0,0,0,0,0,254,0,0,16439997611,0,0,0,0,0,0,625,0,0
16441040611,0,0,0,0,0,0,243,0,0,16441117611,0,0,0,0,0,0,604,0,0
16442160611,0,0,0,0,0,0,256,0,0,16442237611,0,0,0,0,0,0,611,0,0
16443280611,0,0,0,0,0,0,285,0,0,16443357611,0,0,0,0,0,0,588,0,0
16444400611,0,0,0,0,0,0,188,0,0,16444477611,0,0,0,0,0,0,614,0,0
16445520611,0,0,0,0,0,0,241,0,0,16445597611,0,0,0,0,0,0,617,0,0
16446640611,0,0,0,0,0,0,248,0,0,16446717611,0,0,0,0,0,0,629,0,0
16447760611,0,0,0,0,0,0,241,0,0,16447837611,0,0,0,0,0,0,585,0,0
16448880611,0,0,0,0,0,0,257,0,0,16448957611,0,0,0,0,0,0,596,0,0
16450000611,0,0,0,0,0,0,273,0,0,16450077611,0,0,0,0,0,0,567,0,0
16451120611,0,0,0,0,0,0,260,0,0,16451197611,0,0,0,0,0,0,604,0,0
16452240611,0,0,0,0,0,0,248,0,0,16452317611,0,0,0,0,0,0,621,0,0
16453360611,0,0,0,0,0,0,264,0,0,16453437611,0,0,0,0,0,0,619,0,0
16454480611,0,0,0,0,0,0,208,0,0,16454557611,0,0,0,0,0,0,600,0,0
16455600611,0,0,0,0,0,0,227,0,0,16455677611,0,0,0,0,0,0,626,0,0
16456720611,0,0,0,0,0,0,283,0,0,16456797611,0,0,0,0,0,0,559,0,0
16457840611,0,0,0,0,0,0,255,0,0,16457917611,0,0,0,0,0,0,620,0,0
16458960611,0,0,0,0,0,0,239,0,0,16459037611,0,0,0,0,0,0,593,0,0
16460080611,0,0,0,0,0,0,261,0,0,16460157611,0,0,0,0,0,0,634,0,0
16461200611,0,0,0,0,0,0,277,0,0,16461277611,0,0,0,0,0,0,674,0,0
16462320611,0,0,0,0,0,0,220,0,0,16462397611,0,0,0,0,0,0,617,0,0
16463440611,0,0,0,0,0,0,212,0,0,16463517611,0,0,0,0,0,0,616,0,0
16464560611,0,0,0,0,0,0,206,0,0,16464637611,0,0,0,0,0,0,635,0,0
16465680611,0,0,0,0,0,0,213,0,0,16465757611,0,0,0,0,0,0,588,0,0
16466800611,0,0,0,0,0,0,218,0,0,16466877611,0,0,0,0,0,0,618,0,0
16467920611,0,0,0,0,0,0,273,0,0,16467997611,0,0,0,0,0,0,590,0,0
16469040611,0,0,0,0,0,0,220,0,0,16469117611,0,0,0,0,0,0,619,0,0
16470160611,0,0,0,0,0,0,245,0,0,16470237611,0,0,0,0,0,0,617,0,0
16471280611,0,0,0,0,0,0,222,0,0,16471357611,0,0,0,0,0,0,598,0,0
16472400611,0,0,0,0,0,0,260,0,0,16472477611,0,0,0,0,0,0,566,0,0
16473520611,0,0,0,0,0,0,256,0,0,16473597611,0,0,0,0,0,0,593,0,0
16474640611,0,0,0,0,0,0,267,0,0,16474717611,0,0,0,0,0,0,633,0,0
16475760611,0,0,0,0,0,0,295,0,0,16475837611,0,0,0,0,0,0,604,0,0
16476880611,0,0,0,0,0,0,244,0,0,16476957611,0,0,0,0,0,0,590,0,0
16478000611,0,0,0,0,0,0,233,0,0,16478077611,0,0,0,0,0,0,614,0,0
16479120611,0,0,0,0,0,0,246,0,0,16479197611,0,0,0,0,0,0,643,0,0
16480240611,0,0,0,0,0,0,239,0,0,16480317611,0,0,0,0,0,0,627,0,0
16481360611,0,0,0,0,0,0,244,0,0,16481437611,0,0,0,0,0,0,624,0,0
16482480611,0,0,0,0,0,0,228,0,0,16482557611,0,0,0,0,0,0,595,0,0
16483600611,0,0,0,0,0,0,226,0,0,16483677611,0,0,0,0,0,0,588,0,0
16484720611,0,0,0,0,0,0,193,0,0,16484797611,0,0,0,0,0,0,631,0,0
16485840611,0,0,0,0,0,0,243,0,0,16485917611,0,0,0,0,0,0,648,0,0
16486960611,0,0,0,0,0,0,262,0,0,16487037611,0,0,0,0,0,0,598,0,0
16488080611,0,0,0,0,0,0,281,0,0,16488157611,0,0,0,0,0,0,548,0,0
16489200611,0,0,0,0,0,0,284,0,0,16489277611,0,0,0,0,0,0,588,0,0
16490320611,0,0,0,0,0,0,237,0,0,16490397611,0,0,0,0,0,0,616,0,0
16491440611,0,0,0,0,0,0,220,0,0,16491517611,0,0,0,0,0,0,587,0,0
16492560611,0,0,0,0,0,0,237,0,0,16492637611,0,0,0,0,0,0,590,0,0
16493680611,0,0,0,0,0,0,197,0,0,16493757611,0,0,0,0,0,0,567,0,0
16494800611,0,0,0,0,0,0,225,0,0,16494877611,0,0,0,0,0,0,624,0,0
16495920611,0,0,0,0,0,0,255,0,0,16495997611,0,0,0,0,0,0,574,0,0
16497040611,0,0,0,0,0,0,203,0,0,16497117611,0,0,0,0,0,0,610,0,0
16498160611,0,0,0,0,0,0,245,0,0,16498237611,0,0,0,0,0,0,616,0,0
16499280611,0,0,0,0,0,0,272,0,0,16499357611,0,0,0,0,0,0,615,0,0
16500400611,0,0,0,0,0,0,220,0,0,16500477611,0,0,0,0,0,0,556,0,0
16501520611,0,0,0,0,0,0,244,0,0,16501597611,0,0,0,0,0,0,585,0,0
16502640611,0,0,0,0,0,0,243,0,0,16502717611,0,0,0,0,0,0,595,0,0
16503760611,0,0,0,0,0,0,227,0,0,16503837611,0,0,0,0,0,0,615,0,0
16504880611,0,0,0,0,0,0,245,0,0,16504957611,0,0,0,0,0,0,590,0,0
16506000611,0,0,0,0,0,0,194,0,0,16506077611,0,0,0,0,0,0,583,0,0
16507120611,0,0,0,0,0,0,223,0,0,16507197611,0,0,0,0,0,0,568,0,0
16508240611,0,0,0,0,0,0,209,0,0,16508317611,0,0,0,0,0,0,589,0,0
16509360611,0,0,0,0,0,0,223,0,0,16509437611,0,0,0,0,0,0,608,0,0
16510480611,0,0,0,0,0,0,235,0,0,16510557611,0,0,0,0,0,0,617,0,0
16511600611,0,0,0,0,0,0,248,0,0,16511677611,0,0,0,0,0,0,601,0,0
16512720611,0,0,0,0,0,0,289,0,0,16512797611,0,0,0,0,0,0,649,0,0
16513840611,0,0,0,0,0,0,229,0,0,16513917611,0,0,0,0,0,0,621,0,0
16514960611,0,0,0,0,0,0,265,0,0,16515037611,0,0,0,0,0,0,652,0,0
16516080611,0,0,0,0,0,0,202,0,0,16516157611,0,0,0,0,0,0,573,0,0
16517200611,0,0,0,0,0,0,266,0,0,16517277611,0,0,0,0,0,0,567,0,0
16518320611,0,0,0,0,0,0,238,0,0,16518397611,0,0,0,0,0,0,596,0,0
16519440611,0,0,0,0,0,0,279,0,0,16519517611,0,0,0,0,0,0,621,0,0
16520560611,0,0,0,0,0,0,256,0,0,16520637611,0,0,0,0,0,0,606,0,0
16521680611,0,0,0,0,0,0,239,0,0,16521757611,0,0,0,0,0,0,664,0,0
16522800611,0,0,0,0,0,0,230,0,0,16522877611,0,0,0,0,0,0,581,0,0
16523920611,0,0,0,0,0,0,222,0,0,16523997611,0,0,0,0,0,0,613,0,0
16525040611,0,0,0,0,0,0,277,0,0,16525117611,0,0,0,0,0,0,603,0,0
16526160611,0,0,0,0,0,0,252,0,0,16526237611,0,0,0,0,0,0,612,0,0
16527280611,0,0,0,0,0,0,234,0,0,16527357611,0,0,0,0,0,0,642,0,0
16528400611,0,0,0,0,0,0,239,0,0,16528477611,0,0,0,0,0,0,593,0,0
16529520611,0,0,0,0,0,0,278,0,0,16529597611,0,0,0,0,0,0,622,0,0
16530640611,0,0,0,0,0,0,235,0,0,16530717611,0,0,0,0,0,0,610,0,0
16531760611,0,0,0,0,0,0,210,0,0,16531837611,0,0,0,0,0,0,632,0,0
16532880611,0,0,0,0,0,0,4114,0,0,16532957611,0,0,0,0,0,0,-1859,0,0
16534000611,0,0,0,0,0,0,6914,0,0,16534077611,0,0,0,0,0,0,-1954,0,0
16535120611,0,0,0,0,0,0,6871,0,0,16535197611,0,0,0,0,0,0,-1956,0,0
16536240611,0,0,0,0,0,0,6879,0,0,16536317611,0,0,0,0,0,0,-2004,0,0
16537360611,0,0,0,0,0,0,6925,0,0,16537437611,0,0,0,0,0,0,-1967,0,0
16538480611,0,0,0,0,0,0,6874,0,0,16538557611,0,0,0,0,0,0,-2017,0,0
16539600611,0,0,0,0,0,0,6871,0,0,16539677611,0,0,0,0,0,0,-2007,0,0
16540720611,0,0,0,0,0,0,6937,0,0,16540797611,0,0,0,0,0,0,-1980,0,0
16541840611,0,0,0,0,0,0,2181,0,0,16541917611,0,0,0,0,0,0,602,0,0
16542960611,0,0,0,0,0,0,270,0,0,16543037611,0,0,0,0,0,0,618,0,0
16544080611,0,0,0,0,0,0,225,0,0,16544157611,0,0,0,0,0,0,630,0,0
16545200611,0,0,0,0,0,0,191,0,0,16545277611,0,0,0,0,0,0,639,0,0
16546320611,0,0,0,0,0,0,244,0,0,16546397611,0,0,0,0,0,0,586,0,0
16547440611,0,0,0,0,0,0,232,0,0,16547517611,0,0,0,0,0,0,601,0,0
16548560611,0,0,0,0,0,0,240,0,0,16548637611,0,0,0,0,0,0,629,0,0
16549680611,0,0,0,0,0,0,248,0,0,16549757611,0,0,0,0,0,0,606,0,0
16550800611,0,0,0,0,0,0,2767,0,0,16550877611,0,0,0,0,0,0,-1750,0,0
16551920611,0,0,0,0,0,0,6871,0,0,16551997611,0,0,0,0,0,0,-1970,0,0
16553040611,0,0,0,0,0,0,6884,0,0,16553117611,0,0,0,0,0,0,-1984,0,0
16554160611,0,0,0,0,0,0,6878,0,0,16554237611,0,0,0,0,0,0,-2005,0,0
16555280611,0,0,0,0,0,0,6919,0,0,16555357611,0,0,0,0,0,0,-1962,0,0
16556400611,0,0,0,0,0,0,6877,0,0,16556477611,0,0,0,0,0,0,-1959,0,0
16557520611,0,0,0,0,0,0,6917,0,0,16557597611,0,0,0,0,0,0,-1968,0,0
16558640611,0,0,0,0,0,0,6886,0,0,16558717611,0,0,0,0,0,0,-1970,0,0
16559760611,0,0,0,0,0,0,6212,0,0,16559837611,0,0,0,0,0,0,538,0,0
16560880611,0,0,0,0,0,0,229,0,0,16560957611,0,0,0,0,0,0,599,0,0
16562000611,0,0,0,0,0,0,197,0,0,16562077611,0,0,0,0,0,0,614,0,0
16563120611,0,0,0,0,0,0,227,0,0,16563197611,0,0,0,0,0,0,571,0,0
16564240611,0,0,0,0,0,0,243,0,0,16564317611,0,0,0,0,0,0,611,0,0
16565360611,0,0,0,0,0,0,221,0,0,16565437611,0,0,0,0,0,0,634,0,0
16566480611,0,0,0,0,0,0,257,0,0,16566557611,0,0,0,0,0,0,622,0,0
16567600611,0,0,0,0,0,0,269,0,0,16567677611,0,0,0,0,0,0,611,0,0
16568720611,0,0,0,0,0,0,229,0,0,16568797611,0,0,0,0,0,0,-1473,0,0
16569840611,0,0,0,0,0,0,6874,0,0,16569917611,0,0,0,0,0,0,-1985,0,0
16570960611,0,0,0,0,0,0,6900,0,0,16571037611,0,0,0,0,0,0,-1992,0,0
16572080611,0,0,0,0,0,0,6875,0,0,16572157611,0,0,0,0,0,0,-1982,0,0
16573200611,0,0,0,0,0,0,6876,0,0,16573277611,0,0,0,0,0,0,-1996,0,0
16574320611,0,0,0,0,0,0,6902,0,0,16574397611,0,0,0,0,0,0,-1961,0,0
16575440611,0,0,0,0,0,0,6928,0,0,16575517611,0,0,0,0,0,0,-1967,0,0
16576560611,0,0,0,0,0,0,6884,0,0,16576637611,0,0,0,0,0,0,-1947,0,0
16577680611,0,0,0,0,0,0,6929,0,0,16577757611,0,0,0,0,0,0,335,0,0
16578800611,0,0,0,0,0,0,239,0,0,16578877611,0,0,0,0,0,0,566,0,0
16579920611,0,0,0,0,0,0,220,0,0,16579997611,0,0,0,0,0,0,599,0,0
16581040611,0,0,0,0,0,0,229,0,0,16581117611,0,0,0,0,0,0,584,0,0
16582160611,0,0,0,0,0,0,239,0,0,16582237611,0,0,0,0,0,0,586,0,0
16583280611,0,0,0,0,0,0,243,0,0,16583357611,0,0,0,0,0,0,613,0,0
16584400611,0,0,0,0,0,0,239,0,0,16584477611,0,0,0,0,0,0,642,0,0
16585520611,0,0,0,0,0,0,277,0,0,16585597611,0,0,0,0,0,0,599,0,0
16586640611,0,0,0,0,0,0,187,0,0,16586717611,0,0,0,0,0,0,-981,0,0
16587760611,0,0,0,0,0,0,6899,0,0,16587837611,0,0,0,0,0,0,-2014,0,0
16588880611,0,0,0,0,0,0,6943,0,0,16588957611,0,0,0,0,0,0,-1975,0,0
16590000611,0,0,0,0,0,0,6858,0,0,16590077611,0,0,0,0,0,0,-1988,0,0
16591120611,0,0,0,0,0,0,6851,0,0,16591197611,0,0,0,0,0,0,-1968,0,0
16592240611,0,0,0,0,0,0,6839,0,0,16592317611,0,0,0,0,0,0,-2001,0,0
16593360611,0,0,0,0,0,0,6894,0,0,16593437611,0,0,0,0,0,0,-1972,0,0
16594480611,0,0,0,0,0,0,6858,0,0,16594557611,0,0,0,0,0,0,-1971,0,0
16595600611,0,0,0,0,0,0,6847,0,0,16595677611,0,0,0,0,0,0,-537,0,0
16596720611,0,0,0,0,0,0,213,0,0,16596797611,0,0,0,0,0,0,648,0,0
16597840611,0,0,0,0,0,0,224,0,0,16597917611,0,0,0,0,0,0,622,0,0
16598960611,0,0,0,0,0,0,207,0,0,16599037611,0,0,0,0,0,0,608,0,0
16600080611,0,0,0,0,0,0,255,0,0,16600157611,0,0,0,0,0,0,618,0,0
16601200611,0,0,0,0,0,0,270,0,0,16601277611,0,0,0,0,0,0,580,0,0
16602320611,0,0,0,0,0,0,251,0,0,16602397611,0,0,0,0,0,0,630,0,0
16603440611,0,0,0,0,0,0,231,0,0,16603517611,0,0,0,0,0,0,563,0,0
16604560611,0,0,0,0,0,0,250,0,0,16604637611,0,0,0,0,0,0,119,0,0
16605680611,0,0,0,0,0,0,6887,0,0,16605757611,0,0,0,0,0,0,-1996,0,0
16606800611,0,0,0,0,0,0,6878,0,0,16606877611,0,0,0,0,0,0,-1974,0,0
16607920611,0,0,0,0,0,0,6918,0,0,16607997611,0,0,0,0,0,0,-1998,0,0
16609040611,0,0,0,0,0,0,6918,0,0,16609117611,0,0,0,0,0,0,-1962,0,0
16610160611,0,0,0,0,0,0,6819,0,0,16610237611,0,0,0,0,0,0,-1993,0,0
16611280611,0,0,0,0,0,0,6903,0,0,16611357611,0,0,0,0,0,0,-2001,0,0
16612400611,0,0,0,0,0,0,6882,0,0,16612477611,0,0,0,0,0,0,-1918,0,0
16613520611,0,0,0,0,0,0,6898,0,0,16613597611,0,0,0,0,0,0,-1947,0,0
16614640611,0,0,0,0,0,0,289,0,0,16614717611,0,0,0,0,0,0,599,0,0
16615760611,0,0,0,0,0,0,227,0,0,16615837611,0,0,0,0,0,0,645,0,0
16616880611,0,0,0,0,0,0,236,0,0,16616957611,0,0,0,0,0,0,594,0,0
16618000611,0,0,0,0,0,0,271,0,0,16618077611,0,0,0,0,0,0,620,0,0
16619120611,0,0,0,0,0,0,255,0,0,16619197611,0,0,0,0,0,0,624,0,0
16620240611,0,0,0,0,0,0,238,0,0,16620317611,0,0,0,0,0,0,589,0,0
16621360611,0,0,0,0,0,0,222,0,0,16621437611,0,0,0,0,0,0,610,0,0
16622480611,0,0,0,0,0,0,250,0,0,16622557611,0,0,0,0,0,0,642,0,0
16623600611,0,0,0,0,0,0,6945,0,0,16623677611,0,0,0,0,0,0,-2004,0,0
16624720611,0,0,0,0,0,0,6899,0,0,16624797611,0,0,0,0,0,0,-2012,0,0
16625840611,0,0,0,0,0,0,6874,0,0,16625917611,0,0,0,0,0,0,-2019,0,0
16626960611,0,0,0,0,0,0,6847,0,0,16627037611,0,0,0,0,0,0,-2012,0,0
16628080611,0,0,0,0,0,0,6914,0,0,16628157611,0,0,0,0,0,0,-1995,0,0
16629200611,0,0,0,0,0,0,6910,0,0,16629277611,0,0,0,0,0,0,-2026,0,0
16630320611,0,0,0,0,0,0,6897,0,0,16630397611,0,0,0,0,0,0,-1984,0,0
16631440611,0,0,0,0,0,0,6873,0,0,16631517611,0,0,0,0,0,0,-1979,0,0
16632560611,0,0,0,0,0,0,258,0,0,16632637611,0,0,0,0,0,0,621,0,0
16633680611,0,0,0,0,0,0,246,0,0,16633757611,0,0,0,0,0,0,579,0,0
16634800611,0,0,0,0,0,0,227,0,0,16634877611,0,0,0,0,0,0,608,0,0
16635920611,0,0,0,0,0,0,209,0,0,16635997611,0,0,0,0,0,0,611,0,0
16637040611,0,0,0,0,0,0,240,0,0,16637117611,0,0,0,0,0,0,647,0,0
16638160611,0,0,0,0,0,0,243,0,0,16638237611,0,0,0,0,0,0,630,0,0
16639280611,0,0,0,0,0,0,251,0,0,16639357611,0,0,0,0,0,0,558,0,0
16640400611,0,0,0,0,0,0,238,0,0,16640477611,0,0,0,0,0,0,580,0,0
16641520611,0,0,0,0,0,0,6916,0,0,16641597611,0,0,0,0,0,0,-1965,0,0
16642640611,0,0,0,0,0,0,6874,0,0,16642717611,0,0,0,0,0,0,-1983,0,0
16643760611,0,0,0,0,0,0,6897,0,0,16643837611,0,0,0,0,0,0,-1962,0,0
16644880611,0,0,0,0,0,0,6878,0,0,16644957611,0,0,0,0,0,0,-1951,0,0
16646000611,0,0,0,0,0,0,6878,0,0,16646077611,0,0,0,0,0,0,-2009,0,0
16647120611,0,0,0,0,0,0,6920,0,0,16647197611,0,0,0,0,0,0,-1956,0,0
16648240611,0,0,0,0,0,0,6905,0,0,16648317611,0,0,0,0,0,0,-1956,0,0
16649360611,0,0,0,0,0,0,6864,0,0,16649437611,0,0,0,0,0,0,-1995,0,0
16650480611,0,0,0,0,0,0,241,0,0,16650557611,0,0,0,0,0,0,683,0,0
16651600611,0,0,0,0,0,0,238,0,0,16651677611,0,0,0,0,0,0,591,0,0
16652720611,0,0,0,0,0,0,285,0,0,16652797611,0,0,0,0,0,0,608,0,0
16653840611,0,0,0,0,0,0,266,0,0,16653917611,0,0,0,0,0,0,596,0,0
16654960611,0,0,0,0,0,0,243,0,0,16655037611,0,0,0,0,0,0,617,0,0
16656080611,0,0,0,0,0,0,217,0,0,16656157611,0,0,0,0,0,0,626,0,0
16657200611,0,0,0,0,0,0,247,0,0,16657277611,0,0,0,0,0,0,593,0,0
16658320611,0,0,0,0,0,0,249,0,0,16658397611,0,0,0,0,0,0,574,0,0
16659440611,0,0,0,0,0,0,6889,0,0,16659517611,0,0,0,0,0,0,-1938,0,0
16660560611,0,0,0,0,0,0,6876,0,0,16660637611,0,0,0,0,0,0,-1983,0,0
16661680611,0,0,0,0,0,0,6930,0,0,16661757611,0,0,0,0,0,0,-1992,0,0
16662800611,0,0,0,0,0,0,6902,0,0,16662877611,0,0,0,0,0,0,-1923,0,0
16663920611,0,0,0,0,0,0,6877,0,0,16663997611,0,0,0,0,0,0,-2036,0,0
16665040611,0,0,0,0,0,0,6887,0,0,16665117611,0,0,0,0,0,0,-2030,0,0
16666160611,0,0,0,0,0,0,6855,0,0,16666237611,0,0,0,0,0,0,-1978,0,0
16667280611,0,0,0,0,0,0,6861,0,0,16667357611,0,0,0,0,0,0,-1957,0,0
16668400611,0,0,0,0,0,0,258,0,0,16668477611,0,0,0,0,0,0,642,0,0
16669520611,0,0,0,0,0,0,248,0,0,16669597611,0,0,0,0,0,0,597,0,0
16670640611,0,0,0,0,0,0,245,0,0,16670717611,0,0,0,0,0,0,622,0,0
16671760611,0,0,0,0,0,0,238,0,0,16671837611,0,0,0,0,0,0,596,0,0
16672880611,0,0,0,0,0,0,243,0,0,16672957611,0,0,0,0,0,0,578,0,0
16674000611,0,0,0,0,0,0,245,0,0,16674077611,0,0,0,0,0,0,650,0,0
16675120611,0,0,0,0,0,0,235,0,0,16675197611,0,0,0,0,0,0,616,0,0
16676240611,0,0,0,0,0,0,236,0,0,16676317611,0,0,0,0,0,0,642,0,0
16677360611,0,0,0,0,0,0,6919,0,0,16677437611,0,0,0,0,0,0,-1985,0,0
16678480611,0,0,0,0,0,0,6873,0,0,16678557611,0,0,0,0,0,0,-1964,0,0
16679600611,0,0,0,0,0,0,6904,0,0,16679677611,0,0,0,0,0,0,-2016,0,0
16680720611,0,0,0,0,0,0,6859,0,0,16680797611,0,0,0,0,0,0,-2004,0,0
16681840611,0,0,0,0,0,0,6881,0,0,16681917611,0,0,0,0,0,0,-1978,0,0
16682960611,0,0,0,0,0,0,6945,0,0,16683037611,0,0,0,0,0,0,-1947,0,0
16684080611,0,0,0,0,0,0,6873,0,0,16684157611,0,0,0,0,0,0,-1960,0,0
16685200611,0,0,0,0,0,0,6902,0,0,16685277611,0,0,0,0,0,0,-2018,0,0
16686320611,0,0,0,0,0,0,213,0,0,16686397611,0,0,0,0,0,0,568,0,0
16687440611,0,0,0,0,0,0,230,0,0,16687517611,0,0,0,0,0,0,578,0,0
16688560611,0,0,0,0,0,0,200,0,0,16688637611,0,0,0,0,0,0,606,0,0
16689680611,0,0,0,0,0,0,235,0,0,16689757611,0,0,0,0,0,0,604,0,0
16690800611,0,0,0,0,0,0,223,0,0,16690877611,0,0,0,0,0,0,571,0,0
16691920611,0,0,0,0,0,0,255,0,0,16691997611,0,0,0,0,0,0,633,0,0
16693040611,0,0,0,0,0,0,247,0,0,16693117611,0,0,0,0,0,0,626,0,0
16694160611,0,0,0,0,0,0,296,0,0,16694237611,0,0,0,0,0,0,628,0,0
16695280611,0,0,0,0,0,0,6905,0,0,16695357611,0,0,0,0,0,0,-2050,0,0
16696400611,0,0,0,0,0,0,6865,0,0,16696477611,0,0,0,0,0,0,-2014,0,0
16697520611,0,0,0,0,0,0,6939,0,0,16697597611,0,0,0,0,0,0,-1980,0,0
16698640611,0,0,0,0,0,0,6908,0,0,16698717611,0,0,0,0,0,0,-1990,0,0
16699760611,0,0,0,0,0,0,6871,0,0,16699837611,0,0,0,0,0,0,-1995,0,0
16700880611,0,0,0,0,0,0,6862,0,0,16700957611,0,0,0,0,0,0,-1995,0,0
16702000611,0,0,0,0,0,0,6862,0,0,16702077611,0,0,0,0,0,0,-2011,0,0
16703120611,0,0,0,0,0,0,6905,0,0,16703197611,0,0,0,0,0,0,-1956,0,0
16704240611,0,0,0,0,0,0,217,0,0,16704317611,0,0,0,0,0,0,591,0,0
16705360611,0,0,0,0,0,0,245,0,0,16705437611,0,0,0,0,0,0,607,0,0
16706480611,0,0,0,0,0,0,239,0,0,16706557611,0,0,0,0,0,0,583,0,0
16707600611,0,0,0,0,0,0,247,0,0,16707677611,0,0,0,0,0,0,567,0,0
16708720611,0,0,0,0,0,0,262,0,0,16708797611,0,0,0,0,0,0,612,0,0
16709840611,0,0,0,0,0,0,226,0,0,16709917611,0,0,0,0,0,0,609,0,0
16710960611,0,0,0,0,0,0,212,0,0,16711037611,0,0,0,0,0,0,594,0,0
16712080611,0,0,0,0,0,0,262,0,0,16712157611,0,0,0,0,0,0,623,0,0
16713200611,0,0,0,0,0,0,6896,0,0,16713277611,0,0,0,0,0,0,-2035,0,0
16714320611,0,0,0,0,0,0,6858,0,0,16714397611,0,0,0,0,0,0,-1992,0,0
16715440611,0,0,0,0,0,0,6865,0,0,16715517611,0,0,0,0,0,0,-1968,0,0
16716560611,0,0,0,0,0,0,6872,0,0,16716637611,0,0,0,0,0,0,-1999,0,0
16717680611,0,0,0,0,0,0,6872,0,0,16717757611,0,0,0,0,0,0,-1990,0,0
16718800611,0,0,0,0,0,0,6893,0,0,16718877611,0,0,0,0,0,0,-1975,0,0
16719920611,0,0,0,0,0,0,6861,0,0,16719997611,0,0,0,0,0,0,-1993,0,0
16721040611,0,0,0,0,0,0,6869,0,0,16721117611,0,0,0,0,0,0,-1960,0,0
16722160611,0,0,0,0,0,0,238,0,0,16722237611,0,0,0,0,0,0,629,0,0
16723280611,0,0,0,0,0,0,250,0,0,16723357611,0,0,0,0,0,0,656,0,0
16724400611,0,0,0,0,0,0,274,0,0,16724477611,0,0,0,0,0,0,653,0,0
16725520611,0,0,0,0,0,0,222,0,0,16725597611,0,0,0,0,0,0,579,0,0
16726640611,0,0,0,0,0,0,216,0,0,16726717611,0,0,0,0,0,0,600,0,0
16727760611,0,0,0,0,0,0,242,0,0,16727837611,0,0,0,0,0,0,627,0,0
16728880611,0,0,0,0,0,0,230,0,0,16728957611,0,0,0,0,0,0,590,0,0
16730000611,0,0,0,0,0,0,237,0,0,16730077611,0,0,0,0,0,0,589,0,0
16731120611,0,0,0,0,0,0,6902,0,0,16731197611,0,0,0,0,0,0,-1994,0,0
16732240611,0,0,0,0,0,0,6883,0,0,16732317611,0,0,0,0,0,0,-2003,0,0
16733360611,0,0,0,0,0,0,6878,0,0,16733437611,0,0,0,0,0,0,-1987,0,0
16734480611,0,0,0,0,0,0,6874,0,0,16734557611,0,0,0,0,0,0,-1948,0,0
16735600611,0,0,0,0,0,0,6905,0,0,16735677611,0,0,0,0,0,0,-2008,0,0
16736720611,0,0,0,0,0,0,6902,0,0,16736797611,0,0,0,0,0,0,-2019,0,0
16737840611,0,0,0,0,0,0,6895,0,0,16737917611,0,0,0,0,0,0,-1966,0,0
16738960611,0,0,0,0,0,0,6887,0,0,16739037611,0,0,0,0,0,0,-1979,0,0
16740080611,0,0,0,0,0,0,240,0,0,16740157611,0,0,0,0,0,0,600,0,0
16741200611,0,0,0,0,0,0,232,0,0,16741277611,0,0,0,0,0,0,595,0,0
16742320611,0,0,0,0,0,0,240,0,0,16742397611,0,0,0,0,0,0,659,0,0
16743440611,0,0,0,0,0,0,255,0,0,16743517611,0,0,0,0,0,0,567,0,0
16744560611,0,0,0,0,0,0,209,0,0,16744637611,0,0,0,0,0,0,614,0,0
16745680611,0,0,0,0,0,0,237,0,0,16745757611,0,0,0,0,0,0,613,0,0
16746800611,0,0,0,0,0,0,192,0,0,16746877611,0,0,0,0,0,0,617,0,0
16747920611,0,0,0,0,0,0,242,0,0,16747997611,0,0,0,0,0,0,598,0,0
16749040611,0,0,0,0,0,0,6919,0,0,16749117611,0,0,0,0,0,0,-1996,0,0
16750160611,0,0,0,0,0,0,6928,0,0,16750237611,0,0,0,0,0,0,-1970,0,0
16751280611,0,0,0,0,0,0,6890,0,0,16751357611,0,0,0,0,0,0,-1964,0,0
16752400611,0,0,0,0,0,0,6903,0,0,16752477611,0,0,0,0,0,0,-2007,0,0
16753520611,0,0,0,0,0,0,6896,0,0,16753597611,0,0,0,0,0,0,-1943,0,0
16754640611,0,0,0,0,0,0,6892,0,0,16754717611,0,0,0,0,0,0,-1978,0,0
16755760611,0,0,0,0,0,0,6851,0,0,16755837611,0,0,0,0,0,0,-1986,0,0
16756880611,0,0,0,0,0,0,6895,0,0,16756957611,0,0,0,0,0,0,-1986,0,0
16758000611,0,0,0,0,0,0,238,0,0,16758077611,0,0,0,0,0,0,566,0,0
16759120611,0,0,0,0,0,0,261,0,0,16759197611,0,0,0,0,0,0,592,0,0
16760240611,0,0,0,0,0,0,303,0,0,16760317611,0,0,0,0,0,0,568,0,0
16761360611,0,0,0,0,0,0,274,0,0,16761437611,0,0,0,0,0,0,624,0,0
16762480611,0,0,0,0,0,0,255,0,0,16762557611,0,0,0,0,0,0,589,0,0
16763600611,0,0,0,0,0,0,237,0,0,16763677611,0,0,0,0,0,0,575,0,0
16764720611,0,0,0,0,0,0,230,0,0,16764797611,0,0,0,0,0,0,633,0,0
16765840611,0,0,0,0,0,0,297,0,0,16765917611,0,0,0,0,0,0,573,0,0
16766960611,0,0,0,0,0,0,6889,0,0,16767037611,0,0,0,0,0,0,-2011,0,0
16768080611,0,0,0,0,0,0,6878,0,0,16768157611,0,0,0,0,0,0,-1959,0,0
16769200611,0,0,0,0,0,0,6872,0,0,16769277611,0,0,0,0,0,0,-1972,0,0
16770320611,0,0,0,0,0,0,6871,0,0,16770397611,0,0,0,0,0,0,-1948,0,0
16771440611,0,0,0,0,0,0,6850,0,0,16771517611,0,0,0,0,0,0,-2005,0,0
16772560611,0,0,0,0,0,0,6902,0,0,16772637611,0,0,0,0,0,0,-2008,0,0
16773680611,0,0,0,0,0,0,6844,0,0,16773757611,0,0,0,0,0,0,-1979,0,0
16774800611,0,0,0,0,0,0,6881,0,0,16774877611,0,0,0,0,0,0,-1981,0,0
16775920611,0,0,0,0,0,0,280,0,0,16775997611,0,0,0,0,0,0,640,0,0
16777040611,0,0,0,0,0,0,248,0,0,16777117611,0,0,0,0,0,0,608,0,0
16778160611,0,0,0,0,0,0,253,0,0,16778237611,0,0,0,0,0,0,554,0,0
16779280611,0,0,0,0,0,0,211,0,0,16779357611,0,0,0,0,0,0,628,0,0
16780400611,0,0,0,0,0,0,239,0,0,16780477611,0,0,0,0,0,0,566,0,0
16781520611,0,0,0,0,0,0,264,0,0,16781597611,0,0,0,0,0,0,603,0,0
16782640611,0,0,0,0,0,0,233,0,0,16782717611,0,0,0,0,0,0,610,0,0
16783760611,0,0,0,0,0,0,276,0,0,16783837611,0,0,0,0,0,0,578,0,0
16784880611,0,0,0,0,0,0,6882,0,0,16784957611,0,0,0,0,0,0,-2013,0,0
16786000611,0,0,0,0,0,0,6901,0,0,16786077611,0,0,0,0,0,0,-1930,0,0
16787120611,0,0,0,0,0,0,6900,0,0,16787197611,0,0,0,0,0,0,-1995,0,0
16788240611,0,0,0,0,0,0,6871,0,0,16788317611,0,0,0,0,0,0,-2004,0,0
16789360611,0,0,0,0,0,0,6909,0,0,16789437611,0,0,0,0,0,0,-1949,0,0
16790480611,0,0,0,0,0,0,6928,0,0,16790557611,0,0,0,0,0,0,-1968,0,0
16791600611,0,0,0,0,0,0,6858,0,0,16791677611,0,0,0,0,0,0,-1981,0,0
16792720611,0,0,0,0,0,0,6854,0,0,16792797611,0,0,0,0,0,0,-1908,0,0
16793840611,0,0,0,0,0,0,202,0,0,16793917611,0,0,0,0,0,0,593,0,0
16794960611,0,0,0,0,0,0,259,0,0,16795037611,0,0,0,0,0,0,616,0,0
16796080611,0,0,0,0,0,0,244,0,0,16796157611,0,0,0,0,0,0,582,0,0
16797200611,0,0,0,0,0,0,310,0,0,16797277611,0,0,0,0,0,0,587,0,0
16798320611,0,0,0,0,0,0,238,0,0,16798397611,0,0,0,0,0,0,570,0,0
16799440611,0,0,0,0,0,0,231,0,0,16799517611,0,0,0,0,0,0,595,0,0
16800560611,0,0,0,0,0,0,254,0,0,16800637611,0,0,0,0,0,0,586,0,0
16801680611,0,0,0,0,0,0,237,0,0,16801757611,0,0,0,0,0,0,596,0,0
16802800611,0,0,0,0,0,0,6897,0,0,16802877611,0,0,0,0,0,0,-1974,0,0
16803920611,0,0,0,0,0,0,6868,0,0,16803997611,0,0,0,0,0,0,-1955,0,0
16805040611,0,0,0,0,0,0,6877,0,0,16805117611,0,0,0,0,0,0,-1954,0,0
16806160611,0,0,0,0,0,0,6929,0,0,16806237611,0,0,0,0,0,0,-2005,0,0
16807280611,0,0,0,0,0,0,6907,0,0,16807357611,0,0,0,0,0,0,-2007,0,0
16808400611,0,0,0,0,0,0,6904,0,0,16808477611,0,0,0,0,0,0,-1967,0,0
16809520611,0,0,0,0,0,0,6887,0,0,16809597611,0,0,0,0,0,0,-2000,0,0
16810640611,0,0,0,0,0,0,6905,0,0,16810717611,0,0,0,0,0,0,-1949,0,0
16811760611,0,0,0,0,0,0,255,0,0,16811837611,0,0,0,0,0,0,618,0,0
16812880611,0,0,0,0,0,0,206,0,0,16812957611,0,0,0,0,0,0,621,0,0
16814000611,0,0,0,0,0,0,235,0,0,16814077611,0,0,0,0,0,0,578,0,0
16815120611,0,0,0,0,0,0,279,0,0,16815197611,0,0,0,0,0,0,585,0,0
16816240611,0,0,0,0,0,0,193,0,0,16816317611,0,0,0,0,0,0,608,0,0
16817360611,0,0,0,0,0,0,230,0,0,16817437611,0,0,0,0,0,0,638,0,0
16818480611,0,0,0,0,0,0,217,0,0,16818557611,0,0,0,0,0,0,647,0,0
16819600611,0,0,0,0,0,0,216,0,0,16819677611,0,0,0,0,0,0,631,0,0
16820720611,0,0,0,0,0,0,6883,0,0,16820797611,0,0,0,0,0,0,-1937,0,0
16821840611,0,0,0,0,0,0,6872,0,0,16821917611,0,0,0,0,0,0,-1946,0,0
16822960611,0,0,0,0,0,0,6874,0,0,16823037611,0,0,0,0,0,0,-1992,0,0
16824080611,0,0,0,0,0,0,6868,0,0,16824157611,0,0,0,0,0,0,-2011,0,0
16825200611,0,0,0,0,0,0,6939,0,0,16825277611,0,0,0,0,0,0,-2005,0,0
16826320611,0,0,0,0,0,0,6902,0,0,16826397611,0,0,0,0,0,0,-1957,0,0
16827440611,0,0,0,0,0,0,6870,0,0,16827517611,0,0,0,0,0,0,-1996,0,0
16828560611,0,0,0,0,0,0,6836,0,0,16828637611,0,0,0,0,0,0,-1994,0,0
16829680611,0,0,0,0,0,0,223,0,0,16829757611,0,0,0,0,0,0,665,0,0
16830800611,0,0,0,0,0,0,256,0,0,16830877611,0,0,0,0,0,0,636,0,0
16831920611,0,0,0,0,0,0,239,0,0,16831997611,0,0,0,0,0,0,589,0,0
16833040611,0,0,0,0,0,0,229,0,0,16833117611,0,0,0,0,0,0,656,0,0
16834160611,0,0,0,0,0,0,221,0,0,16834237611,0,0,0,0,0,0,594,0,0
16835280611,0,0,0,0,0,0,228,0,0,16835357611,0,0,0,0,0,0,619,0,0
16836400611,0,0,0,0,0,0,228,0,0,16836477611,0,0,0,0,0,0,647,0,0
16837520611,0,0,0,0,0,0,244,0,0,16837597611,0,0,0,0,0,0,610,0,0
16838640611,0,0,0,0,0,0,6913,0,0,16838717611,0,0,0,0,0,0,-1992,0,0
16839760611,0,0,0,0,0,0,6869,0,0,16839837611,0,0,0,0,0,0,-1966,0,0
16840880611,0,0,0,0,0,0,6897,0,0,16840957611,0,0,0,0,0,0,-1928,0,0
16842000611,0,0,0,0,0,0,6920,0,0,16842077611,0,0,0,0,0,0,-1987,0,0
16843120611,0,0,0,0,0,0,6886,0,0,16843197611,0,0,0,0,0,0,-1990,0,0
16844240611,0,0,0,0,0,0,6879,0,0,16844317611,0,0,0,0,0,0,-1973,0,0
16845360611,0,0,0,0,0,0,6885,0,0,16845437611,0,0,0,0,0,0,-1992,0,0
16846480611,0,0,0,0,0,0,6869,0,0,16846557611,0,0,0,0,0,0,-2027,0,0
16847600611,0,0,0,0,0,0,205,0,0,16847677611,0,0,0,0,0,0,589,0,0
16848720611,0,0,0,0,0,0,240,0,0,16848797611,0,0,0,0,0,0,557,0,0
16849840611,0,0,0,0,0,0,251,0,0,16849917611,0,0,0,0,0,0,596,0,0
16850960611,0,0,0,0,0,0,298,0,0,16851037611,0,0,0,0,0,0,601,0,0
16852080611,0,0,0,0,0,0,205,0,0,16852157611,0,0,0,0,0,0,593,0,0
16853200611,0,0,0,0,0,0,264,0,0,16853277611,0,0,0,0,0,0,601,0,0
16854320611,0,0,0,0,0,0,247,0,0,16854397611,0,0,0,0,0,0,594,0,0
16855440611,0,0,0,0,0,0,254,0,0,16855517611,0,0,0,0,0,0,560,0,0
16856560611,0,0,0,0,0,0,6906,0,0,16856637611,0,0,0,0,0,0,-2011,0,0
16857680611,0,0,0,0,0,0,6888,0,0,16857757611,0,0,0,0,0,0,-1954,0,0
16858800611,0,0,0,0,0,0,6905,0,0,16858877611,0,0,0,0,0,0,-2008,0,0
16859920611,0,0,0,0,0,0,6859,0,0,16859997611,0,0,0,0,0,0,-1967,0,0
16861040611,0,0,0,0,0,0,6913,0,0,16861117611,0,0,0,0,0,0,-1963,0,0
16862160611,0,0,0,0,0,0,6865,0,0,16862237611,0,0,0,0,0,0,-1958,0,0
16863280611,0,0,0,0,0,0,6891,0,0,16863357611,0,0,0,0,0,0,-1979,0,0
16864400611,0,0,0,0,0,0,6892,0,0,16864477611,0,0,0,0,0,0,-1932,0,0
16865520611,0,0,0,0,0,0,267,0,0,16865597611,0,0,0,0,0,0,597,0,0
16866640611,0,0,0,0,0,0,235,0,0,16866717611,0,0,0,0,0,0,583,0,0
16867760611,0,0,0,0,0,0,240,0,0,16867837611,0,0,0,0,0,0,595,0,0
16868880611,0,0,0,0,0,0,276,0,0,16868957611,0,0,0,0,0,0,643,0,0
16870000611,0,0,0,0,0,0,226,0,0,16870077611,0,0,0,0,0,0,585,0,0
16871120611,0,0,0,0,0,0,256,0,0,16871197611,0,0,0,0,0,0,615,0,0
16872240611,0,0,0,0,0,0,222,0,0,16872317611,0,0,0,0,0,0,553,0,0
16873360611,0,0,0,0,0,0,282,0,0,16873437611,0,0,0,0,0,0,533,0,0
16874480611,0,0,0,0,0,0,6928,0,0,16874557611,0,0,0,0,0,0,-2002,0,0
16875600611,0,0,0,0,0,0,6870,0,0,16875677611,0,0,0,0,0,0,-1967,0,0
16876720611,0,0,0,0,0,0,6878,0,0,16876797611,0,0,0,0,0,0,-1920,0,0
16877840611,0,0,0,0,0,0,6913,0,0,16877917611,0,0,0,0,0,0,-1969,0,0
16878960611,0,0,0,0,0,0,6881,0,0,16879037611,0,0,0,0,0,0,-1962,0,0
16880080611,0,0,0,0,0,0,6847,0,0,16880157611,0,0,0,0,0,0,-1984,0,0
16881200611,0,0,0,0,0,0,6903,0,0,16881277611,0,0,0,0,0,0,-1983,0,0
16882320611,0,0,0,0,0,0,6883,0,0,16882397611,0,0,0,0,0,0,-1977,0,0
16883440611,0,0,0,0,0,0,255,0,0,16883517611,0,0,0,0,0,0,594,0,0
16884560611,0,0,0,0,0,0,272,0,0,16884637611,0,0,0,0,0,0,643,0,0
16885680611,0,0,0,0,0,0,232,0,0,16885757611,0,0,0,0,0,0,626,0,0
16886800611,0,0,0,0,0,0,230,0,0,16886877611,0,0,0,0,0,0,566,0,0
16887920611,0,0,0,0,0,0,238,0,0,16887997611,0,0,0,0,0,0,582,0,0
16889040611,0,0,0,0,0,0,243,0,0,16889117611,0,0,0,0,0,0,571,0,0
16890160611,0,0,0,0,0,0,212,0,0,16890237611,0,0,0,0,0,0,596,0,0
16891280611,0,0,0,0,0,0,262,0,0,16891357611,0,0,0,0,0,0,609,0,0
16892400611,0,0,0,0,0,0,6920,0,0,16892477611,0,0,0,0,0,0,-1947,0,0
16893520611,0,0,0,0,0,0,6902,0,0,16893597611,0,0,0,0,0,0,-1995,0,0
16894640611,0,0,0,0,0,0,6870,0,0,16894717611,0,0,0,0,0,0,-1938,0,0
16895760611,0,0,0,0,0,0,6901,0,0,16895837611,0,0,0,0,0,0,-1988,0,0
16896880611,0,0,0,0,0,0,6906,0,0,16896957611,0,0,0,0,0,0,-1943,0,0
16898000611,0,0,0,0,0,0,6884,0,0,16898077611,0,0,0,0,0,0,-2037,0,0
16899120611,0,0,0,0,0,0,6895,0,0,16899197611,0,0,0,0,0,0,-1983,0,0
16900240611,0,0,0,0,0,0,6890,0,0,16900317611,0,0,0,0,0,0,-1975,0,0
16901360611,0,0,0,0,0,0,248,0,0,16901437611,0,0,0,0,0,0,614,0,0
16902480611,0,0,0,0,0,0,267,0,0,16902557611,0,0,0,0,0,0,595,0,0
16903600611,0,0,0,0,0,0,246,0,0,16903677611,0,0,0,0,0,0,641,0,0
16904720611,0,0,0,0,0,0,264,0,0,16904797611,0,0,0,0,0,0,599,0,0
16905840611,0,0,0,0,0,0,226,0,0,16905917611,0,0,0,0,0,0,624,0,0
16906960611,0,0,0,0,0,0,226,0,0,16907037611,0,0,0,0,0,0,568,0,0
16908080611,0,0,0,0,0,0,266,0,0,16908157611,0,0,0,0,0,0,617,0,0
16909200611,0,0,0,0,0,0,247,0,0,16909277611,0,0,0,0,0,0,610,0,0
16910320611,0,0,0,0,0,0,6902,0,0,16910397611,0,0,0,0,0,0,-1957,0,0
16911440611,0,0,0,0,0,0,6864,0,0,16911517611,0,0,0,0,0,0,-1952,0,0
16912560611,0,0,0,0,0,0,6929,0,0,16912637611,0,0,0,0,0,0,-1951,0,0
16913680611,0,0,0,0,0,0,6870,0,0,16913757611,0,0,0,0,0,0,-1949,0,0
16914800611,0,0,0,0,0,0,6857,0,0,16914877611,0,0,0,0,0,0,-1984,0,0
16915920611,0,0,0,0,0,0,6909,0,0,16915997611,0,0,0,0,0,0,-2007,0,0
16917040611,0,0,0,0,0,0,6855,0,0,16917117611,0,0,0,0,0,0,-2003,0,0
16918160611,0,0,0,0,0,0,6865,0,0,16918237611,0,0,0,0,0,0,-1996,0,0
16919280611,0,0,0,0,0,0,238,0,0,16919357611,0,0,0,0,0,0,612,0,0
16920400611,0,0,0,0,0,0,242,0,0,16920477611,0,0,0,0,0,0,642,0,0
16921520611,0,0,0,0,0,0,266,0,0,16921597611,0,0,0,0,0,0,592,0,0
16922640611,0,0,0,0,0,0,237,0,0,16922717611,0,0,0,0,0,0,611,0,0
16923760611,0,0,0,0,0,0,202,0,0,16923837611,0,0,0,0,0,0,619,0,0
16924880611,0,0,0,0,0,0,276,0,0,16924957611,0,0,0,0,0,0,592,0,0
16926000611,0,0,0,0,0,0,281,0,0,16926077611,0,0,0,0,0,0,630,0,0
16927120611,0,0,0,0,0,0,205,0,0,16927197611,0,0,0,0,0,0,623,0,0
16928240611,0,0,0,0,0,0,6884,0,0,16928317611,0,0,0,0,0,0,-1985,0,0
16929360611,0,0,0,0,0,0,6867,0,0,16929437611,0,0,0,0,0,0,-2017,0,0
16930480611,0,0,0,0,0,0,6862,0,0,16930557611,0,0,0,0,0,0,-1988,0,0
16931600611,0,0,0,0,0,0,6879,0,0,16931677611,0,0,0,0,0,0,-2007,0,0
16932720611,0,0,0,0,0,0,6898,0,0,16932797611,0,0,0,0,0,0,-1903,0,0
16933840611,0,0,0,0,0,0,6898,0,0,16933917611,0,0,0,0,0,0,-1968,0,0
16934960611,0,0,0,0,0,0,6901,0,0,16935037611,0,0,0,0,0,0,-1988,0,0
16936080611,0,0,0,0,0,0,6886,0,0,16936157611,0,0,0,0,0,0,-2048,0,0
16937200611,0,0,0,0,0,0,267,0,0,16937277611,0,0,0,0,0,0,583,0,0
16938320611,0,0,0,0,0,0,221,0,0,16938397611,0,0,0,0,0,0,574,0,0
16939440611,0,0,0,0,0,0,221,0,0,16939517611,0,0,0,0,0,0,639,0,0
16940560611,0,0,0,0,0,0,232,0,0,16940637611,0,0,0,0,0,0,640,0,0
16941680611,0,0,0,0,0,0,253,0,0,16941757611,0,0,0,0,0,0,613,0,0
16942800611,0,0,0,0,0,0,268,0,0,16942877611,0,0,0,0,0,0,617,0,0
16943920611,0,0,0,0,0,0,211,0,0,16943997611,0,0,0,0,0,0,582,0,0
16945040611,0,0,0,0,0,0,206,0,0,16945117611,0,0,0,0,0,0,649,0,0
16946160611,0,0,0,0,0,0,6839,0,0,16946237611,0,0,0,0,0,0,-2038,0,0
16947280611,0,0,0,0,0,0,6875,0,0,16947357611,0,0,0,0,0,0,-1957,0,0
16948400611,0,0,0,0,0,0,6873,0,0,16948477611,0,0,0,0,0,0,-1968,0,0
16949520611,0,0,0,0,0,0,6864,0,0,16949597611,0,0,0,0,0,0,-1980,0,0
16950640611,0,0,0,0,0,0,6887,0,0,16950717611,0,0,0,0,0,0,-1961,0,0
16951760611,0,0,0,0,0,0,6862,0,0,16951837611,0,0,0,0,0,0,-1965,0,0
16952880611,0,0,0,0,0,0,6926,0,0,16952957611,0,0,0,0,0,0,-1964,0,0
16954000611,0,0,0,0,0,0,6857,0,0,16954077611,0,0,0,0,0,0,-2015,0,0
16955120611,0,0,0,0,0,0,235,0,0,16955197611,0,0,0,0,0,0,663,0,0
16956240611,0,0,0,0,0,0,231,0,0,16956317611,0,0,0,0,0,0,604,0,0
16957360611,0,0,0,0,0,0,226,0,0,16957437611,0,0,0,0,0,0,618,0,0
16958480611,0,0,0,0,0,0,237,0,0,16958557611,0,0,0,0,0,0,582,0,0
16959600611,0,0,0,0,0,0,266,0,0,16959677611,0,0,0,0,0,0,593,0,0
16960720611,0,0,0,0,0,0,211,0,0,16960797611,0,0,0,0,0,0,609,0,0
16961840611,0,0,0,0,0,0,251,0,0,16961917611,0,0,0,0,0,0,600,0,0
16962960611,0,0,0,0,0,0,244,0,0,16963037611,0,0,0,0,0,0,641,0,0
16964080611,0,0,0,0,0,0,6885,0,0,16964157611,0,0,0,0,0,0,-1951,0,0
16965200611,0,0,0,0,0,0,6864,0,0,16965277611,0,0,0,0,0,0,-1945,0,0
16966320611,0,0,0,0,0,0,6885,0,0,16966397611,0,0,0,0,0,0,-1984,0,0
16967440611,0,0,0,0,0,0,6860,0,0,16967517611,0,0,0,0,0,0,-1989,0,0
16968560611,0,0,0,0,0,0,6936,0,0,16968637611,0,0,0,0,0,0,-1984,0,0
16969680611,0,0,0,0,0,0,6872,0,0,16969757611,0,0,0,0,0,0,-1988,0,0
16970800611,0,0,0,0,0,0,6850,0,0,16970877611,0,0,0,0,0,0,-1954,0,0
16971920611,0,0,0,0,0,0,6865,0,0,16971997611,0,0,0,0,0,0,-1963,0,0
16973040611,0,0,0,0,0,0,258,0,0,16973117611,0,0,0,0,0,0,625,0,0
16974160611,0,0,0,0,0,0,242,0,0,16974237611,0,0,0,0,0,0,583,0,0
16975280611,0,0,0,0,0,0,211,0,0,16975357611,0,0,0,0,0,0,645,0,0
16976400611,0,0,0,0,0,0,262,0,0,16976477611,0,0,0,0,0,0,621,0,0
16977520611,0,0,0,0,0,0,178,0,0,16977597611,0,0,0,0,0,0,593,0,0
16978640611,0,0,0,0,0,0,267,0,0,16978717611,0,0,0,0,0,0,598,0,0
16979760611,0,0,0,0,0,0,241,0,0,16979837611,0,0,0,0,0,0,595,0,0
16980880611,0,0,0,0,0,0,239,0,0,16980957611,0,0,0,0,0,0,660,0,0
16982000611,0,0,0,0,0,0,6901,0,0,16982077611,0,0,0,0,0,0,-1998,0,0
16983120611,0,0,0,0,0,0,6887,0,0,16983197611,0,0,0,0,0,0,-1972,0,0
16984240611,0,0,0,0,0,0,6885,0,0,16984317611,0,0,0,0,0,0,-2020,0,0
16985360611,0,0,0,0,0,0,6831,0,0,16985437611,0,0,0,0,0,0,-1993,0,0
16986480611,0,0,0,0,0,0,6832,0,0,16986557611,0,0,0,0,0,0,-1999,0,0
16987600611,0,0,0,0,0,0,6864,0,0,16987677611,0,0,0,0,0,0,-1959,0,0
16988720611,0,0,0,0,0,0,6873,0,0,16988797611,0,0,0,0,0,0,-1959,0,0
16989840611,0,0,0,0,0,0,6913,0,0,16989917611,0,0,0,0,0,0,-1962,0,0
16990960611,0,0,0,0,0,0,233,0,0,16991037611,0,0,0,0,0,0,603,0,0
16992080611,0,0,0,0,0,0,240,0,0,16992157611,0,0,0,0,0,0,645,0,0
16993200611,0,0,0,0,0,0,193,0,0,16993277611,0,0,0,0,0,0,597,0,0
16994320611,0,0,0,0,0,0,237,0,0,16994397611,0,0,0,0,0,0,632,0,0
16995440611,0,0,0,0,0,0,259,0,0,16995517611,0,0,0,0,0,0,574,0,0
16996560611,0,0,0,0,0,0,184,0,0,16996637611,0,0,0,0,0,0,631,0,0
16997680611,0,0,0,0,0,0,275,0,0,16997757611,0,0,0,0,0,0,662,0,0
16998800611,0,0,0,0,0,0,250,0,0,16998877611,0,0,0,0,0,0,614,0,0
16999920611,0,0,0,0,0,0,6877,0,0,16999997611,0,0,0,0,0,0,-1968,0,0
17001040611,0,0,0,0,0,0,6848,0,0,17001117611,0,0,0,0,0,0,-1959,0,0
17002160611,0,0,0,0,0,0,6875,0,0,17002237611,0,0,0,0,0,0,-1998,0,0
17003280611,0,0,0,0,0,0,6931,0,0,17003357611,0,0,0,0,0,0,-1991,0,0
17004400611,0,0,0,0,0,0,6906,0,0,17004477611,0,0,0,0,0,0,-1998,0,0
17005520611,0,0,0,0,0,0,6873,0,0,17005597611,0,0,0,0,0,0,-1986,0,0
17006640611,0,0,0,0,0,0,6881,0,0,17006717611,0,0,0,0,0,0,-1985,0,0
17007760611,0,0,0,0,0,0,6927,0,0,17007837611,0,0,0,0,0,0,-1949,0,0
17008880611,0,0,0,0,0,0,235,0,0,17008957611,0,0,0,0,0,0,594,0,0
17010000611,0,0,0,0,0,0,250,0,0,17010077611,0,0,0,0,0,0,605,0,0
17011120611,0,0,0,0,0,0,226,0,0,17011197611,0,0,0,0,0,0,589,0,0
17012240611,0,0,0,0,0,0,215,0,0,17012317611,0,0,0,0,0,0,581,0,0
17013360611,0,0,0,0,0,0,248,0,0,17013437611,0,0,0,0,0,0,655,0,0
17014480611,0,0,0,0,0,0,236,0,0,17014557611,0,0,0,0,0,0,620,0,0
17015600611,0,0,0,0,0,0,196,0,0,17015677611,0,0,0,0,0,0,600,0,0
17016720611,0,0,0,0,0,0,241,0,0,17016797611,0,0,0,0,0,0,607,0,0
17017840611,0,0,0,0,0,0,6900,0,0,17017917611,0,0,0,0,0,0,-1968,0,0
17018960611,0,0,0,0,0,0,6868,0,0,17019037611,0,0,0,0,0,0,-1987,0,0
17020080611,0,0,0,0,0,0,6853,0,0,17020157611,0,0,0,0,0,0,-1954,0,0
17021200611,0,0,0,0,0,0,6898,0,0,17021277611,0,0,0,0,0,0,-1950,0,0
17022320611,0,0,0,0,0,0,6872,0,0,17022397611,0,0,0,0,0,0,-1946,0,0
17023440611,0,0,0,0,0,0,6893,0,0,17023517611,0,0,0,0,0,0,-2009,0,0
17024560611,0,0,0,0,0,0,6876,0,0,17024637611,0,0,0,0,0,0,-2026,0,0
17025680611,0,0,0,0,0,0,6906,0,0,17025757611,0,0,0,0,0,0,-1994,0,0
17026800611,0,0,0,0,0,0,261,0,0,17026877611,0,0,0,0,0,0,579,0,0
17027920611,0,0,0,0,0,0,223,0,0,17027997611,0,0,0,0,0,0,612,0,0
17029040611,0,0,0,0,0,0,240,0,0,17029117611,0,0,0,0,0,0,579,0,0
17030160611,0,0,0,0,0,0,225,0,0,17030237611,0,0,0,0,0,0,580,0,0
17031280611,0,0,0,0,0,0,240,0,0,17031357611,0,0,0,0,0,0,625,0,0
17032400611,0,0,0,0,0,0,280,0,0,17032477611,0,0,0,0,0,0,595,0,0
17033520611,0,0,0,0,0,0,250,0,0,17033597611,0,0,0,0,0,0,597,0,0
17034640611,0,0,0,0,0,0,193,0,0,17034717611,0,0,0,0,0,0,632,0,0
17035760611,0,0,0,0,0,0,6882,0,0,17035837611,0,0,0,0,0,0,-1998,0,0
17036880611,0,0,0,0,0,0,6838,0,0,17036957611,0,0,0,0,0,0,-1973,0,0
17038000611,0,0,0,0,0,0,6914,0,0,17038077611,0,0,0,0,0,0,-1980,0,0
17039120611,0,0,0,0,0,0,6860,0,0,17039197611,0,0,0,0,0,0,-1990,0,0
17040240611,0,0,0,0,0,0,6852,0,0,17040317611,0,0,0,0,0,0,-1976,0,0
17041360611,0,0,0,0,0,0,6885,0,0,17041437611,0,0,0,0,0,0,-1973,0,0
17042480611,0,0,0,0,0,0,6813,0,0,17042557611,0,0,0,0,0,0,-1976,0,0
17043600611,0,0,0,0,0,0,6857,0,0,17043677611,0,0,0,0,0,0,-2010,0,0
17044720611,0,0,0,0,0,0,229,0,0,17044797611,0,0,0,0,0,0,580,0,0
17045840611,0,0,0,0,0,0,243,0,0,17045917611,0,0,0,0,0,0,593,0,0
17046960611,0,0,0,0,0,0,197,0,0,17047037611,0,0,0,0,0,0,633,0,0
17048080611,0,0,0,0,0,0,233,0,0,17048157611,0,0,0,0,0,0,615,0,0
17049200611,0,0,0,0,0,0,194,0,0,17049277611,0,0,0,0,0,0,616,0,0
17050320611,0,0,0,0,0,0,278,0,0,17050397611,0,0,0,0,0,0,610,0,0
17051440611,0,0,0,0,0,0,254,0,0,17051517611,0,0,0,0,0,0,602,0,0
17052560611,0,0,0,0,0,0,238,0,0,17052637611,0,0,0,0,0,0,589,0,0
17053680611,0,0,0,0,0,0,6871,0,0,17053757611,0,0,0,0,0,0,-1945,0,0
17054800611,0,0,0,0,0,0,6868,0,0,17054877611,0,0,0,0,0,0,-2051,0,0
17055920611,0,0,0,0,0,0,6872,0,0,17055997611,0,0,0,0,0,0,-2012,0,0
17057040611,0,0,0,0,0,0,6869,0,0,17057117611,0,0,0,0,0,0,-2022,0,0
